dataset,seed,rare_train_size,rare_class,split_mode,run_dir,variant,variant_group,status,error_reason,separability,alpha,split_hash,actual_training_labeled_rare_count,labeled_rare_id_sha256,effective_budget_key,rare_f1,rare_recall,rare_precision,true_rescues,false_rescues,all_rescues,rescue_precision,incremental_fpr,rescue_ffr,alpha_violation,abstain,abstain_reason,chosen_rank,tau,val_missed,n_candidate
immune_dc,42,0.01,ASDC,batch_heldout,outputs\immune_dc\batch_heldout_seed42_asdc_rare1pct,baseline,component,success,,2.1125757445434328,0.01,33b8ce5bdff2e437,5,fdcc17818646be6e4311520e9fa5dfc87502bf44c8941b3aa24e0884add06e3d,"[""immune_dc"",""ASDC"",""33b8ce5bdff2e437"",5,""fdcc17818646be6e4311520e9fa5dfc87502bf44c8941b3aa24e0884add06e3d""]",0.0,0.0,0.0,0,0,0,,0.0,0.0,False,False,baseline_no_rescue,0,,115,0
immune_dc,42,0.01,ASDC,batch_heldout,outputs\immune_dc\batch_heldout_seed42_asdc_rare1pct,minus_separability_gate,component,success,,2.1125757445434328,0.01,33b8ce5bdff2e437,5,fdcc17818646be6e4311520e9fa5dfc87502bf44c8941b3aa24e0884add06e3d,"[""immune_dc"",""ASDC"",""33b8ce5bdff2e437"",5,""fdcc17818646be6e4311520e9fa5dfc87502bf44c8941b3aa24e0884add06e3d""]",0.9029535864978903,0.823076923076923,1.0,107,0,107,1.0,0.0,0.0,False,False,rescue_applied,1,0.10510290735292942,115,110
immune_dc,42,0.01,ASDC,batch_heldout,outputs\immune_dc\batch_heldout_seed42_asdc_rare1pct,minus_necessity_gate,component,success,,2.1125757445434328,0.01,33b8ce5bdff2e437,5,fdcc17818646be6e4311520e9fa5dfc87502bf44c8941b3aa24e0884add06e3d,"[""immune_dc"",""ASDC"",""33b8ce5bdff2e437"",5,""fdcc17818646be6e4311520e9fa5dfc87502bf44c8941b3aa24e0884add06e3d""]",0.9029535864978903,0.823076923076923,1.0,107,0,107,1.0,0.0,0.0,False,False,rescue_applied,1,0.10510290735292942,115,110
immune_dc,42,0.01,ASDC,batch_heldout,outputs\immune_dc\batch_heldout_seed42_asdc_rare1pct,fixed_rank_1,component,success,,2.1125757445434328,0.01,33b8ce5bdff2e437,5,fdcc17818646be6e4311520e9fa5dfc87502bf44c8941b3aa24e0884add06e3d,"[""immune_dc"",""ASDC"",""33b8ce5bdff2e437"",5,""fdcc17818646be6e4311520e9fa5dfc87502bf44c8941b3aa24e0884add06e3d""]",0.9029535864978903,0.823076923076923,1.0,107,0,107,1.0,0.0,0.0,False,False,rescue_applied,1,0.10510290735292942,115,110
immune_dc,42,0.01,ASDC,batch_heldout,outputs\immune_dc\batch_heldout_seed42_asdc_rare1pct,minus_conformal_tau,component,success,,2.1125757445434328,0.01,33b8ce5bdff2e437,5,fdcc17818646be6e4311520e9fa5dfc87502bf44c8941b3aa24e0884add06e3d,"[""immune_dc"",""ASDC"",""33b8ce5bdff2e437"",5,""fdcc17818646be6e4311520e9fa5dfc87502bf44c8941b3aa24e0884add06e3d""]",0.8916666666666667,0.823076923076923,0.9727272727272728,107,3,110,0.9727272727272728,0.0004996668887408394,0.0004996668887408394,False,False,rescue_applied,1,-inf,115,110
immune_dc,42,0.01,ASDC,batch_heldout,outputs\immune_dc\batch_heldout_seed42_asdc_rare1pct,full_method,component,success,,2.1125757445434328,0.01,33b8ce5bdff2e437,5,fdcc17818646be6e4311520e9fa5dfc87502bf44c8941b3aa24e0884add06e3d,"[""immune_dc"",""ASDC"",""33b8ce5bdff2e437"",5,""fdcc17818646be6e4311520e9fa5dfc87502bf44c8941b3aa24e0884add06e3d""]",0.9029535864978903,0.823076923076923,1.0,107,0,107,1.0,0.0,0.0,False,False,rescue_applied,1,0.10510290735292942,115,110
immune_dc,42,0.01,ASDC,batch_heldout,outputs\immune_dc\batch_heldout_seed42_asdc_rare1pct,rank_1,rank,success,,2.1125757445434328,0.01,33b8ce5bdff2e437,5,fdcc17818646be6e4311520e9fa5dfc87502bf44c8941b3aa24e0884add06e3d,"[""immune_dc"",""ASDC"",""33b8ce5bdff2e437"",5,""fdcc17818646be6e4311520e9fa5dfc87502bf44c8941b3aa24e0884add06e3d""]",0.9029535864978903,0.823076923076923,1.0,107,0,107,1.0,0.0,0.0,False,False,rescue_applied,1,0.10510290735292942,115,110
immune_dc,42,0.01,ASDC,batch_heldout,outputs\immune_dc\batch_heldout_seed42_asdc_rare1pct,rank_2,rank,success,,2.1125757445434328,0.01,33b8ce5bdff2e437,5,fdcc17818646be6e4311520e9fa5dfc87502bf44c8941b3aa24e0884add06e3d,"[""immune_dc"",""ASDC"",""33b8ce5bdff2e437"",5,""fdcc17818646be6e4311520e9fa5dfc87502bf44c8941b3aa24e0884add06e3d""]",0.8378378378378378,0.9538461538461539,0.7469879518072289,124,42,166,0.7469879518072289,0.0069953364423717525,0.0069953364423717525,False,False,rescue_applied,2,0.10510290735292942,115,744
immune_dc,42,0.01,ASDC,batch_heldout,outputs\immune_dc\batch_heldout_seed42_asdc_rare1pct,rank_3,rank,success,,2.1125757445434328,0.01,33b8ce5bdff2e437,5,fdcc17818646be6e4311520e9fa5dfc87502bf44c8941b3aa24e0884add06e3d,"[""immune_dc"",""ASDC"",""33b8ce5bdff2e437"",5,""fdcc17818646be6e4311520e9fa5dfc87502bf44c8941b3aa24e0884add06e3d""]",0.8378378378378378,0.9538461538461539,0.7469879518072289,124,42,166,0.7469879518072289,0.0069953364423717525,0.0069953364423717525,False,False,rescue_applied,3,0.10510290735292942,115,1072
immune_dc,42,0.01,ASDC,batch_heldout,outputs\immune_dc\batch_heldout_seed42_asdc_rare1pct,adaptive_rank,rank,success,,2.1125757445434328,0.01,33b8ce5bdff2e437,5,fdcc17818646be6e4311520e9fa5dfc87502bf44c8941b3aa24e0884add06e3d,"[""immune_dc"",""ASDC"",""33b8ce5bdff2e437"",5,""fdcc17818646be6e4311520e9fa5dfc87502bf44c8941b3aa24e0884add06e3d""]",0.9029535864978903,0.823076923076923,1.0,107,0,107,1.0,0.0,0.0,False,False,rescue_applied,1,0.10510290735292942,115,110
immune_dc,42,0.05,ASDC,batch_heldout,outputs\immune_dc\batch_heldout_seed42_asdc_rare5pct,baseline,component,success,,2.137647998234371,0.01,33b8ce5bdff2e437,13,7c5ab9c1de968c2ebc873a0fe905d8299204e4f8653acd81debbe11670cfc7f1,"[""immune_dc"",""ASDC"",""33b8ce5bdff2e437"",13,""7c5ab9c1de968c2ebc873a0fe905d8299204e4f8653acd81debbe11670cfc7f1""]",0.8392857142857143,0.7230769230769231,1.0,0,0,0,,0.0,0.0,False,False,baseline_no_rescue,0,,29,0
immune_dc,42,0.05,ASDC,batch_heldout,outputs\immune_dc\batch_heldout_seed42_asdc_rare5pct,minus_separability_gate,component,success,,2.137647998234371,0.01,33b8ce5bdff2e437,13,7c5ab9c1de968c2ebc873a0fe905d8299204e4f8653acd81debbe11670cfc7f1,"[""immune_dc"",""ASDC"",""33b8ce5bdff2e437"",13,""7c5ab9c1de968c2ebc873a0fe905d8299204e4f8653acd81debbe11670cfc7f1""]",0.9435483870967742,0.9,0.9915254237288136,23,1,24,0.9583333333333334,0.00016655562958027982,0.00016655562958027982,False,False,rescue_applied,1,0.147355569901507,29,25
immune_dc,42,0.05,ASDC,batch_heldout,outputs\immune_dc\batch_heldout_seed42_asdc_rare5pct,minus_necessity_gate,component,success,,2.137647998234371,0.01,33b8ce5bdff2e437,13,7c5ab9c1de968c2ebc873a0fe905d8299204e4f8653acd81debbe11670cfc7f1,"[""immune_dc"",""ASDC"",""33b8ce5bdff2e437"",13,""7c5ab9c1de968c2ebc873a0fe905d8299204e4f8653acd81debbe11670cfc7f1""]",0.9435483870967742,0.9,0.9915254237288136,23,1,24,0.9583333333333334,0.00016655562958027982,0.00016655562958027982,False,False,rescue_applied,1,0.147355569901507,29,25
immune_dc,42,0.05,ASDC,batch_heldout,outputs\immune_dc\batch_heldout_seed42_asdc_rare5pct,fixed_rank_1,component,success,,2.137647998234371,0.01,33b8ce5bdff2e437,13,7c5ab9c1de968c2ebc873a0fe905d8299204e4f8653acd81debbe11670cfc7f1,"[""immune_dc"",""ASDC"",""33b8ce5bdff2e437"",13,""7c5ab9c1de968c2ebc873a0fe905d8299204e4f8653acd81debbe11670cfc7f1""]",0.9435483870967742,0.9,0.9915254237288136,23,1,24,0.9583333333333334,0.00016655562958027982,0.00016655562958027982,False,False,rescue_applied,1,0.147355569901507,29,25
immune_dc,42,0.05,ASDC,batch_heldout,outputs\immune_dc\batch_heldout_seed42_asdc_rare5pct,minus_conformal_tau,component,success,,2.137647998234371,0.01,33b8ce5bdff2e437,13,7c5ab9c1de968c2ebc873a0fe905d8299204e4f8653acd81debbe11670cfc7f1,"[""immune_dc"",""ASDC"",""33b8ce5bdff2e437"",13,""7c5ab9c1de968c2ebc873a0fe905d8299204e4f8653acd81debbe11670cfc7f1""]",0.9397590361445783,0.9,0.9831932773109243,23,2,25,0.92,0.00033311125916055963,0.00033311125916055963,False,False,rescue_applied,1,-inf,29,25
immune_dc,42,0.05,ASDC,batch_heldout,outputs\immune_dc\batch_heldout_seed42_asdc_rare5pct,full_method,component,success,,2.137647998234371,0.01,33b8ce5bdff2e437,13,7c5ab9c1de968c2ebc873a0fe905d8299204e4f8653acd81debbe11670cfc7f1,"[""immune_dc"",""ASDC"",""33b8ce5bdff2e437"",13,""7c5ab9c1de968c2ebc873a0fe905d8299204e4f8653acd81debbe11670cfc7f1""]",0.9435483870967742,0.9,0.9915254237288136,23,1,24,0.9583333333333334,0.00016655562958027982,0.00016655562958027982,False,False,rescue_applied,1,0.147355569901507,29,25
immune_dc,42,0.05,ASDC,batch_heldout,outputs\immune_dc\batch_heldout_seed42_asdc_rare5pct,rank_1,rank,success,,2.137647998234371,0.01,33b8ce5bdff2e437,13,7c5ab9c1de968c2ebc873a0fe905d8299204e4f8653acd81debbe11670cfc7f1,"[""immune_dc"",""ASDC"",""33b8ce5bdff2e437"",13,""7c5ab9c1de968c2ebc873a0fe905d8299204e4f8653acd81debbe11670cfc7f1""]",0.9435483870967742,0.9,0.9915254237288136,23,1,24,0.9583333333333334,0.00016655562958027982,0.00016655562958027982,False,False,rescue_applied,1,0.147355569901507,29,25
immune_dc,42,0.05,ASDC,batch_heldout,outputs\immune_dc\batch_heldout_seed42_asdc_rare5pct,rank_2,rank,success,,2.137647998234371,0.01,33b8ce5bdff2e437,13,7c5ab9c1de968c2ebc873a0fe905d8299204e4f8653acd81debbe11670cfc7f1,"[""immune_dc"",""ASDC"",""33b8ce5bdff2e437"",13,""7c5ab9c1de968c2ebc873a0fe905d8299204e4f8653acd81debbe11670cfc7f1""]",0.8063492063492064,0.9769230769230769,0.6864864864864865,33,58,91,0.3626373626373626,0.009660226515656229,0.009660226515656229,False,False,rescue_applied,2,0.147355569901507,29,428
immune_dc,42,0.05,ASDC,batch_heldout,outputs\immune_dc\batch_heldout_seed42_asdc_rare5pct,rank_3,rank,success,,2.137647998234371,0.01,33b8ce5bdff2e437,13,7c5ab9c1de968c2ebc873a0fe905d8299204e4f8653acd81debbe11670cfc7f1,"[""immune_dc"",""ASDC"",""33b8ce5bdff2e437"",13,""7c5ab9c1de968c2ebc873a0fe905d8299204e4f8653acd81debbe11670cfc7f1""]",0.7962382445141066,0.9769230769230769,0.671957671957672,33,62,95,0.3473684210526316,0.010326449033977348,0.010326449033977348,True,False,rescue_applied,3,0.147355569901507,29,678
immune_dc,42,0.05,ASDC,batch_heldout,outputs\immune_dc\batch_heldout_seed42_asdc_rare5pct,adaptive_rank,rank,success,,2.137647998234371,0.01,33b8ce5bdff2e437,13,7c5ab9c1de968c2ebc873a0fe905d8299204e4f8653acd81debbe11670cfc7f1,"[""immune_dc"",""ASDC"",""33b8ce5bdff2e437"",13,""7c5ab9c1de968c2ebc873a0fe905d8299204e4f8653acd81debbe11670cfc7f1""]",0.9435483870967742,0.9,0.9915254237288136,23,1,24,0.9583333333333334,0.00016655562958027982,0.00016655562958027982,False,False,rescue_applied,1,0.147355569901507,29,25
immune_dc,42,0.10,ASDC,batch_heldout,outputs\immune_dc\batch_heldout_seed42_asdc_rare10pct,baseline,component,success,,2.1041139056895917,0.01,33b8ce5bdff2e437,27,dbca1156455e99557cf7c64be125b41ada48c464a3d6a0a96fa690300eb68e2e,"[""immune_dc"",""ASDC"",""33b8ce5bdff2e437"",27,""dbca1156455e99557cf7c64be125b41ada48c464a3d6a0a96fa690300eb68e2e""]",0.8803418803418803,0.7923076923076923,0.9903846153846154,0,0,0,,0.0,0.0,False,False,baseline_no_rescue,0,,24,0
immune_dc,42,0.10,ASDC,batch_heldout,outputs\immune_dc\batch_heldout_seed42_asdc_rare10pct,minus_separability_gate,component,success,,2.1041139056895917,0.01,33b8ce5bdff2e437,27,dbca1156455e99557cf7c64be125b41ada48c464a3d6a0a96fa690300eb68e2e,"[""immune_dc"",""ASDC"",""33b8ce5bdff2e437"",27,""dbca1156455e99557cf7c64be125b41ada48c464a3d6a0a96fa690300eb68e2e""]",0.9274193548387096,0.8846153846153846,0.9745762711864406,12,2,14,0.8571428571428571,0.00033311125916055963,0.00033311125916055963,False,False,rescue_applied,1,0.13499912823538188,24,14
immune_dc,42,0.10,ASDC,batch_heldout,outputs\immune_dc\batch_heldout_seed42_asdc_rare10pct,minus_necessity_gate,component,success,,2.1041139056895917,0.01,33b8ce5bdff2e437,27,dbca1156455e99557cf7c64be125b41ada48c464a3d6a0a96fa690300eb68e2e,"[""immune_dc"",""ASDC"",""33b8ce5bdff2e437"",27,""dbca1156455e99557cf7c64be125b41ada48c464a3d6a0a96fa690300eb68e2e""]",0.9274193548387096,0.8846153846153846,0.9745762711864406,12,2,14,0.8571428571428571,0.00033311125916055963,0.00033311125916055963,False,False,rescue_applied,1,0.13499912823538188,24,14
immune_dc,42,0.10,ASDC,batch_heldout,outputs\immune_dc\batch_heldout_seed42_asdc_rare10pct,fixed_rank_1,component,success,,2.1041139056895917,0.01,33b8ce5bdff2e437,27,dbca1156455e99557cf7c64be125b41ada48c464a3d6a0a96fa690300eb68e2e,"[""immune_dc"",""ASDC"",""33b8ce5bdff2e437"",27,""dbca1156455e99557cf7c64be125b41ada48c464a3d6a0a96fa690300eb68e2e""]",0.9274193548387096,0.8846153846153846,0.9745762711864406,12,2,14,0.8571428571428571,0.00033311125916055963,0.00033311125916055963,False,False,rescue_applied,1,0.13499912823538188,24,14
immune_dc,42,0.10,ASDC,batch_heldout,outputs\immune_dc\batch_heldout_seed42_asdc_rare10pct,minus_conformal_tau,component,success,,2.1041139056895917,0.01,33b8ce5bdff2e437,27,dbca1156455e99557cf7c64be125b41ada48c464a3d6a0a96fa690300eb68e2e,"[""immune_dc"",""ASDC"",""33b8ce5bdff2e437"",27,""dbca1156455e99557cf7c64be125b41ada48c464a3d6a0a96fa690300eb68e2e""]",0.9274193548387096,0.8846153846153846,0.9745762711864406,12,2,14,0.8571428571428571,0.00033311125916055963,0.00033311125916055963,False,False,rescue_applied,1,-inf,24,14
immune_dc,42,0.10,ASDC,batch_heldout,outputs\immune_dc\batch_heldout_seed42_asdc_rare10pct,full_method,component,success,,2.1041139056895917,0.01,33b8ce5bdff2e437,27,dbca1156455e99557cf7c64be125b41ada48c464a3d6a0a96fa690300eb68e2e,"[""immune_dc"",""ASDC"",""33b8ce5bdff2e437"",27,""dbca1156455e99557cf7c64be125b41ada48c464a3d6a0a96fa690300eb68e2e""]",0.9274193548387096,0.8846153846153846,0.9745762711864406,12,2,14,0.8571428571428571,0.00033311125916055963,0.00033311125916055963,False,False,rescue_applied,1,0.13499912823538188,24,14
immune_dc,42,0.10,ASDC,batch_heldout,outputs\immune_dc\batch_heldout_seed42_asdc_rare10pct,rank_1,rank,success,,2.1041139056895917,0.01,33b8ce5bdff2e437,27,dbca1156455e99557cf7c64be125b41ada48c464a3d6a0a96fa690300eb68e2e,"[""immune_dc"",""ASDC"",""33b8ce5bdff2e437"",27,""dbca1156455e99557cf7c64be125b41ada48c464a3d6a0a96fa690300eb68e2e""]",0.9274193548387096,0.8846153846153846,0.9745762711864406,12,2,14,0.8571428571428571,0.00033311125916055963,0.00033311125916055963,False,False,rescue_applied,1,0.13499912823538188,24,14
immune_dc,42,0.10,ASDC,batch_heldout,outputs\immune_dc\batch_heldout_seed42_asdc_rare10pct,rank_2,rank,success,,2.1041139056895917,0.01,33b8ce5bdff2e437,27,dbca1156455e99557cf7c64be125b41ada48c464a3d6a0a96fa690300eb68e2e,"[""immune_dc"",""ASDC"",""33b8ce5bdff2e437"",27,""dbca1156455e99557cf7c64be125b41ada48c464a3d6a0a96fa690300eb68e2e""]",0.8382838283828383,0.9769230769230769,0.7341040462427746,24,45,69,0.34782608695652173,0.007495003331112591,0.007495003331112591,False,False,rescue_applied,2,0.13499912823538188,24,559
immune_dc,42,0.10,ASDC,batch_heldout,outputs\immune_dc\batch_heldout_seed42_asdc_rare10pct,rank_3,rank,success,,2.1041139056895917,0.01,33b8ce5bdff2e437,27,dbca1156455e99557cf7c64be125b41ada48c464a3d6a0a96fa690300eb68e2e,"[""immune_dc"",""ASDC"",""33b8ce5bdff2e437"",27,""dbca1156455e99557cf7c64be125b41ada48c464a3d6a0a96fa690300eb68e2e""]",0.8167202572347267,0.9769230769230769,0.7016574585635359,24,53,77,0.3116883116883117,0.00882744836775483,0.00882744836775483,False,False,rescue_applied,3,0.13499912823538188,24,879
immune_dc,42,0.10,ASDC,batch_heldout,outputs\immune_dc\batch_heldout_seed42_asdc_rare10pct,adaptive_rank,rank,success,,2.1041139056895917,0.01,33b8ce5bdff2e437,27,dbca1156455e99557cf7c64be125b41ada48c464a3d6a0a96fa690300eb68e2e,"[""immune_dc"",""ASDC"",""33b8ce5bdff2e437"",27,""dbca1156455e99557cf7c64be125b41ada48c464a3d6a0a96fa690300eb68e2e""]",0.9274193548387096,0.8846153846153846,0.9745762711864406,12,2,14,0.8571428571428571,0.00033311125916055963,0.00033311125916055963,False,False,rescue_applied,1,0.13499912823538188,24,14
immune_dc,42,all,ASDC,batch_heldout,outputs\immune_dc\batch_heldout_seed42_asdc_rareall,baseline,component,success,,1.762226411576769,0.01,33b8ce5bdff2e437,277,e80ab3fb142a5476d4f21795b2a9d07dd2d9f42dddbab050601eb3ac3e815da6,"[""immune_dc"",""ASDC"",""33b8ce5bdff2e437"",277,""e80ab3fb142a5476d4f21795b2a9d07dd2d9f42dddbab050601eb3ac3e815da6""]",0.9397590361445783,0.9,0.9831932773109243,0,0,0,,0.0,0.0,False,False,baseline_no_rescue,0,,11,0
immune_dc,42,all,ASDC,batch_heldout,outputs\immune_dc\batch_heldout_seed42_asdc_rareall,minus_separability_gate,component,success,,1.762226411576769,0.01,33b8ce5bdff2e437,277,e80ab3fb142a5476d4f21795b2a9d07dd2d9f42dddbab050601eb3ac3e815da6,"[""immune_dc"",""ASDC"",""33b8ce5bdff2e437"",277,""e80ab3fb142a5476d4f21795b2a9d07dd2d9f42dddbab050601eb3ac3e815da6""]",0.952755905511811,0.9307692307692308,0.9758064516129032,4,1,5,0.8,0.00016655562958027982,0.00016655562958027982,False,False,rescue_applied,1,0.16212077772999428,11,5
immune_dc,42,all,ASDC,batch_heldout,outputs\immune_dc\batch_heldout_seed42_asdc_rareall,minus_necessity_gate,component,success,,1.762226411576769,0.01,33b8ce5bdff2e437,277,e80ab3fb142a5476d4f21795b2a9d07dd2d9f42dddbab050601eb3ac3e815da6,"[""immune_dc"",""ASDC"",""33b8ce5bdff2e437"",277,""e80ab3fb142a5476d4f21795b2a9d07dd2d9f42dddbab050601eb3ac3e815da6""]",0.952755905511811,0.9307692307692308,0.9758064516129032,4,1,5,0.8,0.00016655562958027982,0.00016655562958027982,False,False,rescue_applied,1,0.16212077772999428,11,5
immune_dc,42,all,ASDC,batch_heldout,outputs\immune_dc\batch_heldout_seed42_asdc_rareall,fixed_rank_1,component,success,,1.762226411576769,0.01,33b8ce5bdff2e437,277,e80ab3fb142a5476d4f21795b2a9d07dd2d9f42dddbab050601eb3ac3e815da6,"[""immune_dc"",""ASDC"",""33b8ce5bdff2e437"",277,""e80ab3fb142a5476d4f21795b2a9d07dd2d9f42dddbab050601eb3ac3e815da6""]",0.952755905511811,0.9307692307692308,0.9758064516129032,4,1,5,0.8,0.00016655562958027982,0.00016655562958027982,False,False,rescue_applied,1,0.16212077772999428,11,5
immune_dc,42,all,ASDC,batch_heldout,outputs\immune_dc\batch_heldout_seed42_asdc_rareall,minus_conformal_tau,component,success,,1.762226411576769,0.01,33b8ce5bdff2e437,277,e80ab3fb142a5476d4f21795b2a9d07dd2d9f42dddbab050601eb3ac3e815da6,"[""immune_dc"",""ASDC"",""33b8ce5bdff2e437"",277,""e80ab3fb142a5476d4f21795b2a9d07dd2d9f42dddbab050601eb3ac3e815da6""]",0.952755905511811,0.9307692307692308,0.9758064516129032,4,1,5,0.8,0.00016655562958027982,0.00016655562958027982,False,False,rescue_applied,1,-inf,11,5
immune_dc,42,all,ASDC,batch_heldout,outputs\immune_dc\batch_heldout_seed42_asdc_rareall,full_method,component,success,,1.762226411576769,0.01,33b8ce5bdff2e437,277,e80ab3fb142a5476d4f21795b2a9d07dd2d9f42dddbab050601eb3ac3e815da6,"[""immune_dc"",""ASDC"",""33b8ce5bdff2e437"",277,""e80ab3fb142a5476d4f21795b2a9d07dd2d9f42dddbab050601eb3ac3e815da6""]",0.952755905511811,0.9307692307692308,0.9758064516129032,4,1,5,0.8,0.00016655562958027982,0.00016655562958027982,False,False,rescue_applied,1,0.16212077772999428,11,5
immune_dc,42,all,ASDC,batch_heldout,outputs\immune_dc\batch_heldout_seed42_asdc_rareall,rank_1,rank,success,,1.762226411576769,0.01,33b8ce5bdff2e437,277,e80ab3fb142a5476d4f21795b2a9d07dd2d9f42dddbab050601eb3ac3e815da6,"[""immune_dc"",""ASDC"",""33b8ce5bdff2e437"",277,""e80ab3fb142a5476d4f21795b2a9d07dd2d9f42dddbab050601eb3ac3e815da6""]",0.952755905511811,0.9307692307692308,0.9758064516129032,4,1,5,0.8,0.00016655562958027982,0.00016655562958027982,False,False,rescue_applied,1,0.16212077772999428,11,5
immune_dc,42,all,ASDC,batch_heldout,outputs\immune_dc\batch_heldout_seed42_asdc_rareall,rank_2,rank,success,,1.762226411576769,0.01,33b8ce5bdff2e437,277,e80ab3fb142a5476d4f21795b2a9d07dd2d9f42dddbab050601eb3ac3e815da6,"[""immune_dc"",""ASDC"",""33b8ce5bdff2e437"",277,""e80ab3fb142a5476d4f21795b2a9d07dd2d9f42dddbab050601eb3ac3e815da6""]",0.807570977917981,0.9846153846153847,0.6844919786096256,11,57,68,0.16176470588235295,0.00949367088607595,0.00949367088607595,False,False,rescue_applied,2,0.16212077772999428,11,566
immune_dc,42,all,ASDC,batch_heldout,outputs\immune_dc\batch_heldout_seed42_asdc_rareall,rank_3,rank,success,,1.762226411576769,0.01,33b8ce5bdff2e437,277,e80ab3fb142a5476d4f21795b2a9d07dd2d9f42dddbab050601eb3ac3e815da6,"[""immune_dc"",""ASDC"",""33b8ce5bdff2e437"",277,""e80ab3fb142a5476d4f21795b2a9d07dd2d9f42dddbab050601eb3ac3e815da6""]",0.8025078369905956,0.9846153846153847,0.6772486772486772,11,59,70,0.15714285714285714,0.00982678214523651,0.00982678214523651,False,False,rescue_applied,3,0.16212077772999428,11,893
immune_dc,42,all,ASDC,batch_heldout,outputs\immune_dc\batch_heldout_seed42_asdc_rareall,adaptive_rank,rank,success,,1.762226411576769,0.01,33b8ce5bdff2e437,277,e80ab3fb142a5476d4f21795b2a9d07dd2d9f42dddbab050601eb3ac3e815da6,"[""immune_dc"",""ASDC"",""33b8ce5bdff2e437"",277,""e80ab3fb142a5476d4f21795b2a9d07dd2d9f42dddbab050601eb3ac3e815da6""]",0.952755905511811,0.9307692307692308,0.9758064516129032,4,1,5,0.8,0.00016655562958027982,0.00016655562958027982,False,False,rescue_applied,1,0.16212077772999428,11,5
immune_dc,43,0.01,ASDC,batch_heldout,outputs\immune_dc\batch_heldout_seed43_asdc_rare1pct,baseline,component,success,,2.4436483952184123,0.01,33b8ce5bdff2e437,5,89bb86ec80fde8890ddb49fec88b617c0c7eff2be8a03de4dec1fbd3599f92a4,"[""immune_dc"",""ASDC"",""33b8ce5bdff2e437"",5,""89bb86ec80fde8890ddb49fec88b617c0c7eff2be8a03de4dec1fbd3599f92a4""]",0.0,0.0,0.0,0,0,0,,0.0,0.0,False,False,baseline_no_rescue,0,,115,0
immune_dc,43,0.01,ASDC,batch_heldout,outputs\immune_dc\batch_heldout_seed43_asdc_rare1pct,minus_separability_gate,component,success,,2.4436483952184123,0.01,33b8ce5bdff2e437,5,89bb86ec80fde8890ddb49fec88b617c0c7eff2be8a03de4dec1fbd3599f92a4,"[""immune_dc"",""ASDC"",""33b8ce5bdff2e437"",5,""89bb86ec80fde8890ddb49fec88b617c0c7eff2be8a03de4dec1fbd3599f92a4""]",0.9306122448979591,0.8769230769230769,0.991304347826087,114,1,115,0.991304347826087,0.00016655562958027982,0.00016655562958027982,False,False,rescue_applied,1,0.07444678346541897,115,115
immune_dc,43,0.01,ASDC,batch_heldout,outputs\immune_dc\batch_heldout_seed43_asdc_rare1pct,minus_necessity_gate,component,success,,2.4436483952184123,0.01,33b8ce5bdff2e437,5,89bb86ec80fde8890ddb49fec88b617c0c7eff2be8a03de4dec1fbd3599f92a4,"[""immune_dc"",""ASDC"",""33b8ce5bdff2e437"",5,""89bb86ec80fde8890ddb49fec88b617c0c7eff2be8a03de4dec1fbd3599f92a4""]",0.9306122448979591,0.8769230769230769,0.991304347826087,114,1,115,0.991304347826087,0.00016655562958027982,0.00016655562958027982,False,False,rescue_applied,1,0.07444678346541897,115,115
immune_dc,43,0.01,ASDC,batch_heldout,outputs\immune_dc\batch_heldout_seed43_asdc_rare1pct,fixed_rank_1,component,success,,2.4436483952184123,0.01,33b8ce5bdff2e437,5,89bb86ec80fde8890ddb49fec88b617c0c7eff2be8a03de4dec1fbd3599f92a4,"[""immune_dc"",""ASDC"",""33b8ce5bdff2e437"",5,""89bb86ec80fde8890ddb49fec88b617c0c7eff2be8a03de4dec1fbd3599f92a4""]",0.9306122448979591,0.8769230769230769,0.991304347826087,114,1,115,0.991304347826087,0.00016655562958027982,0.00016655562958027982,False,False,rescue_applied,1,0.07444678346541897,115,115
immune_dc,43,0.01,ASDC,batch_heldout,outputs\immune_dc\batch_heldout_seed43_asdc_rare1pct,minus_conformal_tau,component,success,,2.4436483952184123,0.01,33b8ce5bdff2e437,5,89bb86ec80fde8890ddb49fec88b617c0c7eff2be8a03de4dec1fbd3599f92a4,"[""immune_dc"",""ASDC"",""33b8ce5bdff2e437"",5,""89bb86ec80fde8890ddb49fec88b617c0c7eff2be8a03de4dec1fbd3599f92a4""]",0.9306122448979591,0.8769230769230769,0.991304347826087,114,1,115,0.991304347826087,0.00016655562958027982,0.00016655562958027982,False,False,rescue_applied,1,-inf,115,115
immune_dc,43,0.01,ASDC,batch_heldout,outputs\immune_dc\batch_heldout_seed43_asdc_rare1pct,full_method,component,success,,2.4436483952184123,0.01,33b8ce5bdff2e437,5,89bb86ec80fde8890ddb49fec88b617c0c7eff2be8a03de4dec1fbd3599f92a4,"[""immune_dc"",""ASDC"",""33b8ce5bdff2e437"",5,""89bb86ec80fde8890ddb49fec88b617c0c7eff2be8a03de4dec1fbd3599f92a4""]",0.9306122448979591,0.8769230769230769,0.991304347826087,114,1,115,0.991304347826087,0.00016655562958027982,0.00016655562958027982,False,False,rescue_applied,1,0.07444678346541897,115,115
immune_dc,43,0.01,ASDC,batch_heldout,outputs\immune_dc\batch_heldout_seed43_asdc_rare1pct,rank_1,rank,success,,2.4436483952184123,0.01,33b8ce5bdff2e437,5,89bb86ec80fde8890ddb49fec88b617c0c7eff2be8a03de4dec1fbd3599f92a4,"[""immune_dc"",""ASDC"",""33b8ce5bdff2e437"",5,""89bb86ec80fde8890ddb49fec88b617c0c7eff2be8a03de4dec1fbd3599f92a4""]",0.9306122448979591,0.8769230769230769,0.991304347826087,114,1,115,0.991304347826087,0.00016655562958027982,0.00016655562958027982,False,False,rescue_applied,1,0.07444678346541897,115,115
immune_dc,43,0.01,ASDC,batch_heldout,outputs\immune_dc\batch_heldout_seed43_asdc_rare1pct,rank_2,rank,success,,2.4436483952184123,0.01,33b8ce5bdff2e437,5,89bb86ec80fde8890ddb49fec88b617c0c7eff2be8a03de4dec1fbd3599f92a4,"[""immune_dc"",""ASDC"",""33b8ce5bdff2e437"",5,""89bb86ec80fde8890ddb49fec88b617c0c7eff2be8a03de4dec1fbd3599f92a4""]",0.8389261744966443,0.9615384615384616,0.7440476190476191,125,43,168,0.7440476190476191,0.007161892071952032,0.007161892071952032,False,False,rescue_applied,2,0.07444678346541897,115,219
immune_dc,43,0.01,ASDC,batch_heldout,outputs\immune_dc\batch_heldout_seed43_asdc_rare1pct,rank_3,rank,success,,2.4436483952184123,0.01,33b8ce5bdff2e437,5,89bb86ec80fde8890ddb49fec88b617c0c7eff2be8a03de4dec1fbd3599f92a4,"[""immune_dc"",""ASDC"",""33b8ce5bdff2e437"",5,""89bb86ec80fde8890ddb49fec88b617c0c7eff2be8a03de4dec1fbd3599f92a4""]",0.8076923076923077,0.9692307692307692,0.6923076923076923,126,56,182,0.6923076923076923,0.009327115256495669,0.009327115256495669,False,False,rescue_applied,3,0.07444678346541897,115,337
immune_dc,43,0.01,ASDC,batch_heldout,outputs\immune_dc\batch_heldout_seed43_asdc_rare1pct,adaptive_rank,rank,success,,2.4436483952184123,0.01,33b8ce5bdff2e437,5,89bb86ec80fde8890ddb49fec88b617c0c7eff2be8a03de4dec1fbd3599f92a4,"[""immune_dc"",""ASDC"",""33b8ce5bdff2e437"",5,""89bb86ec80fde8890ddb49fec88b617c0c7eff2be8a03de4dec1fbd3599f92a4""]",0.9306122448979591,0.8769230769230769,0.991304347826087,114,1,115,0.991304347826087,0.00016655562958027982,0.00016655562958027982,False,False,rescue_applied,1,0.07444678346541897,115,115
immune_dc,43,0.05,ASDC,batch_heldout,outputs\immune_dc\batch_heldout_seed43_asdc_rare5pct,baseline,component,success,,1.9467985683615165,0.01,33b8ce5bdff2e437,13,99286d1163324ef4c652c166cbd756b54ed98b2ac1675fbbb9c9df3da6a59121,"[""immune_dc"",""ASDC"",""33b8ce5bdff2e437"",13,""99286d1163324ef4c652c166cbd756b54ed98b2ac1675fbbb9c9df3da6a59121""]",0.8936170212765957,0.8076923076923077,1.0,0,0,0,,0.0,0.0,False,False,baseline_no_rescue,0,,21,0
immune_dc,43,0.05,ASDC,batch_heldout,outputs\immune_dc\batch_heldout_seed43_asdc_rare5pct,minus_separability_gate,component,success,,1.9467985683615165,0.01,33b8ce5bdff2e437,13,99286d1163324ef4c652c166cbd756b54ed98b2ac1675fbbb9c9df3da6a59121,"[""immune_dc"",""ASDC"",""33b8ce5bdff2e437"",13,""99286d1163324ef4c652c166cbd756b54ed98b2ac1675fbbb9c9df3da6a59121""]",0.9397590361445783,0.9,0.9831932773109243,12,2,14,0.8571428571428571,0.00033311125916055963,0.00033311125916055963,False,False,rescue_applied,1,0.11493893795019516,21,14
immune_dc,43,0.05,ASDC,batch_heldout,outputs\immune_dc\batch_heldout_seed43_asdc_rare5pct,minus_necessity_gate,component,success,,1.9467985683615165,0.01,33b8ce5bdff2e437,13,99286d1163324ef4c652c166cbd756b54ed98b2ac1675fbbb9c9df3da6a59121,"[""immune_dc"",""ASDC"",""33b8ce5bdff2e437"",13,""99286d1163324ef4c652c166cbd756b54ed98b2ac1675fbbb9c9df3da6a59121""]",0.9397590361445783,0.9,0.9831932773109243,12,2,14,0.8571428571428571,0.00033311125916055963,0.00033311125916055963,False,False,rescue_applied,1,0.11493893795019516,21,14
immune_dc,43,0.05,ASDC,batch_heldout,outputs\immune_dc\batch_heldout_seed43_asdc_rare5pct,fixed_rank_1,component,success,,1.9467985683615165,0.01,33b8ce5bdff2e437,13,99286d1163324ef4c652c166cbd756b54ed98b2ac1675fbbb9c9df3da6a59121,"[""immune_dc"",""ASDC"",""33b8ce5bdff2e437"",13,""99286d1163324ef4c652c166cbd756b54ed98b2ac1675fbbb9c9df3da6a59121""]",0.9397590361445783,0.9,0.9831932773109243,12,2,14,0.8571428571428571,0.00033311125916055963,0.00033311125916055963,False,False,rescue_applied,1,0.11493893795019516,21,14
immune_dc,43,0.05,ASDC,batch_heldout,outputs\immune_dc\batch_heldout_seed43_asdc_rare5pct,minus_conformal_tau,component,success,,1.9467985683615165,0.01,33b8ce5bdff2e437,13,99286d1163324ef4c652c166cbd756b54ed98b2ac1675fbbb9c9df3da6a59121,"[""immune_dc"",""ASDC"",""33b8ce5bdff2e437"",13,""99286d1163324ef4c652c166cbd756b54ed98b2ac1675fbbb9c9df3da6a59121""]",0.9397590361445783,0.9,0.9831932773109243,12,2,14,0.8571428571428571,0.00033311125916055963,0.00033311125916055963,False,False,rescue_applied,1,-inf,21,14
immune_dc,43,0.05,ASDC,batch_heldout,outputs\immune_dc\batch_heldout_seed43_asdc_rare5pct,full_method,component,success,,1.9467985683615165,0.01,33b8ce5bdff2e437,13,99286d1163324ef4c652c166cbd756b54ed98b2ac1675fbbb9c9df3da6a59121,"[""immune_dc"",""ASDC"",""33b8ce5bdff2e437"",13,""99286d1163324ef4c652c166cbd756b54ed98b2ac1675fbbb9c9df3da6a59121""]",0.9397590361445783,0.9,0.9831932773109243,12,2,14,0.8571428571428571,0.00033311125916055963,0.00033311125916055963,False,False,rescue_applied,1,0.11493893795019516,21,14
immune_dc,43,0.05,ASDC,batch_heldout,outputs\immune_dc\batch_heldout_seed43_asdc_rare5pct,rank_1,rank,success,,1.9467985683615165,0.01,33b8ce5bdff2e437,13,99286d1163324ef4c652c166cbd756b54ed98b2ac1675fbbb9c9df3da6a59121,"[""immune_dc"",""ASDC"",""33b8ce5bdff2e437"",13,""99286d1163324ef4c652c166cbd756b54ed98b2ac1675fbbb9c9df3da6a59121""]",0.9397590361445783,0.9,0.9831932773109243,12,2,14,0.8571428571428571,0.00033311125916055963,0.00033311125916055963,False,False,rescue_applied,1,0.11493893795019516,21,14
immune_dc,43,0.05,ASDC,batch_heldout,outputs\immune_dc\batch_heldout_seed43_asdc_rare5pct,rank_2,rank,success,,1.9467985683615165,0.01,33b8ce5bdff2e437,13,99286d1163324ef4c652c166cbd756b54ed98b2ac1675fbbb9c9df3da6a59121,"[""immune_dc"",""ASDC"",""33b8ce5bdff2e437"",13,""99286d1163324ef4c652c166cbd756b54ed98b2ac1675fbbb9c9df3da6a59121""]",0.8421052631578947,0.9846153846153847,0.735632183908046,23,46,69,0.3333333333333333,0.007661558960692871,0.007661558960692871,False,False,rescue_applied,2,0.11493893795019516,21,130
immune_dc,43,0.05,ASDC,batch_heldout,outputs\immune_dc\batch_heldout_seed43_asdc_rare5pct,rank_3,rank,success,,1.9467985683615165,0.01,33b8ce5bdff2e437,13,99286d1163324ef4c652c166cbd756b54ed98b2ac1675fbbb9c9df3da6a59121,"[""immune_dc"",""ASDC"",""33b8ce5bdff2e437"",13,""99286d1163324ef4c652c166cbd756b54ed98b2ac1675fbbb9c9df3da6a59121""]",0.8231511254019293,0.9846153846153847,0.7071823204419889,23,53,76,0.3026315789473684,0.00882744836775483,0.00882744836775483,False,False,rescue_applied,3,0.11493893795019516,21,301
immune_dc,43,0.05,ASDC,batch_heldout,outputs\immune_dc\batch_heldout_seed43_asdc_rare5pct,adaptive_rank,rank,success,,1.9467985683615165,0.01,33b8ce5bdff2e437,13,99286d1163324ef4c652c166cbd756b54ed98b2ac1675fbbb9c9df3da6a59121,"[""immune_dc"",""ASDC"",""33b8ce5bdff2e437"",13,""99286d1163324ef4c652c166cbd756b54ed98b2ac1675fbbb9c9df3da6a59121""]",0.9397590361445783,0.9,0.9831932773109243,12,2,14,0.8571428571428571,0.00033311125916055963,0.00033311125916055963,False,False,rescue_applied,1,0.11493893795019516,21,14
immune_dc,43,0.10,ASDC,batch_heldout,outputs\immune_dc\batch_heldout_seed43_asdc_rare10pct,baseline,component,success,,1.7471778231641841,0.01,33b8ce5bdff2e437,27,d9a0e097f7c7a57bbaa1a2639d9bf3a2523d363d0e170ae2706c727758961ff3,"[""immune_dc"",""ASDC"",""33b8ce5bdff2e437"",27,""d9a0e097f7c7a57bbaa1a2639d9bf3a2523d363d0e170ae2706c727758961ff3""]",0.9300411522633745,0.8692307692307693,1.0,0,0,0,,0.0,0.0,False,False,baseline_no_rescue,0,,13,0
immune_dc,43,0.10,ASDC,batch_heldout,outputs\immune_dc\batch_heldout_seed43_asdc_rare10pct,minus_separability_gate,component,success,,1.7471778231641841,0.01,33b8ce5bdff2e437,27,d9a0e097f7c7a57bbaa1a2639d9bf3a2523d363d0e170ae2706c727758961ff3,"[""immune_dc"",""ASDC"",""33b8ce5bdff2e437"",27,""d9a0e097f7c7a57bbaa1a2639d9bf3a2523d363d0e170ae2706c727758961ff3""]",0.9565217391304348,0.9307692307692308,0.983739837398374,8,2,10,0.8,0.00033311125916055963,0.00033311125916055963,False,False,rescue_applied,1,0.17841804464827227,13,10
immune_dc,43,0.10,ASDC,batch_heldout,outputs\immune_dc\batch_heldout_seed43_asdc_rare10pct,minus_necessity_gate,component,success,,1.7471778231641841,0.01,33b8ce5bdff2e437,27,d9a0e097f7c7a57bbaa1a2639d9bf3a2523d363d0e170ae2706c727758961ff3,"[""immune_dc"",""ASDC"",""33b8ce5bdff2e437"",27,""d9a0e097f7c7a57bbaa1a2639d9bf3a2523d363d0e170ae2706c727758961ff3""]",0.9565217391304348,0.9307692307692308,0.983739837398374,8,2,10,0.8,0.00033311125916055963,0.00033311125916055963,False,False,rescue_applied,1,0.17841804464827227,13,10
immune_dc,43,0.10,ASDC,batch_heldout,outputs\immune_dc\batch_heldout_seed43_asdc_rare10pct,fixed_rank_1,component,success,,1.7471778231641841,0.01,33b8ce5bdff2e437,27,d9a0e097f7c7a57bbaa1a2639d9bf3a2523d363d0e170ae2706c727758961ff3,"[""immune_dc"",""ASDC"",""33b8ce5bdff2e437"",27,""d9a0e097f7c7a57bbaa1a2639d9bf3a2523d363d0e170ae2706c727758961ff3""]",0.9565217391304348,0.9307692307692308,0.983739837398374,8,2,10,0.8,0.00033311125916055963,0.00033311125916055963,False,False,rescue_applied,1,0.17841804464827227,13,10
immune_dc,43,0.10,ASDC,batch_heldout,outputs\immune_dc\batch_heldout_seed43_asdc_rare10pct,minus_conformal_tau,component,success,,1.7471778231641841,0.01,33b8ce5bdff2e437,27,d9a0e097f7c7a57bbaa1a2639d9bf3a2523d363d0e170ae2706c727758961ff3,"[""immune_dc"",""ASDC"",""33b8ce5bdff2e437"",27,""d9a0e097f7c7a57bbaa1a2639d9bf3a2523d363d0e170ae2706c727758961ff3""]",0.9565217391304348,0.9307692307692308,0.983739837398374,8,2,10,0.8,0.00033311125916055963,0.00033311125916055963,False,False,rescue_applied,1,-inf,13,10
immune_dc,43,0.10,ASDC,batch_heldout,outputs\immune_dc\batch_heldout_seed43_asdc_rare10pct,full_method,component,success,,1.7471778231641841,0.01,33b8ce5bdff2e437,27,d9a0e097f7c7a57bbaa1a2639d9bf3a2523d363d0e170ae2706c727758961ff3,"[""immune_dc"",""ASDC"",""33b8ce5bdff2e437"",27,""d9a0e097f7c7a57bbaa1a2639d9bf3a2523d363d0e170ae2706c727758961ff3""]",0.9565217391304348,0.9307692307692308,0.983739837398374,8,2,10,0.8,0.00033311125916055963,0.00033311125916055963,False,False,rescue_applied,1,0.17841804464827227,13,10
immune_dc,43,0.10,ASDC,batch_heldout,outputs\immune_dc\batch_heldout_seed43_asdc_rare10pct,rank_1,rank,success,,1.7471778231641841,0.01,33b8ce5bdff2e437,27,d9a0e097f7c7a57bbaa1a2639d9bf3a2523d363d0e170ae2706c727758961ff3,"[""immune_dc"",""ASDC"",""33b8ce5bdff2e437"",27,""d9a0e097f7c7a57bbaa1a2639d9bf3a2523d363d0e170ae2706c727758961ff3""]",0.9565217391304348,0.9307692307692308,0.983739837398374,8,2,10,0.8,0.00033311125916055963,0.00033311125916055963,False,False,rescue_applied,1,0.17841804464827227,13,10
immune_dc,43,0.10,ASDC,batch_heldout,outputs\immune_dc\batch_heldout_seed43_asdc_rare10pct,rank_2,rank,success,,1.7471778231641841,0.01,33b8ce5bdff2e437,27,d9a0e097f7c7a57bbaa1a2639d9bf3a2523d363d0e170ae2706c727758961ff3,"[""immune_dc"",""ASDC"",""33b8ce5bdff2e437"",27,""d9a0e097f7c7a57bbaa1a2639d9bf3a2523d363d0e170ae2706c727758961ff3""]",0.8012618296529969,0.9769230769230769,0.679144385026738,14,60,74,0.1891891891891892,0.009993337774816789,0.009993337774816789,False,False,rescue_applied,2,0.17841804464827227,13,348
immune_dc,43,0.10,ASDC,batch_heldout,outputs\immune_dc\batch_heldout_seed43_asdc_rare10pct,rank_3,rank,success,,1.7471778231641841,0.01,33b8ce5bdff2e437,27,d9a0e097f7c7a57bbaa1a2639d9bf3a2523d363d0e170ae2706c727758961ff3,"[""immune_dc"",""ASDC"",""33b8ce5bdff2e437"",27,""d9a0e097f7c7a57bbaa1a2639d9bf3a2523d363d0e170ae2706c727758961ff3""]",0.8050314465408805,0.9846153846153847,0.6808510638297872,15,60,75,0.2,0.009993337774816789,0.009993337774816789,False,False,rescue_applied,3,0.17841804464827227,13,568
immune_dc,43,0.10,ASDC,batch_heldout,outputs\immune_dc\batch_heldout_seed43_asdc_rare10pct,adaptive_rank,rank,success,,1.7471778231641841,0.01,33b8ce5bdff2e437,27,d9a0e097f7c7a57bbaa1a2639d9bf3a2523d363d0e170ae2706c727758961ff3,"[""immune_dc"",""ASDC"",""33b8ce5bdff2e437"",27,""d9a0e097f7c7a57bbaa1a2639d9bf3a2523d363d0e170ae2706c727758961ff3""]",0.9565217391304348,0.9307692307692308,0.983739837398374,8,2,10,0.8,0.00033311125916055963,0.00033311125916055963,False,False,rescue_applied,1,0.17841804464827227,13,10
immune_dc,43,all,ASDC,batch_heldout,outputs\immune_dc\batch_heldout_seed43_asdc_rareall,baseline,component,success,,1.9373731002060308,0.01,33b8ce5bdff2e437,277,e80ab3fb142a5476d4f21795b2a9d07dd2d9f42dddbab050601eb3ac3e815da6,"[""immune_dc"",""ASDC"",""33b8ce5bdff2e437"",277,""e80ab3fb142a5476d4f21795b2a9d07dd2d9f42dddbab050601eb3ac3e815da6""]",0.9444444444444444,0.9153846153846154,0.9754098360655737,0,0,0,,0.0,0.0,False,False,baseline_no_rescue,0,,8,0
immune_dc,43,all,ASDC,batch_heldout,outputs\immune_dc\batch_heldout_seed43_asdc_rareall,minus_separability_gate,component,success,,1.9373731002060308,0.01,33b8ce5bdff2e437,277,e80ab3fb142a5476d4f21795b2a9d07dd2d9f42dddbab050601eb3ac3e815da6,"[""immune_dc"",""ASDC"",""33b8ce5bdff2e437"",277,""e80ab3fb142a5476d4f21795b2a9d07dd2d9f42dddbab050601eb3ac3e815da6""]",0.952755905511811,0.9307692307692308,0.9758064516129032,2,0,2,1.0,0.0,0.0,False,False,rescue_applied,1,0.15638695527776061,8,2
immune_dc,43,all,ASDC,batch_heldout,outputs\immune_dc\batch_heldout_seed43_asdc_rareall,minus_necessity_gate,component,success,,1.9373731002060308,0.01,33b8ce5bdff2e437,277,e80ab3fb142a5476d4f21795b2a9d07dd2d9f42dddbab050601eb3ac3e815da6,"[""immune_dc"",""ASDC"",""33b8ce5bdff2e437"",277,""e80ab3fb142a5476d4f21795b2a9d07dd2d9f42dddbab050601eb3ac3e815da6""]",0.952755905511811,0.9307692307692308,0.9758064516129032,2,0,2,1.0,0.0,0.0,False,False,rescue_applied,1,0.15638695527776061,8,2
immune_dc,43,all,ASDC,batch_heldout,outputs\immune_dc\batch_heldout_seed43_asdc_rareall,fixed_rank_1,component,success,,1.9373731002060308,0.01,33b8ce5bdff2e437,277,e80ab3fb142a5476d4f21795b2a9d07dd2d9f42dddbab050601eb3ac3e815da6,"[""immune_dc"",""ASDC"",""33b8ce5bdff2e437"",277,""e80ab3fb142a5476d4f21795b2a9d07dd2d9f42dddbab050601eb3ac3e815da6""]",0.952755905511811,0.9307692307692308,0.9758064516129032,2,0,2,1.0,0.0,0.0,False,False,rescue_applied,1,0.15638695527776061,8,2
immune_dc,43,all,ASDC,batch_heldout,outputs\immune_dc\batch_heldout_seed43_asdc_rareall,minus_conformal_tau,component,success,,1.9373731002060308,0.01,33b8ce5bdff2e437,277,e80ab3fb142a5476d4f21795b2a9d07dd2d9f42dddbab050601eb3ac3e815da6,"[""immune_dc"",""ASDC"",""33b8ce5bdff2e437"",277,""e80ab3fb142a5476d4f21795b2a9d07dd2d9f42dddbab050601eb3ac3e815da6""]",0.952755905511811,0.9307692307692308,0.9758064516129032,2,0,2,1.0,0.0,0.0,False,False,rescue_applied,1,-inf,8,2
immune_dc,43,all,ASDC,batch_heldout,outputs\immune_dc\batch_heldout_seed43_asdc_rareall,full_method,component,success,,1.9373731002060308,0.01,33b8ce5bdff2e437,277,e80ab3fb142a5476d4f21795b2a9d07dd2d9f42dddbab050601eb3ac3e815da6,"[""immune_dc"",""ASDC"",""33b8ce5bdff2e437"",277,""e80ab3fb142a5476d4f21795b2a9d07dd2d9f42dddbab050601eb3ac3e815da6""]",0.952755905511811,0.9307692307692308,0.9758064516129032,2,0,2,1.0,0.0,0.0,False,False,rescue_applied,1,0.15638695527776061,8,2
immune_dc,43,all,ASDC,batch_heldout,outputs\immune_dc\batch_heldout_seed43_asdc_rareall,rank_1,rank,success,,1.9373731002060308,0.01,33b8ce5bdff2e437,277,e80ab3fb142a5476d4f21795b2a9d07dd2d9f42dddbab050601eb3ac3e815da6,"[""immune_dc"",""ASDC"",""33b8ce5bdff2e437"",277,""e80ab3fb142a5476d4f21795b2a9d07dd2d9f42dddbab050601eb3ac3e815da6""]",0.952755905511811,0.9307692307692308,0.9758064516129032,2,0,2,1.0,0.0,0.0,False,False,rescue_applied,1,0.15638695527776061,8,2
immune_dc,43,all,ASDC,batch_heldout,outputs\immune_dc\batch_heldout_seed43_asdc_rareall,rank_2,rank,success,,1.9373731002060308,0.01,33b8ce5bdff2e437,277,e80ab3fb142a5476d4f21795b2a9d07dd2d9f42dddbab050601eb3ac3e815da6,"[""immune_dc"",""ASDC"",""33b8ce5bdff2e437"",277,""e80ab3fb142a5476d4f21795b2a9d07dd2d9f42dddbab050601eb3ac3e815da6""]",0.8300653594771242,0.9769230769230769,0.7215909090909091,8,46,54,0.14814814814814814,0.007661558960692871,0.007661558960692871,False,False,rescue_applied,2,0.15638695527776061,8,245
immune_dc,43,all,ASDC,batch_heldout,outputs\immune_dc\batch_heldout_seed43_asdc_rareall,rank_3,rank,success,,1.9373731002060308,0.01,33b8ce5bdff2e437,277,e80ab3fb142a5476d4f21795b2a9d07dd2d9f42dddbab050601eb3ac3e815da6,"[""immune_dc"",""ASDC"",""33b8ce5bdff2e437"",277,""e80ab3fb142a5476d4f21795b2a9d07dd2d9f42dddbab050601eb3ac3e815da6""]",0.8193548387096774,0.9769230769230769,0.7055555555555556,8,50,58,0.13793103448275862,0.008327781479013991,0.008327781479013991,False,False,rescue_applied,3,0.15638695527776061,8,435
immune_dc,43,all,ASDC,batch_heldout,outputs\immune_dc\batch_heldout_seed43_asdc_rareall,adaptive_rank,rank,success,,1.9373731002060308,0.01,33b8ce5bdff2e437,277,e80ab3fb142a5476d4f21795b2a9d07dd2d9f42dddbab050601eb3ac3e815da6,"[""immune_dc"",""ASDC"",""33b8ce5bdff2e437"",277,""e80ab3fb142a5476d4f21795b2a9d07dd2d9f42dddbab050601eb3ac3e815da6""]",0.952755905511811,0.9307692307692308,0.9758064516129032,2,0,2,1.0,0.0,0.0,False,False,rescue_applied,1,0.15638695527776061,8,2
immune_dc,44,0.01,ASDC,batch_heldout,outputs\immune_dc\batch_heldout_seed44_asdc_rare1pct,baseline,component,success,,2.7582922544892616,0.01,33b8ce5bdff2e437,5,647f9aef0a16a5271aa68fdcbd87ef7114d0c633ae2c52d222672fc4f520422d,"[""immune_dc"",""ASDC"",""33b8ce5bdff2e437"",5,""647f9aef0a16a5271aa68fdcbd87ef7114d0c633ae2c52d222672fc4f520422d""]",0.0,0.0,0.0,0,0,0,,0.0,0.0,False,False,baseline_no_rescue,0,,114,0
immune_dc,44,0.01,ASDC,batch_heldout,outputs\immune_dc\batch_heldout_seed44_asdc_rare1pct,minus_separability_gate,component,success,,2.7582922544892616,0.01,33b8ce5bdff2e437,5,647f9aef0a16a5271aa68fdcbd87ef7114d0c633ae2c52d222672fc4f520422d,"[""immune_dc"",""ASDC"",""33b8ce5bdff2e437"",5,""647f9aef0a16a5271aa68fdcbd87ef7114d0c633ae2c52d222672fc4f520422d""]",0.9473684210526315,0.9,1.0,117,0,117,1.0,0.0,0.0,False,False,rescue_applied,1,0.08856059306166876,114,117
immune_dc,44,0.01,ASDC,batch_heldout,outputs\immune_dc\batch_heldout_seed44_asdc_rare1pct,minus_necessity_gate,component,success,,2.7582922544892616,0.01,33b8ce5bdff2e437,5,647f9aef0a16a5271aa68fdcbd87ef7114d0c633ae2c52d222672fc4f520422d,"[""immune_dc"",""ASDC"",""33b8ce5bdff2e437"",5,""647f9aef0a16a5271aa68fdcbd87ef7114d0c633ae2c52d222672fc4f520422d""]",0.9473684210526315,0.9,1.0,117,0,117,1.0,0.0,0.0,False,False,rescue_applied,1,0.08856059306166876,114,117
immune_dc,44,0.01,ASDC,batch_heldout,outputs\immune_dc\batch_heldout_seed44_asdc_rare1pct,fixed_rank_1,component,success,,2.7582922544892616,0.01,33b8ce5bdff2e437,5,647f9aef0a16a5271aa68fdcbd87ef7114d0c633ae2c52d222672fc4f520422d,"[""immune_dc"",""ASDC"",""33b8ce5bdff2e437"",5,""647f9aef0a16a5271aa68fdcbd87ef7114d0c633ae2c52d222672fc4f520422d""]",0.9473684210526315,0.9,1.0,117,0,117,1.0,0.0,0.0,False,False,rescue_applied,1,0.08856059306166876,114,117
immune_dc,44,0.01,ASDC,batch_heldout,outputs\immune_dc\batch_heldout_seed44_asdc_rare1pct,minus_conformal_tau,component,success,,2.7582922544892616,0.01,33b8ce5bdff2e437,5,647f9aef0a16a5271aa68fdcbd87ef7114d0c633ae2c52d222672fc4f520422d,"[""immune_dc"",""ASDC"",""33b8ce5bdff2e437"",5,""647f9aef0a16a5271aa68fdcbd87ef7114d0c633ae2c52d222672fc4f520422d""]",0.9473684210526315,0.9,1.0,117,0,117,1.0,0.0,0.0,False,False,rescue_applied,1,-inf,114,117
immune_dc,44,0.01,ASDC,batch_heldout,outputs\immune_dc\batch_heldout_seed44_asdc_rare1pct,full_method,component,success,,2.7582922544892616,0.01,33b8ce5bdff2e437,5,647f9aef0a16a5271aa68fdcbd87ef7114d0c633ae2c52d222672fc4f520422d,"[""immune_dc"",""ASDC"",""33b8ce5bdff2e437"",5,""647f9aef0a16a5271aa68fdcbd87ef7114d0c633ae2c52d222672fc4f520422d""]",0.9473684210526315,0.9,1.0,117,0,117,1.0,0.0,0.0,False,False,rescue_applied,1,0.08856059306166876,114,117
immune_dc,44,0.01,ASDC,batch_heldout,outputs\immune_dc\batch_heldout_seed44_asdc_rare1pct,rank_1,rank,success,,2.7582922544892616,0.01,33b8ce5bdff2e437,5,647f9aef0a16a5271aa68fdcbd87ef7114d0c633ae2c52d222672fc4f520422d,"[""immune_dc"",""ASDC"",""33b8ce5bdff2e437"",5,""647f9aef0a16a5271aa68fdcbd87ef7114d0c633ae2c52d222672fc4f520422d""]",0.9473684210526315,0.9,1.0,117,0,117,1.0,0.0,0.0,False,False,rescue_applied,1,0.08856059306166876,114,117
immune_dc,44,0.01,ASDC,batch_heldout,outputs\immune_dc\batch_heldout_seed44_asdc_rare1pct,rank_2,rank,success,,2.7582922544892616,0.01,33b8ce5bdff2e437,5,647f9aef0a16a5271aa68fdcbd87ef7114d0c633ae2c52d222672fc4f520422d,"[""immune_dc"",""ASDC"",""33b8ce5bdff2e437"",5,""647f9aef0a16a5271aa68fdcbd87ef7114d0c633ae2c52d222672fc4f520422d""]",0.8305647840531561,0.9615384615384616,0.7309941520467836,125,46,171,0.7309941520467836,0.007661558960692871,0.007661558960692871,False,False,rescue_applied,2,0.08856059306166876,114,322
immune_dc,44,0.01,ASDC,batch_heldout,outputs\immune_dc\batch_heldout_seed44_asdc_rare1pct,rank_3,rank,success,,2.7582922544892616,0.01,33b8ce5bdff2e437,5,647f9aef0a16a5271aa68fdcbd87ef7114d0c633ae2c52d222672fc4f520422d,"[""immune_dc"",""ASDC"",""33b8ce5bdff2e437"",5,""647f9aef0a16a5271aa68fdcbd87ef7114d0c633ae2c52d222672fc4f520422d""]",0.8012820512820513,0.9615384615384616,0.6868131868131868,125,57,182,0.6868131868131868,0.00949367088607595,0.00949367088607595,False,False,rescue_applied,3,0.08856059306166876,114,519
immune_dc,44,0.01,ASDC,batch_heldout,outputs\immune_dc\batch_heldout_seed44_asdc_rare1pct,adaptive_rank,rank,success,,2.7582922544892616,0.01,33b8ce5bdff2e437,5,647f9aef0a16a5271aa68fdcbd87ef7114d0c633ae2c52d222672fc4f520422d,"[""immune_dc"",""ASDC"",""33b8ce5bdff2e437"",5,""647f9aef0a16a5271aa68fdcbd87ef7114d0c633ae2c52d222672fc4f520422d""]",0.9473684210526315,0.9,1.0,117,0,117,1.0,0.0,0.0,False,False,rescue_applied,1,0.08856059306166876,114,117
immune_dc,44,0.05,ASDC,batch_heldout,outputs\immune_dc\batch_heldout_seed44_asdc_rare5pct,baseline,component,success,,1.6314302225629382,0.01,33b8ce5bdff2e437,13,5696716a4814530c25c4e7de54eb50f38b53cf72240955cf3e95715176e90856,"[""immune_dc"",""ASDC"",""33b8ce5bdff2e437"",13,""5696716a4814530c25c4e7de54eb50f38b53cf72240955cf3e95715176e90856""]",0.8803418803418803,0.7923076923076923,0.9903846153846154,0,0,0,,0.0,0.0,False,False,baseline_no_rescue,0,,24,0
immune_dc,44,0.05,ASDC,batch_heldout,outputs\immune_dc\batch_heldout_seed44_asdc_rare5pct,minus_separability_gate,component,success,,1.6314302225629382,0.01,33b8ce5bdff2e437,13,5696716a4814530c25c4e7de54eb50f38b53cf72240955cf3e95715176e90856,"[""immune_dc"",""ASDC"",""33b8ce5bdff2e437"",13,""5696716a4814530c25c4e7de54eb50f38b53cf72240955cf3e95715176e90856""]",0.9375,0.9230769230769231,0.9523809523809523,17,5,22,0.7727272727272727,0.0008327781479013991,0.0008327781479013991,False,False,rescue_applied,1,0.12873657042613385,24,22
immune_dc,44,0.05,ASDC,batch_heldout,outputs\immune_dc\batch_heldout_seed44_asdc_rare5pct,minus_necessity_gate,component,success,,1.6314302225629382,0.01,33b8ce5bdff2e437,13,5696716a4814530c25c4e7de54eb50f38b53cf72240955cf3e95715176e90856,"[""immune_dc"",""ASDC"",""33b8ce5bdff2e437"",13,""5696716a4814530c25c4e7de54eb50f38b53cf72240955cf3e95715176e90856""]",0.9375,0.9230769230769231,0.9523809523809523,17,5,22,0.7727272727272727,0.0008327781479013991,0.0008327781479013991,False,False,rescue_applied,1,0.12873657042613385,24,22
immune_dc,44,0.05,ASDC,batch_heldout,outputs\immune_dc\batch_heldout_seed44_asdc_rare5pct,fixed_rank_1,component,success,,1.6314302225629382,0.01,33b8ce5bdff2e437,13,5696716a4814530c25c4e7de54eb50f38b53cf72240955cf3e95715176e90856,"[""immune_dc"",""ASDC"",""33b8ce5bdff2e437"",13,""5696716a4814530c25c4e7de54eb50f38b53cf72240955cf3e95715176e90856""]",0.9375,0.9230769230769231,0.9523809523809523,17,5,22,0.7727272727272727,0.0008327781479013991,0.0008327781479013991,False,False,rescue_applied,1,0.12873657042613385,24,22
immune_dc,44,0.05,ASDC,batch_heldout,outputs\immune_dc\batch_heldout_seed44_asdc_rare5pct,minus_conformal_tau,component,success,,1.6314302225629382,0.01,33b8ce5bdff2e437,13,5696716a4814530c25c4e7de54eb50f38b53cf72240955cf3e95715176e90856,"[""immune_dc"",""ASDC"",""33b8ce5bdff2e437"",13,""5696716a4814530c25c4e7de54eb50f38b53cf72240955cf3e95715176e90856""]",0.9375,0.9230769230769231,0.9523809523809523,17,5,22,0.7727272727272727,0.0008327781479013991,0.0008327781479013991,False,False,rescue_applied,1,-inf,24,22
immune_dc,44,0.05,ASDC,batch_heldout,outputs\immune_dc\batch_heldout_seed44_asdc_rare5pct,full_method,component,success,,1.6314302225629382,0.01,33b8ce5bdff2e437,13,5696716a4814530c25c4e7de54eb50f38b53cf72240955cf3e95715176e90856,"[""immune_dc"",""ASDC"",""33b8ce5bdff2e437"",13,""5696716a4814530c25c4e7de54eb50f38b53cf72240955cf3e95715176e90856""]",0.9375,0.9230769230769231,0.9523809523809523,17,5,22,0.7727272727272727,0.0008327781479013991,0.0008327781479013991,False,False,rescue_applied,1,0.12873657042613385,24,22
immune_dc,44,0.05,ASDC,batch_heldout,outputs\immune_dc\batch_heldout_seed44_asdc_rare5pct,rank_1,rank,success,,1.6314302225629382,0.01,33b8ce5bdff2e437,13,5696716a4814530c25c4e7de54eb50f38b53cf72240955cf3e95715176e90856,"[""immune_dc"",""ASDC"",""33b8ce5bdff2e437"",13,""5696716a4814530c25c4e7de54eb50f38b53cf72240955cf3e95715176e90856""]",0.9375,0.9230769230769231,0.9523809523809523,17,5,22,0.7727272727272727,0.0008327781479013991,0.0008327781479013991,False,False,rescue_applied,1,0.12873657042613385,24,22
immune_dc,44,0.05,ASDC,batch_heldout,outputs\immune_dc\batch_heldout_seed44_asdc_rare5pct,rank_2,rank,success,,1.6314302225629382,0.01,33b8ce5bdff2e437,13,5696716a4814530c25c4e7de54eb50f38b53cf72240955cf3e95715176e90856,"[""immune_dc"",""ASDC"",""33b8ce5bdff2e437"",13,""5696716a4814530c25c4e7de54eb50f38b53cf72240955cf3e95715176e90856""]",0.7974683544303798,0.9692307692307692,0.6774193548387096,23,59,82,0.2804878048780488,0.00982678214523651,0.00982678214523651,False,False,rescue_applied,2,0.12873657042613385,24,302
immune_dc,44,0.05,ASDC,batch_heldout,outputs\immune_dc\batch_heldout_seed44_asdc_rare5pct,rank_3,rank,success,,1.6314302225629382,0.01,33b8ce5bdff2e437,13,5696716a4814530c25c4e7de54eb50f38b53cf72240955cf3e95715176e90856,"[""immune_dc"",""ASDC"",""33b8ce5bdff2e437"",13,""5696716a4814530c25c4e7de54eb50f38b53cf72240955cf3e95715176e90856""]",0.7753846153846153,0.9692307692307692,0.6461538461538462,23,68,91,0.25274725274725274,0.011325782811459028,0.011325782811459028,True,False,rescue_applied,3,0.12873657042613385,24,522
immune_dc,44,0.05,ASDC,batch_heldout,outputs\immune_dc\batch_heldout_seed44_asdc_rare5pct,adaptive_rank,rank,success,,1.6314302225629382,0.01,33b8ce5bdff2e437,13,5696716a4814530c25c4e7de54eb50f38b53cf72240955cf3e95715176e90856,"[""immune_dc"",""ASDC"",""33b8ce5bdff2e437"",13,""5696716a4814530c25c4e7de54eb50f38b53cf72240955cf3e95715176e90856""]",0.9375,0.9230769230769231,0.9523809523809523,17,5,22,0.7727272727272727,0.0008327781479013991,0.0008327781479013991,False,False,rescue_applied,1,0.12873657042613385,24,22
immune_dc,44,0.10,ASDC,batch_heldout,outputs\immune_dc\batch_heldout_seed44_asdc_rare10pct,baseline,component,success,,1.9126686449948958,0.01,33b8ce5bdff2e437,27,2a734a05ef09c7f459c2b73c0dddfad9f9c83400af4a5ffdc7a5a1f9d4a27630,"[""immune_dc"",""ASDC"",""33b8ce5bdff2e437"",27,""2a734a05ef09c7f459c2b73c0dddfad9f9c83400af4a5ffdc7a5a1f9d4a27630""]",0.921161825726141,0.8538461538461538,1.0,0,0,0,,0.0,0.0,False,False,baseline_no_rescue,0,,21,0
immune_dc,44,0.10,ASDC,batch_heldout,outputs\immune_dc\batch_heldout_seed44_asdc_rare10pct,minus_separability_gate,component,success,,1.9126686449948958,0.01,33b8ce5bdff2e437,27,2a734a05ef09c7f459c2b73c0dddfad9f9c83400af4a5ffdc7a5a1f9d4a27630,"[""immune_dc"",""ASDC"",""33b8ce5bdff2e437"",27,""2a734a05ef09c7f459c2b73c0dddfad9f9c83400af4a5ffdc7a5a1f9d4a27630""]",0.9453125,0.9307692307692308,0.9603174603174603,10,5,15,0.6666666666666666,0.0008327781479013991,0.0008327781479013991,False,False,rescue_applied,1,0.13975317717367453,21,15
immune_dc,44,0.10,ASDC,batch_heldout,outputs\immune_dc\batch_heldout_seed44_asdc_rare10pct,minus_necessity_gate,component,success,,1.9126686449948958,0.01,33b8ce5bdff2e437,27,2a734a05ef09c7f459c2b73c0dddfad9f9c83400af4a5ffdc7a5a1f9d4a27630,"[""immune_dc"",""ASDC"",""33b8ce5bdff2e437"",27,""2a734a05ef09c7f459c2b73c0dddfad9f9c83400af4a5ffdc7a5a1f9d4a27630""]",0.9453125,0.9307692307692308,0.9603174603174603,10,5,15,0.6666666666666666,0.0008327781479013991,0.0008327781479013991,False,False,rescue_applied,1,0.13975317717367453,21,15
immune_dc,44,0.10,ASDC,batch_heldout,outputs\immune_dc\batch_heldout_seed44_asdc_rare10pct,fixed_rank_1,component,success,,1.9126686449948958,0.01,33b8ce5bdff2e437,27,2a734a05ef09c7f459c2b73c0dddfad9f9c83400af4a5ffdc7a5a1f9d4a27630,"[""immune_dc"",""ASDC"",""33b8ce5bdff2e437"",27,""2a734a05ef09c7f459c2b73c0dddfad9f9c83400af4a5ffdc7a5a1f9d4a27630""]",0.9453125,0.9307692307692308,0.9603174603174603,10,5,15,0.6666666666666666,0.0008327781479013991,0.0008327781479013991,False,False,rescue_applied,1,0.13975317717367453,21,15
immune_dc,44,0.10,ASDC,batch_heldout,outputs\immune_dc\batch_heldout_seed44_asdc_rare10pct,minus_conformal_tau,component,success,,1.9126686449948958,0.01,33b8ce5bdff2e437,27,2a734a05ef09c7f459c2b73c0dddfad9f9c83400af4a5ffdc7a5a1f9d4a27630,"[""immune_dc"",""ASDC"",""33b8ce5bdff2e437"",27,""2a734a05ef09c7f459c2b73c0dddfad9f9c83400af4a5ffdc7a5a1f9d4a27630""]",0.9453125,0.9307692307692308,0.9603174603174603,10,5,15,0.6666666666666666,0.0008327781479013991,0.0008327781479013991,False,False,rescue_applied,1,-inf,21,15
immune_dc,44,0.10,ASDC,batch_heldout,outputs\immune_dc\batch_heldout_seed44_asdc_rare10pct,full_method,component,success,,1.9126686449948958,0.01,33b8ce5bdff2e437,27,2a734a05ef09c7f459c2b73c0dddfad9f9c83400af4a5ffdc7a5a1f9d4a27630,"[""immune_dc"",""ASDC"",""33b8ce5bdff2e437"",27,""2a734a05ef09c7f459c2b73c0dddfad9f9c83400af4a5ffdc7a5a1f9d4a27630""]",0.9453125,0.9307692307692308,0.9603174603174603,10,5,15,0.6666666666666666,0.0008327781479013991,0.0008327781479013991,False,False,rescue_applied,1,0.13975317717367453,21,15
immune_dc,44,0.10,ASDC,batch_heldout,outputs\immune_dc\batch_heldout_seed44_asdc_rare10pct,rank_1,rank,success,,1.9126686449948958,0.01,33b8ce5bdff2e437,27,2a734a05ef09c7f459c2b73c0dddfad9f9c83400af4a5ffdc7a5a1f9d4a27630,"[""immune_dc"",""ASDC"",""33b8ce5bdff2e437"",27,""2a734a05ef09c7f459c2b73c0dddfad9f9c83400af4a5ffdc7a5a1f9d4a27630""]",0.9453125,0.9307692307692308,0.9603174603174603,10,5,15,0.6666666666666666,0.0008327781479013991,0.0008327781479013991,False,False,rescue_applied,1,0.13975317717367453,21,15
immune_dc,44,0.10,ASDC,batch_heldout,outputs\immune_dc\batch_heldout_seed44_asdc_rare10pct,rank_2,rank,success,,1.9126686449948958,0.01,33b8ce5bdff2e437,27,2a734a05ef09c7f459c2b73c0dddfad9f9c83400af4a5ffdc7a5a1f9d4a27630,"[""immune_dc"",""ASDC"",""33b8ce5bdff2e437"",27,""2a734a05ef09c7f459c2b73c0dddfad9f9c83400af4a5ffdc7a5a1f9d4a27630""]",0.8155339805825242,0.9692307692307692,0.7039106145251397,15,53,68,0.22058823529411764,0.00882744836775483,0.00882744836775483,False,False,rescue_applied,2,0.13975317717367453,21,437
immune_dc,44,0.10,ASDC,batch_heldout,outputs\immune_dc\batch_heldout_seed44_asdc_rare10pct,rank_3,rank,success,,1.9126686449948958,0.01,33b8ce5bdff2e437,27,2a734a05ef09c7f459c2b73c0dddfad9f9c83400af4a5ffdc7a5a1f9d4a27630,"[""immune_dc"",""ASDC"",""33b8ce5bdff2e437"",27,""2a734a05ef09c7f459c2b73c0dddfad9f9c83400af4a5ffdc7a5a1f9d4a27630""]",0.802547770700637,0.9692307692307692,0.6847826086956522,15,58,73,0.2054794520547945,0.009660226515656229,0.009660226515656229,False,False,rescue_applied,3,0.13975317717367453,21,679
immune_dc,44,0.10,ASDC,batch_heldout,outputs\immune_dc\batch_heldout_seed44_asdc_rare10pct,adaptive_rank,rank,success,,1.9126686449948958,0.01,33b8ce5bdff2e437,27,2a734a05ef09c7f459c2b73c0dddfad9f9c83400af4a5ffdc7a5a1f9d4a27630,"[""immune_dc"",""ASDC"",""33b8ce5bdff2e437"",27,""2a734a05ef09c7f459c2b73c0dddfad9f9c83400af4a5ffdc7a5a1f9d4a27630""]",0.9453125,0.9307692307692308,0.9603174603174603,10,5,15,0.6666666666666666,0.0008327781479013991,0.0008327781479013991,False,False,rescue_applied,1,0.13975317717367453,21,15
immune_dc,44,all,ASDC,batch_heldout,outputs\immune_dc\batch_heldout_seed44_asdc_rareall,baseline,component,success,,1.8291981444218912,0.01,33b8ce5bdff2e437,277,e80ab3fb142a5476d4f21795b2a9d07dd2d9f42dddbab050601eb3ac3e815da6,"[""immune_dc"",""ASDC"",""33b8ce5bdff2e437"",277,""e80ab3fb142a5476d4f21795b2a9d07dd2d9f42dddbab050601eb3ac3e815da6""]",0.9486166007905138,0.9230769230769231,0.975609756097561,0,0,0,,0.0,0.0,False,False,baseline_no_rescue,0,,8,0
immune_dc,44,all,ASDC,batch_heldout,outputs\immune_dc\batch_heldout_seed44_asdc_rareall,minus_separability_gate,component,success,,1.8291981444218912,0.01,33b8ce5bdff2e437,277,e80ab3fb142a5476d4f21795b2a9d07dd2d9f42dddbab050601eb3ac3e815da6,"[""immune_dc"",""ASDC"",""33b8ce5bdff2e437"",277,""e80ab3fb142a5476d4f21795b2a9d07dd2d9f42dddbab050601eb3ac3e815da6""]",0.9348659003831418,0.9384615384615385,0.9312977099236641,2,6,8,0.25,0.000999333777481679,0.000999333777481679,False,False,rescue_applied,1,0.1680048092773557,8,8
immune_dc,44,all,ASDC,batch_heldout,outputs\immune_dc\batch_heldout_seed44_asdc_rareall,minus_necessity_gate,component,success,,1.8291981444218912,0.01,33b8ce5bdff2e437,277,e80ab3fb142a5476d4f21795b2a9d07dd2d9f42dddbab050601eb3ac3e815da6,"[""immune_dc"",""ASDC"",""33b8ce5bdff2e437"",277,""e80ab3fb142a5476d4f21795b2a9d07dd2d9f42dddbab050601eb3ac3e815da6""]",0.9348659003831418,0.9384615384615385,0.9312977099236641,2,6,8,0.25,0.000999333777481679,0.000999333777481679,False,False,rescue_applied,1,0.1680048092773557,8,8
immune_dc,44,all,ASDC,batch_heldout,outputs\immune_dc\batch_heldout_seed44_asdc_rareall,fixed_rank_1,component,success,,1.8291981444218912,0.01,33b8ce5bdff2e437,277,e80ab3fb142a5476d4f21795b2a9d07dd2d9f42dddbab050601eb3ac3e815da6,"[""immune_dc"",""ASDC"",""33b8ce5bdff2e437"",277,""e80ab3fb142a5476d4f21795b2a9d07dd2d9f42dddbab050601eb3ac3e815da6""]",0.9348659003831418,0.9384615384615385,0.9312977099236641,2,6,8,0.25,0.000999333777481679,0.000999333777481679,False,False,rescue_applied,1,0.1680048092773557,8,8
immune_dc,44,all,ASDC,batch_heldout,outputs\immune_dc\batch_heldout_seed44_asdc_rareall,minus_conformal_tau,component,success,,1.8291981444218912,0.01,33b8ce5bdff2e437,277,e80ab3fb142a5476d4f21795b2a9d07dd2d9f42dddbab050601eb3ac3e815da6,"[""immune_dc"",""ASDC"",""33b8ce5bdff2e437"",277,""e80ab3fb142a5476d4f21795b2a9d07dd2d9f42dddbab050601eb3ac3e815da6""]",0.9348659003831418,0.9384615384615385,0.9312977099236641,2,6,8,0.25,0.000999333777481679,0.000999333777481679,False,False,rescue_applied,1,-inf,8,8
immune_dc,44,all,ASDC,batch_heldout,outputs\immune_dc\batch_heldout_seed44_asdc_rareall,full_method,component,success,,1.8291981444218912,0.01,33b8ce5bdff2e437,277,e80ab3fb142a5476d4f21795b2a9d07dd2d9f42dddbab050601eb3ac3e815da6,"[""immune_dc"",""ASDC"",""33b8ce5bdff2e437"",277,""e80ab3fb142a5476d4f21795b2a9d07dd2d9f42dddbab050601eb3ac3e815da6""]",0.9348659003831418,0.9384615384615385,0.9312977099236641,2,6,8,0.25,0.000999333777481679,0.000999333777481679,False,False,rescue_applied,1,0.1680048092773557,8,8
immune_dc,44,all,ASDC,batch_heldout,outputs\immune_dc\batch_heldout_seed44_asdc_rareall,rank_1,rank,success,,1.8291981444218912,0.01,33b8ce5bdff2e437,277,e80ab3fb142a5476d4f21795b2a9d07dd2d9f42dddbab050601eb3ac3e815da6,"[""immune_dc"",""ASDC"",""33b8ce5bdff2e437"",277,""e80ab3fb142a5476d4f21795b2a9d07dd2d9f42dddbab050601eb3ac3e815da6""]",0.9348659003831418,0.9384615384615385,0.9312977099236641,2,6,8,0.25,0.000999333777481679,0.000999333777481679,False,False,rescue_applied,1,0.1680048092773557,8,8
immune_dc,44,all,ASDC,batch_heldout,outputs\immune_dc\batch_heldout_seed44_asdc_rareall,rank_2,rank,success,,1.8291981444218912,0.01,33b8ce5bdff2e437,277,e80ab3fb142a5476d4f21795b2a9d07dd2d9f42dddbab050601eb3ac3e815da6,"[""immune_dc"",""ASDC"",""33b8ce5bdff2e437"",277,""e80ab3fb142a5476d4f21795b2a9d07dd2d9f42dddbab050601eb3ac3e815da6""]",0.8102893890675241,0.9692307692307692,0.6961325966850829,6,52,58,0.10344827586206896,0.008660892738174551,0.008660892738174551,False,False,rescue_applied,2,0.1680048092773557,8,413
immune_dc,44,all,ASDC,batch_heldout,outputs\immune_dc\batch_heldout_seed44_asdc_rareall,rank_3,rank,success,,1.8291981444218912,0.01,33b8ce5bdff2e437,277,e80ab3fb142a5476d4f21795b2a9d07dd2d9f42dddbab050601eb3ac3e815da6,"[""immune_dc"",""ASDC"",""33b8ce5bdff2e437"",277,""e80ab3fb142a5476d4f21795b2a9d07dd2d9f42dddbab050601eb3ac3e815da6""]",0.8076923076923077,0.9692307692307692,0.6923076923076923,6,53,59,0.1016949152542373,0.00882744836775483,0.00882744836775483,False,False,rescue_applied,3,0.1680048092773557,8,805
immune_dc,44,all,ASDC,batch_heldout,outputs\immune_dc\batch_heldout_seed44_asdc_rareall,adaptive_rank,rank,success,,1.8291981444218912,0.01,33b8ce5bdff2e437,277,e80ab3fb142a5476d4f21795b2a9d07dd2d9f42dddbab050601eb3ac3e815da6,"[""immune_dc"",""ASDC"",""33b8ce5bdff2e437"",277,""e80ab3fb142a5476d4f21795b2a9d07dd2d9f42dddbab050601eb3ac3e815da6""]",0.9348659003831418,0.9384615384615385,0.9312977099236641,2,6,8,0.25,0.000999333777481679,0.000999333777481679,False,False,rescue_applied,1,0.1680048092773557,8,8
pancreas_baron,42,0.01,gamma,batch_heldout,outputs\pancreas_baron\batch_heldout_seed42_gamma_rare1pct,baseline,component,success,,1.5213334094991247,0.01,507baa4fe66b76ae,5,91c14127c42187d198761b2fe29cd7815caf706dfe582cc16f94eb9fc6dd09e4,"[""pancreas_baron"",""gamma"",""507baa4fe66b76ae"",5,""91c14127c42187d198761b2fe29cd7815caf706dfe582cc16f94eb9fc6dd09e4""]",0.2268041237113402,0.12790697674418605,1.0,0,0,0,,0.0,0.0,False,False,baseline_no_rescue,0,,58,0
pancreas_baron,42,0.01,gamma,batch_heldout,outputs\pancreas_baron\batch_heldout_seed42_gamma_rare1pct,minus_separability_gate,component,success,,1.5213334094991247,0.01,507baa4fe66b76ae,5,91c14127c42187d198761b2fe29cd7815caf706dfe582cc16f94eb9fc6dd09e4,"[""pancreas_baron"",""gamma"",""507baa4fe66b76ae"",5,""91c14127c42187d198761b2fe29cd7815caf706dfe582cc16f94eb9fc6dd09e4""]",0.7784431137724551,0.7558139534883721,0.8024691358024691,54,16,70,0.7714285714285715,0.009768009768009768,0.009768009768009768,False,False,rescue_applied,2,0.09526462817763968,58,78
pancreas_baron,42,0.01,gamma,batch_heldout,outputs\pancreas_baron\batch_heldout_seed42_gamma_rare1pct,minus_necessity_gate,component,success,,1.5213334094991247,0.01,507baa4fe66b76ae,5,91c14127c42187d198761b2fe29cd7815caf706dfe582cc16f94eb9fc6dd09e4,"[""pancreas_baron"",""gamma"",""507baa4fe66b76ae"",5,""91c14127c42187d198761b2fe29cd7815caf706dfe582cc16f94eb9fc6dd09e4""]",0.7784431137724551,0.7558139534883721,0.8024691358024691,54,16,70,0.7714285714285715,0.009768009768009768,0.009768009768009768,False,False,rescue_applied,2,0.09526462817763968,58,78
pancreas_baron,42,0.01,gamma,batch_heldout,outputs\pancreas_baron\batch_heldout_seed42_gamma_rare1pct,fixed_rank_1,component,success,,1.5213334094991247,0.01,507baa4fe66b76ae,5,91c14127c42187d198761b2fe29cd7815caf706dfe582cc16f94eb9fc6dd09e4,"[""pancreas_baron"",""gamma"",""507baa4fe66b76ae"",5,""91c14127c42187d198761b2fe29cd7815caf706dfe582cc16f94eb9fc6dd09e4""]",0.6567164179104478,0.5116279069767442,0.9166666666666666,33,4,37,0.8918918918918919,0.002442002442002442,0.002442002442002442,False,False,rescue_applied,1,0.09526462817763968,58,37
pancreas_baron,42,0.01,gamma,batch_heldout,outputs\pancreas_baron\batch_heldout_seed42_gamma_rare1pct,minus_conformal_tau,component,success,,1.5213334094991247,0.01,507baa4fe66b76ae,5,91c14127c42187d198761b2fe29cd7815caf706dfe582cc16f94eb9fc6dd09e4,"[""pancreas_baron"",""gamma"",""507baa4fe66b76ae"",5,""91c14127c42187d198761b2fe29cd7815caf706dfe582cc16f94eb9fc6dd09e4""]",0.7428571428571429,0.7558139534883721,0.7303370786516854,54,24,78,0.6923076923076923,0.014652014652014652,0.014652014652014652,True,False,rescue_applied,2,-inf,58,78
pancreas_baron,42,0.01,gamma,batch_heldout,outputs\pancreas_baron\batch_heldout_seed42_gamma_rare1pct,full_method,component,success,,1.5213334094991247,0.01,507baa4fe66b76ae,5,91c14127c42187d198761b2fe29cd7815caf706dfe582cc16f94eb9fc6dd09e4,"[""pancreas_baron"",""gamma"",""507baa4fe66b76ae"",5,""91c14127c42187d198761b2fe29cd7815caf706dfe582cc16f94eb9fc6dd09e4""]",0.7784431137724551,0.7558139534883721,0.8024691358024691,54,16,70,0.7714285714285715,0.009768009768009768,0.009768009768009768,False,False,rescue_applied,2,0.09526462817763968,58,78
pancreas_baron,42,0.01,gamma,batch_heldout,outputs\pancreas_baron\batch_heldout_seed42_gamma_rare1pct,rank_1,rank,success,,1.5213334094991247,0.01,507baa4fe66b76ae,5,91c14127c42187d198761b2fe29cd7815caf706dfe582cc16f94eb9fc6dd09e4,"[""pancreas_baron"",""gamma"",""507baa4fe66b76ae"",5,""91c14127c42187d198761b2fe29cd7815caf706dfe582cc16f94eb9fc6dd09e4""]",0.6567164179104478,0.5116279069767442,0.9166666666666666,33,4,37,0.8918918918918919,0.002442002442002442,0.002442002442002442,False,False,rescue_applied,1,0.09526462817763968,58,37
pancreas_baron,42,0.01,gamma,batch_heldout,outputs\pancreas_baron\batch_heldout_seed42_gamma_rare1pct,rank_2,rank,success,,1.5213334094991247,0.01,507baa4fe66b76ae,5,91c14127c42187d198761b2fe29cd7815caf706dfe582cc16f94eb9fc6dd09e4,"[""pancreas_baron"",""gamma"",""507baa4fe66b76ae"",5,""91c14127c42187d198761b2fe29cd7815caf706dfe582cc16f94eb9fc6dd09e4""]",0.7784431137724551,0.7558139534883721,0.8024691358024691,54,16,70,0.7714285714285715,0.009768009768009768,0.009768009768009768,False,False,rescue_applied,2,0.09526462817763968,58,78
pancreas_baron,42,0.01,gamma,batch_heldout,outputs\pancreas_baron\batch_heldout_seed42_gamma_rare1pct,rank_3,rank,success,,1.5213334094991247,0.01,507baa4fe66b76ae,5,91c14127c42187d198761b2fe29cd7815caf706dfe582cc16f94eb9fc6dd09e4,"[""pancreas_baron"",""gamma"",""507baa4fe66b76ae"",5,""91c14127c42187d198761b2fe29cd7815caf706dfe582cc16f94eb9fc6dd09e4""]",0.6329113924050633,0.872093023255814,0.4966887417218543,64,76,140,0.45714285714285713,0.0463980463980464,0.0463980463980464,True,False,rescue_applied,3,0.09526462817763968,58,203
pancreas_baron,42,0.01,gamma,batch_heldout,outputs\pancreas_baron\batch_heldout_seed42_gamma_rare1pct,adaptive_rank,rank,success,,1.5213334094991247,0.01,507baa4fe66b76ae,5,91c14127c42187d198761b2fe29cd7815caf706dfe582cc16f94eb9fc6dd09e4,"[""pancreas_baron"",""gamma"",""507baa4fe66b76ae"",5,""91c14127c42187d198761b2fe29cd7815caf706dfe582cc16f94eb9fc6dd09e4""]",0.7784431137724551,0.7558139534883721,0.8024691358024691,54,16,70,0.7714285714285715,0.009768009768009768,0.009768009768009768,False,False,rescue_applied,2,0.09526462817763968,58,78
pancreas_baron,42,0.05,gamma,batch_heldout,outputs\pancreas_baron\batch_heldout_seed42_gamma_rare5pct,baseline,component,success,,1.5213334094991247,0.01,507baa4fe66b76ae,5,91c14127c42187d198761b2fe29cd7815caf706dfe582cc16f94eb9fc6dd09e4,"[""pancreas_baron"",""gamma"",""507baa4fe66b76ae"",5,""91c14127c42187d198761b2fe29cd7815caf706dfe582cc16f94eb9fc6dd09e4""]",0.2268041237113402,0.12790697674418605,1.0,0,0,0,,0.0,0.0,False,False,baseline_no_rescue,0,,58,0
pancreas_baron,42,0.05,gamma,batch_heldout,outputs\pancreas_baron\batch_heldout_seed42_gamma_rare5pct,minus_separability_gate,component,success,,1.5213334094991247,0.01,507baa4fe66b76ae,5,91c14127c42187d198761b2fe29cd7815caf706dfe582cc16f94eb9fc6dd09e4,"[""pancreas_baron"",""gamma"",""507baa4fe66b76ae"",5,""91c14127c42187d198761b2fe29cd7815caf706dfe582cc16f94eb9fc6dd09e4""]",0.7784431137724551,0.7558139534883721,0.8024691358024691,54,16,70,0.7714285714285715,0.009768009768009768,0.009768009768009768,False,False,rescue_applied,2,0.09526462817763968,58,78
pancreas_baron,42,0.05,gamma,batch_heldout,outputs\pancreas_baron\batch_heldout_seed42_gamma_rare5pct,minus_necessity_gate,component,success,,1.5213334094991247,0.01,507baa4fe66b76ae,5,91c14127c42187d198761b2fe29cd7815caf706dfe582cc16f94eb9fc6dd09e4,"[""pancreas_baron"",""gamma"",""507baa4fe66b76ae"",5,""91c14127c42187d198761b2fe29cd7815caf706dfe582cc16f94eb9fc6dd09e4""]",0.7784431137724551,0.7558139534883721,0.8024691358024691,54,16,70,0.7714285714285715,0.009768009768009768,0.009768009768009768,False,False,rescue_applied,2,0.09526462817763968,58,78
pancreas_baron,42,0.05,gamma,batch_heldout,outputs\pancreas_baron\batch_heldout_seed42_gamma_rare5pct,fixed_rank_1,component,success,,1.5213334094991247,0.01,507baa4fe66b76ae,5,91c14127c42187d198761b2fe29cd7815caf706dfe582cc16f94eb9fc6dd09e4,"[""pancreas_baron"",""gamma"",""507baa4fe66b76ae"",5,""91c14127c42187d198761b2fe29cd7815caf706dfe582cc16f94eb9fc6dd09e4""]",0.6567164179104478,0.5116279069767442,0.9166666666666666,33,4,37,0.8918918918918919,0.002442002442002442,0.002442002442002442,False,False,rescue_applied,1,0.09526462817763968,58,37
pancreas_baron,42,0.05,gamma,batch_heldout,outputs\pancreas_baron\batch_heldout_seed42_gamma_rare5pct,minus_conformal_tau,component,success,,1.5213334094991247,0.01,507baa4fe66b76ae,5,91c14127c42187d198761b2fe29cd7815caf706dfe582cc16f94eb9fc6dd09e4,"[""pancreas_baron"",""gamma"",""507baa4fe66b76ae"",5,""91c14127c42187d198761b2fe29cd7815caf706dfe582cc16f94eb9fc6dd09e4""]",0.7428571428571429,0.7558139534883721,0.7303370786516854,54,24,78,0.6923076923076923,0.014652014652014652,0.014652014652014652,True,False,rescue_applied,2,-inf,58,78
pancreas_baron,42,0.05,gamma,batch_heldout,outputs\pancreas_baron\batch_heldout_seed42_gamma_rare5pct,full_method,component,success,,1.5213334094991247,0.01,507baa4fe66b76ae,5,91c14127c42187d198761b2fe29cd7815caf706dfe582cc16f94eb9fc6dd09e4,"[""pancreas_baron"",""gamma"",""507baa4fe66b76ae"",5,""91c14127c42187d198761b2fe29cd7815caf706dfe582cc16f94eb9fc6dd09e4""]",0.7784431137724551,0.7558139534883721,0.8024691358024691,54,16,70,0.7714285714285715,0.009768009768009768,0.009768009768009768,False,False,rescue_applied,2,0.09526462817763968,58,78
pancreas_baron,42,0.05,gamma,batch_heldout,outputs\pancreas_baron\batch_heldout_seed42_gamma_rare5pct,rank_1,rank,success,,1.5213334094991247,0.01,507baa4fe66b76ae,5,91c14127c42187d198761b2fe29cd7815caf706dfe582cc16f94eb9fc6dd09e4,"[""pancreas_baron"",""gamma"",""507baa4fe66b76ae"",5,""91c14127c42187d198761b2fe29cd7815caf706dfe582cc16f94eb9fc6dd09e4""]",0.6567164179104478,0.5116279069767442,0.9166666666666666,33,4,37,0.8918918918918919,0.002442002442002442,0.002442002442002442,False,False,rescue_applied,1,0.09526462817763968,58,37
pancreas_baron,42,0.05,gamma,batch_heldout,outputs\pancreas_baron\batch_heldout_seed42_gamma_rare5pct,rank_2,rank,success,,1.5213334094991247,0.01,507baa4fe66b76ae,5,91c14127c42187d198761b2fe29cd7815caf706dfe582cc16f94eb9fc6dd09e4,"[""pancreas_baron"",""gamma"",""507baa4fe66b76ae"",5,""91c14127c42187d198761b2fe29cd7815caf706dfe582cc16f94eb9fc6dd09e4""]",0.7784431137724551,0.7558139534883721,0.8024691358024691,54,16,70,0.7714285714285715,0.009768009768009768,0.009768009768009768,False,False,rescue_applied,2,0.09526462817763968,58,78
pancreas_baron,42,0.05,gamma,batch_heldout,outputs\pancreas_baron\batch_heldout_seed42_gamma_rare5pct,rank_3,rank,success,,1.5213334094991247,0.01,507baa4fe66b76ae,5,91c14127c42187d198761b2fe29cd7815caf706dfe582cc16f94eb9fc6dd09e4,"[""pancreas_baron"",""gamma"",""507baa4fe66b76ae"",5,""91c14127c42187d198761b2fe29cd7815caf706dfe582cc16f94eb9fc6dd09e4""]",0.6329113924050633,0.872093023255814,0.4966887417218543,64,76,140,0.45714285714285713,0.0463980463980464,0.0463980463980464,True,False,rescue_applied,3,0.09526462817763968,58,203
pancreas_baron,42,0.05,gamma,batch_heldout,outputs\pancreas_baron\batch_heldout_seed42_gamma_rare5pct,adaptive_rank,rank,success,,1.5213334094991247,0.01,507baa4fe66b76ae,5,91c14127c42187d198761b2fe29cd7815caf706dfe582cc16f94eb9fc6dd09e4,"[""pancreas_baron"",""gamma"",""507baa4fe66b76ae"",5,""91c14127c42187d198761b2fe29cd7815caf706dfe582cc16f94eb9fc6dd09e4""]",0.7784431137724551,0.7558139534883721,0.8024691358024691,54,16,70,0.7714285714285715,0.009768009768009768,0.009768009768009768,False,False,rescue_applied,2,0.09526462817763968,58,78
pancreas_baron,42,0.10,gamma,batch_heldout,outputs\pancreas_baron\batch_heldout_seed42_gamma_rare10pct,baseline,component,success,,1.4421529708491374,0.01,507baa4fe66b76ae,10,d86a1cee15778924f072107a50c3bc9a56438d7b40cc313f96966bcc5dbcc3fb,"[""pancreas_baron"",""gamma"",""507baa4fe66b76ae"",10,""d86a1cee15778924f072107a50c3bc9a56438d7b40cc313f96966bcc5dbcc3fb""]",0.7916666666666666,0.6627906976744186,0.9827586206896551,0,0,0,,0.0,0.0,False,False,baseline_no_rescue,0,,29,0
pancreas_baron,42,0.10,gamma,batch_heldout,outputs\pancreas_baron\batch_heldout_seed42_gamma_rare10pct,minus_separability_gate,component,success,,1.4421529708491374,0.01,507baa4fe66b76ae,10,d86a1cee15778924f072107a50c3bc9a56438d7b40cc313f96966bcc5dbcc3fb,"[""pancreas_baron"",""gamma"",""507baa4fe66b76ae"",10,""d86a1cee15778924f072107a50c3bc9a56438d7b40cc313f96966bcc5dbcc3fb""]",0.8157894736842105,0.7209302325581395,0.9393939393939394,5,3,8,0.625,0.0018315018315018315,0.0018315018315018315,False,False,rescue_applied,1,0.10301659085062248,29,8
pancreas_baron,42,0.10,gamma,batch_heldout,outputs\pancreas_baron\batch_heldout_seed42_gamma_rare10pct,minus_necessity_gate,component,success,,1.4421529708491374,0.01,507baa4fe66b76ae,10,d86a1cee15778924f072107a50c3bc9a56438d7b40cc313f96966bcc5dbcc3fb,"[""pancreas_baron"",""gamma"",""507baa4fe66b76ae"",10,""d86a1cee15778924f072107a50c3bc9a56438d7b40cc313f96966bcc5dbcc3fb""]",0.8157894736842105,0.7209302325581395,0.9393939393939394,5,3,8,0.625,0.0018315018315018315,0.0018315018315018315,False,False,rescue_applied,1,0.10301659085062248,29,8
pancreas_baron,42,0.10,gamma,batch_heldout,outputs\pancreas_baron\batch_heldout_seed42_gamma_rare10pct,fixed_rank_1,component,success,,1.4421529708491374,0.01,507baa4fe66b76ae,10,d86a1cee15778924f072107a50c3bc9a56438d7b40cc313f96966bcc5dbcc3fb,"[""pancreas_baron"",""gamma"",""507baa4fe66b76ae"",10,""d86a1cee15778924f072107a50c3bc9a56438d7b40cc313f96966bcc5dbcc3fb""]",0.8157894736842105,0.7209302325581395,0.9393939393939394,5,3,8,0.625,0.0018315018315018315,0.0018315018315018315,False,False,rescue_applied,1,0.10301659085062248,29,8
pancreas_baron,42,0.10,gamma,batch_heldout,outputs\pancreas_baron\batch_heldout_seed42_gamma_rare10pct,minus_conformal_tau,component,success,,1.4421529708491374,0.01,507baa4fe66b76ae,10,d86a1cee15778924f072107a50c3bc9a56438d7b40cc313f96966bcc5dbcc3fb,"[""pancreas_baron"",""gamma"",""507baa4fe66b76ae"",10,""d86a1cee15778924f072107a50c3bc9a56438d7b40cc313f96966bcc5dbcc3fb""]",0.8157894736842105,0.7209302325581395,0.9393939393939394,5,3,8,0.625,0.0018315018315018315,0.0018315018315018315,False,False,rescue_applied,1,-inf,29,8
pancreas_baron,42,0.10,gamma,batch_heldout,outputs\pancreas_baron\batch_heldout_seed42_gamma_rare10pct,full_method,component,success,,1.4421529708491374,0.01,507baa4fe66b76ae,10,d86a1cee15778924f072107a50c3bc9a56438d7b40cc313f96966bcc5dbcc3fb,"[""pancreas_baron"",""gamma"",""507baa4fe66b76ae"",10,""d86a1cee15778924f072107a50c3bc9a56438d7b40cc313f96966bcc5dbcc3fb""]",0.8157894736842105,0.7209302325581395,0.9393939393939394,5,3,8,0.625,0.0018315018315018315,0.0018315018315018315,False,False,rescue_applied,1,0.10301659085062248,29,8
pancreas_baron,42,0.10,gamma,batch_heldout,outputs\pancreas_baron\batch_heldout_seed42_gamma_rare10pct,rank_1,rank,success,,1.4421529708491374,0.01,507baa4fe66b76ae,10,d86a1cee15778924f072107a50c3bc9a56438d7b40cc313f96966bcc5dbcc3fb,"[""pancreas_baron"",""gamma"",""507baa4fe66b76ae"",10,""d86a1cee15778924f072107a50c3bc9a56438d7b40cc313f96966bcc5dbcc3fb""]",0.8157894736842105,0.7209302325581395,0.9393939393939394,5,3,8,0.625,0.0018315018315018315,0.0018315018315018315,False,False,rescue_applied,1,0.10301659085062248,29,8
pancreas_baron,42,0.10,gamma,batch_heldout,outputs\pancreas_baron\batch_heldout_seed42_gamma_rare10pct,rank_2,rank,success,,1.4421529708491374,0.01,507baa4fe66b76ae,10,d86a1cee15778924f072107a50c3bc9a56438d7b40cc313f96966bcc5dbcc3fb,"[""pancreas_baron"",""gamma"",""507baa4fe66b76ae"",10,""d86a1cee15778924f072107a50c3bc9a56438d7b40cc313f96966bcc5dbcc3fb""]",0.8402366863905325,0.8255813953488372,0.8554216867469879,14,11,25,0.56,0.006715506715506716,0.006715506715506716,False,False,rescue_applied,2,0.10301659085062248,29,40
pancreas_baron,42,0.10,gamma,batch_heldout,outputs\pancreas_baron\batch_heldout_seed42_gamma_rare10pct,rank_3,rank,success,,1.4421529708491374,0.01,507baa4fe66b76ae,10,d86a1cee15778924f072107a50c3bc9a56438d7b40cc313f96966bcc5dbcc3fb,"[""pancreas_baron"",""gamma"",""507baa4fe66b76ae"",10,""d86a1cee15778924f072107a50c3bc9a56438d7b40cc313f96966bcc5dbcc3fb""]",0.8210526315789474,0.9069767441860465,0.75,21,25,46,0.45652173913043476,0.015262515262515262,0.015262515262515262,True,False,rescue_applied,3,0.10301659085062248,29,218
pancreas_baron,42,0.10,gamma,batch_heldout,outputs\pancreas_baron\batch_heldout_seed42_gamma_rare10pct,adaptive_rank,rank,success,,1.4421529708491374,0.01,507baa4fe66b76ae,10,d86a1cee15778924f072107a50c3bc9a56438d7b40cc313f96966bcc5dbcc3fb,"[""pancreas_baron"",""gamma"",""507baa4fe66b76ae"",10,""d86a1cee15778924f072107a50c3bc9a56438d7b40cc313f96966bcc5dbcc3fb""]",0.8157894736842105,0.7209302325581395,0.9393939393939394,5,3,8,0.625,0.0018315018315018315,0.0018315018315018315,False,False,rescue_applied,1,0.10301659085062248,29,8
pancreas_baron,42,all,gamma,batch_heldout,outputs\pancreas_baron\batch_heldout_seed42_gamma_rareall,baseline,component,success,,1.159680349882819,0.01,507baa4fe66b76ae,106,8dfb4dd19ceaa1ab45feb7c70086bb21ac49cd50b303415151629660f7a9b3af,"[""pancreas_baron"",""gamma"",""507baa4fe66b76ae"",106,""8dfb4dd19ceaa1ab45feb7c70086bb21ac49cd50b303415151629660f7a9b3af""]",0.9142857142857143,0.9302325581395349,0.898876404494382,0,0,0,,0.0,0.0,False,False,baseline_no_rescue,0,,6,0
pancreas_baron,42,all,gamma,batch_heldout,outputs\pancreas_baron\batch_heldout_seed42_gamma_rareall,minus_separability_gate,component,success,,1.159680349882819,0.01,507baa4fe66b76ae,106,8dfb4dd19ceaa1ab45feb7c70086bb21ac49cd50b303415151629660f7a9b3af,"[""pancreas_baron"",""gamma"",""507baa4fe66b76ae"",106,""8dfb4dd19ceaa1ab45feb7c70086bb21ac49cd50b303415151629660f7a9b3af""]",0.9010989010989011,0.9534883720930233,0.8541666666666666,2,5,7,0.2857142857142857,0.0030525030525030525,0.0030525030525030525,False,False,rescue_applied,1,0.12011592403877015,6,16
pancreas_baron,42,all,gamma,batch_heldout,outputs\pancreas_baron\batch_heldout_seed42_gamma_rareall,minus_necessity_gate,component,success,,1.159680349882819,0.01,507baa4fe66b76ae,106,8dfb4dd19ceaa1ab45feb7c70086bb21ac49cd50b303415151629660f7a9b3af,"[""pancreas_baron"",""gamma"",""507baa4fe66b76ae"",106,""8dfb4dd19ceaa1ab45feb7c70086bb21ac49cd50b303415151629660f7a9b3af""]",0.9142857142857143,0.9302325581395349,0.898876404494382,0,0,0,,0.0,0.0,False,True,sep<1.3,0,inf,0,0
pancreas_baron,42,all,gamma,batch_heldout,outputs\pancreas_baron\batch_heldout_seed42_gamma_rareall,fixed_rank_1,component,success,,1.159680349882819,0.01,507baa4fe66b76ae,106,8dfb4dd19ceaa1ab45feb7c70086bb21ac49cd50b303415151629660f7a9b3af,"[""pancreas_baron"",""gamma"",""507baa4fe66b76ae"",106,""8dfb4dd19ceaa1ab45feb7c70086bb21ac49cd50b303415151629660f7a9b3af""]",0.9142857142857143,0.9302325581395349,0.898876404494382,0,0,0,,0.0,0.0,False,True,sep<1.3,0,inf,0,0
pancreas_baron,42,all,gamma,batch_heldout,outputs\pancreas_baron\batch_heldout_seed42_gamma_rareall,minus_conformal_tau,component,success,,1.159680349882819,0.01,507baa4fe66b76ae,106,8dfb4dd19ceaa1ab45feb7c70086bb21ac49cd50b303415151629660f7a9b3af,"[""pancreas_baron"",""gamma"",""507baa4fe66b76ae"",106,""8dfb4dd19ceaa1ab45feb7c70086bb21ac49cd50b303415151629660f7a9b3af""]",0.9142857142857143,0.9302325581395349,0.898876404494382,0,0,0,,0.0,0.0,False,True,sep<1.3,0,inf,0,0
pancreas_baron,42,all,gamma,batch_heldout,outputs\pancreas_baron\batch_heldout_seed42_gamma_rareall,full_method,component,success,,1.159680349882819,0.01,507baa4fe66b76ae,106,8dfb4dd19ceaa1ab45feb7c70086bb21ac49cd50b303415151629660f7a9b3af,"[""pancreas_baron"",""gamma"",""507baa4fe66b76ae"",106,""8dfb4dd19ceaa1ab45feb7c70086bb21ac49cd50b303415151629660f7a9b3af""]",0.9142857142857143,0.9302325581395349,0.898876404494382,0,0,0,,0.0,0.0,False,True,sep<1.3,0,inf,0,0
pancreas_baron,42,all,gamma,batch_heldout,outputs\pancreas_baron\batch_heldout_seed42_gamma_rareall,rank_1,rank,success,,1.159680349882819,0.01,507baa4fe66b76ae,106,8dfb4dd19ceaa1ab45feb7c70086bb21ac49cd50b303415151629660f7a9b3af,"[""pancreas_baron"",""gamma"",""507baa4fe66b76ae"",106,""8dfb4dd19ceaa1ab45feb7c70086bb21ac49cd50b303415151629660f7a9b3af""]",0.9142857142857143,0.9302325581395349,0.898876404494382,0,0,0,,0.0,0.0,False,True,sep<1.3,0,inf,0,0
pancreas_baron,42,all,gamma,batch_heldout,outputs\pancreas_baron\batch_heldout_seed42_gamma_rareall,rank_2,rank,success,,1.159680349882819,0.01,507baa4fe66b76ae,106,8dfb4dd19ceaa1ab45feb7c70086bb21ac49cd50b303415151629660f7a9b3af,"[""pancreas_baron"",""gamma"",""507baa4fe66b76ae"",106,""8dfb4dd19ceaa1ab45feb7c70086bb21ac49cd50b303415151629660f7a9b3af""]",0.9142857142857143,0.9302325581395349,0.898876404494382,0,0,0,,0.0,0.0,False,True,sep<1.3,0,inf,0,0
pancreas_baron,42,all,gamma,batch_heldout,outputs\pancreas_baron\batch_heldout_seed42_gamma_rareall,rank_3,rank,success,,1.159680349882819,0.01,507baa4fe66b76ae,106,8dfb4dd19ceaa1ab45feb7c70086bb21ac49cd50b303415151629660f7a9b3af,"[""pancreas_baron"",""gamma"",""507baa4fe66b76ae"",106,""8dfb4dd19ceaa1ab45feb7c70086bb21ac49cd50b303415151629660f7a9b3af""]",0.9142857142857143,0.9302325581395349,0.898876404494382,0,0,0,,0.0,0.0,False,True,sep<1.3,0,inf,0,0
pancreas_baron,42,all,gamma,batch_heldout,outputs\pancreas_baron\batch_heldout_seed42_gamma_rareall,adaptive_rank,rank,success,,1.159680349882819,0.01,507baa4fe66b76ae,106,8dfb4dd19ceaa1ab45feb7c70086bb21ac49cd50b303415151629660f7a9b3af,"[""pancreas_baron"",""gamma"",""507baa4fe66b76ae"",106,""8dfb4dd19ceaa1ab45feb7c70086bb21ac49cd50b303415151629660f7a9b3af""]",0.9142857142857143,0.9302325581395349,0.898876404494382,0,0,0,,0.0,0.0,False,True,sep<1.3,0,inf,0,0
pancreas_baron,43,0.01,gamma,batch_heldout,outputs\pancreas_baron\batch_heldout_seed43_gamma_rare1pct,baseline,component,success,,1.1244837226660471,0.01,507baa4fe66b76ae,5,7af4f6da1c598503afb8841d731c6337f3c7f6846b4ed2f06c452882530ce734,"[""pancreas_baron"",""gamma"",""507baa4fe66b76ae"",5,""7af4f6da1c598503afb8841d731c6337f3c7f6846b4ed2f06c452882530ce734""]",0.24489795918367346,0.13953488372093023,1.0,0,0,0,,0.0,0.0,False,False,baseline_no_rescue,0,,54,0
pancreas_baron,43,0.01,gamma,batch_heldout,outputs\pancreas_baron\batch_heldout_seed43_gamma_rare1pct,minus_separability_gate,component,success,,1.1244837226660471,0.01,507baa4fe66b76ae,5,7af4f6da1c598503afb8841d731c6337f3c7f6846b4ed2f06c452882530ce734,"[""pancreas_baron"",""gamma"",""507baa4fe66b76ae"",5,""7af4f6da1c598503afb8841d731c6337f3c7f6846b4ed2f06c452882530ce734""]",0.75,0.627906976744186,0.9310344827586207,42,4,46,0.9130434782608695,0.002442002442002442,0.002442002442002442,False,False,rescue_applied,1,0.12995926927766138,54,61
pancreas_baron,43,0.01,gamma,batch_heldout,outputs\pancreas_baron\batch_heldout_seed43_gamma_rare1pct,minus_necessity_gate,component,success,,1.1244837226660471,0.01,507baa4fe66b76ae,5,7af4f6da1c598503afb8841d731c6337f3c7f6846b4ed2f06c452882530ce734,"[""pancreas_baron"",""gamma"",""507baa4fe66b76ae"",5,""7af4f6da1c598503afb8841d731c6337f3c7f6846b4ed2f06c452882530ce734""]",0.24489795918367346,0.13953488372093023,1.0,0,0,0,,0.0,0.0,False,True,sep<1.3,0,inf,0,0
pancreas_baron,43,0.01,gamma,batch_heldout,outputs\pancreas_baron\batch_heldout_seed43_gamma_rare1pct,fixed_rank_1,component,success,,1.1244837226660471,0.01,507baa4fe66b76ae,5,7af4f6da1c598503afb8841d731c6337f3c7f6846b4ed2f06c452882530ce734,"[""pancreas_baron"",""gamma"",""507baa4fe66b76ae"",5,""7af4f6da1c598503afb8841d731c6337f3c7f6846b4ed2f06c452882530ce734""]",0.24489795918367346,0.13953488372093023,1.0,0,0,0,,0.0,0.0,False,True,sep<1.3,0,inf,0,0
pancreas_baron,43,0.01,gamma,batch_heldout,outputs\pancreas_baron\batch_heldout_seed43_gamma_rare1pct,minus_conformal_tau,component,success,,1.1244837226660471,0.01,507baa4fe66b76ae,5,7af4f6da1c598503afb8841d731c6337f3c7f6846b4ed2f06c452882530ce734,"[""pancreas_baron"",""gamma"",""507baa4fe66b76ae"",5,""7af4f6da1c598503afb8841d731c6337f3c7f6846b4ed2f06c452882530ce734""]",0.24489795918367346,0.13953488372093023,1.0,0,0,0,,0.0,0.0,False,True,sep<1.3,0,inf,0,0
pancreas_baron,43,0.01,gamma,batch_heldout,outputs\pancreas_baron\batch_heldout_seed43_gamma_rare1pct,full_method,component,success,,1.1244837226660471,0.01,507baa4fe66b76ae,5,7af4f6da1c598503afb8841d731c6337f3c7f6846b4ed2f06c452882530ce734,"[""pancreas_baron"",""gamma"",""507baa4fe66b76ae"",5,""7af4f6da1c598503afb8841d731c6337f3c7f6846b4ed2f06c452882530ce734""]",0.24489795918367346,0.13953488372093023,1.0,0,0,0,,0.0,0.0,False,True,sep<1.3,0,inf,0,0
pancreas_baron,43,0.01,gamma,batch_heldout,outputs\pancreas_baron\batch_heldout_seed43_gamma_rare1pct,rank_1,rank,success,,1.1244837226660471,0.01,507baa4fe66b76ae,5,7af4f6da1c598503afb8841d731c6337f3c7f6846b4ed2f06c452882530ce734,"[""pancreas_baron"",""gamma"",""507baa4fe66b76ae"",5,""7af4f6da1c598503afb8841d731c6337f3c7f6846b4ed2f06c452882530ce734""]",0.24489795918367346,0.13953488372093023,1.0,0,0,0,,0.0,0.0,False,True,sep<1.3,0,inf,0,0
pancreas_baron,43,0.01,gamma,batch_heldout,outputs\pancreas_baron\batch_heldout_seed43_gamma_rare1pct,rank_2,rank,success,,1.1244837226660471,0.01,507baa4fe66b76ae,5,7af4f6da1c598503afb8841d731c6337f3c7f6846b4ed2f06c452882530ce734,"[""pancreas_baron"",""gamma"",""507baa4fe66b76ae"",5,""7af4f6da1c598503afb8841d731c6337f3c7f6846b4ed2f06c452882530ce734""]",0.24489795918367346,0.13953488372093023,1.0,0,0,0,,0.0,0.0,False,True,sep<1.3,0,inf,0,0
pancreas_baron,43,0.01,gamma,batch_heldout,outputs\pancreas_baron\batch_heldout_seed43_gamma_rare1pct,rank_3,rank,success,,1.1244837226660471,0.01,507baa4fe66b76ae,5,7af4f6da1c598503afb8841d731c6337f3c7f6846b4ed2f06c452882530ce734,"[""pancreas_baron"",""gamma"",""507baa4fe66b76ae"",5,""7af4f6da1c598503afb8841d731c6337f3c7f6846b4ed2f06c452882530ce734""]",0.24489795918367346,0.13953488372093023,1.0,0,0,0,,0.0,0.0,False,True,sep<1.3,0,inf,0,0
pancreas_baron,43,0.01,gamma,batch_heldout,outputs\pancreas_baron\batch_heldout_seed43_gamma_rare1pct,adaptive_rank,rank,success,,1.1244837226660471,0.01,507baa4fe66b76ae,5,7af4f6da1c598503afb8841d731c6337f3c7f6846b4ed2f06c452882530ce734,"[""pancreas_baron"",""gamma"",""507baa4fe66b76ae"",5,""7af4f6da1c598503afb8841d731c6337f3c7f6846b4ed2f06c452882530ce734""]",0.24489795918367346,0.13953488372093023,1.0,0,0,0,,0.0,0.0,False,True,sep<1.3,0,inf,0,0
pancreas_baron,43,0.05,gamma,batch_heldout,outputs\pancreas_baron\batch_heldout_seed43_gamma_rare5pct,baseline,component,success,,1.1244837226660471,0.01,507baa4fe66b76ae,5,7af4f6da1c598503afb8841d731c6337f3c7f6846b4ed2f06c452882530ce734,"[""pancreas_baron"",""gamma"",""507baa4fe66b76ae"",5,""7af4f6da1c598503afb8841d731c6337f3c7f6846b4ed2f06c452882530ce734""]",0.24489795918367346,0.13953488372093023,1.0,0,0,0,,0.0,0.0,False,False,baseline_no_rescue,0,,54,0
pancreas_baron,43,0.05,gamma,batch_heldout,outputs\pancreas_baron\batch_heldout_seed43_gamma_rare5pct,minus_separability_gate,component,success,,1.1244837226660471,0.01,507baa4fe66b76ae,5,7af4f6da1c598503afb8841d731c6337f3c7f6846b4ed2f06c452882530ce734,"[""pancreas_baron"",""gamma"",""507baa4fe66b76ae"",5,""7af4f6da1c598503afb8841d731c6337f3c7f6846b4ed2f06c452882530ce734""]",0.75,0.627906976744186,0.9310344827586207,42,4,46,0.9130434782608695,0.002442002442002442,0.002442002442002442,False,False,rescue_applied,1,0.12995926927766138,54,61
pancreas_baron,43,0.05,gamma,batch_heldout,outputs\pancreas_baron\batch_heldout_seed43_gamma_rare5pct,minus_necessity_gate,component,success,,1.1244837226660471,0.01,507baa4fe66b76ae,5,7af4f6da1c598503afb8841d731c6337f3c7f6846b4ed2f06c452882530ce734,"[""pancreas_baron"",""gamma"",""507baa4fe66b76ae"",5,""7af4f6da1c598503afb8841d731c6337f3c7f6846b4ed2f06c452882530ce734""]",0.24489795918367346,0.13953488372093023,1.0,0,0,0,,0.0,0.0,False,True,sep<1.3,0,inf,0,0
pancreas_baron,43,0.05,gamma,batch_heldout,outputs\pancreas_baron\batch_heldout_seed43_gamma_rare5pct,fixed_rank_1,component,success,,1.1244837226660471,0.01,507baa4fe66b76ae,5,7af4f6da1c598503afb8841d731c6337f3c7f6846b4ed2f06c452882530ce734,"[""pancreas_baron"",""gamma"",""507baa4fe66b76ae"",5,""7af4f6da1c598503afb8841d731c6337f3c7f6846b4ed2f06c452882530ce734""]",0.24489795918367346,0.13953488372093023,1.0,0,0,0,,0.0,0.0,False,True,sep<1.3,0,inf,0,0
pancreas_baron,43,0.05,gamma,batch_heldout,outputs\pancreas_baron\batch_heldout_seed43_gamma_rare5pct,minus_conformal_tau,component,success,,1.1244837226660471,0.01,507baa4fe66b76ae,5,7af4f6da1c598503afb8841d731c6337f3c7f6846b4ed2f06c452882530ce734,"[""pancreas_baron"",""gamma"",""507baa4fe66b76ae"",5,""7af4f6da1c598503afb8841d731c6337f3c7f6846b4ed2f06c452882530ce734""]",0.24489795918367346,0.13953488372093023,1.0,0,0,0,,0.0,0.0,False,True,sep<1.3,0,inf,0,0
pancreas_baron,43,0.05,gamma,batch_heldout,outputs\pancreas_baron\batch_heldout_seed43_gamma_rare5pct,full_method,component,success,,1.1244837226660471,0.01,507baa4fe66b76ae,5,7af4f6da1c598503afb8841d731c6337f3c7f6846b4ed2f06c452882530ce734,"[""pancreas_baron"",""gamma"",""507baa4fe66b76ae"",5,""7af4f6da1c598503afb8841d731c6337f3c7f6846b4ed2f06c452882530ce734""]",0.24489795918367346,0.13953488372093023,1.0,0,0,0,,0.0,0.0,False,True,sep<1.3,0,inf,0,0
pancreas_baron,43,0.05,gamma,batch_heldout,outputs\pancreas_baron\batch_heldout_seed43_gamma_rare5pct,rank_1,rank,success,,1.1244837226660471,0.01,507baa4fe66b76ae,5,7af4f6da1c598503afb8841d731c6337f3c7f6846b4ed2f06c452882530ce734,"[""pancreas_baron"",""gamma"",""507baa4fe66b76ae"",5,""7af4f6da1c598503afb8841d731c6337f3c7f6846b4ed2f06c452882530ce734""]",0.24489795918367346,0.13953488372093023,1.0,0,0,0,,0.0,0.0,False,True,sep<1.3,0,inf,0,0
pancreas_baron,43,0.05,gamma,batch_heldout,outputs\pancreas_baron\batch_heldout_seed43_gamma_rare5pct,rank_2,rank,success,,1.1244837226660471,0.01,507baa4fe66b76ae,5,7af4f6da1c598503afb8841d731c6337f3c7f6846b4ed2f06c452882530ce734,"[""pancreas_baron"",""gamma"",""507baa4fe66b76ae"",5,""7af4f6da1c598503afb8841d731c6337f3c7f6846b4ed2f06c452882530ce734""]",0.24489795918367346,0.13953488372093023,1.0,0,0,0,,0.0,0.0,False,True,sep<1.3,0,inf,0,0
pancreas_baron,43,0.05,gamma,batch_heldout,outputs\pancreas_baron\batch_heldout_seed43_gamma_rare5pct,rank_3,rank,success,,1.1244837226660471,0.01,507baa4fe66b76ae,5,7af4f6da1c598503afb8841d731c6337f3c7f6846b4ed2f06c452882530ce734,"[""pancreas_baron"",""gamma"",""507baa4fe66b76ae"",5,""7af4f6da1c598503afb8841d731c6337f3c7f6846b4ed2f06c452882530ce734""]",0.24489795918367346,0.13953488372093023,1.0,0,0,0,,0.0,0.0,False,True,sep<1.3,0,inf,0,0
pancreas_baron,43,0.05,gamma,batch_heldout,outputs\pancreas_baron\batch_heldout_seed43_gamma_rare5pct,adaptive_rank,rank,success,,1.1244837226660471,0.01,507baa4fe66b76ae,5,7af4f6da1c598503afb8841d731c6337f3c7f6846b4ed2f06c452882530ce734,"[""pancreas_baron"",""gamma"",""507baa4fe66b76ae"",5,""7af4f6da1c598503afb8841d731c6337f3c7f6846b4ed2f06c452882530ce734""]",0.24489795918367346,0.13953488372093023,1.0,0,0,0,,0.0,0.0,False,True,sep<1.3,0,inf,0,0
pancreas_baron,43,0.10,gamma,batch_heldout,outputs\pancreas_baron\batch_heldout_seed43_gamma_rare10pct,baseline,component,success,,1.5543486264216433,0.01,507baa4fe66b76ae,10,62cf506b31a1c94f259fe893c5db61e271a3566a3da6e7df0bb5fcb1ba7242a8,"[""pancreas_baron"",""gamma"",""507baa4fe66b76ae"",10,""62cf506b31a1c94f259fe893c5db61e271a3566a3da6e7df0bb5fcb1ba7242a8""]",0.7808219178082192,0.6627906976744186,0.95,0,0,0,,0.0,0.0,False,False,baseline_no_rescue,0,,19,0
pancreas_baron,43,0.10,gamma,batch_heldout,outputs\pancreas_baron\batch_heldout_seed43_gamma_rare10pct,minus_separability_gate,component,success,,1.5543486264216433,0.01,507baa4fe66b76ae,10,62cf506b31a1c94f259fe893c5db61e271a3566a3da6e7df0bb5fcb1ba7242a8,"[""pancreas_baron"",""gamma"",""507baa4fe66b76ae"",10,""62cf506b31a1c94f259fe893c5db61e271a3566a3da6e7df0bb5fcb1ba7242a8""]",0.8242424242424242,0.7906976744186046,0.8607594936708861,11,8,19,0.5789473684210527,0.004884004884004884,0.004884004884004884,False,False,rescue_applied,1,0.09378608122937314,19,43
pancreas_baron,43,0.10,gamma,batch_heldout,outputs\pancreas_baron\batch_heldout_seed43_gamma_rare10pct,minus_necessity_gate,component,success,,1.5543486264216433,0.01,507baa4fe66b76ae,10,62cf506b31a1c94f259fe893c5db61e271a3566a3da6e7df0bb5fcb1ba7242a8,"[""pancreas_baron"",""gamma"",""507baa4fe66b76ae"",10,""62cf506b31a1c94f259fe893c5db61e271a3566a3da6e7df0bb5fcb1ba7242a8""]",0.8242424242424242,0.7906976744186046,0.8607594936708861,11,8,19,0.5789473684210527,0.004884004884004884,0.004884004884004884,False,False,rescue_applied,1,0.09378608122937314,19,43
pancreas_baron,43,0.10,gamma,batch_heldout,outputs\pancreas_baron\batch_heldout_seed43_gamma_rare10pct,fixed_rank_1,component,success,,1.5543486264216433,0.01,507baa4fe66b76ae,10,62cf506b31a1c94f259fe893c5db61e271a3566a3da6e7df0bb5fcb1ba7242a8,"[""pancreas_baron"",""gamma"",""507baa4fe66b76ae"",10,""62cf506b31a1c94f259fe893c5db61e271a3566a3da6e7df0bb5fcb1ba7242a8""]",0.8242424242424242,0.7906976744186046,0.8607594936708861,11,8,19,0.5789473684210527,0.004884004884004884,0.004884004884004884,False,False,rescue_applied,1,0.09378608122937314,19,43
pancreas_baron,43,0.10,gamma,batch_heldout,outputs\pancreas_baron\batch_heldout_seed43_gamma_rare10pct,minus_conformal_tau,component,success,,1.5543486264216433,0.01,507baa4fe66b76ae,10,62cf506b31a1c94f259fe893c5db61e271a3566a3da6e7df0bb5fcb1ba7242a8,"[""pancreas_baron"",""gamma"",""507baa4fe66b76ae"",10,""62cf506b31a1c94f259fe893c5db61e271a3566a3da6e7df0bb5fcb1ba7242a8""]",0.7808219178082192,0.6627906976744186,0.95,0,0,0,,0.0,0.0,False,True,no_feasible_rank,0,-inf,19,0
pancreas_baron,43,0.10,gamma,batch_heldout,outputs\pancreas_baron\batch_heldout_seed43_gamma_rare10pct,full_method,component,success,,1.5543486264216433,0.01,507baa4fe66b76ae,10,62cf506b31a1c94f259fe893c5db61e271a3566a3da6e7df0bb5fcb1ba7242a8,"[""pancreas_baron"",""gamma"",""507baa4fe66b76ae"",10,""62cf506b31a1c94f259fe893c5db61e271a3566a3da6e7df0bb5fcb1ba7242a8""]",0.8242424242424242,0.7906976744186046,0.8607594936708861,11,8,19,0.5789473684210527,0.004884004884004884,0.004884004884004884,False,False,rescue_applied,1,0.09378608122937314,19,43
pancreas_baron,43,0.10,gamma,batch_heldout,outputs\pancreas_baron\batch_heldout_seed43_gamma_rare10pct,rank_1,rank,success,,1.5543486264216433,0.01,507baa4fe66b76ae,10,62cf506b31a1c94f259fe893c5db61e271a3566a3da6e7df0bb5fcb1ba7242a8,"[""pancreas_baron"",""gamma"",""507baa4fe66b76ae"",10,""62cf506b31a1c94f259fe893c5db61e271a3566a3da6e7df0bb5fcb1ba7242a8""]",0.8242424242424242,0.7906976744186046,0.8607594936708861,11,8,19,0.5789473684210527,0.004884004884004884,0.004884004884004884,False,False,rescue_applied,1,0.09378608122937314,19,43
pancreas_baron,43,0.10,gamma,batch_heldout,outputs\pancreas_baron\batch_heldout_seed43_gamma_rare10pct,rank_2,rank,success,,1.5543486264216433,0.01,507baa4fe66b76ae,10,62cf506b31a1c94f259fe893c5db61e271a3566a3da6e7df0bb5fcb1ba7242a8,"[""pancreas_baron"",""gamma"",""507baa4fe66b76ae"",10,""62cf506b31a1c94f259fe893c5db61e271a3566a3da6e7df0bb5fcb1ba7242a8""]",0.8117647058823529,0.8023255813953488,0.8214285714285714,12,12,24,0.5,0.007326007326007326,0.007326007326007326,False,False,rescue_applied,2,0.09378608122937314,19,426
pancreas_baron,43,0.10,gamma,batch_heldout,outputs\pancreas_baron\batch_heldout_seed43_gamma_rare10pct,rank_3,rank,success,,1.5543486264216433,0.01,507baa4fe66b76ae,10,62cf506b31a1c94f259fe893c5db61e271a3566a3da6e7df0bb5fcb1ba7242a8,"[""pancreas_baron"",""gamma"",""507baa4fe66b76ae"",10,""62cf506b31a1c94f259fe893c5db61e271a3566a3da6e7df0bb5fcb1ba7242a8""]",0.8117647058823529,0.8023255813953488,0.8214285714285714,12,12,24,0.5,0.007326007326007326,0.007326007326007326,False,False,rescue_applied,3,0.09378608122937314,19,937
pancreas_baron,43,0.10,gamma,batch_heldout,outputs\pancreas_baron\batch_heldout_seed43_gamma_rare10pct,adaptive_rank,rank,success,,1.5543486264216433,0.01,507baa4fe66b76ae,10,62cf506b31a1c94f259fe893c5db61e271a3566a3da6e7df0bb5fcb1ba7242a8,"[""pancreas_baron"",""gamma"",""507baa4fe66b76ae"",10,""62cf506b31a1c94f259fe893c5db61e271a3566a3da6e7df0bb5fcb1ba7242a8""]",0.8242424242424242,0.7906976744186046,0.8607594936708861,11,8,19,0.5789473684210527,0.004884004884004884,0.004884004884004884,False,False,rescue_applied,1,0.09378608122937314,19,43
pancreas_baron,43,all,gamma,batch_heldout,outputs\pancreas_baron\batch_heldout_seed43_gamma_rareall,baseline,component,success,,1.1218329740371191,0.01,507baa4fe66b76ae,106,8dfb4dd19ceaa1ab45feb7c70086bb21ac49cd50b303415151629660f7a9b3af,"[""pancreas_baron"",""gamma"",""507baa4fe66b76ae"",106,""8dfb4dd19ceaa1ab45feb7c70086bb21ac49cd50b303415151629660f7a9b3af""]",0.9221556886227545,0.8953488372093024,0.9506172839506173,0,0,0,,0.0,0.0,False,False,baseline_no_rescue,0,,2,0
pancreas_baron,43,all,gamma,batch_heldout,outputs\pancreas_baron\batch_heldout_seed43_gamma_rareall,minus_separability_gate,component,success,,1.1218329740371191,0.01,507baa4fe66b76ae,106,8dfb4dd19ceaa1ab45feb7c70086bb21ac49cd50b303415151629660f7a9b3af,"[""pancreas_baron"",""gamma"",""507baa4fe66b76ae"",106,""8dfb4dd19ceaa1ab45feb7c70086bb21ac49cd50b303415151629660f7a9b3af""]",0.9221556886227545,0.8953488372093024,0.9506172839506173,0,0,0,,0.0,0.0,False,True,necessity,0,inf,2,0
pancreas_baron,43,all,gamma,batch_heldout,outputs\pancreas_baron\batch_heldout_seed43_gamma_rareall,minus_necessity_gate,component,success,,1.1218329740371191,0.01,507baa4fe66b76ae,106,8dfb4dd19ceaa1ab45feb7c70086bb21ac49cd50b303415151629660f7a9b3af,"[""pancreas_baron"",""gamma"",""507baa4fe66b76ae"",106,""8dfb4dd19ceaa1ab45feb7c70086bb21ac49cd50b303415151629660f7a9b3af""]",0.9221556886227545,0.8953488372093024,0.9506172839506173,0,0,0,,0.0,0.0,False,True,sep<1.3,0,inf,0,0
pancreas_baron,43,all,gamma,batch_heldout,outputs\pancreas_baron\batch_heldout_seed43_gamma_rareall,fixed_rank_1,component,success,,1.1218329740371191,0.01,507baa4fe66b76ae,106,8dfb4dd19ceaa1ab45feb7c70086bb21ac49cd50b303415151629660f7a9b3af,"[""pancreas_baron"",""gamma"",""507baa4fe66b76ae"",106,""8dfb4dd19ceaa1ab45feb7c70086bb21ac49cd50b303415151629660f7a9b3af""]",0.9221556886227545,0.8953488372093024,0.9506172839506173,0,0,0,,0.0,0.0,False,True,sep<1.3,0,inf,0,0
pancreas_baron,43,all,gamma,batch_heldout,outputs\pancreas_baron\batch_heldout_seed43_gamma_rareall,minus_conformal_tau,component,success,,1.1218329740371191,0.01,507baa4fe66b76ae,106,8dfb4dd19ceaa1ab45feb7c70086bb21ac49cd50b303415151629660f7a9b3af,"[""pancreas_baron"",""gamma"",""507baa4fe66b76ae"",106,""8dfb4dd19ceaa1ab45feb7c70086bb21ac49cd50b303415151629660f7a9b3af""]",0.9221556886227545,0.8953488372093024,0.9506172839506173,0,0,0,,0.0,0.0,False,True,sep<1.3,0,inf,0,0
pancreas_baron,43,all,gamma,batch_heldout,outputs\pancreas_baron\batch_heldout_seed43_gamma_rareall,full_method,component,success,,1.1218329740371191,0.01,507baa4fe66b76ae,106,8dfb4dd19ceaa1ab45feb7c70086bb21ac49cd50b303415151629660f7a9b3af,"[""pancreas_baron"",""gamma"",""507baa4fe66b76ae"",106,""8dfb4dd19ceaa1ab45feb7c70086bb21ac49cd50b303415151629660f7a9b3af""]",0.9221556886227545,0.8953488372093024,0.9506172839506173,0,0,0,,0.0,0.0,False,True,sep<1.3,0,inf,0,0
pancreas_baron,43,all,gamma,batch_heldout,outputs\pancreas_baron\batch_heldout_seed43_gamma_rareall,rank_1,rank,success,,1.1218329740371191,0.01,507baa4fe66b76ae,106,8dfb4dd19ceaa1ab45feb7c70086bb21ac49cd50b303415151629660f7a9b3af,"[""pancreas_baron"",""gamma"",""507baa4fe66b76ae"",106,""8dfb4dd19ceaa1ab45feb7c70086bb21ac49cd50b303415151629660f7a9b3af""]",0.9221556886227545,0.8953488372093024,0.9506172839506173,0,0,0,,0.0,0.0,False,True,sep<1.3,0,inf,0,0
pancreas_baron,43,all,gamma,batch_heldout,outputs\pancreas_baron\batch_heldout_seed43_gamma_rareall,rank_2,rank,success,,1.1218329740371191,0.01,507baa4fe66b76ae,106,8dfb4dd19ceaa1ab45feb7c70086bb21ac49cd50b303415151629660f7a9b3af,"[""pancreas_baron"",""gamma"",""507baa4fe66b76ae"",106,""8dfb4dd19ceaa1ab45feb7c70086bb21ac49cd50b303415151629660f7a9b3af""]",0.9221556886227545,0.8953488372093024,0.9506172839506173,0,0,0,,0.0,0.0,False,True,sep<1.3,0,inf,0,0
pancreas_baron,43,all,gamma,batch_heldout,outputs\pancreas_baron\batch_heldout_seed43_gamma_rareall,rank_3,rank,success,,1.1218329740371191,0.01,507baa4fe66b76ae,106,8dfb4dd19ceaa1ab45feb7c70086bb21ac49cd50b303415151629660f7a9b3af,"[""pancreas_baron"",""gamma"",""507baa4fe66b76ae"",106,""8dfb4dd19ceaa1ab45feb7c70086bb21ac49cd50b303415151629660f7a9b3af""]",0.9221556886227545,0.8953488372093024,0.9506172839506173,0,0,0,,0.0,0.0,False,True,sep<1.3,0,inf,0,0
pancreas_baron,43,all,gamma,batch_heldout,outputs\pancreas_baron\batch_heldout_seed43_gamma_rareall,adaptive_rank,rank,success,,1.1218329740371191,0.01,507baa4fe66b76ae,106,8dfb4dd19ceaa1ab45feb7c70086bb21ac49cd50b303415151629660f7a9b3af,"[""pancreas_baron"",""gamma"",""507baa4fe66b76ae"",106,""8dfb4dd19ceaa1ab45feb7c70086bb21ac49cd50b303415151629660f7a9b3af""]",0.9221556886227545,0.8953488372093024,0.9506172839506173,0,0,0,,0.0,0.0,False,True,sep<1.3,0,inf,0,0
pancreas_baron,44,0.01,gamma,batch_heldout,outputs\pancreas_baron\batch_heldout_seed44_gamma_rare1pct,baseline,component,success,,1.221958717366858,0.01,507baa4fe66b76ae,5,cd9e347cb4e0f600448824330abd92487002dfa9c2d43ad805faafe376d9a07e,"[""pancreas_baron"",""gamma"",""507baa4fe66b76ae"",5,""cd9e347cb4e0f600448824330abd92487002dfa9c2d43ad805faafe376d9a07e""]",0.676923076923077,0.5116279069767442,1.0,0,0,0,,0.0,0.0,False,False,baseline_no_rescue,0,,28,0
pancreas_baron,44,0.01,gamma,batch_heldout,outputs\pancreas_baron\batch_heldout_seed44_gamma_rare1pct,minus_separability_gate,component,success,,1.221958717366858,0.01,507baa4fe66b76ae,5,cd9e347cb4e0f600448824330abd92487002dfa9c2d43ad805faafe376d9a07e,"[""pancreas_baron"",""gamma"",""507baa4fe66b76ae"",5,""cd9e347cb4e0f600448824330abd92487002dfa9c2d43ad805faafe376d9a07e""]",0.8315789473684211,0.9186046511627907,0.7596153846153846,35,25,60,0.5833333333333334,0.015262515262515262,0.015262515262515262,True,False,rescue_applied,1,0.11292570055235278,28,87
pancreas_baron,44,0.01,gamma,batch_heldout,outputs\pancreas_baron\batch_heldout_seed44_gamma_rare1pct,minus_necessity_gate,component,success,,1.221958717366858,0.01,507baa4fe66b76ae,5,cd9e347cb4e0f600448824330abd92487002dfa9c2d43ad805faafe376d9a07e,"[""pancreas_baron"",""gamma"",""507baa4fe66b76ae"",5,""cd9e347cb4e0f600448824330abd92487002dfa9c2d43ad805faafe376d9a07e""]",0.676923076923077,0.5116279069767442,1.0,0,0,0,,0.0,0.0,False,True,sep<1.3,0,inf,0,0
pancreas_baron,44,0.01,gamma,batch_heldout,outputs\pancreas_baron\batch_heldout_seed44_gamma_rare1pct,fixed_rank_1,component,success,,1.221958717366858,0.01,507baa4fe66b76ae,5,cd9e347cb4e0f600448824330abd92487002dfa9c2d43ad805faafe376d9a07e,"[""pancreas_baron"",""gamma"",""507baa4fe66b76ae"",5,""cd9e347cb4e0f600448824330abd92487002dfa9c2d43ad805faafe376d9a07e""]",0.676923076923077,0.5116279069767442,1.0,0,0,0,,0.0,0.0,False,True,sep<1.3,0,inf,0,0
pancreas_baron,44,0.01,gamma,batch_heldout,outputs\pancreas_baron\batch_heldout_seed44_gamma_rare1pct,minus_conformal_tau,component,success,,1.221958717366858,0.01,507baa4fe66b76ae,5,cd9e347cb4e0f600448824330abd92487002dfa9c2d43ad805faafe376d9a07e,"[""pancreas_baron"",""gamma"",""507baa4fe66b76ae"",5,""cd9e347cb4e0f600448824330abd92487002dfa9c2d43ad805faafe376d9a07e""]",0.676923076923077,0.5116279069767442,1.0,0,0,0,,0.0,0.0,False,True,sep<1.3,0,inf,0,0
pancreas_baron,44,0.01,gamma,batch_heldout,outputs\pancreas_baron\batch_heldout_seed44_gamma_rare1pct,full_method,component,success,,1.221958717366858,0.01,507baa4fe66b76ae,5,cd9e347cb4e0f600448824330abd92487002dfa9c2d43ad805faafe376d9a07e,"[""pancreas_baron"",""gamma"",""507baa4fe66b76ae"",5,""cd9e347cb4e0f600448824330abd92487002dfa9c2d43ad805faafe376d9a07e""]",0.676923076923077,0.5116279069767442,1.0,0,0,0,,0.0,0.0,False,True,sep<1.3,0,inf,0,0
pancreas_baron,44,0.01,gamma,batch_heldout,outputs\pancreas_baron\batch_heldout_seed44_gamma_rare1pct,rank_1,rank,success,,1.221958717366858,0.01,507baa4fe66b76ae,5,cd9e347cb4e0f600448824330abd92487002dfa9c2d43ad805faafe376d9a07e,"[""pancreas_baron"",""gamma"",""507baa4fe66b76ae"",5,""cd9e347cb4e0f600448824330abd92487002dfa9c2d43ad805faafe376d9a07e""]",0.676923076923077,0.5116279069767442,1.0,0,0,0,,0.0,0.0,False,True,sep<1.3,0,inf,0,0
pancreas_baron,44,0.01,gamma,batch_heldout,outputs\pancreas_baron\batch_heldout_seed44_gamma_rare1pct,rank_2,rank,success,,1.221958717366858,0.01,507baa4fe66b76ae,5,cd9e347cb4e0f600448824330abd92487002dfa9c2d43ad805faafe376d9a07e,"[""pancreas_baron"",""gamma"",""507baa4fe66b76ae"",5,""cd9e347cb4e0f600448824330abd92487002dfa9c2d43ad805faafe376d9a07e""]",0.676923076923077,0.5116279069767442,1.0,0,0,0,,0.0,0.0,False,True,sep<1.3,0,inf,0,0
pancreas_baron,44,0.01,gamma,batch_heldout,outputs\pancreas_baron\batch_heldout_seed44_gamma_rare1pct,rank_3,rank,success,,1.221958717366858,0.01,507baa4fe66b76ae,5,cd9e347cb4e0f600448824330abd92487002dfa9c2d43ad805faafe376d9a07e,"[""pancreas_baron"",""gamma"",""507baa4fe66b76ae"",5,""cd9e347cb4e0f600448824330abd92487002dfa9c2d43ad805faafe376d9a07e""]",0.676923076923077,0.5116279069767442,1.0,0,0,0,,0.0,0.0,False,True,sep<1.3,0,inf,0,0
pancreas_baron,44,0.01,gamma,batch_heldout,outputs\pancreas_baron\batch_heldout_seed44_gamma_rare1pct,adaptive_rank,rank,success,,1.221958717366858,0.01,507baa4fe66b76ae,5,cd9e347cb4e0f600448824330abd92487002dfa9c2d43ad805faafe376d9a07e,"[""pancreas_baron"",""gamma"",""507baa4fe66b76ae"",5,""cd9e347cb4e0f600448824330abd92487002dfa9c2d43ad805faafe376d9a07e""]",0.676923076923077,0.5116279069767442,1.0,0,0,0,,0.0,0.0,False,True,sep<1.3,0,inf,0,0
pancreas_baron,44,0.05,gamma,batch_heldout,outputs\pancreas_baron\batch_heldout_seed44_gamma_rare5pct,baseline,component,success,,1.221958717366858,0.01,507baa4fe66b76ae,5,cd9e347cb4e0f600448824330abd92487002dfa9c2d43ad805faafe376d9a07e,"[""pancreas_baron"",""gamma"",""507baa4fe66b76ae"",5,""cd9e347cb4e0f600448824330abd92487002dfa9c2d43ad805faafe376d9a07e""]",0.676923076923077,0.5116279069767442,1.0,0,0,0,,0.0,0.0,False,False,baseline_no_rescue,0,,28,0
pancreas_baron,44,0.05,gamma,batch_heldout,outputs\pancreas_baron\batch_heldout_seed44_gamma_rare5pct,minus_separability_gate,component,success,,1.221958717366858,0.01,507baa4fe66b76ae,5,cd9e347cb4e0f600448824330abd92487002dfa9c2d43ad805faafe376d9a07e,"[""pancreas_baron"",""gamma"",""507baa4fe66b76ae"",5,""cd9e347cb4e0f600448824330abd92487002dfa9c2d43ad805faafe376d9a07e""]",0.8315789473684211,0.9186046511627907,0.7596153846153846,35,25,60,0.5833333333333334,0.015262515262515262,0.015262515262515262,True,False,rescue_applied,1,0.11292570055235278,28,87
pancreas_baron,44,0.05,gamma,batch_heldout,outputs\pancreas_baron\batch_heldout_seed44_gamma_rare5pct,minus_necessity_gate,component,success,,1.221958717366858,0.01,507baa4fe66b76ae,5,cd9e347cb4e0f600448824330abd92487002dfa9c2d43ad805faafe376d9a07e,"[""pancreas_baron"",""gamma"",""507baa4fe66b76ae"",5,""cd9e347cb4e0f600448824330abd92487002dfa9c2d43ad805faafe376d9a07e""]",0.676923076923077,0.5116279069767442,1.0,0,0,0,,0.0,0.0,False,True,sep<1.3,0,inf,0,0
pancreas_baron,44,0.05,gamma,batch_heldout,outputs\pancreas_baron\batch_heldout_seed44_gamma_rare5pct,fixed_rank_1,component,success,,1.221958717366858,0.01,507baa4fe66b76ae,5,cd9e347cb4e0f600448824330abd92487002dfa9c2d43ad805faafe376d9a07e,"[""pancreas_baron"",""gamma"",""507baa4fe66b76ae"",5,""cd9e347cb4e0f600448824330abd92487002dfa9c2d43ad805faafe376d9a07e""]",0.676923076923077,0.5116279069767442,1.0,0,0,0,,0.0,0.0,False,True,sep<1.3,0,inf,0,0
pancreas_baron,44,0.05,gamma,batch_heldout,outputs\pancreas_baron\batch_heldout_seed44_gamma_rare5pct,minus_conformal_tau,component,success,,1.221958717366858,0.01,507baa4fe66b76ae,5,cd9e347cb4e0f600448824330abd92487002dfa9c2d43ad805faafe376d9a07e,"[""pancreas_baron"",""gamma"",""507baa4fe66b76ae"",5,""cd9e347cb4e0f600448824330abd92487002dfa9c2d43ad805faafe376d9a07e""]",0.676923076923077,0.5116279069767442,1.0,0,0,0,,0.0,0.0,False,True,sep<1.3,0,inf,0,0
pancreas_baron,44,0.05,gamma,batch_heldout,outputs\pancreas_baron\batch_heldout_seed44_gamma_rare5pct,full_method,component,success,,1.221958717366858,0.01,507baa4fe66b76ae,5,cd9e347cb4e0f600448824330abd92487002dfa9c2d43ad805faafe376d9a07e,"[""pancreas_baron"",""gamma"",""507baa4fe66b76ae"",5,""cd9e347cb4e0f600448824330abd92487002dfa9c2d43ad805faafe376d9a07e""]",0.676923076923077,0.5116279069767442,1.0,0,0,0,,0.0,0.0,False,True,sep<1.3,0,inf,0,0
pancreas_baron,44,0.05,gamma,batch_heldout,outputs\pancreas_baron\batch_heldout_seed44_gamma_rare5pct,rank_1,rank,success,,1.221958717366858,0.01,507baa4fe66b76ae,5,cd9e347cb4e0f600448824330abd92487002dfa9c2d43ad805faafe376d9a07e,"[""pancreas_baron"",""gamma"",""507baa4fe66b76ae"",5,""cd9e347cb4e0f600448824330abd92487002dfa9c2d43ad805faafe376d9a07e""]",0.676923076923077,0.5116279069767442,1.0,0,0,0,,0.0,0.0,False,True,sep<1.3,0,inf,0,0
pancreas_baron,44,0.05,gamma,batch_heldout,outputs\pancreas_baron\batch_heldout_seed44_gamma_rare5pct,rank_2,rank,success,,1.221958717366858,0.01,507baa4fe66b76ae,5,cd9e347cb4e0f600448824330abd92487002dfa9c2d43ad805faafe376d9a07e,"[""pancreas_baron"",""gamma"",""507baa4fe66b76ae"",5,""cd9e347cb4e0f600448824330abd92487002dfa9c2d43ad805faafe376d9a07e""]",0.676923076923077,0.5116279069767442,1.0,0,0,0,,0.0,0.0,False,True,sep<1.3,0,inf,0,0
pancreas_baron,44,0.05,gamma,batch_heldout,outputs\pancreas_baron\batch_heldout_seed44_gamma_rare5pct,rank_3,rank,success,,1.221958717366858,0.01,507baa4fe66b76ae,5,cd9e347cb4e0f600448824330abd92487002dfa9c2d43ad805faafe376d9a07e,"[""pancreas_baron"",""gamma"",""507baa4fe66b76ae"",5,""cd9e347cb4e0f600448824330abd92487002dfa9c2d43ad805faafe376d9a07e""]",0.676923076923077,0.5116279069767442,1.0,0,0,0,,0.0,0.0,False,True,sep<1.3,0,inf,0,0
pancreas_baron,44,0.05,gamma,batch_heldout,outputs\pancreas_baron\batch_heldout_seed44_gamma_rare5pct,adaptive_rank,rank,success,,1.221958717366858,0.01,507baa4fe66b76ae,5,cd9e347cb4e0f600448824330abd92487002dfa9c2d43ad805faafe376d9a07e,"[""pancreas_baron"",""gamma"",""507baa4fe66b76ae"",5,""cd9e347cb4e0f600448824330abd92487002dfa9c2d43ad805faafe376d9a07e""]",0.676923076923077,0.5116279069767442,1.0,0,0,0,,0.0,0.0,False,True,sep<1.3,0,inf,0,0
pancreas_baron,44,0.10,gamma,batch_heldout,outputs\pancreas_baron\batch_heldout_seed44_gamma_rare10pct,baseline,component,success,,1.1240523770949333,0.01,507baa4fe66b76ae,10,4babf0fc31ac32cb04880a738a3b9116672ee5a0f675dfd75af2d4fd3306595c,"[""pancreas_baron"",""gamma"",""507baa4fe66b76ae"",10,""4babf0fc31ac32cb04880a738a3b9116672ee5a0f675dfd75af2d4fd3306595c""]",0.8875,0.8255813953488372,0.9594594594594594,0,0,0,,0.0,0.0,False,False,baseline_no_rescue,0,,4,0
pancreas_baron,44,0.10,gamma,batch_heldout,outputs\pancreas_baron\batch_heldout_seed44_gamma_rare10pct,minus_separability_gate,component,success,,1.1240523770949333,0.01,507baa4fe66b76ae,10,4babf0fc31ac32cb04880a738a3b9116672ee5a0f675dfd75af2d4fd3306595c,"[""pancreas_baron"",""gamma"",""507baa4fe66b76ae"",10,""4babf0fc31ac32cb04880a738a3b9116672ee5a0f675dfd75af2d4fd3306595c""]",0.8764044943820225,0.9069767441860465,0.8478260869565217,7,11,18,0.3888888888888889,0.006715506715506716,0.006715506715506716,False,False,rescue_applied,1,0.12801811845706385,4,35
pancreas_baron,44,0.10,gamma,batch_heldout,outputs\pancreas_baron\batch_heldout_seed44_gamma_rare10pct,minus_necessity_gate,component,success,,1.1240523770949333,0.01,507baa4fe66b76ae,10,4babf0fc31ac32cb04880a738a3b9116672ee5a0f675dfd75af2d4fd3306595c,"[""pancreas_baron"",""gamma"",""507baa4fe66b76ae"",10,""4babf0fc31ac32cb04880a738a3b9116672ee5a0f675dfd75af2d4fd3306595c""]",0.8875,0.8255813953488372,0.9594594594594594,0,0,0,,0.0,0.0,False,True,sep<1.3,0,inf,0,0
pancreas_baron,44,0.10,gamma,batch_heldout,outputs\pancreas_baron\batch_heldout_seed44_gamma_rare10pct,fixed_rank_1,component,success,,1.1240523770949333,0.01,507baa4fe66b76ae,10,4babf0fc31ac32cb04880a738a3b9116672ee5a0f675dfd75af2d4fd3306595c,"[""pancreas_baron"",""gamma"",""507baa4fe66b76ae"",10,""4babf0fc31ac32cb04880a738a3b9116672ee5a0f675dfd75af2d4fd3306595c""]",0.8875,0.8255813953488372,0.9594594594594594,0,0,0,,0.0,0.0,False,True,sep<1.3,0,inf,0,0
pancreas_baron,44,0.10,gamma,batch_heldout,outputs\pancreas_baron\batch_heldout_seed44_gamma_rare10pct,minus_conformal_tau,component,success,,1.1240523770949333,0.01,507baa4fe66b76ae,10,4babf0fc31ac32cb04880a738a3b9116672ee5a0f675dfd75af2d4fd3306595c,"[""pancreas_baron"",""gamma"",""507baa4fe66b76ae"",10,""4babf0fc31ac32cb04880a738a3b9116672ee5a0f675dfd75af2d4fd3306595c""]",0.8875,0.8255813953488372,0.9594594594594594,0,0,0,,0.0,0.0,False,True,sep<1.3,0,inf,0,0
pancreas_baron,44,0.10,gamma,batch_heldout,outputs\pancreas_baron\batch_heldout_seed44_gamma_rare10pct,full_method,component,success,,1.1240523770949333,0.01,507baa4fe66b76ae,10,4babf0fc31ac32cb04880a738a3b9116672ee5a0f675dfd75af2d4fd3306595c,"[""pancreas_baron"",""gamma"",""507baa4fe66b76ae"",10,""4babf0fc31ac32cb04880a738a3b9116672ee5a0f675dfd75af2d4fd3306595c""]",0.8875,0.8255813953488372,0.9594594594594594,0,0,0,,0.0,0.0,False,True,sep<1.3,0,inf,0,0
pancreas_baron,44,0.10,gamma,batch_heldout,outputs\pancreas_baron\batch_heldout_seed44_gamma_rare10pct,rank_1,rank,success,,1.1240523770949333,0.01,507baa4fe66b76ae,10,4babf0fc31ac32cb04880a738a3b9116672ee5a0f675dfd75af2d4fd3306595c,"[""pancreas_baron"",""gamma"",""507baa4fe66b76ae"",10,""4babf0fc31ac32cb04880a738a3b9116672ee5a0f675dfd75af2d4fd3306595c""]",0.8875,0.8255813953488372,0.9594594594594594,0,0,0,,0.0,0.0,False,True,sep<1.3,0,inf,0,0
pancreas_baron,44,0.10,gamma,batch_heldout,outputs\pancreas_baron\batch_heldout_seed44_gamma_rare10pct,rank_2,rank,success,,1.1240523770949333,0.01,507baa4fe66b76ae,10,4babf0fc31ac32cb04880a738a3b9116672ee5a0f675dfd75af2d4fd3306595c,"[""pancreas_baron"",""gamma"",""507baa4fe66b76ae"",10,""4babf0fc31ac32cb04880a738a3b9116672ee5a0f675dfd75af2d4fd3306595c""]",0.8875,0.8255813953488372,0.9594594594594594,0,0,0,,0.0,0.0,False,True,sep<1.3,0,inf,0,0
pancreas_baron,44,0.10,gamma,batch_heldout,outputs\pancreas_baron\batch_heldout_seed44_gamma_rare10pct,rank_3,rank,success,,1.1240523770949333,0.01,507baa4fe66b76ae,10,4babf0fc31ac32cb04880a738a3b9116672ee5a0f675dfd75af2d4fd3306595c,"[""pancreas_baron"",""gamma"",""507baa4fe66b76ae"",10,""4babf0fc31ac32cb04880a738a3b9116672ee5a0f675dfd75af2d4fd3306595c""]",0.8875,0.8255813953488372,0.9594594594594594,0,0,0,,0.0,0.0,False,True,sep<1.3,0,inf,0,0
pancreas_baron,44,0.10,gamma,batch_heldout,outputs\pancreas_baron\batch_heldout_seed44_gamma_rare10pct,adaptive_rank,rank,success,,1.1240523770949333,0.01,507baa4fe66b76ae,10,4babf0fc31ac32cb04880a738a3b9116672ee5a0f675dfd75af2d4fd3306595c,"[""pancreas_baron"",""gamma"",""507baa4fe66b76ae"",10,""4babf0fc31ac32cb04880a738a3b9116672ee5a0f675dfd75af2d4fd3306595c""]",0.8875,0.8255813953488372,0.9594594594594594,0,0,0,,0.0,0.0,False,True,sep<1.3,0,inf,0,0
pancreas_baron,44,all,gamma,batch_heldout,outputs\pancreas_baron\batch_heldout_seed44_gamma_rareall,baseline,component,success,,1.0929299673770752,0.01,507baa4fe66b76ae,106,8dfb4dd19ceaa1ab45feb7c70086bb21ac49cd50b303415151629660f7a9b3af,"[""pancreas_baron"",""gamma"",""507baa4fe66b76ae"",106,""8dfb4dd19ceaa1ab45feb7c70086bb21ac49cd50b303415151629660f7a9b3af""]",0.896969696969697,0.8604651162790697,0.9367088607594937,0,0,0,,0.0,0.0,False,False,baseline_no_rescue,0,,2,0
pancreas_baron,44,all,gamma,batch_heldout,outputs\pancreas_baron\batch_heldout_seed44_gamma_rareall,minus_separability_gate,component,success,,1.0929299673770752,0.01,507baa4fe66b76ae,106,8dfb4dd19ceaa1ab45feb7c70086bb21ac49cd50b303415151629660f7a9b3af,"[""pancreas_baron"",""gamma"",""507baa4fe66b76ae"",106,""8dfb4dd19ceaa1ab45feb7c70086bb21ac49cd50b303415151629660f7a9b3af""]",0.896969696969697,0.8604651162790697,0.9367088607594937,0,0,0,,0.0,0.0,False,True,necessity,0,inf,2,0
pancreas_baron,44,all,gamma,batch_heldout,outputs\pancreas_baron\batch_heldout_seed44_gamma_rareall,minus_necessity_gate,component,success,,1.0929299673770752,0.01,507baa4fe66b76ae,106,8dfb4dd19ceaa1ab45feb7c70086bb21ac49cd50b303415151629660f7a9b3af,"[""pancreas_baron"",""gamma"",""507baa4fe66b76ae"",106,""8dfb4dd19ceaa1ab45feb7c70086bb21ac49cd50b303415151629660f7a9b3af""]",0.896969696969697,0.8604651162790697,0.9367088607594937,0,0,0,,0.0,0.0,False,True,sep<1.3,0,inf,0,0
pancreas_baron,44,all,gamma,batch_heldout,outputs\pancreas_baron\batch_heldout_seed44_gamma_rareall,fixed_rank_1,component,success,,1.0929299673770752,0.01,507baa4fe66b76ae,106,8dfb4dd19ceaa1ab45feb7c70086bb21ac49cd50b303415151629660f7a9b3af,"[""pancreas_baron"",""gamma"",""507baa4fe66b76ae"",106,""8dfb4dd19ceaa1ab45feb7c70086bb21ac49cd50b303415151629660f7a9b3af""]",0.896969696969697,0.8604651162790697,0.9367088607594937,0,0,0,,0.0,0.0,False,True,sep<1.3,0,inf,0,0
pancreas_baron,44,all,gamma,batch_heldout,outputs\pancreas_baron\batch_heldout_seed44_gamma_rareall,minus_conformal_tau,component,success,,1.0929299673770752,0.01,507baa4fe66b76ae,106,8dfb4dd19ceaa1ab45feb7c70086bb21ac49cd50b303415151629660f7a9b3af,"[""pancreas_baron"",""gamma"",""507baa4fe66b76ae"",106,""8dfb4dd19ceaa1ab45feb7c70086bb21ac49cd50b303415151629660f7a9b3af""]",0.896969696969697,0.8604651162790697,0.9367088607594937,0,0,0,,0.0,0.0,False,True,sep<1.3,0,inf,0,0
pancreas_baron,44,all,gamma,batch_heldout,outputs\pancreas_baron\batch_heldout_seed44_gamma_rareall,full_method,component,success,,1.0929299673770752,0.01,507baa4fe66b76ae,106,8dfb4dd19ceaa1ab45feb7c70086bb21ac49cd50b303415151629660f7a9b3af,"[""pancreas_baron"",""gamma"",""507baa4fe66b76ae"",106,""8dfb4dd19ceaa1ab45feb7c70086bb21ac49cd50b303415151629660f7a9b3af""]",0.896969696969697,0.8604651162790697,0.9367088607594937,0,0,0,,0.0,0.0,False,True,sep<1.3,0,inf,0,0
pancreas_baron,44,all,gamma,batch_heldout,outputs\pancreas_baron\batch_heldout_seed44_gamma_rareall,rank_1,rank,success,,1.0929299673770752,0.01,507baa4fe66b76ae,106,8dfb4dd19ceaa1ab45feb7c70086bb21ac49cd50b303415151629660f7a9b3af,"[""pancreas_baron"",""gamma"",""507baa4fe66b76ae"",106,""8dfb4dd19ceaa1ab45feb7c70086bb21ac49cd50b303415151629660f7a9b3af""]",0.896969696969697,0.8604651162790697,0.9367088607594937,0,0,0,,0.0,0.0,False,True,sep<1.3,0,inf,0,0
pancreas_baron,44,all,gamma,batch_heldout,outputs\pancreas_baron\batch_heldout_seed44_gamma_rareall,rank_2,rank,success,,1.0929299673770752,0.01,507baa4fe66b76ae,106,8dfb4dd19ceaa1ab45feb7c70086bb21ac49cd50b303415151629660f7a9b3af,"[""pancreas_baron"",""gamma"",""507baa4fe66b76ae"",106,""8dfb4dd19ceaa1ab45feb7c70086bb21ac49cd50b303415151629660f7a9b3af""]",0.896969696969697,0.8604651162790697,0.9367088607594937,0,0,0,,0.0,0.0,False,True,sep<1.3,0,inf,0,0
pancreas_baron,44,all,gamma,batch_heldout,outputs\pancreas_baron\batch_heldout_seed44_gamma_rareall,rank_3,rank,success,,1.0929299673770752,0.01,507baa4fe66b76ae,106,8dfb4dd19ceaa1ab45feb7c70086bb21ac49cd50b303415151629660f7a9b3af,"[""pancreas_baron"",""gamma"",""507baa4fe66b76ae"",106,""8dfb4dd19ceaa1ab45feb7c70086bb21ac49cd50b303415151629660f7a9b3af""]",0.896969696969697,0.8604651162790697,0.9367088607594937,0,0,0,,0.0,0.0,False,True,sep<1.3,0,inf,0,0
pancreas_baron,44,all,gamma,batch_heldout,outputs\pancreas_baron\batch_heldout_seed44_gamma_rareall,adaptive_rank,rank,success,,1.0929299673770752,0.01,507baa4fe66b76ae,106,8dfb4dd19ceaa1ab45feb7c70086bb21ac49cd50b303415151629660f7a9b3af,"[""pancreas_baron"",""gamma"",""507baa4fe66b76ae"",106,""8dfb4dd19ceaa1ab45feb7c70086bb21ac49cd50b303415151629660f7a9b3af""]",0.896969696969697,0.8604651162790697,0.9367088607594937,0,0,0,,0.0,0.0,False,True,sep<1.3,0,inf,0,0
pancreas_integrated,42,0.01,endothelial,batch_heldout,outputs\pancreas_integrated\batch_heldout_seed42_endothelial_rare1pct,baseline,component,success,,1.4516007383338212,0.01,2373a4f6ec6225a2,5,03277edf821b344e8b2f0ef53c88affce67c77df8a090c9ac5294c31c4f18080,"[""pancreas_integrated"",""endothelial"",""2373a4f6ec6225a2"",5,""03277edf821b344e8b2f0ef53c88affce67c77df8a090c9ac5294c31c4f18080""]",1.0,1.0,1.0,0,0,0,,0.0,0.0,False,False,baseline_no_rescue,0,,2,0
pancreas_integrated,42,0.01,endothelial,batch_heldout,outputs\pancreas_integrated\batch_heldout_seed42_endothelial_rare1pct,minus_separability_gate,component,success,,1.4516007383338212,0.01,2373a4f6ec6225a2,5,03277edf821b344e8b2f0ef53c88affce67c77df8a090c9ac5294c31c4f18080,"[""pancreas_integrated"",""endothelial"",""2373a4f6ec6225a2"",5,""03277edf821b344e8b2f0ef53c88affce67c77df8a090c9ac5294c31c4f18080""]",1.0,1.0,1.0,0,0,0,,0.0,0.0,False,True,necessity,0,inf,2,0
pancreas_integrated,42,0.01,endothelial,batch_heldout,outputs\pancreas_integrated\batch_heldout_seed42_endothelial_rare1pct,minus_necessity_gate,component,success,,1.4516007383338212,0.01,2373a4f6ec6225a2,5,03277edf821b344e8b2f0ef53c88affce67c77df8a090c9ac5294c31c4f18080,"[""pancreas_integrated"",""endothelial"",""2373a4f6ec6225a2"",5,""03277edf821b344e8b2f0ef53c88affce67c77df8a090c9ac5294c31c4f18080""]",0.9387755102040817,1.0,0.8846153846153846,0,3,3,0.0,0.001763668430335097,0.001763668430335097,False,False,rescue_applied,2,0.1150938363877129,2,3
pancreas_integrated,42,0.01,endothelial,batch_heldout,outputs\pancreas_integrated\batch_heldout_seed42_endothelial_rare1pct,fixed_rank_1,component,success,,1.4516007383338212,0.01,2373a4f6ec6225a2,5,03277edf821b344e8b2f0ef53c88affce67c77df8a090c9ac5294c31c4f18080,"[""pancreas_integrated"",""endothelial"",""2373a4f6ec6225a2"",5,""03277edf821b344e8b2f0ef53c88affce67c77df8a090c9ac5294c31c4f18080""]",1.0,1.0,1.0,0,0,0,,0.0,0.0,False,True,necessity,0,inf,2,0
pancreas_integrated,42,0.01,endothelial,batch_heldout,outputs\pancreas_integrated\batch_heldout_seed42_endothelial_rare1pct,minus_conformal_tau,component,success,,1.4516007383338212,0.01,2373a4f6ec6225a2,5,03277edf821b344e8b2f0ef53c88affce67c77df8a090c9ac5294c31c4f18080,"[""pancreas_integrated"",""endothelial"",""2373a4f6ec6225a2"",5,""03277edf821b344e8b2f0ef53c88affce67c77df8a090c9ac5294c31c4f18080""]",1.0,1.0,1.0,0,0,0,,0.0,0.0,False,True,necessity,0,inf,2,0
pancreas_integrated,42,0.01,endothelial,batch_heldout,outputs\pancreas_integrated\batch_heldout_seed42_endothelial_rare1pct,full_method,component,success,,1.4516007383338212,0.01,2373a4f6ec6225a2,5,03277edf821b344e8b2f0ef53c88affce67c77df8a090c9ac5294c31c4f18080,"[""pancreas_integrated"",""endothelial"",""2373a4f6ec6225a2"",5,""03277edf821b344e8b2f0ef53c88affce67c77df8a090c9ac5294c31c4f18080""]",1.0,1.0,1.0,0,0,0,,0.0,0.0,False,True,val_missed=2 < MIN_VAL_MISSED=3,0,inf,2,0
pancreas_integrated,42,0.01,endothelial,batch_heldout,outputs\pancreas_integrated\batch_heldout_seed42_endothelial_rare1pct,rank_1,rank,success,,1.4516007383338212,0.01,2373a4f6ec6225a2,5,03277edf821b344e8b2f0ef53c88affce67c77df8a090c9ac5294c31c4f18080,"[""pancreas_integrated"",""endothelial"",""2373a4f6ec6225a2"",5,""03277edf821b344e8b2f0ef53c88affce67c77df8a090c9ac5294c31c4f18080""]",1.0,1.0,1.0,0,0,0,,0.0,0.0,False,True,necessity,0,inf,2,0
pancreas_integrated,42,0.01,endothelial,batch_heldout,outputs\pancreas_integrated\batch_heldout_seed42_endothelial_rare1pct,rank_2,rank,success,,1.4516007383338212,0.01,2373a4f6ec6225a2,5,03277edf821b344e8b2f0ef53c88affce67c77df8a090c9ac5294c31c4f18080,"[""pancreas_integrated"",""endothelial"",""2373a4f6ec6225a2"",5,""03277edf821b344e8b2f0ef53c88affce67c77df8a090c9ac5294c31c4f18080""]",1.0,1.0,1.0,0,0,0,,0.0,0.0,False,True,necessity,0,inf,2,0
pancreas_integrated,42,0.01,endothelial,batch_heldout,outputs\pancreas_integrated\batch_heldout_seed42_endothelial_rare1pct,rank_3,rank,success,,1.4516007383338212,0.01,2373a4f6ec6225a2,5,03277edf821b344e8b2f0ef53c88affce67c77df8a090c9ac5294c31c4f18080,"[""pancreas_integrated"",""endothelial"",""2373a4f6ec6225a2"",5,""03277edf821b344e8b2f0ef53c88affce67c77df8a090c9ac5294c31c4f18080""]",1.0,1.0,1.0,0,0,0,,0.0,0.0,False,True,necessity,0,inf,2,0
pancreas_integrated,42,0.01,endothelial,batch_heldout,outputs\pancreas_integrated\batch_heldout_seed42_endothelial_rare1pct,adaptive_rank,rank,success,,1.4516007383338212,0.01,2373a4f6ec6225a2,5,03277edf821b344e8b2f0ef53c88affce67c77df8a090c9ac5294c31c4f18080,"[""pancreas_integrated"",""endothelial"",""2373a4f6ec6225a2"",5,""03277edf821b344e8b2f0ef53c88affce67c77df8a090c9ac5294c31c4f18080""]",1.0,1.0,1.0,0,0,0,,0.0,0.0,False,True,val_missed=2 < MIN_VAL_MISSED=3,0,inf,2,0
pancreas_integrated,42,0.05,endothelial,batch_heldout,outputs\pancreas_integrated\batch_heldout_seed42_endothelial_rare5pct,baseline,component,success,,1.5431647800090584,0.01,2373a4f6ec6225a2,12,c3df48297ac9ad0cff1f1b7e7d96ffc01c33f538d4e1b1bd3596760bf47850a4,"[""pancreas_integrated"",""endothelial"",""2373a4f6ec6225a2"",12,""c3df48297ac9ad0cff1f1b7e7d96ffc01c33f538d4e1b1bd3596760bf47850a4""]",1.0,1.0,1.0,0,0,0,,0.0,0.0,False,False,baseline_no_rescue,0,,1,0
pancreas_integrated,42,0.05,endothelial,batch_heldout,outputs\pancreas_integrated\batch_heldout_seed42_endothelial_rare5pct,minus_separability_gate,component,success,,1.5431647800090584,0.01,2373a4f6ec6225a2,12,c3df48297ac9ad0cff1f1b7e7d96ffc01c33f538d4e1b1bd3596760bf47850a4,"[""pancreas_integrated"",""endothelial"",""2373a4f6ec6225a2"",12,""c3df48297ac9ad0cff1f1b7e7d96ffc01c33f538d4e1b1bd3596760bf47850a4""]",1.0,1.0,1.0,0,0,0,,0.0,0.0,False,True,necessity,0,inf,1,0
pancreas_integrated,42,0.05,endothelial,batch_heldout,outputs\pancreas_integrated\batch_heldout_seed42_endothelial_rare5pct,minus_necessity_gate,component,success,,1.5431647800090584,0.01,2373a4f6ec6225a2,12,c3df48297ac9ad0cff1f1b7e7d96ffc01c33f538d4e1b1bd3596760bf47850a4,"[""pancreas_integrated"",""endothelial"",""2373a4f6ec6225a2"",12,""c3df48297ac9ad0cff1f1b7e7d96ffc01c33f538d4e1b1bd3596760bf47850a4""]",0.9787234042553191,1.0,0.9583333333333334,0,1,1,0.0,0.0005878894767783657,0.0005878894767783657,False,False,rescue_applied,1,0.1173051363489992,1,1
pancreas_integrated,42,0.05,endothelial,batch_heldout,outputs\pancreas_integrated\batch_heldout_seed42_endothelial_rare5pct,fixed_rank_1,component,success,,1.5431647800090584,0.01,2373a4f6ec6225a2,12,c3df48297ac9ad0cff1f1b7e7d96ffc01c33f538d4e1b1bd3596760bf47850a4,"[""pancreas_integrated"",""endothelial"",""2373a4f6ec6225a2"",12,""c3df48297ac9ad0cff1f1b7e7d96ffc01c33f538d4e1b1bd3596760bf47850a4""]",1.0,1.0,1.0,0,0,0,,0.0,0.0,False,True,necessity,0,inf,1,0
pancreas_integrated,42,0.05,endothelial,batch_heldout,outputs\pancreas_integrated\batch_heldout_seed42_endothelial_rare5pct,minus_conformal_tau,component,success,,1.5431647800090584,0.01,2373a4f6ec6225a2,12,c3df48297ac9ad0cff1f1b7e7d96ffc01c33f538d4e1b1bd3596760bf47850a4,"[""pancreas_integrated"",""endothelial"",""2373a4f6ec6225a2"",12,""c3df48297ac9ad0cff1f1b7e7d96ffc01c33f538d4e1b1bd3596760bf47850a4""]",1.0,1.0,1.0,0,0,0,,0.0,0.0,False,True,necessity,0,inf,1,0
pancreas_integrated,42,0.05,endothelial,batch_heldout,outputs\pancreas_integrated\batch_heldout_seed42_endothelial_rare5pct,full_method,component,success,,1.5431647800090584,0.01,2373a4f6ec6225a2,12,c3df48297ac9ad0cff1f1b7e7d96ffc01c33f538d4e1b1bd3596760bf47850a4,"[""pancreas_integrated"",""endothelial"",""2373a4f6ec6225a2"",12,""c3df48297ac9ad0cff1f1b7e7d96ffc01c33f538d4e1b1bd3596760bf47850a4""]",1.0,1.0,1.0,0,0,0,,0.0,0.0,False,True,val_missed=1 < MIN_VAL_MISSED=3,0,inf,1,0
pancreas_integrated,42,0.05,endothelial,batch_heldout,outputs\pancreas_integrated\batch_heldout_seed42_endothelial_rare5pct,rank_1,rank,success,,1.5431647800090584,0.01,2373a4f6ec6225a2,12,c3df48297ac9ad0cff1f1b7e7d96ffc01c33f538d4e1b1bd3596760bf47850a4,"[""pancreas_integrated"",""endothelial"",""2373a4f6ec6225a2"",12,""c3df48297ac9ad0cff1f1b7e7d96ffc01c33f538d4e1b1bd3596760bf47850a4""]",1.0,1.0,1.0,0,0,0,,0.0,0.0,False,True,necessity,0,inf,1,0
pancreas_integrated,42,0.05,endothelial,batch_heldout,outputs\pancreas_integrated\batch_heldout_seed42_endothelial_rare5pct,rank_2,rank,success,,1.5431647800090584,0.01,2373a4f6ec6225a2,12,c3df48297ac9ad0cff1f1b7e7d96ffc01c33f538d4e1b1bd3596760bf47850a4,"[""pancreas_integrated"",""endothelial"",""2373a4f6ec6225a2"",12,""c3df48297ac9ad0cff1f1b7e7d96ffc01c33f538d4e1b1bd3596760bf47850a4""]",1.0,1.0,1.0,0,0,0,,0.0,0.0,False,True,necessity,0,inf,1,0
pancreas_integrated,42,0.05,endothelial,batch_heldout,outputs\pancreas_integrated\batch_heldout_seed42_endothelial_rare5pct,rank_3,rank,success,,1.5431647800090584,0.01,2373a4f6ec6225a2,12,c3df48297ac9ad0cff1f1b7e7d96ffc01c33f538d4e1b1bd3596760bf47850a4,"[""pancreas_integrated"",""endothelial"",""2373a4f6ec6225a2"",12,""c3df48297ac9ad0cff1f1b7e7d96ffc01c33f538d4e1b1bd3596760bf47850a4""]",1.0,1.0,1.0,0,0,0,,0.0,0.0,False,True,necessity,0,inf,1,0
pancreas_integrated,42,0.05,endothelial,batch_heldout,outputs\pancreas_integrated\batch_heldout_seed42_endothelial_rare5pct,adaptive_rank,rank,success,,1.5431647800090584,0.01,2373a4f6ec6225a2,12,c3df48297ac9ad0cff1f1b7e7d96ffc01c33f538d4e1b1bd3596760bf47850a4,"[""pancreas_integrated"",""endothelial"",""2373a4f6ec6225a2"",12,""c3df48297ac9ad0cff1f1b7e7d96ffc01c33f538d4e1b1bd3596760bf47850a4""]",1.0,1.0,1.0,0,0,0,,0.0,0.0,False,True,val_missed=1 < MIN_VAL_MISSED=3,0,inf,1,0
pancreas_integrated,42,0.10,endothelial,batch_heldout,outputs\pancreas_integrated\batch_heldout_seed42_endothelial_rare10pct,baseline,component,success,,1.3409552296871317,0.01,2373a4f6ec6225a2,24,d1150c292e94762d2befd3c7c94696984ce7dc619fbf498dd3ae0c74b32a566b,"[""pancreas_integrated"",""endothelial"",""2373a4f6ec6225a2"",24,""d1150c292e94762d2befd3c7c94696984ce7dc619fbf498dd3ae0c74b32a566b""]",0.9787234042553191,1.0,0.9583333333333334,0,0,0,,0.0,0.0,False,False,baseline_no_rescue,0,,0,0
pancreas_integrated,42,0.10,endothelial,batch_heldout,outputs\pancreas_integrated\batch_heldout_seed42_endothelial_rare10pct,minus_separability_gate,component,success,,1.3409552296871317,0.01,2373a4f6ec6225a2,24,d1150c292e94762d2befd3c7c94696984ce7dc619fbf498dd3ae0c74b32a566b,"[""pancreas_integrated"",""endothelial"",""2373a4f6ec6225a2"",24,""d1150c292e94762d2befd3c7c94696984ce7dc619fbf498dd3ae0c74b32a566b""]",0.9787234042553191,1.0,0.9583333333333334,0,0,0,,0.0,0.0,False,True,necessity,0,inf,0,0
pancreas_integrated,42,0.10,endothelial,batch_heldout,outputs\pancreas_integrated\batch_heldout_seed42_endothelial_rare10pct,minus_necessity_gate,component,success,,1.3409552296871317,0.01,2373a4f6ec6225a2,24,d1150c292e94762d2befd3c7c94696984ce7dc619fbf498dd3ae0c74b32a566b,"[""pancreas_integrated"",""endothelial"",""2373a4f6ec6225a2"",24,""d1150c292e94762d2befd3c7c94696984ce7dc619fbf498dd3ae0c74b32a566b""]",0.9787234042553191,1.0,0.9583333333333334,0,0,0,,0.0,0.0,False,False,rescue_applied,1,0.12556967010171693,0,0
pancreas_integrated,42,0.10,endothelial,batch_heldout,outputs\pancreas_integrated\batch_heldout_seed42_endothelial_rare10pct,fixed_rank_1,component,success,,1.3409552296871317,0.01,2373a4f6ec6225a2,24,d1150c292e94762d2befd3c7c94696984ce7dc619fbf498dd3ae0c74b32a566b,"[""pancreas_integrated"",""endothelial"",""2373a4f6ec6225a2"",24,""d1150c292e94762d2befd3c7c94696984ce7dc619fbf498dd3ae0c74b32a566b""]",0.9787234042553191,1.0,0.9583333333333334,0,0,0,,0.0,0.0,False,True,necessity,0,inf,0,0
pancreas_integrated,42,0.10,endothelial,batch_heldout,outputs\pancreas_integrated\batch_heldout_seed42_endothelial_rare10pct,minus_conformal_tau,component,success,,1.3409552296871317,0.01,2373a4f6ec6225a2,24,d1150c292e94762d2befd3c7c94696984ce7dc619fbf498dd3ae0c74b32a566b,"[""pancreas_integrated"",""endothelial"",""2373a4f6ec6225a2"",24,""d1150c292e94762d2befd3c7c94696984ce7dc619fbf498dd3ae0c74b32a566b""]",0.9787234042553191,1.0,0.9583333333333334,0,0,0,,0.0,0.0,False,True,necessity,0,inf,0,0
pancreas_integrated,42,0.10,endothelial,batch_heldout,outputs\pancreas_integrated\batch_heldout_seed42_endothelial_rare10pct,full_method,component,success,,1.3409552296871317,0.01,2373a4f6ec6225a2,24,d1150c292e94762d2befd3c7c94696984ce7dc619fbf498dd3ae0c74b32a566b,"[""pancreas_integrated"",""endothelial"",""2373a4f6ec6225a2"",24,""d1150c292e94762d2befd3c7c94696984ce7dc619fbf498dd3ae0c74b32a566b""]",0.9787234042553191,1.0,0.9583333333333334,0,0,0,,0.0,0.0,False,True,val baseline 零漏判稀有,0,inf,0,0
pancreas_integrated,42,0.10,endothelial,batch_heldout,outputs\pancreas_integrated\batch_heldout_seed42_endothelial_rare10pct,rank_1,rank,success,,1.3409552296871317,0.01,2373a4f6ec6225a2,24,d1150c292e94762d2befd3c7c94696984ce7dc619fbf498dd3ae0c74b32a566b,"[""pancreas_integrated"",""endothelial"",""2373a4f6ec6225a2"",24,""d1150c292e94762d2befd3c7c94696984ce7dc619fbf498dd3ae0c74b32a566b""]",0.9787234042553191,1.0,0.9583333333333334,0,0,0,,0.0,0.0,False,True,necessity,0,inf,0,0
pancreas_integrated,42,0.10,endothelial,batch_heldout,outputs\pancreas_integrated\batch_heldout_seed42_endothelial_rare10pct,rank_2,rank,success,,1.3409552296871317,0.01,2373a4f6ec6225a2,24,d1150c292e94762d2befd3c7c94696984ce7dc619fbf498dd3ae0c74b32a566b,"[""pancreas_integrated"",""endothelial"",""2373a4f6ec6225a2"",24,""d1150c292e94762d2befd3c7c94696984ce7dc619fbf498dd3ae0c74b32a566b""]",0.9787234042553191,1.0,0.9583333333333334,0,0,0,,0.0,0.0,False,True,necessity,0,inf,0,0
pancreas_integrated,42,0.10,endothelial,batch_heldout,outputs\pancreas_integrated\batch_heldout_seed42_endothelial_rare10pct,rank_3,rank,success,,1.3409552296871317,0.01,2373a4f6ec6225a2,24,d1150c292e94762d2befd3c7c94696984ce7dc619fbf498dd3ae0c74b32a566b,"[""pancreas_integrated"",""endothelial"",""2373a4f6ec6225a2"",24,""d1150c292e94762d2befd3c7c94696984ce7dc619fbf498dd3ae0c74b32a566b""]",0.9787234042553191,1.0,0.9583333333333334,0,0,0,,0.0,0.0,False,True,necessity,0,inf,0,0
pancreas_integrated,42,0.10,endothelial,batch_heldout,outputs\pancreas_integrated\batch_heldout_seed42_endothelial_rare10pct,adaptive_rank,rank,success,,1.3409552296871317,0.01,2373a4f6ec6225a2,24,d1150c292e94762d2befd3c7c94696984ce7dc619fbf498dd3ae0c74b32a566b,"[""pancreas_integrated"",""endothelial"",""2373a4f6ec6225a2"",24,""d1150c292e94762d2befd3c7c94696984ce7dc619fbf498dd3ae0c74b32a566b""]",0.9787234042553191,1.0,0.9583333333333334,0,0,0,,0.0,0.0,False,True,val baseline 零漏判稀有,0,inf,0,0
pancreas_integrated,42,all,endothelial,batch_heldout,outputs\pancreas_integrated\batch_heldout_seed42_endothelial_rareall,baseline,component,success,,1.4441964275317618,0.01,2373a4f6ec6225a2,243,45a4996b89897c8894ebde5e1d7d238ccdccd5c9ab39f7f7d514dd495b1cc3b8,"[""pancreas_integrated"",""endothelial"",""2373a4f6ec6225a2"",243,""45a4996b89897c8894ebde5e1d7d238ccdccd5c9ab39f7f7d514dd495b1cc3b8""]",0.9583333333333334,1.0,0.92,0,0,0,,0.0,0.0,False,False,baseline_no_rescue,0,,0,0
pancreas_integrated,42,all,endothelial,batch_heldout,outputs\pancreas_integrated\batch_heldout_seed42_endothelial_rareall,minus_separability_gate,component,success,,1.4441964275317618,0.01,2373a4f6ec6225a2,243,45a4996b89897c8894ebde5e1d7d238ccdccd5c9ab39f7f7d514dd495b1cc3b8,"[""pancreas_integrated"",""endothelial"",""2373a4f6ec6225a2"",243,""45a4996b89897c8894ebde5e1d7d238ccdccd5c9ab39f7f7d514dd495b1cc3b8""]",0.9583333333333334,1.0,0.92,0,0,0,,0.0,0.0,False,True,necessity,0,inf,0,0
pancreas_integrated,42,all,endothelial,batch_heldout,outputs\pancreas_integrated\batch_heldout_seed42_endothelial_rareall,minus_necessity_gate,component,success,,1.4441964275317618,0.01,2373a4f6ec6225a2,243,45a4996b89897c8894ebde5e1d7d238ccdccd5c9ab39f7f7d514dd495b1cc3b8,"[""pancreas_integrated"",""endothelial"",""2373a4f6ec6225a2"",243,""45a4996b89897c8894ebde5e1d7d238ccdccd5c9ab39f7f7d514dd495b1cc3b8""]",0.9583333333333334,1.0,0.92,0,0,0,,0.0,0.0,False,False,rescue_applied,1,0.11841083309076354,0,0
pancreas_integrated,42,all,endothelial,batch_heldout,outputs\pancreas_integrated\batch_heldout_seed42_endothelial_rareall,fixed_rank_1,component,success,,1.4441964275317618,0.01,2373a4f6ec6225a2,243,45a4996b89897c8894ebde5e1d7d238ccdccd5c9ab39f7f7d514dd495b1cc3b8,"[""pancreas_integrated"",""endothelial"",""2373a4f6ec6225a2"",243,""45a4996b89897c8894ebde5e1d7d238ccdccd5c9ab39f7f7d514dd495b1cc3b8""]",0.9583333333333334,1.0,0.92,0,0,0,,0.0,0.0,False,True,necessity,0,inf,0,0
pancreas_integrated,42,all,endothelial,batch_heldout,outputs\pancreas_integrated\batch_heldout_seed42_endothelial_rareall,minus_conformal_tau,component,success,,1.4441964275317618,0.01,2373a4f6ec6225a2,243,45a4996b89897c8894ebde5e1d7d238ccdccd5c9ab39f7f7d514dd495b1cc3b8,"[""pancreas_integrated"",""endothelial"",""2373a4f6ec6225a2"",243,""45a4996b89897c8894ebde5e1d7d238ccdccd5c9ab39f7f7d514dd495b1cc3b8""]",0.9583333333333334,1.0,0.92,0,0,0,,0.0,0.0,False,True,necessity,0,inf,0,0
pancreas_integrated,42,all,endothelial,batch_heldout,outputs\pancreas_integrated\batch_heldout_seed42_endothelial_rareall,full_method,component,success,,1.4441964275317618,0.01,2373a4f6ec6225a2,243,45a4996b89897c8894ebde5e1d7d238ccdccd5c9ab39f7f7d514dd495b1cc3b8,"[""pancreas_integrated"",""endothelial"",""2373a4f6ec6225a2"",243,""45a4996b89897c8894ebde5e1d7d238ccdccd5c9ab39f7f7d514dd495b1cc3b8""]",0.9583333333333334,1.0,0.92,0,0,0,,0.0,0.0,False,True,val baseline 零漏判稀有,0,inf,0,0
pancreas_integrated,42,all,endothelial,batch_heldout,outputs\pancreas_integrated\batch_heldout_seed42_endothelial_rareall,rank_1,rank,success,,1.4441964275317618,0.01,2373a4f6ec6225a2,243,45a4996b89897c8894ebde5e1d7d238ccdccd5c9ab39f7f7d514dd495b1cc3b8,"[""pancreas_integrated"",""endothelial"",""2373a4f6ec6225a2"",243,""45a4996b89897c8894ebde5e1d7d238ccdccd5c9ab39f7f7d514dd495b1cc3b8""]",0.9583333333333334,1.0,0.92,0,0,0,,0.0,0.0,False,True,necessity,0,inf,0,0
pancreas_integrated,42,all,endothelial,batch_heldout,outputs\pancreas_integrated\batch_heldout_seed42_endothelial_rareall,rank_2,rank,success,,1.4441964275317618,0.01,2373a4f6ec6225a2,243,45a4996b89897c8894ebde5e1d7d238ccdccd5c9ab39f7f7d514dd495b1cc3b8,"[""pancreas_integrated"",""endothelial"",""2373a4f6ec6225a2"",243,""45a4996b89897c8894ebde5e1d7d238ccdccd5c9ab39f7f7d514dd495b1cc3b8""]",0.9583333333333334,1.0,0.92,0,0,0,,0.0,0.0,False,True,necessity,0,inf,0,0
pancreas_integrated,42,all,endothelial,batch_heldout,outputs\pancreas_integrated\batch_heldout_seed42_endothelial_rareall,rank_3,rank,success,,1.4441964275317618,0.01,2373a4f6ec6225a2,243,45a4996b89897c8894ebde5e1d7d238ccdccd5c9ab39f7f7d514dd495b1cc3b8,"[""pancreas_integrated"",""endothelial"",""2373a4f6ec6225a2"",243,""45a4996b89897c8894ebde5e1d7d238ccdccd5c9ab39f7f7d514dd495b1cc3b8""]",0.9583333333333334,1.0,0.92,0,0,0,,0.0,0.0,False,True,necessity,0,inf,0,0
pancreas_integrated,42,all,endothelial,batch_heldout,outputs\pancreas_integrated\batch_heldout_seed42_endothelial_rareall,adaptive_rank,rank,success,,1.4441964275317618,0.01,2373a4f6ec6225a2,243,45a4996b89897c8894ebde5e1d7d238ccdccd5c9ab39f7f7d514dd495b1cc3b8,"[""pancreas_integrated"",""endothelial"",""2373a4f6ec6225a2"",243,""45a4996b89897c8894ebde5e1d7d238ccdccd5c9ab39f7f7d514dd495b1cc3b8""]",0.9583333333333334,1.0,0.92,0,0,0,,0.0,0.0,False,True,val baseline 零漏判稀有,0,inf,0,0
pancreas_integrated,43,0.01,endothelial,batch_heldout,outputs\pancreas_integrated\batch_heldout_seed43_endothelial_rare1pct,baseline,component,success,,2.3225058448785476,0.01,2373a4f6ec6225a2,5,9a03e5aff3d10f4f6336e98732ba34a9ace481ed3ad1159c938c4a1132b05be6,"[""pancreas_integrated"",""endothelial"",""2373a4f6ec6225a2"",5,""9a03e5aff3d10f4f6336e98732ba34a9ace481ed3ad1159c938c4a1132b05be6""]",1.0,1.0,1.0,0,0,0,,0.0,0.0,False,False,baseline_no_rescue,0,,1,0
pancreas_integrated,43,0.01,endothelial,batch_heldout,outputs\pancreas_integrated\batch_heldout_seed43_endothelial_rare1pct,minus_separability_gate,component,success,,2.3225058448785476,0.01,2373a4f6ec6225a2,5,9a03e5aff3d10f4f6336e98732ba34a9ace481ed3ad1159c938c4a1132b05be6,"[""pancreas_integrated"",""endothelial"",""2373a4f6ec6225a2"",5,""9a03e5aff3d10f4f6336e98732ba34a9ace481ed3ad1159c938c4a1132b05be6""]",1.0,1.0,1.0,0,0,0,,0.0,0.0,False,True,necessity,0,inf,1,0
pancreas_integrated,43,0.01,endothelial,batch_heldout,outputs\pancreas_integrated\batch_heldout_seed43_endothelial_rare1pct,minus_necessity_gate,component,success,,2.3225058448785476,0.01,2373a4f6ec6225a2,5,9a03e5aff3d10f4f6336e98732ba34a9ace481ed3ad1159c938c4a1132b05be6,"[""pancreas_integrated"",""endothelial"",""2373a4f6ec6225a2"",5,""9a03e5aff3d10f4f6336e98732ba34a9ace481ed3ad1159c938c4a1132b05be6""]",1.0,1.0,1.0,0,0,0,,0.0,0.0,False,False,rescue_applied,2,0.045899302824632865,1,0
pancreas_integrated,43,0.01,endothelial,batch_heldout,outputs\pancreas_integrated\batch_heldout_seed43_endothelial_rare1pct,fixed_rank_1,component,success,,2.3225058448785476,0.01,2373a4f6ec6225a2,5,9a03e5aff3d10f4f6336e98732ba34a9ace481ed3ad1159c938c4a1132b05be6,"[""pancreas_integrated"",""endothelial"",""2373a4f6ec6225a2"",5,""9a03e5aff3d10f4f6336e98732ba34a9ace481ed3ad1159c938c4a1132b05be6""]",1.0,1.0,1.0,0,0,0,,0.0,0.0,False,True,necessity,0,inf,1,0
pancreas_integrated,43,0.01,endothelial,batch_heldout,outputs\pancreas_integrated\batch_heldout_seed43_endothelial_rare1pct,minus_conformal_tau,component,success,,2.3225058448785476,0.01,2373a4f6ec6225a2,5,9a03e5aff3d10f4f6336e98732ba34a9ace481ed3ad1159c938c4a1132b05be6,"[""pancreas_integrated"",""endothelial"",""2373a4f6ec6225a2"",5,""9a03e5aff3d10f4f6336e98732ba34a9ace481ed3ad1159c938c4a1132b05be6""]",1.0,1.0,1.0,0,0,0,,0.0,0.0,False,True,necessity,0,inf,1,0
pancreas_integrated,43,0.01,endothelial,batch_heldout,outputs\pancreas_integrated\batch_heldout_seed43_endothelial_rare1pct,full_method,component,success,,2.3225058448785476,0.01,2373a4f6ec6225a2,5,9a03e5aff3d10f4f6336e98732ba34a9ace481ed3ad1159c938c4a1132b05be6,"[""pancreas_integrated"",""endothelial"",""2373a4f6ec6225a2"",5,""9a03e5aff3d10f4f6336e98732ba34a9ace481ed3ad1159c938c4a1132b05be6""]",1.0,1.0,1.0,0,0,0,,0.0,0.0,False,True,val_missed=1 < MIN_VAL_MISSED=3,0,inf,1,0
pancreas_integrated,43,0.01,endothelial,batch_heldout,outputs\pancreas_integrated\batch_heldout_seed43_endothelial_rare1pct,rank_1,rank,success,,2.3225058448785476,0.01,2373a4f6ec6225a2,5,9a03e5aff3d10f4f6336e98732ba34a9ace481ed3ad1159c938c4a1132b05be6,"[""pancreas_integrated"",""endothelial"",""2373a4f6ec6225a2"",5,""9a03e5aff3d10f4f6336e98732ba34a9ace481ed3ad1159c938c4a1132b05be6""]",1.0,1.0,1.0,0,0,0,,0.0,0.0,False,True,necessity,0,inf,1,0
pancreas_integrated,43,0.01,endothelial,batch_heldout,outputs\pancreas_integrated\batch_heldout_seed43_endothelial_rare1pct,rank_2,rank,success,,2.3225058448785476,0.01,2373a4f6ec6225a2,5,9a03e5aff3d10f4f6336e98732ba34a9ace481ed3ad1159c938c4a1132b05be6,"[""pancreas_integrated"",""endothelial"",""2373a4f6ec6225a2"",5,""9a03e5aff3d10f4f6336e98732ba34a9ace481ed3ad1159c938c4a1132b05be6""]",1.0,1.0,1.0,0,0,0,,0.0,0.0,False,True,necessity,0,inf,1,0
pancreas_integrated,43,0.01,endothelial,batch_heldout,outputs\pancreas_integrated\batch_heldout_seed43_endothelial_rare1pct,rank_3,rank,success,,2.3225058448785476,0.01,2373a4f6ec6225a2,5,9a03e5aff3d10f4f6336e98732ba34a9ace481ed3ad1159c938c4a1132b05be6,"[""pancreas_integrated"",""endothelial"",""2373a4f6ec6225a2"",5,""9a03e5aff3d10f4f6336e98732ba34a9ace481ed3ad1159c938c4a1132b05be6""]",1.0,1.0,1.0,0,0,0,,0.0,0.0,False,True,necessity,0,inf,1,0
pancreas_integrated,43,0.01,endothelial,batch_heldout,outputs\pancreas_integrated\batch_heldout_seed43_endothelial_rare1pct,adaptive_rank,rank,success,,2.3225058448785476,0.01,2373a4f6ec6225a2,5,9a03e5aff3d10f4f6336e98732ba34a9ace481ed3ad1159c938c4a1132b05be6,"[""pancreas_integrated"",""endothelial"",""2373a4f6ec6225a2"",5,""9a03e5aff3d10f4f6336e98732ba34a9ace481ed3ad1159c938c4a1132b05be6""]",1.0,1.0,1.0,0,0,0,,0.0,0.0,False,True,val_missed=1 < MIN_VAL_MISSED=3,0,inf,1,0
pancreas_integrated,43,0.05,endothelial,batch_heldout,outputs\pancreas_integrated\batch_heldout_seed43_endothelial_rare5pct,baseline,component,success,,1.6065062893362476,0.01,2373a4f6ec6225a2,12,8de3b551ba3e91401fb92abced14cee7f47afd3603fe84841be80fd3f4f340a6,"[""pancreas_integrated"",""endothelial"",""2373a4f6ec6225a2"",12,""8de3b551ba3e91401fb92abced14cee7f47afd3603fe84841be80fd3f4f340a6""]",1.0,1.0,1.0,0,0,0,,0.0,0.0,False,False,baseline_no_rescue,0,,1,0
pancreas_integrated,43,0.05,endothelial,batch_heldout,outputs\pancreas_integrated\batch_heldout_seed43_endothelial_rare5pct,minus_separability_gate,component,success,,1.6065062893362476,0.01,2373a4f6ec6225a2,12,8de3b551ba3e91401fb92abced14cee7f47afd3603fe84841be80fd3f4f340a6,"[""pancreas_integrated"",""endothelial"",""2373a4f6ec6225a2"",12,""8de3b551ba3e91401fb92abced14cee7f47afd3603fe84841be80fd3f4f340a6""]",1.0,1.0,1.0,0,0,0,,0.0,0.0,False,True,necessity,0,inf,1,0
pancreas_integrated,43,0.05,endothelial,batch_heldout,outputs\pancreas_integrated\batch_heldout_seed43_endothelial_rare5pct,minus_necessity_gate,component,success,,1.6065062893362476,0.01,2373a4f6ec6225a2,12,8de3b551ba3e91401fb92abced14cee7f47afd3603fe84841be80fd3f4f340a6,"[""pancreas_integrated"",""endothelial"",""2373a4f6ec6225a2"",12,""8de3b551ba3e91401fb92abced14cee7f47afd3603fe84841be80fd3f4f340a6""]",0.9787234042553191,1.0,0.9583333333333334,0,1,1,0.0,0.0005878894767783657,0.0005878894767783657,False,False,rescue_applied,2,0.09012078125608214,1,1
pancreas_integrated,43,0.05,endothelial,batch_heldout,outputs\pancreas_integrated\batch_heldout_seed43_endothelial_rare5pct,fixed_rank_1,component,success,,1.6065062893362476,0.01,2373a4f6ec6225a2,12,8de3b551ba3e91401fb92abced14cee7f47afd3603fe84841be80fd3f4f340a6,"[""pancreas_integrated"",""endothelial"",""2373a4f6ec6225a2"",12,""8de3b551ba3e91401fb92abced14cee7f47afd3603fe84841be80fd3f4f340a6""]",1.0,1.0,1.0,0,0,0,,0.0,0.0,False,True,necessity,0,inf,1,0
pancreas_integrated,43,0.05,endothelial,batch_heldout,outputs\pancreas_integrated\batch_heldout_seed43_endothelial_rare5pct,minus_conformal_tau,component,success,,1.6065062893362476,0.01,2373a4f6ec6225a2,12,8de3b551ba3e91401fb92abced14cee7f47afd3603fe84841be80fd3f4f340a6,"[""pancreas_integrated"",""endothelial"",""2373a4f6ec6225a2"",12,""8de3b551ba3e91401fb92abced14cee7f47afd3603fe84841be80fd3f4f340a6""]",1.0,1.0,1.0,0,0,0,,0.0,0.0,False,True,necessity,0,inf,1,0
pancreas_integrated,43,0.05,endothelial,batch_heldout,outputs\pancreas_integrated\batch_heldout_seed43_endothelial_rare5pct,full_method,component,success,,1.6065062893362476,0.01,2373a4f6ec6225a2,12,8de3b551ba3e91401fb92abced14cee7f47afd3603fe84841be80fd3f4f340a6,"[""pancreas_integrated"",""endothelial"",""2373a4f6ec6225a2"",12,""8de3b551ba3e91401fb92abced14cee7f47afd3603fe84841be80fd3f4f340a6""]",1.0,1.0,1.0,0,0,0,,0.0,0.0,False,True,val_missed=1 < MIN_VAL_MISSED=3,0,inf,1,0
pancreas_integrated,43,0.05,endothelial,batch_heldout,outputs\pancreas_integrated\batch_heldout_seed43_endothelial_rare5pct,rank_1,rank,success,,1.6065062893362476,0.01,2373a4f6ec6225a2,12,8de3b551ba3e91401fb92abced14cee7f47afd3603fe84841be80fd3f4f340a6,"[""pancreas_integrated"",""endothelial"",""2373a4f6ec6225a2"",12,""8de3b551ba3e91401fb92abced14cee7f47afd3603fe84841be80fd3f4f340a6""]",1.0,1.0,1.0,0,0,0,,0.0,0.0,False,True,necessity,0,inf,1,0
pancreas_integrated,43,0.05,endothelial,batch_heldout,outputs\pancreas_integrated\batch_heldout_seed43_endothelial_rare5pct,rank_2,rank,success,,1.6065062893362476,0.01,2373a4f6ec6225a2,12,8de3b551ba3e91401fb92abced14cee7f47afd3603fe84841be80fd3f4f340a6,"[""pancreas_integrated"",""endothelial"",""2373a4f6ec6225a2"",12,""8de3b551ba3e91401fb92abced14cee7f47afd3603fe84841be80fd3f4f340a6""]",1.0,1.0,1.0,0,0,0,,0.0,0.0,False,True,necessity,0,inf,1,0
pancreas_integrated,43,0.05,endothelial,batch_heldout,outputs\pancreas_integrated\batch_heldout_seed43_endothelial_rare5pct,rank_3,rank,success,,1.6065062893362476,0.01,2373a4f6ec6225a2,12,8de3b551ba3e91401fb92abced14cee7f47afd3603fe84841be80fd3f4f340a6,"[""pancreas_integrated"",""endothelial"",""2373a4f6ec6225a2"",12,""8de3b551ba3e91401fb92abced14cee7f47afd3603fe84841be80fd3f4f340a6""]",1.0,1.0,1.0,0,0,0,,0.0,0.0,False,True,necessity,0,inf,1,0
pancreas_integrated,43,0.05,endothelial,batch_heldout,outputs\pancreas_integrated\batch_heldout_seed43_endothelial_rare5pct,adaptive_rank,rank,success,,1.6065062893362476,0.01,2373a4f6ec6225a2,12,8de3b551ba3e91401fb92abced14cee7f47afd3603fe84841be80fd3f4f340a6,"[""pancreas_integrated"",""endothelial"",""2373a4f6ec6225a2"",12,""8de3b551ba3e91401fb92abced14cee7f47afd3603fe84841be80fd3f4f340a6""]",1.0,1.0,1.0,0,0,0,,0.0,0.0,False,True,val_missed=1 < MIN_VAL_MISSED=3,0,inf,1,0
pancreas_integrated,43,0.10,endothelial,batch_heldout,outputs\pancreas_integrated\batch_heldout_seed43_endothelial_rare10pct,baseline,component,success,,1.3032288969759749,0.01,2373a4f6ec6225a2,24,8623132c05cdb9f8444dc4147fa5f981585d45843359abe89382fcc9231b40b8,"[""pancreas_integrated"",""endothelial"",""2373a4f6ec6225a2"",24,""8623132c05cdb9f8444dc4147fa5f981585d45843359abe89382fcc9231b40b8""]",1.0,1.0,1.0,0,0,0,,0.0,0.0,False,False,baseline_no_rescue,0,,1,0
pancreas_integrated,43,0.10,endothelial,batch_heldout,outputs\pancreas_integrated\batch_heldout_seed43_endothelial_rare10pct,minus_separability_gate,component,success,,1.3032288969759749,0.01,2373a4f6ec6225a2,24,8623132c05cdb9f8444dc4147fa5f981585d45843359abe89382fcc9231b40b8,"[""pancreas_integrated"",""endothelial"",""2373a4f6ec6225a2"",24,""8623132c05cdb9f8444dc4147fa5f981585d45843359abe89382fcc9231b40b8""]",1.0,1.0,1.0,0,0,0,,0.0,0.0,False,True,necessity,0,inf,1,0
pancreas_integrated,43,0.10,endothelial,batch_heldout,outputs\pancreas_integrated\batch_heldout_seed43_endothelial_rare10pct,minus_necessity_gate,component,success,,1.3032288969759749,0.01,2373a4f6ec6225a2,24,8623132c05cdb9f8444dc4147fa5f981585d45843359abe89382fcc9231b40b8,"[""pancreas_integrated"",""endothelial"",""2373a4f6ec6225a2"",24,""8623132c05cdb9f8444dc4147fa5f981585d45843359abe89382fcc9231b40b8""]",0.9583333333333334,1.0,0.92,0,2,2,0.0,0.0011757789535567313,0.0011757789535567313,False,False,rescue_applied,2,0.13025877995712248,1,2
pancreas_integrated,43,0.10,endothelial,batch_heldout,outputs\pancreas_integrated\batch_heldout_seed43_endothelial_rare10pct,fixed_rank_1,component,success,,1.3032288969759749,0.01,2373a4f6ec6225a2,24,8623132c05cdb9f8444dc4147fa5f981585d45843359abe89382fcc9231b40b8,"[""pancreas_integrated"",""endothelial"",""2373a4f6ec6225a2"",24,""8623132c05cdb9f8444dc4147fa5f981585d45843359abe89382fcc9231b40b8""]",1.0,1.0,1.0,0,0,0,,0.0,0.0,False,True,necessity,0,inf,1,0
pancreas_integrated,43,0.10,endothelial,batch_heldout,outputs\pancreas_integrated\batch_heldout_seed43_endothelial_rare10pct,minus_conformal_tau,component,success,,1.3032288969759749,0.01,2373a4f6ec6225a2,24,8623132c05cdb9f8444dc4147fa5f981585d45843359abe89382fcc9231b40b8,"[""pancreas_integrated"",""endothelial"",""2373a4f6ec6225a2"",24,""8623132c05cdb9f8444dc4147fa5f981585d45843359abe89382fcc9231b40b8""]",1.0,1.0,1.0,0,0,0,,0.0,0.0,False,True,necessity,0,inf,1,0
pancreas_integrated,43,0.10,endothelial,batch_heldout,outputs\pancreas_integrated\batch_heldout_seed43_endothelial_rare10pct,full_method,component,success,,1.3032288969759749,0.01,2373a4f6ec6225a2,24,8623132c05cdb9f8444dc4147fa5f981585d45843359abe89382fcc9231b40b8,"[""pancreas_integrated"",""endothelial"",""2373a4f6ec6225a2"",24,""8623132c05cdb9f8444dc4147fa5f981585d45843359abe89382fcc9231b40b8""]",1.0,1.0,1.0,0,0,0,,0.0,0.0,False,True,val_missed=1 < MIN_VAL_MISSED=3,0,inf,1,0
pancreas_integrated,43,0.10,endothelial,batch_heldout,outputs\pancreas_integrated\batch_heldout_seed43_endothelial_rare10pct,rank_1,rank,success,,1.3032288969759749,0.01,2373a4f6ec6225a2,24,8623132c05cdb9f8444dc4147fa5f981585d45843359abe89382fcc9231b40b8,"[""pancreas_integrated"",""endothelial"",""2373a4f6ec6225a2"",24,""8623132c05cdb9f8444dc4147fa5f981585d45843359abe89382fcc9231b40b8""]",1.0,1.0,1.0,0,0,0,,0.0,0.0,False,True,necessity,0,inf,1,0
pancreas_integrated,43,0.10,endothelial,batch_heldout,outputs\pancreas_integrated\batch_heldout_seed43_endothelial_rare10pct,rank_2,rank,success,,1.3032288969759749,0.01,2373a4f6ec6225a2,24,8623132c05cdb9f8444dc4147fa5f981585d45843359abe89382fcc9231b40b8,"[""pancreas_integrated"",""endothelial"",""2373a4f6ec6225a2"",24,""8623132c05cdb9f8444dc4147fa5f981585d45843359abe89382fcc9231b40b8""]",1.0,1.0,1.0,0,0,0,,0.0,0.0,False,True,necessity,0,inf,1,0
pancreas_integrated,43,0.10,endothelial,batch_heldout,outputs\pancreas_integrated\batch_heldout_seed43_endothelial_rare10pct,rank_3,rank,success,,1.3032288969759749,0.01,2373a4f6ec6225a2,24,8623132c05cdb9f8444dc4147fa5f981585d45843359abe89382fcc9231b40b8,"[""pancreas_integrated"",""endothelial"",""2373a4f6ec6225a2"",24,""8623132c05cdb9f8444dc4147fa5f981585d45843359abe89382fcc9231b40b8""]",1.0,1.0,1.0,0,0,0,,0.0,0.0,False,True,necessity,0,inf,1,0
pancreas_integrated,43,0.10,endothelial,batch_heldout,outputs\pancreas_integrated\batch_heldout_seed43_endothelial_rare10pct,adaptive_rank,rank,success,,1.3032288969759749,0.01,2373a4f6ec6225a2,24,8623132c05cdb9f8444dc4147fa5f981585d45843359abe89382fcc9231b40b8,"[""pancreas_integrated"",""endothelial"",""2373a4f6ec6225a2"",24,""8623132c05cdb9f8444dc4147fa5f981585d45843359abe89382fcc9231b40b8""]",1.0,1.0,1.0,0,0,0,,0.0,0.0,False,True,val_missed=1 < MIN_VAL_MISSED=3,0,inf,1,0
pancreas_integrated,43,all,endothelial,batch_heldout,outputs\pancreas_integrated\batch_heldout_seed43_endothelial_rareall,baseline,component,success,,1.4103775221365091,0.01,2373a4f6ec6225a2,243,45a4996b89897c8894ebde5e1d7d238ccdccd5c9ab39f7f7d514dd495b1cc3b8,"[""pancreas_integrated"",""endothelial"",""2373a4f6ec6225a2"",243,""45a4996b89897c8894ebde5e1d7d238ccdccd5c9ab39f7f7d514dd495b1cc3b8""]",0.9583333333333334,1.0,0.92,0,0,0,,0.0,0.0,False,False,baseline_no_rescue,0,,0,0
pancreas_integrated,43,all,endothelial,batch_heldout,outputs\pancreas_integrated\batch_heldout_seed43_endothelial_rareall,minus_separability_gate,component,success,,1.4103775221365091,0.01,2373a4f6ec6225a2,243,45a4996b89897c8894ebde5e1d7d238ccdccd5c9ab39f7f7d514dd495b1cc3b8,"[""pancreas_integrated"",""endothelial"",""2373a4f6ec6225a2"",243,""45a4996b89897c8894ebde5e1d7d238ccdccd5c9ab39f7f7d514dd495b1cc3b8""]",0.9583333333333334,1.0,0.92,0,0,0,,0.0,0.0,False,True,necessity,0,inf,0,0
pancreas_integrated,43,all,endothelial,batch_heldout,outputs\pancreas_integrated\batch_heldout_seed43_endothelial_rareall,minus_necessity_gate,component,success,,1.4103775221365091,0.01,2373a4f6ec6225a2,243,45a4996b89897c8894ebde5e1d7d238ccdccd5c9ab39f7f7d514dd495b1cc3b8,"[""pancreas_integrated"",""endothelial"",""2373a4f6ec6225a2"",243,""45a4996b89897c8894ebde5e1d7d238ccdccd5c9ab39f7f7d514dd495b1cc3b8""]",0.9583333333333334,1.0,0.92,0,0,0,,0.0,0.0,False,False,rescue_applied,1,0.11158862892141706,0,0
pancreas_integrated,43,all,endothelial,batch_heldout,outputs\pancreas_integrated\batch_heldout_seed43_endothelial_rareall,fixed_rank_1,component,success,,1.4103775221365091,0.01,2373a4f6ec6225a2,243,45a4996b89897c8894ebde5e1d7d238ccdccd5c9ab39f7f7d514dd495b1cc3b8,"[""pancreas_integrated"",""endothelial"",""2373a4f6ec6225a2"",243,""45a4996b89897c8894ebde5e1d7d238ccdccd5c9ab39f7f7d514dd495b1cc3b8""]",0.9583333333333334,1.0,0.92,0,0,0,,0.0,0.0,False,True,necessity,0,inf,0,0
pancreas_integrated,43,all,endothelial,batch_heldout,outputs\pancreas_integrated\batch_heldout_seed43_endothelial_rareall,minus_conformal_tau,component,success,,1.4103775221365091,0.01,2373a4f6ec6225a2,243,45a4996b89897c8894ebde5e1d7d238ccdccd5c9ab39f7f7d514dd495b1cc3b8,"[""pancreas_integrated"",""endothelial"",""2373a4f6ec6225a2"",243,""45a4996b89897c8894ebde5e1d7d238ccdccd5c9ab39f7f7d514dd495b1cc3b8""]",0.9583333333333334,1.0,0.92,0,0,0,,0.0,0.0,False,True,necessity,0,inf,0,0
pancreas_integrated,43,all,endothelial,batch_heldout,outputs\pancreas_integrated\batch_heldout_seed43_endothelial_rareall,full_method,component,success,,1.4103775221365091,0.01,2373a4f6ec6225a2,243,45a4996b89897c8894ebde5e1d7d238ccdccd5c9ab39f7f7d514dd495b1cc3b8,"[""pancreas_integrated"",""endothelial"",""2373a4f6ec6225a2"",243,""45a4996b89897c8894ebde5e1d7d238ccdccd5c9ab39f7f7d514dd495b1cc3b8""]",0.9583333333333334,1.0,0.92,0,0,0,,0.0,0.0,False,True,val baseline 零漏判稀有,0,inf,0,0
pancreas_integrated,43,all,endothelial,batch_heldout,outputs\pancreas_integrated\batch_heldout_seed43_endothelial_rareall,rank_1,rank,success,,1.4103775221365091,0.01,2373a4f6ec6225a2,243,45a4996b89897c8894ebde5e1d7d238ccdccd5c9ab39f7f7d514dd495b1cc3b8,"[""pancreas_integrated"",""endothelial"",""2373a4f6ec6225a2"",243,""45a4996b89897c8894ebde5e1d7d238ccdccd5c9ab39f7f7d514dd495b1cc3b8""]",0.9583333333333334,1.0,0.92,0,0,0,,0.0,0.0,False,True,necessity,0,inf,0,0
pancreas_integrated,43,all,endothelial,batch_heldout,outputs\pancreas_integrated\batch_heldout_seed43_endothelial_rareall,rank_2,rank,success,,1.4103775221365091,0.01,2373a4f6ec6225a2,243,45a4996b89897c8894ebde5e1d7d238ccdccd5c9ab39f7f7d514dd495b1cc3b8,"[""pancreas_integrated"",""endothelial"",""2373a4f6ec6225a2"",243,""45a4996b89897c8894ebde5e1d7d238ccdccd5c9ab39f7f7d514dd495b1cc3b8""]",0.9583333333333334,1.0,0.92,0,0,0,,0.0,0.0,False,True,necessity,0,inf,0,0
pancreas_integrated,43,all,endothelial,batch_heldout,outputs\pancreas_integrated\batch_heldout_seed43_endothelial_rareall,rank_3,rank,success,,1.4103775221365091,0.01,2373a4f6ec6225a2,243,45a4996b89897c8894ebde5e1d7d238ccdccd5c9ab39f7f7d514dd495b1cc3b8,"[""pancreas_integrated"",""endothelial"",""2373a4f6ec6225a2"",243,""45a4996b89897c8894ebde5e1d7d238ccdccd5c9ab39f7f7d514dd495b1cc3b8""]",0.9583333333333334,1.0,0.92,0,0,0,,0.0,0.0,False,True,necessity,0,inf,0,0
pancreas_integrated,43,all,endothelial,batch_heldout,outputs\pancreas_integrated\batch_heldout_seed43_endothelial_rareall,adaptive_rank,rank,success,,1.4103775221365091,0.01,2373a4f6ec6225a2,243,45a4996b89897c8894ebde5e1d7d238ccdccd5c9ab39f7f7d514dd495b1cc3b8,"[""pancreas_integrated"",""endothelial"",""2373a4f6ec6225a2"",243,""45a4996b89897c8894ebde5e1d7d238ccdccd5c9ab39f7f7d514dd495b1cc3b8""]",0.9583333333333334,1.0,0.92,0,0,0,,0.0,0.0,False,True,val baseline 零漏判稀有,0,inf,0,0
pancreas_integrated,44,0.01,endothelial,batch_heldout,outputs\pancreas_integrated\batch_heldout_seed44_endothelial_rare1pct,baseline,component,success,,1.4166589946361952,0.01,2373a4f6ec6225a2,5,5a096829621975cb4e5f80d445af601df0463bdc488c46ef3fe7c9e15d792b4a,"[""pancreas_integrated"",""endothelial"",""2373a4f6ec6225a2"",5,""5a096829621975cb4e5f80d445af601df0463bdc488c46ef3fe7c9e15d792b4a""]",0.0,0.0,0.0,0,0,0,,0.0,0.0,False,False,baseline_no_rescue,0,,5,0
pancreas_integrated,44,0.01,endothelial,batch_heldout,outputs\pancreas_integrated\batch_heldout_seed44_endothelial_rare1pct,minus_separability_gate,component,success,,1.4166589946361952,0.01,2373a4f6ec6225a2,5,5a096829621975cb4e5f80d445af601df0463bdc488c46ef3fe7c9e15d792b4a,"[""pancreas_integrated"",""endothelial"",""2373a4f6ec6225a2"",5,""5a096829621975cb4e5f80d445af601df0463bdc488c46ef3fe7c9e15d792b4a""]",1.0,1.0,1.0,23,0,23,1.0,0.0,0.0,False,False,rescue_applied,1,0.11839036272394325,5,23
pancreas_integrated,44,0.01,endothelial,batch_heldout,outputs\pancreas_integrated\batch_heldout_seed44_endothelial_rare1pct,minus_necessity_gate,component,success,,1.4166589946361952,0.01,2373a4f6ec6225a2,5,5a096829621975cb4e5f80d445af601df0463bdc488c46ef3fe7c9e15d792b4a,"[""pancreas_integrated"",""endothelial"",""2373a4f6ec6225a2"",5,""5a096829621975cb4e5f80d445af601df0463bdc488c46ef3fe7c9e15d792b4a""]",1.0,1.0,1.0,23,0,23,1.0,0.0,0.0,False,False,rescue_applied,1,0.11839036272394325,5,23
pancreas_integrated,44,0.01,endothelial,batch_heldout,outputs\pancreas_integrated\batch_heldout_seed44_endothelial_rare1pct,fixed_rank_1,component,success,,1.4166589946361952,0.01,2373a4f6ec6225a2,5,5a096829621975cb4e5f80d445af601df0463bdc488c46ef3fe7c9e15d792b4a,"[""pancreas_integrated"",""endothelial"",""2373a4f6ec6225a2"",5,""5a096829621975cb4e5f80d445af601df0463bdc488c46ef3fe7c9e15d792b4a""]",1.0,1.0,1.0,23,0,23,1.0,0.0,0.0,False,False,rescue_applied,1,0.11839036272394325,5,23
pancreas_integrated,44,0.01,endothelial,batch_heldout,outputs\pancreas_integrated\batch_heldout_seed44_endothelial_rare1pct,minus_conformal_tau,component,success,,1.4166589946361952,0.01,2373a4f6ec6225a2,5,5a096829621975cb4e5f80d445af601df0463bdc488c46ef3fe7c9e15d792b4a,"[""pancreas_integrated"",""endothelial"",""2373a4f6ec6225a2"",5,""5a096829621975cb4e5f80d445af601df0463bdc488c46ef3fe7c9e15d792b4a""]",1.0,1.0,1.0,23,0,23,1.0,0.0,0.0,False,False,rescue_applied,1,-inf,5,23
pancreas_integrated,44,0.01,endothelial,batch_heldout,outputs\pancreas_integrated\batch_heldout_seed44_endothelial_rare1pct,full_method,component,success,,1.4166589946361952,0.01,2373a4f6ec6225a2,5,5a096829621975cb4e5f80d445af601df0463bdc488c46ef3fe7c9e15d792b4a,"[""pancreas_integrated"",""endothelial"",""2373a4f6ec6225a2"",5,""5a096829621975cb4e5f80d445af601df0463bdc488c46ef3fe7c9e15d792b4a""]",1.0,1.0,1.0,23,0,23,1.0,0.0,0.0,False,False,rescue_applied,1,0.11839036272394325,5,23
pancreas_integrated,44,0.01,endothelial,batch_heldout,outputs\pancreas_integrated\batch_heldout_seed44_endothelial_rare1pct,rank_1,rank,success,,1.4166589946361952,0.01,2373a4f6ec6225a2,5,5a096829621975cb4e5f80d445af601df0463bdc488c46ef3fe7c9e15d792b4a,"[""pancreas_integrated"",""endothelial"",""2373a4f6ec6225a2"",5,""5a096829621975cb4e5f80d445af601df0463bdc488c46ef3fe7c9e15d792b4a""]",1.0,1.0,1.0,23,0,23,1.0,0.0,0.0,False,False,rescue_applied,1,0.11839036272394325,5,23
pancreas_integrated,44,0.01,endothelial,batch_heldout,outputs\pancreas_integrated\batch_heldout_seed44_endothelial_rare1pct,rank_2,rank,success,,1.4166589946361952,0.01,2373a4f6ec6225a2,5,5a096829621975cb4e5f80d445af601df0463bdc488c46ef3fe7c9e15d792b4a,"[""pancreas_integrated"",""endothelial"",""2373a4f6ec6225a2"",5,""5a096829621975cb4e5f80d445af601df0463bdc488c46ef3fe7c9e15d792b4a""]",0.92,1.0,0.8518518518518519,23,4,27,0.8518518518518519,0.0023515579071134627,0.0023515579071134627,False,False,rescue_applied,2,0.11839036272394325,5,32
pancreas_integrated,44,0.01,endothelial,batch_heldout,outputs\pancreas_integrated\batch_heldout_seed44_endothelial_rare1pct,rank_3,rank,success,,1.4166589946361952,0.01,2373a4f6ec6225a2,5,5a096829621975cb4e5f80d445af601df0463bdc488c46ef3fe7c9e15d792b4a,"[""pancreas_integrated"",""endothelial"",""2373a4f6ec6225a2"",5,""5a096829621975cb4e5f80d445af601df0463bdc488c46ef3fe7c9e15d792b4a""]",0.7796610169491526,1.0,0.6388888888888888,23,13,36,0.6388888888888888,0.007642563198118754,0.007642563198118754,False,False,rescue_applied,3,0.11839036272394325,5,133
pancreas_integrated,44,0.01,endothelial,batch_heldout,outputs\pancreas_integrated\batch_heldout_seed44_endothelial_rare1pct,adaptive_rank,rank,success,,1.4166589946361952,0.01,2373a4f6ec6225a2,5,5a096829621975cb4e5f80d445af601df0463bdc488c46ef3fe7c9e15d792b4a,"[""pancreas_integrated"",""endothelial"",""2373a4f6ec6225a2"",5,""5a096829621975cb4e5f80d445af601df0463bdc488c46ef3fe7c9e15d792b4a""]",1.0,1.0,1.0,23,0,23,1.0,0.0,0.0,False,False,rescue_applied,1,0.11839036272394325,5,23
pancreas_integrated,44,0.05,endothelial,batch_heldout,outputs\pancreas_integrated\batch_heldout_seed44_endothelial_rare5pct,baseline,component,success,,1.5340821664253836,0.01,2373a4f6ec6225a2,12,00d3e6540e6ea3aa0be396c712ffab70e5b346b80054bf1151a23669a0d6609b,"[""pancreas_integrated"",""endothelial"",""2373a4f6ec6225a2"",12,""00d3e6540e6ea3aa0be396c712ffab70e5b346b80054bf1151a23669a0d6609b""]",1.0,1.0,1.0,0,0,0,,0.0,0.0,False,False,baseline_no_rescue,0,,1,0
pancreas_integrated,44,0.05,endothelial,batch_heldout,outputs\pancreas_integrated\batch_heldout_seed44_endothelial_rare5pct,minus_separability_gate,component,success,,1.5340821664253836,0.01,2373a4f6ec6225a2,12,00d3e6540e6ea3aa0be396c712ffab70e5b346b80054bf1151a23669a0d6609b,"[""pancreas_integrated"",""endothelial"",""2373a4f6ec6225a2"",12,""00d3e6540e6ea3aa0be396c712ffab70e5b346b80054bf1151a23669a0d6609b""]",1.0,1.0,1.0,0,0,0,,0.0,0.0,False,True,necessity,0,inf,1,0
pancreas_integrated,44,0.05,endothelial,batch_heldout,outputs\pancreas_integrated\batch_heldout_seed44_endothelial_rare5pct,minus_necessity_gate,component,success,,1.5340821664253836,0.01,2373a4f6ec6225a2,12,00d3e6540e6ea3aa0be396c712ffab70e5b346b80054bf1151a23669a0d6609b,"[""pancreas_integrated"",""endothelial"",""2373a4f6ec6225a2"",12,""00d3e6540e6ea3aa0be396c712ffab70e5b346b80054bf1151a23669a0d6609b""]",1.0,1.0,1.0,0,0,0,,0.0,0.0,False,False,rescue_applied,1,0.11042896991185053,1,0
pancreas_integrated,44,0.05,endothelial,batch_heldout,outputs\pancreas_integrated\batch_heldout_seed44_endothelial_rare5pct,fixed_rank_1,component,success,,1.5340821664253836,0.01,2373a4f6ec6225a2,12,00d3e6540e6ea3aa0be396c712ffab70e5b346b80054bf1151a23669a0d6609b,"[""pancreas_integrated"",""endothelial"",""2373a4f6ec6225a2"",12,""00d3e6540e6ea3aa0be396c712ffab70e5b346b80054bf1151a23669a0d6609b""]",1.0,1.0,1.0,0,0,0,,0.0,0.0,False,True,necessity,0,inf,1,0
pancreas_integrated,44,0.05,endothelial,batch_heldout,outputs\pancreas_integrated\batch_heldout_seed44_endothelial_rare5pct,minus_conformal_tau,component,success,,1.5340821664253836,0.01,2373a4f6ec6225a2,12,00d3e6540e6ea3aa0be396c712ffab70e5b346b80054bf1151a23669a0d6609b,"[""pancreas_integrated"",""endothelial"",""2373a4f6ec6225a2"",12,""00d3e6540e6ea3aa0be396c712ffab70e5b346b80054bf1151a23669a0d6609b""]",1.0,1.0,1.0,0,0,0,,0.0,0.0,False,True,necessity,0,inf,1,0
pancreas_integrated,44,0.05,endothelial,batch_heldout,outputs\pancreas_integrated\batch_heldout_seed44_endothelial_rare5pct,full_method,component,success,,1.5340821664253836,0.01,2373a4f6ec6225a2,12,00d3e6540e6ea3aa0be396c712ffab70e5b346b80054bf1151a23669a0d6609b,"[""pancreas_integrated"",""endothelial"",""2373a4f6ec6225a2"",12,""00d3e6540e6ea3aa0be396c712ffab70e5b346b80054bf1151a23669a0d6609b""]",1.0,1.0,1.0,0,0,0,,0.0,0.0,False,True,val_missed=1 < MIN_VAL_MISSED=3,0,inf,1,0
pancreas_integrated,44,0.05,endothelial,batch_heldout,outputs\pancreas_integrated\batch_heldout_seed44_endothelial_rare5pct,rank_1,rank,success,,1.5340821664253836,0.01,2373a4f6ec6225a2,12,00d3e6540e6ea3aa0be396c712ffab70e5b346b80054bf1151a23669a0d6609b,"[""pancreas_integrated"",""endothelial"",""2373a4f6ec6225a2"",12,""00d3e6540e6ea3aa0be396c712ffab70e5b346b80054bf1151a23669a0d6609b""]",1.0,1.0,1.0,0,0,0,,0.0,0.0,False,True,necessity,0,inf,1,0
pancreas_integrated,44,0.05,endothelial,batch_heldout,outputs\pancreas_integrated\batch_heldout_seed44_endothelial_rare5pct,rank_2,rank,success,,1.5340821664253836,0.01,2373a4f6ec6225a2,12,00d3e6540e6ea3aa0be396c712ffab70e5b346b80054bf1151a23669a0d6609b,"[""pancreas_integrated"",""endothelial"",""2373a4f6ec6225a2"",12,""00d3e6540e6ea3aa0be396c712ffab70e5b346b80054bf1151a23669a0d6609b""]",1.0,1.0,1.0,0,0,0,,0.0,0.0,False,True,necessity,0,inf,1,0
pancreas_integrated,44,0.05,endothelial,batch_heldout,outputs\pancreas_integrated\batch_heldout_seed44_endothelial_rare5pct,rank_3,rank,success,,1.5340821664253836,0.01,2373a4f6ec6225a2,12,00d3e6540e6ea3aa0be396c712ffab70e5b346b80054bf1151a23669a0d6609b,"[""pancreas_integrated"",""endothelial"",""2373a4f6ec6225a2"",12,""00d3e6540e6ea3aa0be396c712ffab70e5b346b80054bf1151a23669a0d6609b""]",1.0,1.0,1.0,0,0,0,,0.0,0.0,False,True,necessity,0,inf,1,0
pancreas_integrated,44,0.05,endothelial,batch_heldout,outputs\pancreas_integrated\batch_heldout_seed44_endothelial_rare5pct,adaptive_rank,rank,success,,1.5340821664253836,0.01,2373a4f6ec6225a2,12,00d3e6540e6ea3aa0be396c712ffab70e5b346b80054bf1151a23669a0d6609b,"[""pancreas_integrated"",""endothelial"",""2373a4f6ec6225a2"",12,""00d3e6540e6ea3aa0be396c712ffab70e5b346b80054bf1151a23669a0d6609b""]",1.0,1.0,1.0,0,0,0,,0.0,0.0,False,True,val_missed=1 < MIN_VAL_MISSED=3,0,inf,1,0
pancreas_integrated,44,0.10,endothelial,batch_heldout,outputs\pancreas_integrated\batch_heldout_seed44_endothelial_rare10pct,baseline,component,success,,1.5686109921324445,0.01,2373a4f6ec6225a2,24,9749e0aede85c354c2c1910e60f2ca93cd579894f18cecc5bcb9af574f15a62c,"[""pancreas_integrated"",""endothelial"",""2373a4f6ec6225a2"",24,""9749e0aede85c354c2c1910e60f2ca93cd579894f18cecc5bcb9af574f15a62c""]",1.0,1.0,1.0,0,0,0,,0.0,0.0,False,False,baseline_no_rescue,0,,0,0
pancreas_integrated,44,0.10,endothelial,batch_heldout,outputs\pancreas_integrated\batch_heldout_seed44_endothelial_rare10pct,minus_separability_gate,component,success,,1.5686109921324445,0.01,2373a4f6ec6225a2,24,9749e0aede85c354c2c1910e60f2ca93cd579894f18cecc5bcb9af574f15a62c,"[""pancreas_integrated"",""endothelial"",""2373a4f6ec6225a2"",24,""9749e0aede85c354c2c1910e60f2ca93cd579894f18cecc5bcb9af574f15a62c""]",1.0,1.0,1.0,0,0,0,,0.0,0.0,False,True,necessity,0,inf,0,0
pancreas_integrated,44,0.10,endothelial,batch_heldout,outputs\pancreas_integrated\batch_heldout_seed44_endothelial_rare10pct,minus_necessity_gate,component,success,,1.5686109921324445,0.01,2373a4f6ec6225a2,24,9749e0aede85c354c2c1910e60f2ca93cd579894f18cecc5bcb9af574f15a62c,"[""pancreas_integrated"",""endothelial"",""2373a4f6ec6225a2"",24,""9749e0aede85c354c2c1910e60f2ca93cd579894f18cecc5bcb9af574f15a62c""]",1.0,1.0,1.0,0,0,0,,0.0,0.0,False,False,rescue_applied,1,0.08979268391265346,0,0
pancreas_integrated,44,0.10,endothelial,batch_heldout,outputs\pancreas_integrated\batch_heldout_seed44_endothelial_rare10pct,fixed_rank_1,component,success,,1.5686109921324445,0.01,2373a4f6ec6225a2,24,9749e0aede85c354c2c1910e60f2ca93cd579894f18cecc5bcb9af574f15a62c,"[""pancreas_integrated"",""endothelial"",""2373a4f6ec6225a2"",24,""9749e0aede85c354c2c1910e60f2ca93cd579894f18cecc5bcb9af574f15a62c""]",1.0,1.0,1.0,0,0,0,,0.0,0.0,False,True,necessity,0,inf,0,0
pancreas_integrated,44,0.10,endothelial,batch_heldout,outputs\pancreas_integrated\batch_heldout_seed44_endothelial_rare10pct,minus_conformal_tau,component,success,,1.5686109921324445,0.01,2373a4f6ec6225a2,24,9749e0aede85c354c2c1910e60f2ca93cd579894f18cecc5bcb9af574f15a62c,"[""pancreas_integrated"",""endothelial"",""2373a4f6ec6225a2"",24,""9749e0aede85c354c2c1910e60f2ca93cd579894f18cecc5bcb9af574f15a62c""]",1.0,1.0,1.0,0,0,0,,0.0,0.0,False,True,necessity,0,inf,0,0
pancreas_integrated,44,0.10,endothelial,batch_heldout,outputs\pancreas_integrated\batch_heldout_seed44_endothelial_rare10pct,full_method,component,success,,1.5686109921324445,0.01,2373a4f6ec6225a2,24,9749e0aede85c354c2c1910e60f2ca93cd579894f18cecc5bcb9af574f15a62c,"[""pancreas_integrated"",""endothelial"",""2373a4f6ec6225a2"",24,""9749e0aede85c354c2c1910e60f2ca93cd579894f18cecc5bcb9af574f15a62c""]",1.0,1.0,1.0,0,0,0,,0.0,0.0,False,True,val baseline 零漏判稀有,0,inf,0,0
pancreas_integrated,44,0.10,endothelial,batch_heldout,outputs\pancreas_integrated\batch_heldout_seed44_endothelial_rare10pct,rank_1,rank,success,,1.5686109921324445,0.01,2373a4f6ec6225a2,24,9749e0aede85c354c2c1910e60f2ca93cd579894f18cecc5bcb9af574f15a62c,"[""pancreas_integrated"",""endothelial"",""2373a4f6ec6225a2"",24,""9749e0aede85c354c2c1910e60f2ca93cd579894f18cecc5bcb9af574f15a62c""]",1.0,1.0,1.0,0,0,0,,0.0,0.0,False,True,necessity,0,inf,0,0
pancreas_integrated,44,0.10,endothelial,batch_heldout,outputs\pancreas_integrated\batch_heldout_seed44_endothelial_rare10pct,rank_2,rank,success,,1.5686109921324445,0.01,2373a4f6ec6225a2,24,9749e0aede85c354c2c1910e60f2ca93cd579894f18cecc5bcb9af574f15a62c,"[""pancreas_integrated"",""endothelial"",""2373a4f6ec6225a2"",24,""9749e0aede85c354c2c1910e60f2ca93cd579894f18cecc5bcb9af574f15a62c""]",1.0,1.0,1.0,0,0,0,,0.0,0.0,False,True,necessity,0,inf,0,0
pancreas_integrated,44,0.10,endothelial,batch_heldout,outputs\pancreas_integrated\batch_heldout_seed44_endothelial_rare10pct,rank_3,rank,success,,1.5686109921324445,0.01,2373a4f6ec6225a2,24,9749e0aede85c354c2c1910e60f2ca93cd579894f18cecc5bcb9af574f15a62c,"[""pancreas_integrated"",""endothelial"",""2373a4f6ec6225a2"",24,""9749e0aede85c354c2c1910e60f2ca93cd579894f18cecc5bcb9af574f15a62c""]",1.0,1.0,1.0,0,0,0,,0.0,0.0,False,True,necessity,0,inf,0,0
pancreas_integrated,44,0.10,endothelial,batch_heldout,outputs\pancreas_integrated\batch_heldout_seed44_endothelial_rare10pct,adaptive_rank,rank,success,,1.5686109921324445,0.01,2373a4f6ec6225a2,24,9749e0aede85c354c2c1910e60f2ca93cd579894f18cecc5bcb9af574f15a62c,"[""pancreas_integrated"",""endothelial"",""2373a4f6ec6225a2"",24,""9749e0aede85c354c2c1910e60f2ca93cd579894f18cecc5bcb9af574f15a62c""]",1.0,1.0,1.0,0,0,0,,0.0,0.0,False,True,val baseline 零漏判稀有,0,inf,0,0
pancreas_integrated,44,all,endothelial,batch_heldout,outputs\pancreas_integrated\batch_heldout_seed44_endothelial_rareall,baseline,component,success,,1.36654747640278,0.01,2373a4f6ec6225a2,243,45a4996b89897c8894ebde5e1d7d238ccdccd5c9ab39f7f7d514dd495b1cc3b8,"[""pancreas_integrated"",""endothelial"",""2373a4f6ec6225a2"",243,""45a4996b89897c8894ebde5e1d7d238ccdccd5c9ab39f7f7d514dd495b1cc3b8""]",0.9787234042553191,1.0,0.9583333333333334,0,0,0,,0.0,0.0,False,False,baseline_no_rescue,0,,0,0
pancreas_integrated,44,all,endothelial,batch_heldout,outputs\pancreas_integrated\batch_heldout_seed44_endothelial_rareall,minus_separability_gate,component,success,,1.36654747640278,0.01,2373a4f6ec6225a2,243,45a4996b89897c8894ebde5e1d7d238ccdccd5c9ab39f7f7d514dd495b1cc3b8,"[""pancreas_integrated"",""endothelial"",""2373a4f6ec6225a2"",243,""45a4996b89897c8894ebde5e1d7d238ccdccd5c9ab39f7f7d514dd495b1cc3b8""]",0.9787234042553191,1.0,0.9583333333333334,0,0,0,,0.0,0.0,False,True,necessity,0,inf,0,0
pancreas_integrated,44,all,endothelial,batch_heldout,outputs\pancreas_integrated\batch_heldout_seed44_endothelial_rareall,minus_necessity_gate,component,success,,1.36654747640278,0.01,2373a4f6ec6225a2,243,45a4996b89897c8894ebde5e1d7d238ccdccd5c9ab39f7f7d514dd495b1cc3b8,"[""pancreas_integrated"",""endothelial"",""2373a4f6ec6225a2"",243,""45a4996b89897c8894ebde5e1d7d238ccdccd5c9ab39f7f7d514dd495b1cc3b8""]",0.9787234042553191,1.0,0.9583333333333334,0,0,0,,0.0,0.0,False,False,rescue_applied,1,0.10627147864881896,0,0
pancreas_integrated,44,all,endothelial,batch_heldout,outputs\pancreas_integrated\batch_heldout_seed44_endothelial_rareall,fixed_rank_1,component,success,,1.36654747640278,0.01,2373a4f6ec6225a2,243,45a4996b89897c8894ebde5e1d7d238ccdccd5c9ab39f7f7d514dd495b1cc3b8,"[""pancreas_integrated"",""endothelial"",""2373a4f6ec6225a2"",243,""45a4996b89897c8894ebde5e1d7d238ccdccd5c9ab39f7f7d514dd495b1cc3b8""]",0.9787234042553191,1.0,0.9583333333333334,0,0,0,,0.0,0.0,False,True,necessity,0,inf,0,0
pancreas_integrated,44,all,endothelial,batch_heldout,outputs\pancreas_integrated\batch_heldout_seed44_endothelial_rareall,minus_conformal_tau,component,success,,1.36654747640278,0.01,2373a4f6ec6225a2,243,45a4996b89897c8894ebde5e1d7d238ccdccd5c9ab39f7f7d514dd495b1cc3b8,"[""pancreas_integrated"",""endothelial"",""2373a4f6ec6225a2"",243,""45a4996b89897c8894ebde5e1d7d238ccdccd5c9ab39f7f7d514dd495b1cc3b8""]",0.9787234042553191,1.0,0.9583333333333334,0,0,0,,0.0,0.0,False,True,necessity,0,inf,0,0
pancreas_integrated,44,all,endothelial,batch_heldout,outputs\pancreas_integrated\batch_heldout_seed44_endothelial_rareall,full_method,component,success,,1.36654747640278,0.01,2373a4f6ec6225a2,243,45a4996b89897c8894ebde5e1d7d238ccdccd5c9ab39f7f7d514dd495b1cc3b8,"[""pancreas_integrated"",""endothelial"",""2373a4f6ec6225a2"",243,""45a4996b89897c8894ebde5e1d7d238ccdccd5c9ab39f7f7d514dd495b1cc3b8""]",0.9787234042553191,1.0,0.9583333333333334,0,0,0,,0.0,0.0,False,True,val baseline 零漏判稀有,0,inf,0,0
pancreas_integrated,44,all,endothelial,batch_heldout,outputs\pancreas_integrated\batch_heldout_seed44_endothelial_rareall,rank_1,rank,success,,1.36654747640278,0.01,2373a4f6ec6225a2,243,45a4996b89897c8894ebde5e1d7d238ccdccd5c9ab39f7f7d514dd495b1cc3b8,"[""pancreas_integrated"",""endothelial"",""2373a4f6ec6225a2"",243,""45a4996b89897c8894ebde5e1d7d238ccdccd5c9ab39f7f7d514dd495b1cc3b8""]",0.9787234042553191,1.0,0.9583333333333334,0,0,0,,0.0,0.0,False,True,necessity,0,inf,0,0
pancreas_integrated,44,all,endothelial,batch_heldout,outputs\pancreas_integrated\batch_heldout_seed44_endothelial_rareall,rank_2,rank,success,,1.36654747640278,0.01,2373a4f6ec6225a2,243,45a4996b89897c8894ebde5e1d7d238ccdccd5c9ab39f7f7d514dd495b1cc3b8,"[""pancreas_integrated"",""endothelial"",""2373a4f6ec6225a2"",243,""45a4996b89897c8894ebde5e1d7d238ccdccd5c9ab39f7f7d514dd495b1cc3b8""]",0.9787234042553191,1.0,0.9583333333333334,0,0,0,,0.0,0.0,False,True,necessity,0,inf,0,0
pancreas_integrated,44,all,endothelial,batch_heldout,outputs\pancreas_integrated\batch_heldout_seed44_endothelial_rareall,rank_3,rank,success,,1.36654747640278,0.01,2373a4f6ec6225a2,243,45a4996b89897c8894ebde5e1d7d238ccdccd5c9ab39f7f7d514dd495b1cc3b8,"[""pancreas_integrated"",""endothelial"",""2373a4f6ec6225a2"",243,""45a4996b89897c8894ebde5e1d7d238ccdccd5c9ab39f7f7d514dd495b1cc3b8""]",0.9787234042553191,1.0,0.9583333333333334,0,0,0,,0.0,0.0,False,True,necessity,0,inf,0,0
pancreas_integrated,44,all,endothelial,batch_heldout,outputs\pancreas_integrated\batch_heldout_seed44_endothelial_rareall,adaptive_rank,rank,success,,1.36654747640278,0.01,2373a4f6ec6225a2,243,45a4996b89897c8894ebde5e1d7d238ccdccd5c9ab39f7f7d514dd495b1cc3b8,"[""pancreas_integrated"",""endothelial"",""2373a4f6ec6225a2"",243,""45a4996b89897c8894ebde5e1d7d238ccdccd5c9ab39f7f7d514dd495b1cc3b8""]",0.9787234042553191,1.0,0.9583333333333334,0,0,0,,0.0,0.0,False,True,val baseline 零漏判稀有,0,inf,0,0
tabula_lung_endo,42,0.01,endothelial cell of lymphatic vessel,batch_heldout,outputs\tabula_lung_endo\batch_heldout_seed42_endothelial_cell_of_lymphatic_vessel_rare1pct,baseline,component,success,,2.346817408359635,0.01,da9ffbdf489ba7b0,5,87ea0921df73a49a8754e5e8e2dbde0834cf146418192ede2c5d950e8bd65c55,"[""tabula_lung_endo"",""endothelial cell of lymphatic vessel"",""da9ffbdf489ba7b0"",5,""87ea0921df73a49a8754e5e8e2dbde0834cf146418192ede2c5d950e8bd65c55""]",0.0,0.0,0.0,0,0,0,,0.0,0.0,False,False,baseline_no_rescue,0,,34,0
tabula_lung_endo,42,0.01,endothelial cell of lymphatic vessel,batch_heldout,outputs\tabula_lung_endo\batch_heldout_seed42_endothelial_cell_of_lymphatic_vessel_rare1pct,minus_separability_gate,component,success,,2.346817408359635,0.01,da9ffbdf489ba7b0,5,87ea0921df73a49a8754e5e8e2dbde0834cf146418192ede2c5d950e8bd65c55,"[""tabula_lung_endo"",""endothelial cell of lymphatic vessel"",""da9ffbdf489ba7b0"",5,""87ea0921df73a49a8754e5e8e2dbde0834cf146418192ede2c5d950e8bd65c55""]",0.9848484848484849,1.0,0.9701492537313433,65,2,67,0.9701492537313433,0.0011655011655011655,0.0011655011655011655,False,False,rescue_applied,1,0.10672151205434444,34,67
tabula_lung_endo,42,0.01,endothelial cell of lymphatic vessel,batch_heldout,outputs\tabula_lung_endo\batch_heldout_seed42_endothelial_cell_of_lymphatic_vessel_rare1pct,minus_necessity_gate,component,success,,2.346817408359635,0.01,da9ffbdf489ba7b0,5,87ea0921df73a49a8754e5e8e2dbde0834cf146418192ede2c5d950e8bd65c55,"[""tabula_lung_endo"",""endothelial cell of lymphatic vessel"",""da9ffbdf489ba7b0"",5,""87ea0921df73a49a8754e5e8e2dbde0834cf146418192ede2c5d950e8bd65c55""]",0.9848484848484849,1.0,0.9701492537313433,65,2,67,0.9701492537313433,0.0011655011655011655,0.0011655011655011655,False,False,rescue_applied,1,0.10672151205434444,34,67
tabula_lung_endo,42,0.01,endothelial cell of lymphatic vessel,batch_heldout,outputs\tabula_lung_endo\batch_heldout_seed42_endothelial_cell_of_lymphatic_vessel_rare1pct,fixed_rank_1,component,success,,2.346817408359635,0.01,da9ffbdf489ba7b0,5,87ea0921df73a49a8754e5e8e2dbde0834cf146418192ede2c5d950e8bd65c55,"[""tabula_lung_endo"",""endothelial cell of lymphatic vessel"",""da9ffbdf489ba7b0"",5,""87ea0921df73a49a8754e5e8e2dbde0834cf146418192ede2c5d950e8bd65c55""]",0.9848484848484849,1.0,0.9701492537313433,65,2,67,0.9701492537313433,0.0011655011655011655,0.0011655011655011655,False,False,rescue_applied,1,0.10672151205434444,34,67
tabula_lung_endo,42,0.01,endothelial cell of lymphatic vessel,batch_heldout,outputs\tabula_lung_endo\batch_heldout_seed42_endothelial_cell_of_lymphatic_vessel_rare1pct,minus_conformal_tau,component,success,,2.346817408359635,0.01,da9ffbdf489ba7b0,5,87ea0921df73a49a8754e5e8e2dbde0834cf146418192ede2c5d950e8bd65c55,"[""tabula_lung_endo"",""endothelial cell of lymphatic vessel"",""da9ffbdf489ba7b0"",5,""87ea0921df73a49a8754e5e8e2dbde0834cf146418192ede2c5d950e8bd65c55""]",0.9848484848484849,1.0,0.9701492537313433,65,2,67,0.9701492537313433,0.0011655011655011655,0.0011655011655011655,False,False,rescue_applied,1,-inf,34,67
tabula_lung_endo,42,0.01,endothelial cell of lymphatic vessel,batch_heldout,outputs\tabula_lung_endo\batch_heldout_seed42_endothelial_cell_of_lymphatic_vessel_rare1pct,full_method,component,success,,2.346817408359635,0.01,da9ffbdf489ba7b0,5,87ea0921df73a49a8754e5e8e2dbde0834cf146418192ede2c5d950e8bd65c55,"[""tabula_lung_endo"",""endothelial cell of lymphatic vessel"",""da9ffbdf489ba7b0"",5,""87ea0921df73a49a8754e5e8e2dbde0834cf146418192ede2c5d950e8bd65c55""]",0.9848484848484849,1.0,0.9701492537313433,65,2,67,0.9701492537313433,0.0011655011655011655,0.0011655011655011655,False,False,rescue_applied,1,0.10672151205434444,34,67
tabula_lung_endo,42,0.01,endothelial cell of lymphatic vessel,batch_heldout,outputs\tabula_lung_endo\batch_heldout_seed42_endothelial_cell_of_lymphatic_vessel_rare1pct,rank_1,rank,success,,2.346817408359635,0.01,da9ffbdf489ba7b0,5,87ea0921df73a49a8754e5e8e2dbde0834cf146418192ede2c5d950e8bd65c55,"[""tabula_lung_endo"",""endothelial cell of lymphatic vessel"",""da9ffbdf489ba7b0"",5,""87ea0921df73a49a8754e5e8e2dbde0834cf146418192ede2c5d950e8bd65c55""]",0.9848484848484849,1.0,0.9701492537313433,65,2,67,0.9701492537313433,0.0011655011655011655,0.0011655011655011655,False,False,rescue_applied,1,0.10672151205434444,34,67
tabula_lung_endo,42,0.01,endothelial cell of lymphatic vessel,batch_heldout,outputs\tabula_lung_endo\batch_heldout_seed42_endothelial_cell_of_lymphatic_vessel_rare1pct,rank_2,rank,success,,2.346817408359635,0.01,da9ffbdf489ba7b0,5,87ea0921df73a49a8754e5e8e2dbde0834cf146418192ede2c5d950e8bd65c55,"[""tabula_lung_endo"",""endothelial cell of lymphatic vessel"",""da9ffbdf489ba7b0"",5,""87ea0921df73a49a8754e5e8e2dbde0834cf146418192ede2c5d950e8bd65c55""]",0.9285714285714286,1.0,0.8666666666666667,65,10,75,0.8666666666666667,0.005827505827505828,0.005827505827505828,False,False,rescue_applied,2,0.10672151205434444,34,96
tabula_lung_endo,42,0.01,endothelial cell of lymphatic vessel,batch_heldout,outputs\tabula_lung_endo\batch_heldout_seed42_endothelial_cell_of_lymphatic_vessel_rare1pct,rank_3,rank,success,,2.346817408359635,0.01,da9ffbdf489ba7b0,5,87ea0921df73a49a8754e5e8e2dbde0834cf146418192ede2c5d950e8bd65c55,"[""tabula_lung_endo"",""endothelial cell of lymphatic vessel"",""da9ffbdf489ba7b0"",5,""87ea0921df73a49a8754e5e8e2dbde0834cf146418192ede2c5d950e8bd65c55""]",0.8783783783783784,1.0,0.7831325301204819,65,18,83,0.7831325301204819,0.01048951048951049,0.01048951048951049,True,False,rescue_applied,3,0.10672151205434444,34,223
tabula_lung_endo,42,0.01,endothelial cell of lymphatic vessel,batch_heldout,outputs\tabula_lung_endo\batch_heldout_seed42_endothelial_cell_of_lymphatic_vessel_rare1pct,adaptive_rank,rank,success,,2.346817408359635,0.01,da9ffbdf489ba7b0,5,87ea0921df73a49a8754e5e8e2dbde0834cf146418192ede2c5d950e8bd65c55,"[""tabula_lung_endo"",""endothelial cell of lymphatic vessel"",""da9ffbdf489ba7b0"",5,""87ea0921df73a49a8754e5e8e2dbde0834cf146418192ede2c5d950e8bd65c55""]",0.9848484848484849,1.0,0.9701492537313433,65,2,67,0.9701492537313433,0.0011655011655011655,0.0011655011655011655,False,False,rescue_applied,1,0.10672151205434444,34,67
tabula_lung_endo,42,0.05,endothelial cell of lymphatic vessel,batch_heldout,outputs\tabula_lung_endo\batch_heldout_seed42_endothelial_cell_of_lymphatic_vessel_rare5pct,baseline,component,success,,1.8789782099699441,0.01,da9ffbdf489ba7b0,10,dcd1961ab19527e4de74453b2c9bed36ce38cba107d5be40500d44ebf31874d4,"[""tabula_lung_endo"",""endothelial cell of lymphatic vessel"",""da9ffbdf489ba7b0"",10,""dcd1961ab19527e4de74453b2c9bed36ce38cba107d5be40500d44ebf31874d4""]",0.6666666666666666,0.5076923076923077,0.9705882352941176,0,0,0,,0.0,0.0,False,False,baseline_no_rescue,0,,10,0
tabula_lung_endo,42,0.05,endothelial cell of lymphatic vessel,batch_heldout,outputs\tabula_lung_endo\batch_heldout_seed42_endothelial_cell_of_lymphatic_vessel_rare5pct,minus_separability_gate,component,success,,1.8789782099699441,0.01,da9ffbdf489ba7b0,10,dcd1961ab19527e4de74453b2c9bed36ce38cba107d5be40500d44ebf31874d4,"[""tabula_lung_endo"",""endothelial cell of lymphatic vessel"",""da9ffbdf489ba7b0"",10,""dcd1961ab19527e4de74453b2c9bed36ce38cba107d5be40500d44ebf31874d4""]",0.9629629629629629,1.0,0.9285714285714286,32,4,36,0.8888888888888888,0.002331002331002331,0.002331002331002331,False,False,rescue_applied,1,0.17689187806042936,10,36
tabula_lung_endo,42,0.05,endothelial cell of lymphatic vessel,batch_heldout,outputs\tabula_lung_endo\batch_heldout_seed42_endothelial_cell_of_lymphatic_vessel_rare5pct,minus_necessity_gate,component,success,,1.8789782099699441,0.01,da9ffbdf489ba7b0,10,dcd1961ab19527e4de74453b2c9bed36ce38cba107d5be40500d44ebf31874d4,"[""tabula_lung_endo"",""endothelial cell of lymphatic vessel"",""da9ffbdf489ba7b0"",10,""dcd1961ab19527e4de74453b2c9bed36ce38cba107d5be40500d44ebf31874d4""]",0.9629629629629629,1.0,0.9285714285714286,32,4,36,0.8888888888888888,0.002331002331002331,0.002331002331002331,False,False,rescue_applied,1,0.17689187806042936,10,36
tabula_lung_endo,42,0.05,endothelial cell of lymphatic vessel,batch_heldout,outputs\tabula_lung_endo\batch_heldout_seed42_endothelial_cell_of_lymphatic_vessel_rare5pct,fixed_rank_1,component,success,,1.8789782099699441,0.01,da9ffbdf489ba7b0,10,dcd1961ab19527e4de74453b2c9bed36ce38cba107d5be40500d44ebf31874d4,"[""tabula_lung_endo"",""endothelial cell of lymphatic vessel"",""da9ffbdf489ba7b0"",10,""dcd1961ab19527e4de74453b2c9bed36ce38cba107d5be40500d44ebf31874d4""]",0.9629629629629629,1.0,0.9285714285714286,32,4,36,0.8888888888888888,0.002331002331002331,0.002331002331002331,False,False,rescue_applied,1,0.17689187806042936,10,36
tabula_lung_endo,42,0.05,endothelial cell of lymphatic vessel,batch_heldout,outputs\tabula_lung_endo\batch_heldout_seed42_endothelial_cell_of_lymphatic_vessel_rare5pct,minus_conformal_tau,component,success,,1.8789782099699441,0.01,da9ffbdf489ba7b0,10,dcd1961ab19527e4de74453b2c9bed36ce38cba107d5be40500d44ebf31874d4,"[""tabula_lung_endo"",""endothelial cell of lymphatic vessel"",""da9ffbdf489ba7b0"",10,""dcd1961ab19527e4de74453b2c9bed36ce38cba107d5be40500d44ebf31874d4""]",0.9629629629629629,1.0,0.9285714285714286,32,4,36,0.8888888888888888,0.002331002331002331,0.002331002331002331,False,False,rescue_applied,1,-inf,10,36
tabula_lung_endo,42,0.05,endothelial cell of lymphatic vessel,batch_heldout,outputs\tabula_lung_endo\batch_heldout_seed42_endothelial_cell_of_lymphatic_vessel_rare5pct,full_method,component,success,,1.8789782099699441,0.01,da9ffbdf489ba7b0,10,dcd1961ab19527e4de74453b2c9bed36ce38cba107d5be40500d44ebf31874d4,"[""tabula_lung_endo"",""endothelial cell of lymphatic vessel"",""da9ffbdf489ba7b0"",10,""dcd1961ab19527e4de74453b2c9bed36ce38cba107d5be40500d44ebf31874d4""]",0.9629629629629629,1.0,0.9285714285714286,32,4,36,0.8888888888888888,0.002331002331002331,0.002331002331002331,False,False,rescue_applied,1,0.17689187806042936,10,36
tabula_lung_endo,42,0.05,endothelial cell of lymphatic vessel,batch_heldout,outputs\tabula_lung_endo\batch_heldout_seed42_endothelial_cell_of_lymphatic_vessel_rare5pct,rank_1,rank,success,,1.8789782099699441,0.01,da9ffbdf489ba7b0,10,dcd1961ab19527e4de74453b2c9bed36ce38cba107d5be40500d44ebf31874d4,"[""tabula_lung_endo"",""endothelial cell of lymphatic vessel"",""da9ffbdf489ba7b0"",10,""dcd1961ab19527e4de74453b2c9bed36ce38cba107d5be40500d44ebf31874d4""]",0.9629629629629629,1.0,0.9285714285714286,32,4,36,0.8888888888888888,0.002331002331002331,0.002331002331002331,False,False,rescue_applied,1,0.17689187806042936,10,36
tabula_lung_endo,42,0.05,endothelial cell of lymphatic vessel,batch_heldout,outputs\tabula_lung_endo\batch_heldout_seed42_endothelial_cell_of_lymphatic_vessel_rare5pct,rank_2,rank,success,,1.8789782099699441,0.01,da9ffbdf489ba7b0,10,dcd1961ab19527e4de74453b2c9bed36ce38cba107d5be40500d44ebf31874d4,"[""tabula_lung_endo"",""endothelial cell of lymphatic vessel"",""da9ffbdf489ba7b0"",10,""dcd1961ab19527e4de74453b2c9bed36ce38cba107d5be40500d44ebf31874d4""]",0.9027777777777778,1.0,0.8227848101265823,32,13,45,0.7111111111111111,0.007575757575757576,0.007575757575757576,False,False,rescue_applied,2,0.17689187806042936,10,45
tabula_lung_endo,42,0.05,endothelial cell of lymphatic vessel,batch_heldout,outputs\tabula_lung_endo\batch_heldout_seed42_endothelial_cell_of_lymphatic_vessel_rare5pct,rank_3,rank,success,,1.8789782099699441,0.01,da9ffbdf489ba7b0,10,dcd1961ab19527e4de74453b2c9bed36ce38cba107d5be40500d44ebf31874d4,"[""tabula_lung_endo"",""endothelial cell of lymphatic vessel"",""da9ffbdf489ba7b0"",10,""dcd1961ab19527e4de74453b2c9bed36ce38cba107d5be40500d44ebf31874d4""]",0.8387096774193549,1.0,0.7222222222222222,32,24,56,0.5714285714285714,0.013986013986013986,0.013986013986013986,True,False,rescue_applied,3,0.17689187806042936,10,69
tabula_lung_endo,42,0.05,endothelial cell of lymphatic vessel,batch_heldout,outputs\tabula_lung_endo\batch_heldout_seed42_endothelial_cell_of_lymphatic_vessel_rare5pct,adaptive_rank,rank,success,,1.8789782099699441,0.01,da9ffbdf489ba7b0,10,dcd1961ab19527e4de74453b2c9bed36ce38cba107d5be40500d44ebf31874d4,"[""tabula_lung_endo"",""endothelial cell of lymphatic vessel"",""da9ffbdf489ba7b0"",10,""dcd1961ab19527e4de74453b2c9bed36ce38cba107d5be40500d44ebf31874d4""]",0.9629629629629629,1.0,0.9285714285714286,32,4,36,0.8888888888888888,0.002331002331002331,0.002331002331002331,False,False,rescue_applied,1,0.17689187806042936,10,36
tabula_lung_endo,42,0.10,endothelial cell of lymphatic vessel,batch_heldout,outputs\tabula_lung_endo\batch_heldout_seed42_endothelial_cell_of_lymphatic_vessel_rare10pct,baseline,component,success,,1.6588596718230222,0.01,da9ffbdf489ba7b0,20,6cc7ceded812b125937e6c43d4c69071f47c5882aed10420273a0bb42f94be89,"[""tabula_lung_endo"",""endothelial cell of lymphatic vessel"",""da9ffbdf489ba7b0"",20,""6cc7ceded812b125937e6c43d4c69071f47c5882aed10420273a0bb42f94be89""]",0.9770992366412213,0.9846153846153847,0.9696969696969697,0,0,0,,0.0,0.0,False,False,baseline_no_rescue,0,,1,0
tabula_lung_endo,42,0.10,endothelial cell of lymphatic vessel,batch_heldout,outputs\tabula_lung_endo\batch_heldout_seed42_endothelial_cell_of_lymphatic_vessel_rare10pct,minus_separability_gate,component,success,,1.6588596718230222,0.01,da9ffbdf489ba7b0,20,6cc7ceded812b125937e6c43d4c69071f47c5882aed10420273a0bb42f94be89,"[""tabula_lung_endo"",""endothelial cell of lymphatic vessel"",""da9ffbdf489ba7b0"",20,""6cc7ceded812b125937e6c43d4c69071f47c5882aed10420273a0bb42f94be89""]",0.9770992366412213,0.9846153846153847,0.9696969696969697,0,0,0,,0.0,0.0,False,True,necessity,0,inf,1,0
tabula_lung_endo,42,0.10,endothelial cell of lymphatic vessel,batch_heldout,outputs\tabula_lung_endo\batch_heldout_seed42_endothelial_cell_of_lymphatic_vessel_rare10pct,minus_necessity_gate,component,success,,1.6588596718230222,0.01,da9ffbdf489ba7b0,20,6cc7ceded812b125937e6c43d4c69071f47c5882aed10420273a0bb42f94be89,"[""tabula_lung_endo"",""endothelial cell of lymphatic vessel"",""da9ffbdf489ba7b0"",20,""6cc7ceded812b125937e6c43d4c69071f47c5882aed10420273a0bb42f94be89""]",0.9774436090225563,1.0,0.9558823529411765,1,1,2,0.5,0.0005827505827505828,0.0005827505827505828,False,False,rescue_applied,1,0.18065292190883606,1,2
tabula_lung_endo,42,0.10,endothelial cell of lymphatic vessel,batch_heldout,outputs\tabula_lung_endo\batch_heldout_seed42_endothelial_cell_of_lymphatic_vessel_rare10pct,fixed_rank_1,component,success,,1.6588596718230222,0.01,da9ffbdf489ba7b0,20,6cc7ceded812b125937e6c43d4c69071f47c5882aed10420273a0bb42f94be89,"[""tabula_lung_endo"",""endothelial cell of lymphatic vessel"",""da9ffbdf489ba7b0"",20,""6cc7ceded812b125937e6c43d4c69071f47c5882aed10420273a0bb42f94be89""]",0.9770992366412213,0.9846153846153847,0.9696969696969697,0,0,0,,0.0,0.0,False,True,necessity,0,inf,1,0
tabula_lung_endo,42,0.10,endothelial cell of lymphatic vessel,batch_heldout,outputs\tabula_lung_endo\batch_heldout_seed42_endothelial_cell_of_lymphatic_vessel_rare10pct,minus_conformal_tau,component,success,,1.6588596718230222,0.01,da9ffbdf489ba7b0,20,6cc7ceded812b125937e6c43d4c69071f47c5882aed10420273a0bb42f94be89,"[""tabula_lung_endo"",""endothelial cell of lymphatic vessel"",""da9ffbdf489ba7b0"",20,""6cc7ceded812b125937e6c43d4c69071f47c5882aed10420273a0bb42f94be89""]",0.9770992366412213,0.9846153846153847,0.9696969696969697,0,0,0,,0.0,0.0,False,True,necessity,0,inf,1,0
tabula_lung_endo,42,0.10,endothelial cell of lymphatic vessel,batch_heldout,outputs\tabula_lung_endo\batch_heldout_seed42_endothelial_cell_of_lymphatic_vessel_rare10pct,full_method,component,success,,1.6588596718230222,0.01,da9ffbdf489ba7b0,20,6cc7ceded812b125937e6c43d4c69071f47c5882aed10420273a0bb42f94be89,"[""tabula_lung_endo"",""endothelial cell of lymphatic vessel"",""da9ffbdf489ba7b0"",20,""6cc7ceded812b125937e6c43d4c69071f47c5882aed10420273a0bb42f94be89""]",0.9770992366412213,0.9846153846153847,0.9696969696969697,0,0,0,,0.0,0.0,False,True,val_missed=1 < MIN_VAL_MISSED=3,0,inf,1,0
tabula_lung_endo,42,0.10,endothelial cell of lymphatic vessel,batch_heldout,outputs\tabula_lung_endo\batch_heldout_seed42_endothelial_cell_of_lymphatic_vessel_rare10pct,rank_1,rank,success,,1.6588596718230222,0.01,da9ffbdf489ba7b0,20,6cc7ceded812b125937e6c43d4c69071f47c5882aed10420273a0bb42f94be89,"[""tabula_lung_endo"",""endothelial cell of lymphatic vessel"",""da9ffbdf489ba7b0"",20,""6cc7ceded812b125937e6c43d4c69071f47c5882aed10420273a0bb42f94be89""]",0.9770992366412213,0.9846153846153847,0.9696969696969697,0,0,0,,0.0,0.0,False,True,necessity,0,inf,1,0
tabula_lung_endo,42,0.10,endothelial cell of lymphatic vessel,batch_heldout,outputs\tabula_lung_endo\batch_heldout_seed42_endothelial_cell_of_lymphatic_vessel_rare10pct,rank_2,rank,success,,1.6588596718230222,0.01,da9ffbdf489ba7b0,20,6cc7ceded812b125937e6c43d4c69071f47c5882aed10420273a0bb42f94be89,"[""tabula_lung_endo"",""endothelial cell of lymphatic vessel"",""da9ffbdf489ba7b0"",20,""6cc7ceded812b125937e6c43d4c69071f47c5882aed10420273a0bb42f94be89""]",0.9770992366412213,0.9846153846153847,0.9696969696969697,0,0,0,,0.0,0.0,False,True,necessity,0,inf,1,0
tabula_lung_endo,42,0.10,endothelial cell of lymphatic vessel,batch_heldout,outputs\tabula_lung_endo\batch_heldout_seed42_endothelial_cell_of_lymphatic_vessel_rare10pct,rank_3,rank,success,,1.6588596718230222,0.01,da9ffbdf489ba7b0,20,6cc7ceded812b125937e6c43d4c69071f47c5882aed10420273a0bb42f94be89,"[""tabula_lung_endo"",""endothelial cell of lymphatic vessel"",""da9ffbdf489ba7b0"",20,""6cc7ceded812b125937e6c43d4c69071f47c5882aed10420273a0bb42f94be89""]",0.9770992366412213,0.9846153846153847,0.9696969696969697,0,0,0,,0.0,0.0,False,True,necessity,0,inf,1,0
tabula_lung_endo,42,0.10,endothelial cell of lymphatic vessel,batch_heldout,outputs\tabula_lung_endo\batch_heldout_seed42_endothelial_cell_of_lymphatic_vessel_rare10pct,adaptive_rank,rank,success,,1.6588596718230222,0.01,da9ffbdf489ba7b0,20,6cc7ceded812b125937e6c43d4c69071f47c5882aed10420273a0bb42f94be89,"[""tabula_lung_endo"",""endothelial cell of lymphatic vessel"",""da9ffbdf489ba7b0"",20,""6cc7ceded812b125937e6c43d4c69071f47c5882aed10420273a0bb42f94be89""]",0.9770992366412213,0.9846153846153847,0.9696969696969697,0,0,0,,0.0,0.0,False,True,val_missed=1 < MIN_VAL_MISSED=3,0,inf,1,0
tabula_lung_endo,42,all,endothelial cell of lymphatic vessel,batch_heldout,outputs\tabula_lung_endo\batch_heldout_seed42_endothelial_cell_of_lymphatic_vessel_rareall,baseline,component,success,,1.6709684713901254,0.01,da9ffbdf489ba7b0,208,786544698553a7ca24d9c7e4437507154a7b522fde8ec7c87ddacf4bbab437a4,"[""tabula_lung_endo"",""endothelial cell of lymphatic vessel"",""da9ffbdf489ba7b0"",208,""786544698553a7ca24d9c7e4437507154a7b522fde8ec7c87ddacf4bbab437a4""]",0.9774436090225563,1.0,0.9558823529411765,0,0,0,,0.0,0.0,False,False,baseline_no_rescue,0,,0,0
tabula_lung_endo,42,all,endothelial cell of lymphatic vessel,batch_heldout,outputs\tabula_lung_endo\batch_heldout_seed42_endothelial_cell_of_lymphatic_vessel_rareall,minus_separability_gate,component,success,,1.6709684713901254,0.01,da9ffbdf489ba7b0,208,786544698553a7ca24d9c7e4437507154a7b522fde8ec7c87ddacf4bbab437a4,"[""tabula_lung_endo"",""endothelial cell of lymphatic vessel"",""da9ffbdf489ba7b0"",208,""786544698553a7ca24d9c7e4437507154a7b522fde8ec7c87ddacf4bbab437a4""]",0.9774436090225563,1.0,0.9558823529411765,0,0,0,,0.0,0.0,False,True,necessity,0,inf,0,0
tabula_lung_endo,42,all,endothelial cell of lymphatic vessel,batch_heldout,outputs\tabula_lung_endo\batch_heldout_seed42_endothelial_cell_of_lymphatic_vessel_rareall,minus_necessity_gate,component,success,,1.6709684713901254,0.01,da9ffbdf489ba7b0,208,786544698553a7ca24d9c7e4437507154a7b522fde8ec7c87ddacf4bbab437a4,"[""tabula_lung_endo"",""endothelial cell of lymphatic vessel"",""da9ffbdf489ba7b0"",208,""786544698553a7ca24d9c7e4437507154a7b522fde8ec7c87ddacf4bbab437a4""]",0.9629629629629629,1.0,0.9285714285714286,0,2,2,0.0,0.0011655011655011655,0.0011655011655011655,False,False,rescue_applied,1,0.18258743887924972,0,2
tabula_lung_endo,42,all,endothelial cell of lymphatic vessel,batch_heldout,outputs\tabula_lung_endo\batch_heldout_seed42_endothelial_cell_of_lymphatic_vessel_rareall,fixed_rank_1,component,success,,1.6709684713901254,0.01,da9ffbdf489ba7b0,208,786544698553a7ca24d9c7e4437507154a7b522fde8ec7c87ddacf4bbab437a4,"[""tabula_lung_endo"",""endothelial cell of lymphatic vessel"",""da9ffbdf489ba7b0"",208,""786544698553a7ca24d9c7e4437507154a7b522fde8ec7c87ddacf4bbab437a4""]",0.9774436090225563,1.0,0.9558823529411765,0,0,0,,0.0,0.0,False,True,necessity,0,inf,0,0
tabula_lung_endo,42,all,endothelial cell of lymphatic vessel,batch_heldout,outputs\tabula_lung_endo\batch_heldout_seed42_endothelial_cell_of_lymphatic_vessel_rareall,minus_conformal_tau,component,success,,1.6709684713901254,0.01,da9ffbdf489ba7b0,208,786544698553a7ca24d9c7e4437507154a7b522fde8ec7c87ddacf4bbab437a4,"[""tabula_lung_endo"",""endothelial cell of lymphatic vessel"",""da9ffbdf489ba7b0"",208,""786544698553a7ca24d9c7e4437507154a7b522fde8ec7c87ddacf4bbab437a4""]",0.9774436090225563,1.0,0.9558823529411765,0,0,0,,0.0,0.0,False,True,necessity,0,inf,0,0
tabula_lung_endo,42,all,endothelial cell of lymphatic vessel,batch_heldout,outputs\tabula_lung_endo\batch_heldout_seed42_endothelial_cell_of_lymphatic_vessel_rareall,full_method,component,success,,1.6709684713901254,0.01,da9ffbdf489ba7b0,208,786544698553a7ca24d9c7e4437507154a7b522fde8ec7c87ddacf4bbab437a4,"[""tabula_lung_endo"",""endothelial cell of lymphatic vessel"",""da9ffbdf489ba7b0"",208,""786544698553a7ca24d9c7e4437507154a7b522fde8ec7c87ddacf4bbab437a4""]",0.9774436090225563,1.0,0.9558823529411765,0,0,0,,0.0,0.0,False,True,val baseline 零漏判稀有,0,inf,0,0
tabula_lung_endo,42,all,endothelial cell of lymphatic vessel,batch_heldout,outputs\tabula_lung_endo\batch_heldout_seed42_endothelial_cell_of_lymphatic_vessel_rareall,rank_1,rank,success,,1.6709684713901254,0.01,da9ffbdf489ba7b0,208,786544698553a7ca24d9c7e4437507154a7b522fde8ec7c87ddacf4bbab437a4,"[""tabula_lung_endo"",""endothelial cell of lymphatic vessel"",""da9ffbdf489ba7b0"",208,""786544698553a7ca24d9c7e4437507154a7b522fde8ec7c87ddacf4bbab437a4""]",0.9774436090225563,1.0,0.9558823529411765,0,0,0,,0.0,0.0,False,True,necessity,0,inf,0,0
tabula_lung_endo,42,all,endothelial cell of lymphatic vessel,batch_heldout,outputs\tabula_lung_endo\batch_heldout_seed42_endothelial_cell_of_lymphatic_vessel_rareall,rank_2,rank,success,,1.6709684713901254,0.01,da9ffbdf489ba7b0,208,786544698553a7ca24d9c7e4437507154a7b522fde8ec7c87ddacf4bbab437a4,"[""tabula_lung_endo"",""endothelial cell of lymphatic vessel"",""da9ffbdf489ba7b0"",208,""786544698553a7ca24d9c7e4437507154a7b522fde8ec7c87ddacf4bbab437a4""]",0.9774436090225563,1.0,0.9558823529411765,0,0,0,,0.0,0.0,False,True,necessity,0,inf,0,0
tabula_lung_endo,42,all,endothelial cell of lymphatic vessel,batch_heldout,outputs\tabula_lung_endo\batch_heldout_seed42_endothelial_cell_of_lymphatic_vessel_rareall,rank_3,rank,success,,1.6709684713901254,0.01,da9ffbdf489ba7b0,208,786544698553a7ca24d9c7e4437507154a7b522fde8ec7c87ddacf4bbab437a4,"[""tabula_lung_endo"",""endothelial cell of lymphatic vessel"",""da9ffbdf489ba7b0"",208,""786544698553a7ca24d9c7e4437507154a7b522fde8ec7c87ddacf4bbab437a4""]",0.9774436090225563,1.0,0.9558823529411765,0,0,0,,0.0,0.0,False,True,necessity,0,inf,0,0
tabula_lung_endo,42,all,endothelial cell of lymphatic vessel,batch_heldout,outputs\tabula_lung_endo\batch_heldout_seed42_endothelial_cell_of_lymphatic_vessel_rareall,adaptive_rank,rank,success,,1.6709684713901254,0.01,da9ffbdf489ba7b0,208,786544698553a7ca24d9c7e4437507154a7b522fde8ec7c87ddacf4bbab437a4,"[""tabula_lung_endo"",""endothelial cell of lymphatic vessel"",""da9ffbdf489ba7b0"",208,""786544698553a7ca24d9c7e4437507154a7b522fde8ec7c87ddacf4bbab437a4""]",0.9774436090225563,1.0,0.9558823529411765,0,0,0,,0.0,0.0,False,True,val baseline 零漏判稀有,0,inf,0,0
tabula_lung_endo,43,0.01,endothelial cell of lymphatic vessel,batch_heldout,outputs\tabula_lung_endo\batch_heldout_seed43_endothelial_cell_of_lymphatic_vessel_rare1pct,baseline,component,success,,1.9886052700307806,0.01,da9ffbdf489ba7b0,5,072bd4a6a89e4b92a0d461928e295963507e42a006f785679b531c97a6c941e6,"[""tabula_lung_endo"",""endothelial cell of lymphatic vessel"",""da9ffbdf489ba7b0"",5,""072bd4a6a89e4b92a0d461928e295963507e42a006f785679b531c97a6c941e6""]",0.19444444444444445,0.1076923076923077,1.0,0,0,0,,0.0,0.0,False,False,baseline_no_rescue,0,,22,0
tabula_lung_endo,43,0.01,endothelial cell of lymphatic vessel,batch_heldout,outputs\tabula_lung_endo\batch_heldout_seed43_endothelial_cell_of_lymphatic_vessel_rare1pct,minus_separability_gate,component,success,,1.9886052700307806,0.01,da9ffbdf489ba7b0,5,072bd4a6a89e4b92a0d461928e295963507e42a006f785679b531c97a6c941e6,"[""tabula_lung_endo"",""endothelial cell of lymphatic vessel"",""da9ffbdf489ba7b0"",5,""072bd4a6a89e4b92a0d461928e295963507e42a006f785679b531c97a6c941e6""]",0.984375,0.9692307692307692,1.0,56,0,56,1.0,0.0,0.0,False,False,rescue_applied,1,0.08600986839163967,22,57
tabula_lung_endo,43,0.01,endothelial cell of lymphatic vessel,batch_heldout,outputs\tabula_lung_endo\batch_heldout_seed43_endothelial_cell_of_lymphatic_vessel_rare1pct,minus_necessity_gate,component,success,,1.9886052700307806,0.01,da9ffbdf489ba7b0,5,072bd4a6a89e4b92a0d461928e295963507e42a006f785679b531c97a6c941e6,"[""tabula_lung_endo"",""endothelial cell of lymphatic vessel"",""da9ffbdf489ba7b0"",5,""072bd4a6a89e4b92a0d461928e295963507e42a006f785679b531c97a6c941e6""]",0.984375,0.9692307692307692,1.0,56,0,56,1.0,0.0,0.0,False,False,rescue_applied,1,0.08600986839163967,22,57
tabula_lung_endo,43,0.01,endothelial cell of lymphatic vessel,batch_heldout,outputs\tabula_lung_endo\batch_heldout_seed43_endothelial_cell_of_lymphatic_vessel_rare1pct,fixed_rank_1,component,success,,1.9886052700307806,0.01,da9ffbdf489ba7b0,5,072bd4a6a89e4b92a0d461928e295963507e42a006f785679b531c97a6c941e6,"[""tabula_lung_endo"",""endothelial cell of lymphatic vessel"",""da9ffbdf489ba7b0"",5,""072bd4a6a89e4b92a0d461928e295963507e42a006f785679b531c97a6c941e6""]",0.984375,0.9692307692307692,1.0,56,0,56,1.0,0.0,0.0,False,False,rescue_applied,1,0.08600986839163967,22,57
tabula_lung_endo,43,0.01,endothelial cell of lymphatic vessel,batch_heldout,outputs\tabula_lung_endo\batch_heldout_seed43_endothelial_cell_of_lymphatic_vessel_rare1pct,minus_conformal_tau,component,success,,1.9886052700307806,0.01,da9ffbdf489ba7b0,5,072bd4a6a89e4b92a0d461928e295963507e42a006f785679b531c97a6c941e6,"[""tabula_lung_endo"",""endothelial cell of lymphatic vessel"",""da9ffbdf489ba7b0"",5,""072bd4a6a89e4b92a0d461928e295963507e42a006f785679b531c97a6c941e6""]",0.9767441860465116,0.9692307692307692,0.984375,56,1,57,0.9824561403508771,0.0005827505827505828,0.0005827505827505828,False,False,rescue_applied,1,-inf,22,57
tabula_lung_endo,43,0.01,endothelial cell of lymphatic vessel,batch_heldout,outputs\tabula_lung_endo\batch_heldout_seed43_endothelial_cell_of_lymphatic_vessel_rare1pct,full_method,component,success,,1.9886052700307806,0.01,da9ffbdf489ba7b0,5,072bd4a6a89e4b92a0d461928e295963507e42a006f785679b531c97a6c941e6,"[""tabula_lung_endo"",""endothelial cell of lymphatic vessel"",""da9ffbdf489ba7b0"",5,""072bd4a6a89e4b92a0d461928e295963507e42a006f785679b531c97a6c941e6""]",0.984375,0.9692307692307692,1.0,56,0,56,1.0,0.0,0.0,False,False,rescue_applied,1,0.08600986839163967,22,57
tabula_lung_endo,43,0.01,endothelial cell of lymphatic vessel,batch_heldout,outputs\tabula_lung_endo\batch_heldout_seed43_endothelial_cell_of_lymphatic_vessel_rare1pct,rank_1,rank,success,,1.9886052700307806,0.01,da9ffbdf489ba7b0,5,072bd4a6a89e4b92a0d461928e295963507e42a006f785679b531c97a6c941e6,"[""tabula_lung_endo"",""endothelial cell of lymphatic vessel"",""da9ffbdf489ba7b0"",5,""072bd4a6a89e4b92a0d461928e295963507e42a006f785679b531c97a6c941e6""]",0.984375,0.9692307692307692,1.0,56,0,56,1.0,0.0,0.0,False,False,rescue_applied,1,0.08600986839163967,22,57
tabula_lung_endo,43,0.01,endothelial cell of lymphatic vessel,batch_heldout,outputs\tabula_lung_endo\batch_heldout_seed43_endothelial_cell_of_lymphatic_vessel_rare1pct,rank_2,rank,success,,1.9886052700307806,0.01,da9ffbdf489ba7b0,5,072bd4a6a89e4b92a0d461928e295963507e42a006f785679b531c97a6c941e6,"[""tabula_lung_endo"",""endothelial cell of lymphatic vessel"",""da9ffbdf489ba7b0"",5,""072bd4a6a89e4b92a0d461928e295963507e42a006f785679b531c97a6c941e6""]",0.9848484848484849,1.0,0.9701492537313433,58,2,60,0.9666666666666667,0.0011655011655011655,0.0011655011655011655,False,False,rescue_applied,2,0.08600986839163967,22,65
tabula_lung_endo,43,0.01,endothelial cell of lymphatic vessel,batch_heldout,outputs\tabula_lung_endo\batch_heldout_seed43_endothelial_cell_of_lymphatic_vessel_rare1pct,rank_3,rank,success,,1.9886052700307806,0.01,da9ffbdf489ba7b0,5,072bd4a6a89e4b92a0d461928e295963507e42a006f785679b531c97a6c941e6,"[""tabula_lung_endo"",""endothelial cell of lymphatic vessel"",""da9ffbdf489ba7b0"",5,""072bd4a6a89e4b92a0d461928e295963507e42a006f785679b531c97a6c941e6""]",0.9701492537313433,1.0,0.9420289855072463,58,4,62,0.9354838709677419,0.002331002331002331,0.002331002331002331,False,False,rescue_applied,3,0.08600986839163967,22,84
tabula_lung_endo,43,0.01,endothelial cell of lymphatic vessel,batch_heldout,outputs\tabula_lung_endo\batch_heldout_seed43_endothelial_cell_of_lymphatic_vessel_rare1pct,adaptive_rank,rank,success,,1.9886052700307806,0.01,da9ffbdf489ba7b0,5,072bd4a6a89e4b92a0d461928e295963507e42a006f785679b531c97a6c941e6,"[""tabula_lung_endo"",""endothelial cell of lymphatic vessel"",""da9ffbdf489ba7b0"",5,""072bd4a6a89e4b92a0d461928e295963507e42a006f785679b531c97a6c941e6""]",0.984375,0.9692307692307692,1.0,56,0,56,1.0,0.0,0.0,False,False,rescue_applied,1,0.08600986839163967,22,57
tabula_lung_endo,43,0.05,endothelial cell of lymphatic vessel,batch_heldout,outputs\tabula_lung_endo\batch_heldout_seed43_endothelial_cell_of_lymphatic_vessel_rare5pct,baseline,component,success,,1.691269034924717,0.01,da9ffbdf489ba7b0,10,1d825d7683a8696384824afb7b44f380ab77087e8afbfd0102d8a030e496ee6e,"[""tabula_lung_endo"",""endothelial cell of lymphatic vessel"",""da9ffbdf489ba7b0"",10,""1d825d7683a8696384824afb7b44f380ab77087e8afbfd0102d8a030e496ee6e""]",0.96,0.9230769230769231,1.0,0,0,0,,0.0,0.0,False,False,baseline_no_rescue,0,,3,0
tabula_lung_endo,43,0.05,endothelial cell of lymphatic vessel,batch_heldout,outputs\tabula_lung_endo\batch_heldout_seed43_endothelial_cell_of_lymphatic_vessel_rare5pct,minus_separability_gate,component,success,,1.691269034924717,0.01,da9ffbdf489ba7b0,10,1d825d7683a8696384824afb7b44f380ab77087e8afbfd0102d8a030e496ee6e,"[""tabula_lung_endo"",""endothelial cell of lymphatic vessel"",""da9ffbdf489ba7b0"",10,""1d825d7683a8696384824afb7b44f380ab77087e8afbfd0102d8a030e496ee6e""]",0.9774436090225563,1.0,0.9558823529411765,5,3,8,0.625,0.0017482517482517483,0.0017482517482517483,False,False,rescue_applied,1,0.183864051494315,3,8
tabula_lung_endo,43,0.05,endothelial cell of lymphatic vessel,batch_heldout,outputs\tabula_lung_endo\batch_heldout_seed43_endothelial_cell_of_lymphatic_vessel_rare5pct,minus_necessity_gate,component,success,,1.691269034924717,0.01,da9ffbdf489ba7b0,10,1d825d7683a8696384824afb7b44f380ab77087e8afbfd0102d8a030e496ee6e,"[""tabula_lung_endo"",""endothelial cell of lymphatic vessel"",""da9ffbdf489ba7b0"",10,""1d825d7683a8696384824afb7b44f380ab77087e8afbfd0102d8a030e496ee6e""]",0.9774436090225563,1.0,0.9558823529411765,5,3,8,0.625,0.0017482517482517483,0.0017482517482517483,False,False,rescue_applied,1,0.183864051494315,3,8
tabula_lung_endo,43,0.05,endothelial cell of lymphatic vessel,batch_heldout,outputs\tabula_lung_endo\batch_heldout_seed43_endothelial_cell_of_lymphatic_vessel_rare5pct,fixed_rank_1,component,success,,1.691269034924717,0.01,da9ffbdf489ba7b0,10,1d825d7683a8696384824afb7b44f380ab77087e8afbfd0102d8a030e496ee6e,"[""tabula_lung_endo"",""endothelial cell of lymphatic vessel"",""da9ffbdf489ba7b0"",10,""1d825d7683a8696384824afb7b44f380ab77087e8afbfd0102d8a030e496ee6e""]",0.9774436090225563,1.0,0.9558823529411765,5,3,8,0.625,0.0017482517482517483,0.0017482517482517483,False,False,rescue_applied,1,0.183864051494315,3,8
tabula_lung_endo,43,0.05,endothelial cell of lymphatic vessel,batch_heldout,outputs\tabula_lung_endo\batch_heldout_seed43_endothelial_cell_of_lymphatic_vessel_rare5pct,minus_conformal_tau,component,success,,1.691269034924717,0.01,da9ffbdf489ba7b0,10,1d825d7683a8696384824afb7b44f380ab77087e8afbfd0102d8a030e496ee6e,"[""tabula_lung_endo"",""endothelial cell of lymphatic vessel"",""da9ffbdf489ba7b0"",10,""1d825d7683a8696384824afb7b44f380ab77087e8afbfd0102d8a030e496ee6e""]",0.9774436090225563,1.0,0.9558823529411765,5,3,8,0.625,0.0017482517482517483,0.0017482517482517483,False,False,rescue_applied,1,-inf,3,8
tabula_lung_endo,43,0.05,endothelial cell of lymphatic vessel,batch_heldout,outputs\tabula_lung_endo\batch_heldout_seed43_endothelial_cell_of_lymphatic_vessel_rare5pct,full_method,component,success,,1.691269034924717,0.01,da9ffbdf489ba7b0,10,1d825d7683a8696384824afb7b44f380ab77087e8afbfd0102d8a030e496ee6e,"[""tabula_lung_endo"",""endothelial cell of lymphatic vessel"",""da9ffbdf489ba7b0"",10,""1d825d7683a8696384824afb7b44f380ab77087e8afbfd0102d8a030e496ee6e""]",0.9774436090225563,1.0,0.9558823529411765,5,3,8,0.625,0.0017482517482517483,0.0017482517482517483,False,False,rescue_applied,1,0.183864051494315,3,8
tabula_lung_endo,43,0.05,endothelial cell of lymphatic vessel,batch_heldout,outputs\tabula_lung_endo\batch_heldout_seed43_endothelial_cell_of_lymphatic_vessel_rare5pct,rank_1,rank,success,,1.691269034924717,0.01,da9ffbdf489ba7b0,10,1d825d7683a8696384824afb7b44f380ab77087e8afbfd0102d8a030e496ee6e,"[""tabula_lung_endo"",""endothelial cell of lymphatic vessel"",""da9ffbdf489ba7b0"",10,""1d825d7683a8696384824afb7b44f380ab77087e8afbfd0102d8a030e496ee6e""]",0.9774436090225563,1.0,0.9558823529411765,5,3,8,0.625,0.0017482517482517483,0.0017482517482517483,False,False,rescue_applied,1,0.183864051494315,3,8
tabula_lung_endo,43,0.05,endothelial cell of lymphatic vessel,batch_heldout,outputs\tabula_lung_endo\batch_heldout_seed43_endothelial_cell_of_lymphatic_vessel_rare5pct,rank_2,rank,success,,1.691269034924717,0.01,da9ffbdf489ba7b0,10,1d825d7683a8696384824afb7b44f380ab77087e8afbfd0102d8a030e496ee6e,"[""tabula_lung_endo"",""endothelial cell of lymphatic vessel"",""da9ffbdf489ba7b0"",10,""1d825d7683a8696384824afb7b44f380ab77087e8afbfd0102d8a030e496ee6e""]",0.9420289855072463,1.0,0.8904109589041096,5,8,13,0.38461538461538464,0.004662004662004662,0.004662004662004662,False,False,rescue_applied,2,0.183864051494315,3,33
tabula_lung_endo,43,0.05,endothelial cell of lymphatic vessel,batch_heldout,outputs\tabula_lung_endo\batch_heldout_seed43_endothelial_cell_of_lymphatic_vessel_rare5pct,rank_3,rank,success,,1.691269034924717,0.01,da9ffbdf489ba7b0,10,1d825d7683a8696384824afb7b44f380ab77087e8afbfd0102d8a030e496ee6e,"[""tabula_lung_endo"",""endothelial cell of lymphatic vessel"",""da9ffbdf489ba7b0"",10,""1d825d7683a8696384824afb7b44f380ab77087e8afbfd0102d8a030e496ee6e""]",0.9219858156028369,1.0,0.8552631578947368,5,11,16,0.3125,0.00641025641025641,0.00641025641025641,False,False,rescue_applied,3,0.183864051494315,3,138
tabula_lung_endo,43,0.05,endothelial cell of lymphatic vessel,batch_heldout,outputs\tabula_lung_endo\batch_heldout_seed43_endothelial_cell_of_lymphatic_vessel_rare5pct,adaptive_rank,rank,success,,1.691269034924717,0.01,da9ffbdf489ba7b0,10,1d825d7683a8696384824afb7b44f380ab77087e8afbfd0102d8a030e496ee6e,"[""tabula_lung_endo"",""endothelial cell of lymphatic vessel"",""da9ffbdf489ba7b0"",10,""1d825d7683a8696384824afb7b44f380ab77087e8afbfd0102d8a030e496ee6e""]",0.9774436090225563,1.0,0.9558823529411765,5,3,8,0.625,0.0017482517482517483,0.0017482517482517483,False,False,rescue_applied,1,0.183864051494315,3,8
tabula_lung_endo,43,0.10,endothelial cell of lymphatic vessel,batch_heldout,outputs\tabula_lung_endo\batch_heldout_seed43_endothelial_cell_of_lymphatic_vessel_rare10pct,baseline,component,success,,1.7337657666358008,0.01,da9ffbdf489ba7b0,20,799b09efffb22dee371856935f53bbe7a3aaafcaa53583e990b980153e318342,"[""tabula_lung_endo"",""endothelial cell of lymphatic vessel"",""da9ffbdf489ba7b0"",20,""799b09efffb22dee371856935f53bbe7a3aaafcaa53583e990b980153e318342""]",0.9618320610687023,0.9692307692307692,0.9545454545454546,0,0,0,,0.0,0.0,False,False,baseline_no_rescue,0,,1,0
tabula_lung_endo,43,0.10,endothelial cell of lymphatic vessel,batch_heldout,outputs\tabula_lung_endo\batch_heldout_seed43_endothelial_cell_of_lymphatic_vessel_rare10pct,minus_separability_gate,component,success,,1.7337657666358008,0.01,da9ffbdf489ba7b0,20,799b09efffb22dee371856935f53bbe7a3aaafcaa53583e990b980153e318342,"[""tabula_lung_endo"",""endothelial cell of lymphatic vessel"",""da9ffbdf489ba7b0"",20,""799b09efffb22dee371856935f53bbe7a3aaafcaa53583e990b980153e318342""]",0.9618320610687023,0.9692307692307692,0.9545454545454546,0,0,0,,0.0,0.0,False,True,necessity,0,inf,1,0
tabula_lung_endo,43,0.10,endothelial cell of lymphatic vessel,batch_heldout,outputs\tabula_lung_endo\batch_heldout_seed43_endothelial_cell_of_lymphatic_vessel_rare10pct,minus_necessity_gate,component,success,,1.7337657666358008,0.01,da9ffbdf489ba7b0,20,799b09efffb22dee371856935f53bbe7a3aaafcaa53583e990b980153e318342,"[""tabula_lung_endo"",""endothelial cell of lymphatic vessel"",""da9ffbdf489ba7b0"",20,""799b09efffb22dee371856935f53bbe7a3aaafcaa53583e990b980153e318342""]",0.9774436090225563,1.0,0.9558823529411765,2,0,2,1.0,0.0,0.0,False,False,rescue_applied,1,0.1387116048319215,1,3
tabula_lung_endo,43,0.10,endothelial cell of lymphatic vessel,batch_heldout,outputs\tabula_lung_endo\batch_heldout_seed43_endothelial_cell_of_lymphatic_vessel_rare10pct,fixed_rank_1,component,success,,1.7337657666358008,0.01,da9ffbdf489ba7b0,20,799b09efffb22dee371856935f53bbe7a3aaafcaa53583e990b980153e318342,"[""tabula_lung_endo"",""endothelial cell of lymphatic vessel"",""da9ffbdf489ba7b0"",20,""799b09efffb22dee371856935f53bbe7a3aaafcaa53583e990b980153e318342""]",0.9618320610687023,0.9692307692307692,0.9545454545454546,0,0,0,,0.0,0.0,False,True,necessity,0,inf,1,0
tabula_lung_endo,43,0.10,endothelial cell of lymphatic vessel,batch_heldout,outputs\tabula_lung_endo\batch_heldout_seed43_endothelial_cell_of_lymphatic_vessel_rare10pct,minus_conformal_tau,component,success,,1.7337657666358008,0.01,da9ffbdf489ba7b0,20,799b09efffb22dee371856935f53bbe7a3aaafcaa53583e990b980153e318342,"[""tabula_lung_endo"",""endothelial cell of lymphatic vessel"",""da9ffbdf489ba7b0"",20,""799b09efffb22dee371856935f53bbe7a3aaafcaa53583e990b980153e318342""]",0.9618320610687023,0.9692307692307692,0.9545454545454546,0,0,0,,0.0,0.0,False,True,necessity,0,inf,1,0
tabula_lung_endo,43,0.10,endothelial cell of lymphatic vessel,batch_heldout,outputs\tabula_lung_endo\batch_heldout_seed43_endothelial_cell_of_lymphatic_vessel_rare10pct,full_method,component,success,,1.7337657666358008,0.01,da9ffbdf489ba7b0,20,799b09efffb22dee371856935f53bbe7a3aaafcaa53583e990b980153e318342,"[""tabula_lung_endo"",""endothelial cell of lymphatic vessel"",""da9ffbdf489ba7b0"",20,""799b09efffb22dee371856935f53bbe7a3aaafcaa53583e990b980153e318342""]",0.9618320610687023,0.9692307692307692,0.9545454545454546,0,0,0,,0.0,0.0,False,True,val_missed=1 < MIN_VAL_MISSED=3,0,inf,1,0
tabula_lung_endo,43,0.10,endothelial cell of lymphatic vessel,batch_heldout,outputs\tabula_lung_endo\batch_heldout_seed43_endothelial_cell_of_lymphatic_vessel_rare10pct,rank_1,rank,success,,1.7337657666358008,0.01,da9ffbdf489ba7b0,20,799b09efffb22dee371856935f53bbe7a3aaafcaa53583e990b980153e318342,"[""tabula_lung_endo"",""endothelial cell of lymphatic vessel"",""da9ffbdf489ba7b0"",20,""799b09efffb22dee371856935f53bbe7a3aaafcaa53583e990b980153e318342""]",0.9618320610687023,0.9692307692307692,0.9545454545454546,0,0,0,,0.0,0.0,False,True,necessity,0,inf,1,0
tabula_lung_endo,43,0.10,endothelial cell of lymphatic vessel,batch_heldout,outputs\tabula_lung_endo\batch_heldout_seed43_endothelial_cell_of_lymphatic_vessel_rare10pct,rank_2,rank,success,,1.7337657666358008,0.01,da9ffbdf489ba7b0,20,799b09efffb22dee371856935f53bbe7a3aaafcaa53583e990b980153e318342,"[""tabula_lung_endo"",""endothelial cell of lymphatic vessel"",""da9ffbdf489ba7b0"",20,""799b09efffb22dee371856935f53bbe7a3aaafcaa53583e990b980153e318342""]",0.9618320610687023,0.9692307692307692,0.9545454545454546,0,0,0,,0.0,0.0,False,True,necessity,0,inf,1,0
tabula_lung_endo,43,0.10,endothelial cell of lymphatic vessel,batch_heldout,outputs\tabula_lung_endo\batch_heldout_seed43_endothelial_cell_of_lymphatic_vessel_rare10pct,rank_3,rank,success,,1.7337657666358008,0.01,da9ffbdf489ba7b0,20,799b09efffb22dee371856935f53bbe7a3aaafcaa53583e990b980153e318342,"[""tabula_lung_endo"",""endothelial cell of lymphatic vessel"",""da9ffbdf489ba7b0"",20,""799b09efffb22dee371856935f53bbe7a3aaafcaa53583e990b980153e318342""]",0.9618320610687023,0.9692307692307692,0.9545454545454546,0,0,0,,0.0,0.0,False,True,necessity,0,inf,1,0
tabula_lung_endo,43,0.10,endothelial cell of lymphatic vessel,batch_heldout,outputs\tabula_lung_endo\batch_heldout_seed43_endothelial_cell_of_lymphatic_vessel_rare10pct,adaptive_rank,rank,success,,1.7337657666358008,0.01,da9ffbdf489ba7b0,20,799b09efffb22dee371856935f53bbe7a3aaafcaa53583e990b980153e318342,"[""tabula_lung_endo"",""endothelial cell of lymphatic vessel"",""da9ffbdf489ba7b0"",20,""799b09efffb22dee371856935f53bbe7a3aaafcaa53583e990b980153e318342""]",0.9618320610687023,0.9692307692307692,0.9545454545454546,0,0,0,,0.0,0.0,False,True,val_missed=1 < MIN_VAL_MISSED=3,0,inf,1,0
tabula_lung_endo,43,all,endothelial cell of lymphatic vessel,batch_heldout,outputs\tabula_lung_endo\batch_heldout_seed43_endothelial_cell_of_lymphatic_vessel_rareall,baseline,component,success,,1.4801219626440585,0.01,da9ffbdf489ba7b0,208,786544698553a7ca24d9c7e4437507154a7b522fde8ec7c87ddacf4bbab437a4,"[""tabula_lung_endo"",""endothelial cell of lymphatic vessel"",""da9ffbdf489ba7b0"",208,""786544698553a7ca24d9c7e4437507154a7b522fde8ec7c87ddacf4bbab437a4""]",0.9848484848484849,1.0,0.9701492537313433,0,0,0,,0.0,0.0,False,False,baseline_no_rescue,0,,1,0
tabula_lung_endo,43,all,endothelial cell of lymphatic vessel,batch_heldout,outputs\tabula_lung_endo\batch_heldout_seed43_endothelial_cell_of_lymphatic_vessel_rareall,minus_separability_gate,component,success,,1.4801219626440585,0.01,da9ffbdf489ba7b0,208,786544698553a7ca24d9c7e4437507154a7b522fde8ec7c87ddacf4bbab437a4,"[""tabula_lung_endo"",""endothelial cell of lymphatic vessel"",""da9ffbdf489ba7b0"",208,""786544698553a7ca24d9c7e4437507154a7b522fde8ec7c87ddacf4bbab437a4""]",0.9848484848484849,1.0,0.9701492537313433,0,0,0,,0.0,0.0,False,True,necessity,0,inf,1,0
tabula_lung_endo,43,all,endothelial cell of lymphatic vessel,batch_heldout,outputs\tabula_lung_endo\batch_heldout_seed43_endothelial_cell_of_lymphatic_vessel_rareall,minus_necessity_gate,component,success,,1.4801219626440585,0.01,da9ffbdf489ba7b0,208,786544698553a7ca24d9c7e4437507154a7b522fde8ec7c87ddacf4bbab437a4,"[""tabula_lung_endo"",""endothelial cell of lymphatic vessel"",""da9ffbdf489ba7b0"",208,""786544698553a7ca24d9c7e4437507154a7b522fde8ec7c87ddacf4bbab437a4""]",0.9774436090225563,1.0,0.9558823529411765,0,1,1,0.0,0.0005827505827505828,0.0005827505827505828,False,False,rescue_applied,1,0.21229314005745414,1,1
tabula_lung_endo,43,all,endothelial cell of lymphatic vessel,batch_heldout,outputs\tabula_lung_endo\batch_heldout_seed43_endothelial_cell_of_lymphatic_vessel_rareall,fixed_rank_1,component,success,,1.4801219626440585,0.01,da9ffbdf489ba7b0,208,786544698553a7ca24d9c7e4437507154a7b522fde8ec7c87ddacf4bbab437a4,"[""tabula_lung_endo"",""endothelial cell of lymphatic vessel"",""da9ffbdf489ba7b0"",208,""786544698553a7ca24d9c7e4437507154a7b522fde8ec7c87ddacf4bbab437a4""]",0.9848484848484849,1.0,0.9701492537313433,0,0,0,,0.0,0.0,False,True,necessity,0,inf,1,0
tabula_lung_endo,43,all,endothelial cell of lymphatic vessel,batch_heldout,outputs\tabula_lung_endo\batch_heldout_seed43_endothelial_cell_of_lymphatic_vessel_rareall,minus_conformal_tau,component,success,,1.4801219626440585,0.01,da9ffbdf489ba7b0,208,786544698553a7ca24d9c7e4437507154a7b522fde8ec7c87ddacf4bbab437a4,"[""tabula_lung_endo"",""endothelial cell of lymphatic vessel"",""da9ffbdf489ba7b0"",208,""786544698553a7ca24d9c7e4437507154a7b522fde8ec7c87ddacf4bbab437a4""]",0.9848484848484849,1.0,0.9701492537313433,0,0,0,,0.0,0.0,False,True,necessity,0,inf,1,0
tabula_lung_endo,43,all,endothelial cell of lymphatic vessel,batch_heldout,outputs\tabula_lung_endo\batch_heldout_seed43_endothelial_cell_of_lymphatic_vessel_rareall,full_method,component,success,,1.4801219626440585,0.01,da9ffbdf489ba7b0,208,786544698553a7ca24d9c7e4437507154a7b522fde8ec7c87ddacf4bbab437a4,"[""tabula_lung_endo"",""endothelial cell of lymphatic vessel"",""da9ffbdf489ba7b0"",208,""786544698553a7ca24d9c7e4437507154a7b522fde8ec7c87ddacf4bbab437a4""]",0.9848484848484849,1.0,0.9701492537313433,0,0,0,,0.0,0.0,False,True,val_missed=1 < MIN_VAL_MISSED=3,0,inf,1,0
tabula_lung_endo,43,all,endothelial cell of lymphatic vessel,batch_heldout,outputs\tabula_lung_endo\batch_heldout_seed43_endothelial_cell_of_lymphatic_vessel_rareall,rank_1,rank,success,,1.4801219626440585,0.01,da9ffbdf489ba7b0,208,786544698553a7ca24d9c7e4437507154a7b522fde8ec7c87ddacf4bbab437a4,"[""tabula_lung_endo"",""endothelial cell of lymphatic vessel"",""da9ffbdf489ba7b0"",208,""786544698553a7ca24d9c7e4437507154a7b522fde8ec7c87ddacf4bbab437a4""]",0.9848484848484849,1.0,0.9701492537313433,0,0,0,,0.0,0.0,False,True,necessity,0,inf,1,0
tabula_lung_endo,43,all,endothelial cell of lymphatic vessel,batch_heldout,outputs\tabula_lung_endo\batch_heldout_seed43_endothelial_cell_of_lymphatic_vessel_rareall,rank_2,rank,success,,1.4801219626440585,0.01,da9ffbdf489ba7b0,208,786544698553a7ca24d9c7e4437507154a7b522fde8ec7c87ddacf4bbab437a4,"[""tabula_lung_endo"",""endothelial cell of lymphatic vessel"",""da9ffbdf489ba7b0"",208,""786544698553a7ca24d9c7e4437507154a7b522fde8ec7c87ddacf4bbab437a4""]",0.9848484848484849,1.0,0.9701492537313433,0,0,0,,0.0,0.0,False,True,necessity,0,inf,1,0
tabula_lung_endo,43,all,endothelial cell of lymphatic vessel,batch_heldout,outputs\tabula_lung_endo\batch_heldout_seed43_endothelial_cell_of_lymphatic_vessel_rareall,rank_3,rank,success,,1.4801219626440585,0.01,da9ffbdf489ba7b0,208,786544698553a7ca24d9c7e4437507154a7b522fde8ec7c87ddacf4bbab437a4,"[""tabula_lung_endo"",""endothelial cell of lymphatic vessel"",""da9ffbdf489ba7b0"",208,""786544698553a7ca24d9c7e4437507154a7b522fde8ec7c87ddacf4bbab437a4""]",0.9848484848484849,1.0,0.9701492537313433,0,0,0,,0.0,0.0,False,True,necessity,0,inf,1,0
tabula_lung_endo,43,all,endothelial cell of lymphatic vessel,batch_heldout,outputs\tabula_lung_endo\batch_heldout_seed43_endothelial_cell_of_lymphatic_vessel_rareall,adaptive_rank,rank,success,,1.4801219626440585,0.01,da9ffbdf489ba7b0,208,786544698553a7ca24d9c7e4437507154a7b522fde8ec7c87ddacf4bbab437a4,"[""tabula_lung_endo"",""endothelial cell of lymphatic vessel"",""da9ffbdf489ba7b0"",208,""786544698553a7ca24d9c7e4437507154a7b522fde8ec7c87ddacf4bbab437a4""]",0.9848484848484849,1.0,0.9701492537313433,0,0,0,,0.0,0.0,False,True,val_missed=1 < MIN_VAL_MISSED=3,0,inf,1,0
tabula_lung_endo,44,0.01,endothelial cell of lymphatic vessel,batch_heldout,outputs\tabula_lung_endo\batch_heldout_seed44_endothelial_cell_of_lymphatic_vessel_rare1pct,baseline,component,success,,2.0897712781603284,0.01,da9ffbdf489ba7b0,5,cbb53806c0bd3e1eb7af22f190ff2045b8878207ecfeabfd2eefda4a59fb3e67,"[""tabula_lung_endo"",""endothelial cell of lymphatic vessel"",""da9ffbdf489ba7b0"",5,""cbb53806c0bd3e1eb7af22f190ff2045b8878207ecfeabfd2eefda4a59fb3e67""]",0.7619047619047619,0.6153846153846154,1.0,0,0,0,,0.0,0.0,False,False,baseline_no_rescue,0,,18,0
tabula_lung_endo,44,0.01,endothelial cell of lymphatic vessel,batch_heldout,outputs\tabula_lung_endo\batch_heldout_seed44_endothelial_cell_of_lymphatic_vessel_rare1pct,minus_separability_gate,component,success,,2.0897712781603284,0.01,da9ffbdf489ba7b0,5,cbb53806c0bd3e1eb7af22f190ff2045b8878207ecfeabfd2eefda4a59fb3e67,"[""tabula_lung_endo"",""endothelial cell of lymphatic vessel"",""da9ffbdf489ba7b0"",5,""cbb53806c0bd3e1eb7af22f190ff2045b8878207ecfeabfd2eefda4a59fb3e67""]",0.9767441860465116,0.9692307692307692,0.984375,23,1,24,0.9583333333333334,0.0005827505827505828,0.0005827505827505828,False,False,rescue_applied,1,0.13896265875183658,18,24
tabula_lung_endo,44,0.01,endothelial cell of lymphatic vessel,batch_heldout,outputs\tabula_lung_endo\batch_heldout_seed44_endothelial_cell_of_lymphatic_vessel_rare1pct,minus_necessity_gate,component,success,,2.0897712781603284,0.01,da9ffbdf489ba7b0,5,cbb53806c0bd3e1eb7af22f190ff2045b8878207ecfeabfd2eefda4a59fb3e67,"[""tabula_lung_endo"",""endothelial cell of lymphatic vessel"",""da9ffbdf489ba7b0"",5,""cbb53806c0bd3e1eb7af22f190ff2045b8878207ecfeabfd2eefda4a59fb3e67""]",0.9767441860465116,0.9692307692307692,0.984375,23,1,24,0.9583333333333334,0.0005827505827505828,0.0005827505827505828,False,False,rescue_applied,1,0.13896265875183658,18,24
tabula_lung_endo,44,0.01,endothelial cell of lymphatic vessel,batch_heldout,outputs\tabula_lung_endo\batch_heldout_seed44_endothelial_cell_of_lymphatic_vessel_rare1pct,fixed_rank_1,component,success,,2.0897712781603284,0.01,da9ffbdf489ba7b0,5,cbb53806c0bd3e1eb7af22f190ff2045b8878207ecfeabfd2eefda4a59fb3e67,"[""tabula_lung_endo"",""endothelial cell of lymphatic vessel"",""da9ffbdf489ba7b0"",5,""cbb53806c0bd3e1eb7af22f190ff2045b8878207ecfeabfd2eefda4a59fb3e67""]",0.9767441860465116,0.9692307692307692,0.984375,23,1,24,0.9583333333333334,0.0005827505827505828,0.0005827505827505828,False,False,rescue_applied,1,0.13896265875183658,18,24
tabula_lung_endo,44,0.01,endothelial cell of lymphatic vessel,batch_heldout,outputs\tabula_lung_endo\batch_heldout_seed44_endothelial_cell_of_lymphatic_vessel_rare1pct,minus_conformal_tau,component,success,,2.0897712781603284,0.01,da9ffbdf489ba7b0,5,cbb53806c0bd3e1eb7af22f190ff2045b8878207ecfeabfd2eefda4a59fb3e67,"[""tabula_lung_endo"",""endothelial cell of lymphatic vessel"",""da9ffbdf489ba7b0"",5,""cbb53806c0bd3e1eb7af22f190ff2045b8878207ecfeabfd2eefda4a59fb3e67""]",0.9767441860465116,0.9692307692307692,0.984375,23,1,24,0.9583333333333334,0.0005827505827505828,0.0005827505827505828,False,False,rescue_applied,1,-inf,18,24
tabula_lung_endo,44,0.01,endothelial cell of lymphatic vessel,batch_heldout,outputs\tabula_lung_endo\batch_heldout_seed44_endothelial_cell_of_lymphatic_vessel_rare1pct,full_method,component,success,,2.0897712781603284,0.01,da9ffbdf489ba7b0,5,cbb53806c0bd3e1eb7af22f190ff2045b8878207ecfeabfd2eefda4a59fb3e67,"[""tabula_lung_endo"",""endothelial cell of lymphatic vessel"",""da9ffbdf489ba7b0"",5,""cbb53806c0bd3e1eb7af22f190ff2045b8878207ecfeabfd2eefda4a59fb3e67""]",0.9767441860465116,0.9692307692307692,0.984375,23,1,24,0.9583333333333334,0.0005827505827505828,0.0005827505827505828,False,False,rescue_applied,1,0.13896265875183658,18,24
tabula_lung_endo,44,0.01,endothelial cell of lymphatic vessel,batch_heldout,outputs\tabula_lung_endo\batch_heldout_seed44_endothelial_cell_of_lymphatic_vessel_rare1pct,rank_1,rank,success,,2.0897712781603284,0.01,da9ffbdf489ba7b0,5,cbb53806c0bd3e1eb7af22f190ff2045b8878207ecfeabfd2eefda4a59fb3e67,"[""tabula_lung_endo"",""endothelial cell of lymphatic vessel"",""da9ffbdf489ba7b0"",5,""cbb53806c0bd3e1eb7af22f190ff2045b8878207ecfeabfd2eefda4a59fb3e67""]",0.9767441860465116,0.9692307692307692,0.984375,23,1,24,0.9583333333333334,0.0005827505827505828,0.0005827505827505828,False,False,rescue_applied,1,0.13896265875183658,18,24
tabula_lung_endo,44,0.01,endothelial cell of lymphatic vessel,batch_heldout,outputs\tabula_lung_endo\batch_heldout_seed44_endothelial_cell_of_lymphatic_vessel_rare1pct,rank_2,rank,success,,2.0897712781603284,0.01,da9ffbdf489ba7b0,5,cbb53806c0bd3e1eb7af22f190ff2045b8878207ecfeabfd2eefda4a59fb3e67,"[""tabula_lung_endo"",""endothelial cell of lymphatic vessel"",""da9ffbdf489ba7b0"",5,""cbb53806c0bd3e1eb7af22f190ff2045b8878207ecfeabfd2eefda4a59fb3e67""]",0.9333333333333333,0.9692307692307692,0.9,23,7,30,0.7666666666666667,0.004079254079254079,0.004079254079254079,False,False,rescue_applied,2,0.13896265875183658,18,30
tabula_lung_endo,44,0.01,endothelial cell of lymphatic vessel,batch_heldout,outputs\tabula_lung_endo\batch_heldout_seed44_endothelial_cell_of_lymphatic_vessel_rare1pct,rank_3,rank,success,,2.0897712781603284,0.01,da9ffbdf489ba7b0,5,cbb53806c0bd3e1eb7af22f190ff2045b8878207ecfeabfd2eefda4a59fb3e67,"[""tabula_lung_endo"",""endothelial cell of lymphatic vessel"",""da9ffbdf489ba7b0"",5,""cbb53806c0bd3e1eb7af22f190ff2045b8878207ecfeabfd2eefda4a59fb3e67""]",0.8609271523178808,1.0,0.7558139534883721,25,21,46,0.5434782608695652,0.012237762237762238,0.012237762237762238,True,False,rescue_applied,3,0.13896265875183658,18,58
tabula_lung_endo,44,0.01,endothelial cell of lymphatic vessel,batch_heldout,outputs\tabula_lung_endo\batch_heldout_seed44_endothelial_cell_of_lymphatic_vessel_rare1pct,adaptive_rank,rank,success,,2.0897712781603284,0.01,da9ffbdf489ba7b0,5,cbb53806c0bd3e1eb7af22f190ff2045b8878207ecfeabfd2eefda4a59fb3e67,"[""tabula_lung_endo"",""endothelial cell of lymphatic vessel"",""da9ffbdf489ba7b0"",5,""cbb53806c0bd3e1eb7af22f190ff2045b8878207ecfeabfd2eefda4a59fb3e67""]",0.9767441860465116,0.9692307692307692,0.984375,23,1,24,0.9583333333333334,0.0005827505827505828,0.0005827505827505828,False,False,rescue_applied,1,0.13896265875183658,18,24
tabula_lung_endo,44,0.05,endothelial cell of lymphatic vessel,batch_heldout,outputs\tabula_lung_endo\batch_heldout_seed44_endothelial_cell_of_lymphatic_vessel_rare5pct,baseline,component,success,,1.7970171102316257,0.01,da9ffbdf489ba7b0,10,465df10204080fde5624f28b9ca87ffbeabbd3a474fb6a7e05798575acaf9948,"[""tabula_lung_endo"",""endothelial cell of lymphatic vessel"",""da9ffbdf489ba7b0"",10,""465df10204080fde5624f28b9ca87ffbeabbd3a474fb6a7e05798575acaf9948""]",0.944,0.9076923076923077,0.9833333333333333,0,0,0,,0.0,0.0,False,False,baseline_no_rescue,0,,3,0
tabula_lung_endo,44,0.05,endothelial cell of lymphatic vessel,batch_heldout,outputs\tabula_lung_endo\batch_heldout_seed44_endothelial_cell_of_lymphatic_vessel_rare5pct,minus_separability_gate,component,success,,1.7970171102316257,0.01,da9ffbdf489ba7b0,10,465df10204080fde5624f28b9ca87ffbeabbd3a474fb6a7e05798575acaf9948,"[""tabula_lung_endo"",""endothelial cell of lymphatic vessel"",""da9ffbdf489ba7b0"",10,""465df10204080fde5624f28b9ca87ffbeabbd3a474fb6a7e05798575acaf9948""]",0.9923664122137404,1.0,0.9848484848484849,6,0,6,1.0,0.0,0.0,False,False,rescue_applied,1,0.17930921867457592,3,6
tabula_lung_endo,44,0.05,endothelial cell of lymphatic vessel,batch_heldout,outputs\tabula_lung_endo\batch_heldout_seed44_endothelial_cell_of_lymphatic_vessel_rare5pct,minus_necessity_gate,component,success,,1.7970171102316257,0.01,da9ffbdf489ba7b0,10,465df10204080fde5624f28b9ca87ffbeabbd3a474fb6a7e05798575acaf9948,"[""tabula_lung_endo"",""endothelial cell of lymphatic vessel"",""da9ffbdf489ba7b0"",10,""465df10204080fde5624f28b9ca87ffbeabbd3a474fb6a7e05798575acaf9948""]",0.9923664122137404,1.0,0.9848484848484849,6,0,6,1.0,0.0,0.0,False,False,rescue_applied,1,0.17930921867457592,3,6
tabula_lung_endo,44,0.05,endothelial cell of lymphatic vessel,batch_heldout,outputs\tabula_lung_endo\batch_heldout_seed44_endothelial_cell_of_lymphatic_vessel_rare5pct,fixed_rank_1,component,success,,1.7970171102316257,0.01,da9ffbdf489ba7b0,10,465df10204080fde5624f28b9ca87ffbeabbd3a474fb6a7e05798575acaf9948,"[""tabula_lung_endo"",""endothelial cell of lymphatic vessel"",""da9ffbdf489ba7b0"",10,""465df10204080fde5624f28b9ca87ffbeabbd3a474fb6a7e05798575acaf9948""]",0.9923664122137404,1.0,0.9848484848484849,6,0,6,1.0,0.0,0.0,False,False,rescue_applied,1,0.17930921867457592,3,6
tabula_lung_endo,44,0.05,endothelial cell of lymphatic vessel,batch_heldout,outputs\tabula_lung_endo\batch_heldout_seed44_endothelial_cell_of_lymphatic_vessel_rare5pct,minus_conformal_tau,component,success,,1.7970171102316257,0.01,da9ffbdf489ba7b0,10,465df10204080fde5624f28b9ca87ffbeabbd3a474fb6a7e05798575acaf9948,"[""tabula_lung_endo"",""endothelial cell of lymphatic vessel"",""da9ffbdf489ba7b0"",10,""465df10204080fde5624f28b9ca87ffbeabbd3a474fb6a7e05798575acaf9948""]",0.9923664122137404,1.0,0.9848484848484849,6,0,6,1.0,0.0,0.0,False,False,rescue_applied,1,-inf,3,6
tabula_lung_endo,44,0.05,endothelial cell of lymphatic vessel,batch_heldout,outputs\tabula_lung_endo\batch_heldout_seed44_endothelial_cell_of_lymphatic_vessel_rare5pct,full_method,component,success,,1.7970171102316257,0.01,da9ffbdf489ba7b0,10,465df10204080fde5624f28b9ca87ffbeabbd3a474fb6a7e05798575acaf9948,"[""tabula_lung_endo"",""endothelial cell of lymphatic vessel"",""da9ffbdf489ba7b0"",10,""465df10204080fde5624f28b9ca87ffbeabbd3a474fb6a7e05798575acaf9948""]",0.9923664122137404,1.0,0.9848484848484849,6,0,6,1.0,0.0,0.0,False,False,rescue_applied,1,0.17930921867457592,3,6
tabula_lung_endo,44,0.05,endothelial cell of lymphatic vessel,batch_heldout,outputs\tabula_lung_endo\batch_heldout_seed44_endothelial_cell_of_lymphatic_vessel_rare5pct,rank_1,rank,success,,1.7970171102316257,0.01,da9ffbdf489ba7b0,10,465df10204080fde5624f28b9ca87ffbeabbd3a474fb6a7e05798575acaf9948,"[""tabula_lung_endo"",""endothelial cell of lymphatic vessel"",""da9ffbdf489ba7b0"",10,""465df10204080fde5624f28b9ca87ffbeabbd3a474fb6a7e05798575acaf9948""]",0.9923664122137404,1.0,0.9848484848484849,6,0,6,1.0,0.0,0.0,False,False,rescue_applied,1,0.17930921867457592,3,6
tabula_lung_endo,44,0.05,endothelial cell of lymphatic vessel,batch_heldout,outputs\tabula_lung_endo\batch_heldout_seed44_endothelial_cell_of_lymphatic_vessel_rare5pct,rank_2,rank,success,,1.7970171102316257,0.01,da9ffbdf489ba7b0,10,465df10204080fde5624f28b9ca87ffbeabbd3a474fb6a7e05798575acaf9948,"[""tabula_lung_endo"",""endothelial cell of lymphatic vessel"",""da9ffbdf489ba7b0"",10,""465df10204080fde5624f28b9ca87ffbeabbd3a474fb6a7e05798575acaf9948""]",0.9558823529411765,1.0,0.9154929577464789,6,5,11,0.5454545454545454,0.002913752913752914,0.002913752913752914,False,False,rescue_applied,2,0.17930921867457592,3,11
tabula_lung_endo,44,0.05,endothelial cell of lymphatic vessel,batch_heldout,outputs\tabula_lung_endo\batch_heldout_seed44_endothelial_cell_of_lymphatic_vessel_rare5pct,rank_3,rank,success,,1.7970171102316257,0.01,da9ffbdf489ba7b0,10,465df10204080fde5624f28b9ca87ffbeabbd3a474fb6a7e05798575acaf9948,"[""tabula_lung_endo"",""endothelial cell of lymphatic vessel"",""da9ffbdf489ba7b0"",10,""465df10204080fde5624f28b9ca87ffbeabbd3a474fb6a7e05798575acaf9948""]",0.8125,1.0,0.6842105263157895,6,29,35,0.17142857142857143,0.0168997668997669,0.0168997668997669,True,False,rescue_applied,3,0.17930921867457592,3,44
tabula_lung_endo,44,0.05,endothelial cell of lymphatic vessel,batch_heldout,outputs\tabula_lung_endo\batch_heldout_seed44_endothelial_cell_of_lymphatic_vessel_rare5pct,adaptive_rank,rank,success,,1.7970171102316257,0.01,da9ffbdf489ba7b0,10,465df10204080fde5624f28b9ca87ffbeabbd3a474fb6a7e05798575acaf9948,"[""tabula_lung_endo"",""endothelial cell of lymphatic vessel"",""da9ffbdf489ba7b0"",10,""465df10204080fde5624f28b9ca87ffbeabbd3a474fb6a7e05798575acaf9948""]",0.9923664122137404,1.0,0.9848484848484849,6,0,6,1.0,0.0,0.0,False,False,rescue_applied,1,0.17930921867457592,3,6
tabula_lung_endo,44,0.10,endothelial cell of lymphatic vessel,batch_heldout,outputs\tabula_lung_endo\batch_heldout_seed44_endothelial_cell_of_lymphatic_vessel_rare10pct,baseline,component,success,,1.689411879757718,0.01,da9ffbdf489ba7b0,20,35d32d87bc9e2e6123dd3a53da509930e546b40a79edb27bfbe3f7bc03d9e605,"[""tabula_lung_endo"",""endothelial cell of lymphatic vessel"",""da9ffbdf489ba7b0"",20,""35d32d87bc9e2e6123dd3a53da509930e546b40a79edb27bfbe3f7bc03d9e605""]",0.9692307692307692,0.9692307692307692,0.9692307692307692,0,0,0,,0.0,0.0,False,False,baseline_no_rescue,0,,1,0
tabula_lung_endo,44,0.10,endothelial cell of lymphatic vessel,batch_heldout,outputs\tabula_lung_endo\batch_heldout_seed44_endothelial_cell_of_lymphatic_vessel_rare10pct,minus_separability_gate,component,success,,1.689411879757718,0.01,da9ffbdf489ba7b0,20,35d32d87bc9e2e6123dd3a53da509930e546b40a79edb27bfbe3f7bc03d9e605,"[""tabula_lung_endo"",""endothelial cell of lymphatic vessel"",""da9ffbdf489ba7b0"",20,""35d32d87bc9e2e6123dd3a53da509930e546b40a79edb27bfbe3f7bc03d9e605""]",0.9692307692307692,0.9692307692307692,0.9692307692307692,0,0,0,,0.0,0.0,False,True,necessity,0,inf,1,0
tabula_lung_endo,44,0.10,endothelial cell of lymphatic vessel,batch_heldout,outputs\tabula_lung_endo\batch_heldout_seed44_endothelial_cell_of_lymphatic_vessel_rare10pct,minus_necessity_gate,component,success,,1.689411879757718,0.01,da9ffbdf489ba7b0,20,35d32d87bc9e2e6123dd3a53da509930e546b40a79edb27bfbe3f7bc03d9e605,"[""tabula_lung_endo"",""endothelial cell of lymphatic vessel"",""da9ffbdf489ba7b0"",20,""35d32d87bc9e2e6123dd3a53da509930e546b40a79edb27bfbe3f7bc03d9e605""]",0.9848484848484849,1.0,0.9701492537313433,2,0,2,1.0,0.0,0.0,False,False,rescue_applied,1,0.16803516073798203,1,2
tabula_lung_endo,44,0.10,endothelial cell of lymphatic vessel,batch_heldout,outputs\tabula_lung_endo\batch_heldout_seed44_endothelial_cell_of_lymphatic_vessel_rare10pct,fixed_rank_1,component,success,,1.689411879757718,0.01,da9ffbdf489ba7b0,20,35d32d87bc9e2e6123dd3a53da509930e546b40a79edb27bfbe3f7bc03d9e605,"[""tabula_lung_endo"",""endothelial cell of lymphatic vessel"",""da9ffbdf489ba7b0"",20,""35d32d87bc9e2e6123dd3a53da509930e546b40a79edb27bfbe3f7bc03d9e605""]",0.9692307692307692,0.9692307692307692,0.9692307692307692,0,0,0,,0.0,0.0,False,True,necessity,0,inf,1,0
tabula_lung_endo,44,0.10,endothelial cell of lymphatic vessel,batch_heldout,outputs\tabula_lung_endo\batch_heldout_seed44_endothelial_cell_of_lymphatic_vessel_rare10pct,minus_conformal_tau,component,success,,1.689411879757718,0.01,da9ffbdf489ba7b0,20,35d32d87bc9e2e6123dd3a53da509930e546b40a79edb27bfbe3f7bc03d9e605,"[""tabula_lung_endo"",""endothelial cell of lymphatic vessel"",""da9ffbdf489ba7b0"",20,""35d32d87bc9e2e6123dd3a53da509930e546b40a79edb27bfbe3f7bc03d9e605""]",0.9692307692307692,0.9692307692307692,0.9692307692307692,0,0,0,,0.0,0.0,False,True,necessity,0,inf,1,0
tabula_lung_endo,44,0.10,endothelial cell of lymphatic vessel,batch_heldout,outputs\tabula_lung_endo\batch_heldout_seed44_endothelial_cell_of_lymphatic_vessel_rare10pct,full_method,component,success,,1.689411879757718,0.01,da9ffbdf489ba7b0,20,35d32d87bc9e2e6123dd3a53da509930e546b40a79edb27bfbe3f7bc03d9e605,"[""tabula_lung_endo"",""endothelial cell of lymphatic vessel"",""da9ffbdf489ba7b0"",20,""35d32d87bc9e2e6123dd3a53da509930e546b40a79edb27bfbe3f7bc03d9e605""]",0.9692307692307692,0.9692307692307692,0.9692307692307692,0,0,0,,0.0,0.0,False,True,val_missed=1 < MIN_VAL_MISSED=3,0,inf,1,0
tabula_lung_endo,44,0.10,endothelial cell of lymphatic vessel,batch_heldout,outputs\tabula_lung_endo\batch_heldout_seed44_endothelial_cell_of_lymphatic_vessel_rare10pct,rank_1,rank,success,,1.689411879757718,0.01,da9ffbdf489ba7b0,20,35d32d87bc9e2e6123dd3a53da509930e546b40a79edb27bfbe3f7bc03d9e605,"[""tabula_lung_endo"",""endothelial cell of lymphatic vessel"",""da9ffbdf489ba7b0"",20,""35d32d87bc9e2e6123dd3a53da509930e546b40a79edb27bfbe3f7bc03d9e605""]",0.9692307692307692,0.9692307692307692,0.9692307692307692,0,0,0,,0.0,0.0,False,True,necessity,0,inf,1,0
tabula_lung_endo,44,0.10,endothelial cell of lymphatic vessel,batch_heldout,outputs\tabula_lung_endo\batch_heldout_seed44_endothelial_cell_of_lymphatic_vessel_rare10pct,rank_2,rank,success,,1.689411879757718,0.01,da9ffbdf489ba7b0,20,35d32d87bc9e2e6123dd3a53da509930e546b40a79edb27bfbe3f7bc03d9e605,"[""tabula_lung_endo"",""endothelial cell of lymphatic vessel"",""da9ffbdf489ba7b0"",20,""35d32d87bc9e2e6123dd3a53da509930e546b40a79edb27bfbe3f7bc03d9e605""]",0.9692307692307692,0.9692307692307692,0.9692307692307692,0,0,0,,0.0,0.0,False,True,necessity,0,inf,1,0
tabula_lung_endo,44,0.10,endothelial cell of lymphatic vessel,batch_heldout,outputs\tabula_lung_endo\batch_heldout_seed44_endothelial_cell_of_lymphatic_vessel_rare10pct,rank_3,rank,success,,1.689411879757718,0.01,da9ffbdf489ba7b0,20,35d32d87bc9e2e6123dd3a53da509930e546b40a79edb27bfbe3f7bc03d9e605,"[""tabula_lung_endo"",""endothelial cell of lymphatic vessel"",""da9ffbdf489ba7b0"",20,""35d32d87bc9e2e6123dd3a53da509930e546b40a79edb27bfbe3f7bc03d9e605""]",0.9692307692307692,0.9692307692307692,0.9692307692307692,0,0,0,,0.0,0.0,False,True,necessity,0,inf,1,0
tabula_lung_endo,44,0.10,endothelial cell of lymphatic vessel,batch_heldout,outputs\tabula_lung_endo\batch_heldout_seed44_endothelial_cell_of_lymphatic_vessel_rare10pct,adaptive_rank,rank,success,,1.689411879757718,0.01,da9ffbdf489ba7b0,20,35d32d87bc9e2e6123dd3a53da509930e546b40a79edb27bfbe3f7bc03d9e605,"[""tabula_lung_endo"",""endothelial cell of lymphatic vessel"",""da9ffbdf489ba7b0"",20,""35d32d87bc9e2e6123dd3a53da509930e546b40a79edb27bfbe3f7bc03d9e605""]",0.9692307692307692,0.9692307692307692,0.9692307692307692,0,0,0,,0.0,0.0,False,True,val_missed=1 < MIN_VAL_MISSED=3,0,inf,1,0
tabula_lung_endo,44,all,endothelial cell of lymphatic vessel,batch_heldout,outputs\tabula_lung_endo\batch_heldout_seed44_endothelial_cell_of_lymphatic_vessel_rareall,baseline,component,success,,1.6533359543442292,0.01,da9ffbdf489ba7b0,208,786544698553a7ca24d9c7e4437507154a7b522fde8ec7c87ddacf4bbab437a4,"[""tabula_lung_endo"",""endothelial cell of lymphatic vessel"",""da9ffbdf489ba7b0"",208,""786544698553a7ca24d9c7e4437507154a7b522fde8ec7c87ddacf4bbab437a4""]",0.9692307692307692,0.9692307692307692,0.9692307692307692,0,0,0,,0.0,0.0,False,False,baseline_no_rescue,0,,1,0
tabula_lung_endo,44,all,endothelial cell of lymphatic vessel,batch_heldout,outputs\tabula_lung_endo\batch_heldout_seed44_endothelial_cell_of_lymphatic_vessel_rareall,minus_separability_gate,component,success,,1.6533359543442292,0.01,da9ffbdf489ba7b0,208,786544698553a7ca24d9c7e4437507154a7b522fde8ec7c87ddacf4bbab437a4,"[""tabula_lung_endo"",""endothelial cell of lymphatic vessel"",""da9ffbdf489ba7b0"",208,""786544698553a7ca24d9c7e4437507154a7b522fde8ec7c87ddacf4bbab437a4""]",0.9692307692307692,0.9692307692307692,0.9692307692307692,0,0,0,,0.0,0.0,False,True,necessity,0,inf,1,0
tabula_lung_endo,44,all,endothelial cell of lymphatic vessel,batch_heldout,outputs\tabula_lung_endo\batch_heldout_seed44_endothelial_cell_of_lymphatic_vessel_rareall,minus_necessity_gate,component,success,,1.6533359543442292,0.01,da9ffbdf489ba7b0,208,786544698553a7ca24d9c7e4437507154a7b522fde8ec7c87ddacf4bbab437a4,"[""tabula_lung_endo"",""endothelial cell of lymphatic vessel"",""da9ffbdf489ba7b0"",208,""786544698553a7ca24d9c7e4437507154a7b522fde8ec7c87ddacf4bbab437a4""]",0.9701492537313433,1.0,0.9420289855072463,2,2,4,0.5,0.0011655011655011655,0.0011655011655011655,False,False,rescue_applied,1,0.1902421732532429,1,4
tabula_lung_endo,44,all,endothelial cell of lymphatic vessel,batch_heldout,outputs\tabula_lung_endo\batch_heldout_seed44_endothelial_cell_of_lymphatic_vessel_rareall,fixed_rank_1,component,success,,1.6533359543442292,0.01,da9ffbdf489ba7b0,208,786544698553a7ca24d9c7e4437507154a7b522fde8ec7c87ddacf4bbab437a4,"[""tabula_lung_endo"",""endothelial cell of lymphatic vessel"",""da9ffbdf489ba7b0"",208,""786544698553a7ca24d9c7e4437507154a7b522fde8ec7c87ddacf4bbab437a4""]",0.9692307692307692,0.9692307692307692,0.9692307692307692,0,0,0,,0.0,0.0,False,True,necessity,0,inf,1,0
tabula_lung_endo,44,all,endothelial cell of lymphatic vessel,batch_heldout,outputs\tabula_lung_endo\batch_heldout_seed44_endothelial_cell_of_lymphatic_vessel_rareall,minus_conformal_tau,component,success,,1.6533359543442292,0.01,da9ffbdf489ba7b0,208,786544698553a7ca24d9c7e4437507154a7b522fde8ec7c87ddacf4bbab437a4,"[""tabula_lung_endo"",""endothelial cell of lymphatic vessel"",""da9ffbdf489ba7b0"",208,""786544698553a7ca24d9c7e4437507154a7b522fde8ec7c87ddacf4bbab437a4""]",0.9692307692307692,0.9692307692307692,0.9692307692307692,0,0,0,,0.0,0.0,False,True,necessity,0,inf,1,0
tabula_lung_endo,44,all,endothelial cell of lymphatic vessel,batch_heldout,outputs\tabula_lung_endo\batch_heldout_seed44_endothelial_cell_of_lymphatic_vessel_rareall,full_method,component,success,,1.6533359543442292,0.01,da9ffbdf489ba7b0,208,786544698553a7ca24d9c7e4437507154a7b522fde8ec7c87ddacf4bbab437a4,"[""tabula_lung_endo"",""endothelial cell of lymphatic vessel"",""da9ffbdf489ba7b0"",208,""786544698553a7ca24d9c7e4437507154a7b522fde8ec7c87ddacf4bbab437a4""]",0.9692307692307692,0.9692307692307692,0.9692307692307692,0,0,0,,0.0,0.0,False,True,val_missed=1 < MIN_VAL_MISSED=3,0,inf,1,0
tabula_lung_endo,44,all,endothelial cell of lymphatic vessel,batch_heldout,outputs\tabula_lung_endo\batch_heldout_seed44_endothelial_cell_of_lymphatic_vessel_rareall,rank_1,rank,success,,1.6533359543442292,0.01,da9ffbdf489ba7b0,208,786544698553a7ca24d9c7e4437507154a7b522fde8ec7c87ddacf4bbab437a4,"[""tabula_lung_endo"",""endothelial cell of lymphatic vessel"",""da9ffbdf489ba7b0"",208,""786544698553a7ca24d9c7e4437507154a7b522fde8ec7c87ddacf4bbab437a4""]",0.9692307692307692,0.9692307692307692,0.9692307692307692,0,0,0,,0.0,0.0,False,True,necessity,0,inf,1,0
tabula_lung_endo,44,all,endothelial cell of lymphatic vessel,batch_heldout,outputs\tabula_lung_endo\batch_heldout_seed44_endothelial_cell_of_lymphatic_vessel_rareall,rank_2,rank,success,,1.6533359543442292,0.01,da9ffbdf489ba7b0,208,786544698553a7ca24d9c7e4437507154a7b522fde8ec7c87ddacf4bbab437a4,"[""tabula_lung_endo"",""endothelial cell of lymphatic vessel"",""da9ffbdf489ba7b0"",208,""786544698553a7ca24d9c7e4437507154a7b522fde8ec7c87ddacf4bbab437a4""]",0.9692307692307692,0.9692307692307692,0.9692307692307692,0,0,0,,0.0,0.0,False,True,necessity,0,inf,1,0
tabula_lung_endo,44,all,endothelial cell of lymphatic vessel,batch_heldout,outputs\tabula_lung_endo\batch_heldout_seed44_endothelial_cell_of_lymphatic_vessel_rareall,rank_3,rank,success,,1.6533359543442292,0.01,da9ffbdf489ba7b0,208,786544698553a7ca24d9c7e4437507154a7b522fde8ec7c87ddacf4bbab437a4,"[""tabula_lung_endo"",""endothelial cell of lymphatic vessel"",""da9ffbdf489ba7b0"",208,""786544698553a7ca24d9c7e4437507154a7b522fde8ec7c87ddacf4bbab437a4""]",0.9692307692307692,0.9692307692307692,0.9692307692307692,0,0,0,,0.0,0.0,False,True,necessity,0,inf,1,0
tabula_lung_endo,44,all,endothelial cell of lymphatic vessel,batch_heldout,outputs\tabula_lung_endo\batch_heldout_seed44_endothelial_cell_of_lymphatic_vessel_rareall,adaptive_rank,rank,success,,1.6533359543442292,0.01,da9ffbdf489ba7b0,208,786544698553a7ca24d9c7e4437507154a7b522fde8ec7c87ddacf4bbab437a4,"[""tabula_lung_endo"",""endothelial cell of lymphatic vessel"",""da9ffbdf489ba7b0"",208,""786544698553a7ca24d9c7e4437507154a7b522fde8ec7c87ddacf4bbab437a4""]",0.9692307692307692,0.9692307692307692,0.9692307692307692,0,0,0,,0.0,0.0,False,True,val_missed=1 < MIN_VAL_MISSED=3,0,inf,1,0
tabula_sapiens_stomach,42,0.01,mast cell,batch_heldout,outputs\tabula_sapiens_stomach\batch_heldout_seed42_mast_cell_rare1pct,baseline,component,success,,1.7794411234665837,0.01,d796289a5b941ac3,5,5c94000b0a848b99217042b2213877e7e3d11964bac6caf75c01005fef107370,"[""tabula_sapiens_stomach"",""mast cell"",""d796289a5b941ac3"",5,""5c94000b0a848b99217042b2213877e7e3d11964bac6caf75c01005fef107370""]",0.5454545454545454,0.375,1.0,0,0,0,,0.0,0.0,False,False,baseline_no_rescue,0,,36,0
tabula_sapiens_stomach,42,0.01,mast cell,batch_heldout,outputs\tabula_sapiens_stomach\batch_heldout_seed42_mast_cell_rare1pct,minus_separability_gate,component,success,,1.7794411234665837,0.01,d796289a5b941ac3,5,5c94000b0a848b99217042b2213877e7e3d11964bac6caf75c01005fef107370,"[""tabula_sapiens_stomach"",""mast cell"",""d796289a5b941ac3"",5,""5c94000b0a848b99217042b2213877e7e3d11964bac6caf75c01005fef107370""]",0.7450980392156863,0.59375,1.0,7,0,7,1.0,0.0,0.0,False,False,rescue_applied,2,0.056060221092595876,36,7
tabula_sapiens_stomach,42,0.01,mast cell,batch_heldout,outputs\tabula_sapiens_stomach\batch_heldout_seed42_mast_cell_rare1pct,minus_necessity_gate,component,success,,1.7794411234665837,0.01,d796289a5b941ac3,5,5c94000b0a848b99217042b2213877e7e3d11964bac6caf75c01005fef107370,"[""tabula_sapiens_stomach"",""mast cell"",""d796289a5b941ac3"",5,""5c94000b0a848b99217042b2213877e7e3d11964bac6caf75c01005fef107370""]",0.7450980392156863,0.59375,1.0,7,0,7,1.0,0.0,0.0,False,False,rescue_applied,2,0.056060221092595876,36,7
tabula_sapiens_stomach,42,0.01,mast cell,batch_heldout,outputs\tabula_sapiens_stomach\batch_heldout_seed42_mast_cell_rare1pct,fixed_rank_1,component,success,,1.7794411234665837,0.01,d796289a5b941ac3,5,5c94000b0a848b99217042b2213877e7e3d11964bac6caf75c01005fef107370,"[""tabula_sapiens_stomach"",""mast cell"",""d796289a5b941ac3"",5,""5c94000b0a848b99217042b2213877e7e3d11964bac6caf75c01005fef107370""]",0.6382978723404256,0.46875,1.0,3,0,3,1.0,0.0,0.0,False,False,rescue_applied,1,0.056060221092595876,36,3
tabula_sapiens_stomach,42,0.01,mast cell,batch_heldout,outputs\tabula_sapiens_stomach\batch_heldout_seed42_mast_cell_rare1pct,minus_conformal_tau,component,success,,1.7794411234665837,0.01,d796289a5b941ac3,5,5c94000b0a848b99217042b2213877e7e3d11964bac6caf75c01005fef107370,"[""tabula_sapiens_stomach"",""mast cell"",""d796289a5b941ac3"",5,""5c94000b0a848b99217042b2213877e7e3d11964bac6caf75c01005fef107370""]",0.7450980392156863,0.59375,1.0,7,0,7,1.0,0.0,0.0,False,False,rescue_applied,2,-inf,36,7
tabula_sapiens_stomach,42,0.01,mast cell,batch_heldout,outputs\tabula_sapiens_stomach\batch_heldout_seed42_mast_cell_rare1pct,full_method,component,success,,1.7794411234665837,0.01,d796289a5b941ac3,5,5c94000b0a848b99217042b2213877e7e3d11964bac6caf75c01005fef107370,"[""tabula_sapiens_stomach"",""mast cell"",""d796289a5b941ac3"",5,""5c94000b0a848b99217042b2213877e7e3d11964bac6caf75c01005fef107370""]",0.7450980392156863,0.59375,1.0,7,0,7,1.0,0.0,0.0,False,False,rescue_applied,2,0.056060221092595876,36,7
tabula_sapiens_stomach,42,0.01,mast cell,batch_heldout,outputs\tabula_sapiens_stomach\batch_heldout_seed42_mast_cell_rare1pct,rank_1,rank,success,,1.7794411234665837,0.01,d796289a5b941ac3,5,5c94000b0a848b99217042b2213877e7e3d11964bac6caf75c01005fef107370,"[""tabula_sapiens_stomach"",""mast cell"",""d796289a5b941ac3"",5,""5c94000b0a848b99217042b2213877e7e3d11964bac6caf75c01005fef107370""]",0.6382978723404256,0.46875,1.0,3,0,3,1.0,0.0,0.0,False,False,rescue_applied,1,0.056060221092595876,36,3
tabula_sapiens_stomach,42,0.01,mast cell,batch_heldout,outputs\tabula_sapiens_stomach\batch_heldout_seed42_mast_cell_rare1pct,rank_2,rank,success,,1.7794411234665837,0.01,d796289a5b941ac3,5,5c94000b0a848b99217042b2213877e7e3d11964bac6caf75c01005fef107370,"[""tabula_sapiens_stomach"",""mast cell"",""d796289a5b941ac3"",5,""5c94000b0a848b99217042b2213877e7e3d11964bac6caf75c01005fef107370""]",0.7450980392156863,0.59375,1.0,7,0,7,1.0,0.0,0.0,False,False,rescue_applied,2,0.056060221092595876,36,7
tabula_sapiens_stomach,42,0.01,mast cell,batch_heldout,outputs\tabula_sapiens_stomach\batch_heldout_seed42_mast_cell_rare1pct,rank_3,rank,success,,1.7794411234665837,0.01,d796289a5b941ac3,5,5c94000b0a848b99217042b2213877e7e3d11964bac6caf75c01005fef107370,"[""tabula_sapiens_stomach"",""mast cell"",""d796289a5b941ac3"",5,""5c94000b0a848b99217042b2213877e7e3d11964bac6caf75c01005fef107370""]",0.7307692307692307,0.59375,0.95,7,1,8,0.875,0.00010478885046631039,0.00010478885046631039,False,False,rescue_applied,3,0.056060221092595876,36,8
tabula_sapiens_stomach,42,0.01,mast cell,batch_heldout,outputs\tabula_sapiens_stomach\batch_heldout_seed42_mast_cell_rare1pct,adaptive_rank,rank,success,,1.7794411234665837,0.01,d796289a5b941ac3,5,5c94000b0a848b99217042b2213877e7e3d11964bac6caf75c01005fef107370,"[""tabula_sapiens_stomach"",""mast cell"",""d796289a5b941ac3"",5,""5c94000b0a848b99217042b2213877e7e3d11964bac6caf75c01005fef107370""]",0.7450980392156863,0.59375,1.0,7,0,7,1.0,0.0,0.0,False,False,rescue_applied,2,0.056060221092595876,36,7
tabula_sapiens_stomach,42,0.05,mast cell,batch_heldout,outputs\tabula_sapiens_stomach\batch_heldout_seed42_mast_cell_rare5pct,baseline,component,success,,1.7794411234665837,0.01,d796289a5b941ac3,5,5c94000b0a848b99217042b2213877e7e3d11964bac6caf75c01005fef107370,"[""tabula_sapiens_stomach"",""mast cell"",""d796289a5b941ac3"",5,""5c94000b0a848b99217042b2213877e7e3d11964bac6caf75c01005fef107370""]",0.5454545454545454,0.375,1.0,0,0,0,,0.0,0.0,False,False,baseline_no_rescue,0,,36,0
tabula_sapiens_stomach,42,0.05,mast cell,batch_heldout,outputs\tabula_sapiens_stomach\batch_heldout_seed42_mast_cell_rare5pct,minus_separability_gate,component,success,,1.7794411234665837,0.01,d796289a5b941ac3,5,5c94000b0a848b99217042b2213877e7e3d11964bac6caf75c01005fef107370,"[""tabula_sapiens_stomach"",""mast cell"",""d796289a5b941ac3"",5,""5c94000b0a848b99217042b2213877e7e3d11964bac6caf75c01005fef107370""]",0.7450980392156863,0.59375,1.0,7,0,7,1.0,0.0,0.0,False,False,rescue_applied,2,0.056060221092595876,36,7
tabula_sapiens_stomach,42,0.05,mast cell,batch_heldout,outputs\tabula_sapiens_stomach\batch_heldout_seed42_mast_cell_rare5pct,minus_necessity_gate,component,success,,1.7794411234665837,0.01,d796289a5b941ac3,5,5c94000b0a848b99217042b2213877e7e3d11964bac6caf75c01005fef107370,"[""tabula_sapiens_stomach"",""mast cell"",""d796289a5b941ac3"",5,""5c94000b0a848b99217042b2213877e7e3d11964bac6caf75c01005fef107370""]",0.7450980392156863,0.59375,1.0,7,0,7,1.0,0.0,0.0,False,False,rescue_applied,2,0.056060221092595876,36,7
tabula_sapiens_stomach,42,0.05,mast cell,batch_heldout,outputs\tabula_sapiens_stomach\batch_heldout_seed42_mast_cell_rare5pct,fixed_rank_1,component,success,,1.7794411234665837,0.01,d796289a5b941ac3,5,5c94000b0a848b99217042b2213877e7e3d11964bac6caf75c01005fef107370,"[""tabula_sapiens_stomach"",""mast cell"",""d796289a5b941ac3"",5,""5c94000b0a848b99217042b2213877e7e3d11964bac6caf75c01005fef107370""]",0.6382978723404256,0.46875,1.0,3,0,3,1.0,0.0,0.0,False,False,rescue_applied,1,0.056060221092595876,36,3
tabula_sapiens_stomach,42,0.05,mast cell,batch_heldout,outputs\tabula_sapiens_stomach\batch_heldout_seed42_mast_cell_rare5pct,minus_conformal_tau,component,success,,1.7794411234665837,0.01,d796289a5b941ac3,5,5c94000b0a848b99217042b2213877e7e3d11964bac6caf75c01005fef107370,"[""tabula_sapiens_stomach"",""mast cell"",""d796289a5b941ac3"",5,""5c94000b0a848b99217042b2213877e7e3d11964bac6caf75c01005fef107370""]",0.7450980392156863,0.59375,1.0,7,0,7,1.0,0.0,0.0,False,False,rescue_applied,2,-inf,36,7
tabula_sapiens_stomach,42,0.05,mast cell,batch_heldout,outputs\tabula_sapiens_stomach\batch_heldout_seed42_mast_cell_rare5pct,full_method,component,success,,1.7794411234665837,0.01,d796289a5b941ac3,5,5c94000b0a848b99217042b2213877e7e3d11964bac6caf75c01005fef107370,"[""tabula_sapiens_stomach"",""mast cell"",""d796289a5b941ac3"",5,""5c94000b0a848b99217042b2213877e7e3d11964bac6caf75c01005fef107370""]",0.7450980392156863,0.59375,1.0,7,0,7,1.0,0.0,0.0,False,False,rescue_applied,2,0.056060221092595876,36,7
tabula_sapiens_stomach,42,0.05,mast cell,batch_heldout,outputs\tabula_sapiens_stomach\batch_heldout_seed42_mast_cell_rare5pct,rank_1,rank,success,,1.7794411234665837,0.01,d796289a5b941ac3,5,5c94000b0a848b99217042b2213877e7e3d11964bac6caf75c01005fef107370,"[""tabula_sapiens_stomach"",""mast cell"",""d796289a5b941ac3"",5,""5c94000b0a848b99217042b2213877e7e3d11964bac6caf75c01005fef107370""]",0.6382978723404256,0.46875,1.0,3,0,3,1.0,0.0,0.0,False,False,rescue_applied,1,0.056060221092595876,36,3
tabula_sapiens_stomach,42,0.05,mast cell,batch_heldout,outputs\tabula_sapiens_stomach\batch_heldout_seed42_mast_cell_rare5pct,rank_2,rank,success,,1.7794411234665837,0.01,d796289a5b941ac3,5,5c94000b0a848b99217042b2213877e7e3d11964bac6caf75c01005fef107370,"[""tabula_sapiens_stomach"",""mast cell"",""d796289a5b941ac3"",5,""5c94000b0a848b99217042b2213877e7e3d11964bac6caf75c01005fef107370""]",0.7450980392156863,0.59375,1.0,7,0,7,1.0,0.0,0.0,False,False,rescue_applied,2,0.056060221092595876,36,7
tabula_sapiens_stomach,42,0.05,mast cell,batch_heldout,outputs\tabula_sapiens_stomach\batch_heldout_seed42_mast_cell_rare5pct,rank_3,rank,success,,1.7794411234665837,0.01,d796289a5b941ac3,5,5c94000b0a848b99217042b2213877e7e3d11964bac6caf75c01005fef107370,"[""tabula_sapiens_stomach"",""mast cell"",""d796289a5b941ac3"",5,""5c94000b0a848b99217042b2213877e7e3d11964bac6caf75c01005fef107370""]",0.7307692307692307,0.59375,0.95,7,1,8,0.875,0.00010478885046631039,0.00010478885046631039,False,False,rescue_applied,3,0.056060221092595876,36,8
tabula_sapiens_stomach,42,0.05,mast cell,batch_heldout,outputs\tabula_sapiens_stomach\batch_heldout_seed42_mast_cell_rare5pct,adaptive_rank,rank,success,,1.7794411234665837,0.01,d796289a5b941ac3,5,5c94000b0a848b99217042b2213877e7e3d11964bac6caf75c01005fef107370,"[""tabula_sapiens_stomach"",""mast cell"",""d796289a5b941ac3"",5,""5c94000b0a848b99217042b2213877e7e3d11964bac6caf75c01005fef107370""]",0.7450980392156863,0.59375,1.0,7,0,7,1.0,0.0,0.0,False,False,rescue_applied,2,0.056060221092595876,36,7
tabula_sapiens_stomach,42,0.10,mast cell,batch_heldout,outputs\tabula_sapiens_stomach\batch_heldout_seed42_mast_cell_rare10pct,baseline,component,success,,1.7794411234665837,0.01,d796289a5b941ac3,5,5c94000b0a848b99217042b2213877e7e3d11964bac6caf75c01005fef107370,"[""tabula_sapiens_stomach"",""mast cell"",""d796289a5b941ac3"",5,""5c94000b0a848b99217042b2213877e7e3d11964bac6caf75c01005fef107370""]",0.5454545454545454,0.375,1.0,0,0,0,,0.0,0.0,False,False,baseline_no_rescue,0,,36,0
tabula_sapiens_stomach,42,0.10,mast cell,batch_heldout,outputs\tabula_sapiens_stomach\batch_heldout_seed42_mast_cell_rare10pct,minus_separability_gate,component,success,,1.7794411234665837,0.01,d796289a5b941ac3,5,5c94000b0a848b99217042b2213877e7e3d11964bac6caf75c01005fef107370,"[""tabula_sapiens_stomach"",""mast cell"",""d796289a5b941ac3"",5,""5c94000b0a848b99217042b2213877e7e3d11964bac6caf75c01005fef107370""]",0.7450980392156863,0.59375,1.0,7,0,7,1.0,0.0,0.0,False,False,rescue_applied,2,0.056060221092595876,36,7
tabula_sapiens_stomach,42,0.10,mast cell,batch_heldout,outputs\tabula_sapiens_stomach\batch_heldout_seed42_mast_cell_rare10pct,minus_necessity_gate,component,success,,1.7794411234665837,0.01,d796289a5b941ac3,5,5c94000b0a848b99217042b2213877e7e3d11964bac6caf75c01005fef107370,"[""tabula_sapiens_stomach"",""mast cell"",""d796289a5b941ac3"",5,""5c94000b0a848b99217042b2213877e7e3d11964bac6caf75c01005fef107370""]",0.7450980392156863,0.59375,1.0,7,0,7,1.0,0.0,0.0,False,False,rescue_applied,2,0.056060221092595876,36,7
tabula_sapiens_stomach,42,0.10,mast cell,batch_heldout,outputs\tabula_sapiens_stomach\batch_heldout_seed42_mast_cell_rare10pct,fixed_rank_1,component,success,,1.7794411234665837,0.01,d796289a5b941ac3,5,5c94000b0a848b99217042b2213877e7e3d11964bac6caf75c01005fef107370,"[""tabula_sapiens_stomach"",""mast cell"",""d796289a5b941ac3"",5,""5c94000b0a848b99217042b2213877e7e3d11964bac6caf75c01005fef107370""]",0.6382978723404256,0.46875,1.0,3,0,3,1.0,0.0,0.0,False,False,rescue_applied,1,0.056060221092595876,36,3
tabula_sapiens_stomach,42,0.10,mast cell,batch_heldout,outputs\tabula_sapiens_stomach\batch_heldout_seed42_mast_cell_rare10pct,minus_conformal_tau,component,success,,1.7794411234665837,0.01,d796289a5b941ac3,5,5c94000b0a848b99217042b2213877e7e3d11964bac6caf75c01005fef107370,"[""tabula_sapiens_stomach"",""mast cell"",""d796289a5b941ac3"",5,""5c94000b0a848b99217042b2213877e7e3d11964bac6caf75c01005fef107370""]",0.7450980392156863,0.59375,1.0,7,0,7,1.0,0.0,0.0,False,False,rescue_applied,2,-inf,36,7
tabula_sapiens_stomach,42,0.10,mast cell,batch_heldout,outputs\tabula_sapiens_stomach\batch_heldout_seed42_mast_cell_rare10pct,full_method,component,success,,1.7794411234665837,0.01,d796289a5b941ac3,5,5c94000b0a848b99217042b2213877e7e3d11964bac6caf75c01005fef107370,"[""tabula_sapiens_stomach"",""mast cell"",""d796289a5b941ac3"",5,""5c94000b0a848b99217042b2213877e7e3d11964bac6caf75c01005fef107370""]",0.7450980392156863,0.59375,1.0,7,0,7,1.0,0.0,0.0,False,False,rescue_applied,2,0.056060221092595876,36,7
tabula_sapiens_stomach,42,0.10,mast cell,batch_heldout,outputs\tabula_sapiens_stomach\batch_heldout_seed42_mast_cell_rare10pct,rank_1,rank,success,,1.7794411234665837,0.01,d796289a5b941ac3,5,5c94000b0a848b99217042b2213877e7e3d11964bac6caf75c01005fef107370,"[""tabula_sapiens_stomach"",""mast cell"",""d796289a5b941ac3"",5,""5c94000b0a848b99217042b2213877e7e3d11964bac6caf75c01005fef107370""]",0.6382978723404256,0.46875,1.0,3,0,3,1.0,0.0,0.0,False,False,rescue_applied,1,0.056060221092595876,36,3
tabula_sapiens_stomach,42,0.10,mast cell,batch_heldout,outputs\tabula_sapiens_stomach\batch_heldout_seed42_mast_cell_rare10pct,rank_2,rank,success,,1.7794411234665837,0.01,d796289a5b941ac3,5,5c94000b0a848b99217042b2213877e7e3d11964bac6caf75c01005fef107370,"[""tabula_sapiens_stomach"",""mast cell"",""d796289a5b941ac3"",5,""5c94000b0a848b99217042b2213877e7e3d11964bac6caf75c01005fef107370""]",0.7450980392156863,0.59375,1.0,7,0,7,1.0,0.0,0.0,False,False,rescue_applied,2,0.056060221092595876,36,7
tabula_sapiens_stomach,42,0.10,mast cell,batch_heldout,outputs\tabula_sapiens_stomach\batch_heldout_seed42_mast_cell_rare10pct,rank_3,rank,success,,1.7794411234665837,0.01,d796289a5b941ac3,5,5c94000b0a848b99217042b2213877e7e3d11964bac6caf75c01005fef107370,"[""tabula_sapiens_stomach"",""mast cell"",""d796289a5b941ac3"",5,""5c94000b0a848b99217042b2213877e7e3d11964bac6caf75c01005fef107370""]",0.7307692307692307,0.59375,0.95,7,1,8,0.875,0.00010478885046631039,0.00010478885046631039,False,False,rescue_applied,3,0.056060221092595876,36,8
tabula_sapiens_stomach,42,0.10,mast cell,batch_heldout,outputs\tabula_sapiens_stomach\batch_heldout_seed42_mast_cell_rare10pct,adaptive_rank,rank,success,,1.7794411234665837,0.01,d796289a5b941ac3,5,5c94000b0a848b99217042b2213877e7e3d11964bac6caf75c01005fef107370,"[""tabula_sapiens_stomach"",""mast cell"",""d796289a5b941ac3"",5,""5c94000b0a848b99217042b2213877e7e3d11964bac6caf75c01005fef107370""]",0.7450980392156863,0.59375,1.0,7,0,7,1.0,0.0,0.0,False,False,rescue_applied,2,0.056060221092595876,36,7
tabula_sapiens_stomach,42,all,mast cell,batch_heldout,outputs\tabula_sapiens_stomach\batch_heldout_seed42_mast_cell_rareall,baseline,component,success,,1.818143687441375,0.01,d796289a5b941ac3,52,99b7a4321e1beb35d85a09e84f7eb37df196622256d563a021bdf06df9320b69,"[""tabula_sapiens_stomach"",""mast cell"",""d796289a5b941ac3"",52,""99b7a4321e1beb35d85a09e84f7eb37df196622256d563a021bdf06df9320b69""]",0.4,0.25,1.0,0,0,0,,0.0,0.0,False,False,baseline_no_rescue,0,,58,0
tabula_sapiens_stomach,42,all,mast cell,batch_heldout,outputs\tabula_sapiens_stomach\batch_heldout_seed42_mast_cell_rareall,minus_separability_gate,component,success,,1.818143687441375,0.01,d796289a5b941ac3,52,99b7a4321e1beb35d85a09e84f7eb37df196622256d563a021bdf06df9320b69,"[""tabula_sapiens_stomach"",""mast cell"",""d796289a5b941ac3"",52,""99b7a4321e1beb35d85a09e84f7eb37df196622256d563a021bdf06df9320b69""]",0.6938775510204082,0.53125,1.0,9,0,9,1.0,0.0,0.0,False,False,rescue_applied,2,0.061153014248000855,58,9
tabula_sapiens_stomach,42,all,mast cell,batch_heldout,outputs\tabula_sapiens_stomach\batch_heldout_seed42_mast_cell_rareall,minus_necessity_gate,component,success,,1.818143687441375,0.01,d796289a5b941ac3,52,99b7a4321e1beb35d85a09e84f7eb37df196622256d563a021bdf06df9320b69,"[""tabula_sapiens_stomach"",""mast cell"",""d796289a5b941ac3"",52,""99b7a4321e1beb35d85a09e84f7eb37df196622256d563a021bdf06df9320b69""]",0.6938775510204082,0.53125,1.0,9,0,9,1.0,0.0,0.0,False,False,rescue_applied,2,0.061153014248000855,58,9
tabula_sapiens_stomach,42,all,mast cell,batch_heldout,outputs\tabula_sapiens_stomach\batch_heldout_seed42_mast_cell_rareall,fixed_rank_1,component,success,,1.818143687441375,0.01,d796289a5b941ac3,52,99b7a4321e1beb35d85a09e84f7eb37df196622256d563a021bdf06df9320b69,"[""tabula_sapiens_stomach"",""mast cell"",""d796289a5b941ac3"",52,""99b7a4321e1beb35d85a09e84f7eb37df196622256d563a021bdf06df9320b69""]",0.6086956521739131,0.4375,1.0,6,0,6,1.0,0.0,0.0,False,False,rescue_applied,1,0.061153014248000855,58,6
tabula_sapiens_stomach,42,all,mast cell,batch_heldout,outputs\tabula_sapiens_stomach\batch_heldout_seed42_mast_cell_rareall,minus_conformal_tau,component,success,,1.818143687441375,0.01,d796289a5b941ac3,52,99b7a4321e1beb35d85a09e84f7eb37df196622256d563a021bdf06df9320b69,"[""tabula_sapiens_stomach"",""mast cell"",""d796289a5b941ac3"",52,""99b7a4321e1beb35d85a09e84f7eb37df196622256d563a021bdf06df9320b69""]",0.6938775510204082,0.53125,1.0,9,0,9,1.0,0.0,0.0,False,False,rescue_applied,2,-inf,58,9
tabula_sapiens_stomach,42,all,mast cell,batch_heldout,outputs\tabula_sapiens_stomach\batch_heldout_seed42_mast_cell_rareall,full_method,component,success,,1.818143687441375,0.01,d796289a5b941ac3,52,99b7a4321e1beb35d85a09e84f7eb37df196622256d563a021bdf06df9320b69,"[""tabula_sapiens_stomach"",""mast cell"",""d796289a5b941ac3"",52,""99b7a4321e1beb35d85a09e84f7eb37df196622256d563a021bdf06df9320b69""]",0.6938775510204082,0.53125,1.0,9,0,9,1.0,0.0,0.0,False,False,rescue_applied,2,0.061153014248000855,58,9
tabula_sapiens_stomach,42,all,mast cell,batch_heldout,outputs\tabula_sapiens_stomach\batch_heldout_seed42_mast_cell_rareall,rank_1,rank,success,,1.818143687441375,0.01,d796289a5b941ac3,52,99b7a4321e1beb35d85a09e84f7eb37df196622256d563a021bdf06df9320b69,"[""tabula_sapiens_stomach"",""mast cell"",""d796289a5b941ac3"",52,""99b7a4321e1beb35d85a09e84f7eb37df196622256d563a021bdf06df9320b69""]",0.6086956521739131,0.4375,1.0,6,0,6,1.0,0.0,0.0,False,False,rescue_applied,1,0.061153014248000855,58,6
tabula_sapiens_stomach,42,all,mast cell,batch_heldout,outputs\tabula_sapiens_stomach\batch_heldout_seed42_mast_cell_rareall,rank_2,rank,success,,1.818143687441375,0.01,d796289a5b941ac3,52,99b7a4321e1beb35d85a09e84f7eb37df196622256d563a021bdf06df9320b69,"[""tabula_sapiens_stomach"",""mast cell"",""d796289a5b941ac3"",52,""99b7a4321e1beb35d85a09e84f7eb37df196622256d563a021bdf06df9320b69""]",0.6938775510204082,0.53125,1.0,9,0,9,1.0,0.0,0.0,False,False,rescue_applied,2,0.061153014248000855,58,9
tabula_sapiens_stomach,42,all,mast cell,batch_heldout,outputs\tabula_sapiens_stomach\batch_heldout_seed42_mast_cell_rareall,rank_3,rank,success,,1.818143687441375,0.01,d796289a5b941ac3,52,99b7a4321e1beb35d85a09e84f7eb37df196622256d563a021bdf06df9320b69,"[""tabula_sapiens_stomach"",""mast cell"",""d796289a5b941ac3"",52,""99b7a4321e1beb35d85a09e84f7eb37df196622256d563a021bdf06df9320b69""]",0.7058823529411765,0.5625,0.9473684210526315,10,1,11,0.9090909090909091,0.00010478885046631039,0.00010478885046631039,False,False,rescue_applied,3,0.061153014248000855,58,11
tabula_sapiens_stomach,42,all,mast cell,batch_heldout,outputs\tabula_sapiens_stomach\batch_heldout_seed42_mast_cell_rareall,adaptive_rank,rank,success,,1.818143687441375,0.01,d796289a5b941ac3,52,99b7a4321e1beb35d85a09e84f7eb37df196622256d563a021bdf06df9320b69,"[""tabula_sapiens_stomach"",""mast cell"",""d796289a5b941ac3"",52,""99b7a4321e1beb35d85a09e84f7eb37df196622256d563a021bdf06df9320b69""]",0.6938775510204082,0.53125,1.0,9,0,9,1.0,0.0,0.0,False,False,rescue_applied,2,0.061153014248000855,58,9
tabula_sapiens_stomach,43,0.01,mast cell,batch_heldout,outputs\tabula_sapiens_stomach\batch_heldout_seed43_mast_cell_rare1pct,baseline,component,success,,2.512400839225125,0.01,d796289a5b941ac3,5,05a0f7cde60e8c18f735bab9b14f01237bb3ae6aef492d795fc4d7b3c63455a2,"[""tabula_sapiens_stomach"",""mast cell"",""d796289a5b941ac3"",5,""05a0f7cde60e8c18f735bab9b14f01237bb3ae6aef492d795fc4d7b3c63455a2""]",0.6666666666666666,0.53125,0.8947368421052632,0,0,0,,0.0,0.0,False,False,baseline_no_rescue,0,,22,0
tabula_sapiens_stomach,43,0.01,mast cell,batch_heldout,outputs\tabula_sapiens_stomach\batch_heldout_seed43_mast_cell_rare1pct,minus_separability_gate,component,success,,2.512400839225125,0.01,d796289a5b941ac3,5,05a0f7cde60e8c18f735bab9b14f01237bb3ae6aef492d795fc4d7b3c63455a2,"[""tabula_sapiens_stomach"",""mast cell"",""d796289a5b941ac3"",5,""05a0f7cde60e8c18f735bab9b14f01237bb3ae6aef492d795fc4d7b3c63455a2""]",0.6923076923076923,0.5625,0.9,1,0,1,1.0,0.0,0.0,False,False,rescue_applied,3,0.025024615354407316,22,1
tabula_sapiens_stomach,43,0.01,mast cell,batch_heldout,outputs\tabula_sapiens_stomach\batch_heldout_seed43_mast_cell_rare1pct,minus_necessity_gate,component,success,,2.512400839225125,0.01,d796289a5b941ac3,5,05a0f7cde60e8c18f735bab9b14f01237bb3ae6aef492d795fc4d7b3c63455a2,"[""tabula_sapiens_stomach"",""mast cell"",""d796289a5b941ac3"",5,""05a0f7cde60e8c18f735bab9b14f01237bb3ae6aef492d795fc4d7b3c63455a2""]",0.6923076923076923,0.5625,0.9,1,0,1,1.0,0.0,0.0,False,False,rescue_applied,3,0.025024615354407316,22,1
tabula_sapiens_stomach,43,0.01,mast cell,batch_heldout,outputs\tabula_sapiens_stomach\batch_heldout_seed43_mast_cell_rare1pct,fixed_rank_1,component,success,,2.512400839225125,0.01,d796289a5b941ac3,5,05a0f7cde60e8c18f735bab9b14f01237bb3ae6aef492d795fc4d7b3c63455a2,"[""tabula_sapiens_stomach"",""mast cell"",""d796289a5b941ac3"",5,""05a0f7cde60e8c18f735bab9b14f01237bb3ae6aef492d795fc4d7b3c63455a2""]",0.6666666666666666,0.53125,0.8947368421052632,0,0,0,,0.0,0.0,False,False,rescue_applied,1,0.025024615354407316,22,0
tabula_sapiens_stomach,43,0.01,mast cell,batch_heldout,outputs\tabula_sapiens_stomach\batch_heldout_seed43_mast_cell_rare1pct,minus_conformal_tau,component,success,,2.512400839225125,0.01,d796289a5b941ac3,5,05a0f7cde60e8c18f735bab9b14f01237bb3ae6aef492d795fc4d7b3c63455a2,"[""tabula_sapiens_stomach"",""mast cell"",""d796289a5b941ac3"",5,""05a0f7cde60e8c18f735bab9b14f01237bb3ae6aef492d795fc4d7b3c63455a2""]",0.6923076923076923,0.5625,0.9,1,0,1,1.0,0.0,0.0,False,False,rescue_applied,3,-inf,22,1
tabula_sapiens_stomach,43,0.01,mast cell,batch_heldout,outputs\tabula_sapiens_stomach\batch_heldout_seed43_mast_cell_rare1pct,full_method,component,success,,2.512400839225125,0.01,d796289a5b941ac3,5,05a0f7cde60e8c18f735bab9b14f01237bb3ae6aef492d795fc4d7b3c63455a2,"[""tabula_sapiens_stomach"",""mast cell"",""d796289a5b941ac3"",5,""05a0f7cde60e8c18f735bab9b14f01237bb3ae6aef492d795fc4d7b3c63455a2""]",0.6923076923076923,0.5625,0.9,1,0,1,1.0,0.0,0.0,False,False,rescue_applied,3,0.025024615354407316,22,1
tabula_sapiens_stomach,43,0.01,mast cell,batch_heldout,outputs\tabula_sapiens_stomach\batch_heldout_seed43_mast_cell_rare1pct,rank_1,rank,success,,2.512400839225125,0.01,d796289a5b941ac3,5,05a0f7cde60e8c18f735bab9b14f01237bb3ae6aef492d795fc4d7b3c63455a2,"[""tabula_sapiens_stomach"",""mast cell"",""d796289a5b941ac3"",5,""05a0f7cde60e8c18f735bab9b14f01237bb3ae6aef492d795fc4d7b3c63455a2""]",0.6666666666666666,0.53125,0.8947368421052632,0,0,0,,0.0,0.0,False,False,rescue_applied,1,0.025024615354407316,22,0
tabula_sapiens_stomach,43,0.01,mast cell,batch_heldout,outputs\tabula_sapiens_stomach\batch_heldout_seed43_mast_cell_rare1pct,rank_2,rank,success,,2.512400839225125,0.01,d796289a5b941ac3,5,05a0f7cde60e8c18f735bab9b14f01237bb3ae6aef492d795fc4d7b3c63455a2,"[""tabula_sapiens_stomach"",""mast cell"",""d796289a5b941ac3"",5,""05a0f7cde60e8c18f735bab9b14f01237bb3ae6aef492d795fc4d7b3c63455a2""]",0.6666666666666666,0.53125,0.8947368421052632,0,0,0,,0.0,0.0,False,False,rescue_applied,2,0.025024615354407316,22,0
tabula_sapiens_stomach,43,0.01,mast cell,batch_heldout,outputs\tabula_sapiens_stomach\batch_heldout_seed43_mast_cell_rare1pct,rank_3,rank,success,,2.512400839225125,0.01,d796289a5b941ac3,5,05a0f7cde60e8c18f735bab9b14f01237bb3ae6aef492d795fc4d7b3c63455a2,"[""tabula_sapiens_stomach"",""mast cell"",""d796289a5b941ac3"",5,""05a0f7cde60e8c18f735bab9b14f01237bb3ae6aef492d795fc4d7b3c63455a2""]",0.6923076923076923,0.5625,0.9,1,0,1,1.0,0.0,0.0,False,False,rescue_applied,3,0.025024615354407316,22,1
tabula_sapiens_stomach,43,0.01,mast cell,batch_heldout,outputs\tabula_sapiens_stomach\batch_heldout_seed43_mast_cell_rare1pct,adaptive_rank,rank,success,,2.512400839225125,0.01,d796289a5b941ac3,5,05a0f7cde60e8c18f735bab9b14f01237bb3ae6aef492d795fc4d7b3c63455a2,"[""tabula_sapiens_stomach"",""mast cell"",""d796289a5b941ac3"",5,""05a0f7cde60e8c18f735bab9b14f01237bb3ae6aef492d795fc4d7b3c63455a2""]",0.6923076923076923,0.5625,0.9,1,0,1,1.0,0.0,0.0,False,False,rescue_applied,3,0.025024615354407316,22,1
tabula_sapiens_stomach,43,0.05,mast cell,batch_heldout,outputs\tabula_sapiens_stomach\batch_heldout_seed43_mast_cell_rare5pct,baseline,component,success,,2.512400839225125,0.01,d796289a5b941ac3,5,05a0f7cde60e8c18f735bab9b14f01237bb3ae6aef492d795fc4d7b3c63455a2,"[""tabula_sapiens_stomach"",""mast cell"",""d796289a5b941ac3"",5,""05a0f7cde60e8c18f735bab9b14f01237bb3ae6aef492d795fc4d7b3c63455a2""]",0.6666666666666666,0.53125,0.8947368421052632,0,0,0,,0.0,0.0,False,False,baseline_no_rescue,0,,22,0
tabula_sapiens_stomach,43,0.05,mast cell,batch_heldout,outputs\tabula_sapiens_stomach\batch_heldout_seed43_mast_cell_rare5pct,minus_separability_gate,component,success,,2.512400839225125,0.01,d796289a5b941ac3,5,05a0f7cde60e8c18f735bab9b14f01237bb3ae6aef492d795fc4d7b3c63455a2,"[""tabula_sapiens_stomach"",""mast cell"",""d796289a5b941ac3"",5,""05a0f7cde60e8c18f735bab9b14f01237bb3ae6aef492d795fc4d7b3c63455a2""]",0.6923076923076923,0.5625,0.9,1,0,1,1.0,0.0,0.0,False,False,rescue_applied,3,0.025024615354407316,22,1
tabula_sapiens_stomach,43,0.05,mast cell,batch_heldout,outputs\tabula_sapiens_stomach\batch_heldout_seed43_mast_cell_rare5pct,minus_necessity_gate,component,success,,2.512400839225125,0.01,d796289a5b941ac3,5,05a0f7cde60e8c18f735bab9b14f01237bb3ae6aef492d795fc4d7b3c63455a2,"[""tabula_sapiens_stomach"",""mast cell"",""d796289a5b941ac3"",5,""05a0f7cde60e8c18f735bab9b14f01237bb3ae6aef492d795fc4d7b3c63455a2""]",0.6923076923076923,0.5625,0.9,1,0,1,1.0,0.0,0.0,False,False,rescue_applied,3,0.025024615354407316,22,1
tabula_sapiens_stomach,43,0.05,mast cell,batch_heldout,outputs\tabula_sapiens_stomach\batch_heldout_seed43_mast_cell_rare5pct,fixed_rank_1,component,success,,2.512400839225125,0.01,d796289a5b941ac3,5,05a0f7cde60e8c18f735bab9b14f01237bb3ae6aef492d795fc4d7b3c63455a2,"[""tabula_sapiens_stomach"",""mast cell"",""d796289a5b941ac3"",5,""05a0f7cde60e8c18f735bab9b14f01237bb3ae6aef492d795fc4d7b3c63455a2""]",0.6666666666666666,0.53125,0.8947368421052632,0,0,0,,0.0,0.0,False,False,rescue_applied,1,0.025024615354407316,22,0
tabula_sapiens_stomach,43,0.05,mast cell,batch_heldout,outputs\tabula_sapiens_stomach\batch_heldout_seed43_mast_cell_rare5pct,minus_conformal_tau,component,success,,2.512400839225125,0.01,d796289a5b941ac3,5,05a0f7cde60e8c18f735bab9b14f01237bb3ae6aef492d795fc4d7b3c63455a2,"[""tabula_sapiens_stomach"",""mast cell"",""d796289a5b941ac3"",5,""05a0f7cde60e8c18f735bab9b14f01237bb3ae6aef492d795fc4d7b3c63455a2""]",0.6923076923076923,0.5625,0.9,1,0,1,1.0,0.0,0.0,False,False,rescue_applied,3,-inf,22,1
tabula_sapiens_stomach,43,0.05,mast cell,batch_heldout,outputs\tabula_sapiens_stomach\batch_heldout_seed43_mast_cell_rare5pct,full_method,component,success,,2.512400839225125,0.01,d796289a5b941ac3,5,05a0f7cde60e8c18f735bab9b14f01237bb3ae6aef492d795fc4d7b3c63455a2,"[""tabula_sapiens_stomach"",""mast cell"",""d796289a5b941ac3"",5,""05a0f7cde60e8c18f735bab9b14f01237bb3ae6aef492d795fc4d7b3c63455a2""]",0.6923076923076923,0.5625,0.9,1,0,1,1.0,0.0,0.0,False,False,rescue_applied,3,0.025024615354407316,22,1
tabula_sapiens_stomach,43,0.05,mast cell,batch_heldout,outputs\tabula_sapiens_stomach\batch_heldout_seed43_mast_cell_rare5pct,rank_1,rank,success,,2.512400839225125,0.01,d796289a5b941ac3,5,05a0f7cde60e8c18f735bab9b14f01237bb3ae6aef492d795fc4d7b3c63455a2,"[""tabula_sapiens_stomach"",""mast cell"",""d796289a5b941ac3"",5,""05a0f7cde60e8c18f735bab9b14f01237bb3ae6aef492d795fc4d7b3c63455a2""]",0.6666666666666666,0.53125,0.8947368421052632,0,0,0,,0.0,0.0,False,False,rescue_applied,1,0.025024615354407316,22,0
tabula_sapiens_stomach,43,0.05,mast cell,batch_heldout,outputs\tabula_sapiens_stomach\batch_heldout_seed43_mast_cell_rare5pct,rank_2,rank,success,,2.512400839225125,0.01,d796289a5b941ac3,5,05a0f7cde60e8c18f735bab9b14f01237bb3ae6aef492d795fc4d7b3c63455a2,"[""tabula_sapiens_stomach"",""mast cell"",""d796289a5b941ac3"",5,""05a0f7cde60e8c18f735bab9b14f01237bb3ae6aef492d795fc4d7b3c63455a2""]",0.6666666666666666,0.53125,0.8947368421052632,0,0,0,,0.0,0.0,False,False,rescue_applied,2,0.025024615354407316,22,0
tabula_sapiens_stomach,43,0.05,mast cell,batch_heldout,outputs\tabula_sapiens_stomach\batch_heldout_seed43_mast_cell_rare5pct,rank_3,rank,success,,2.512400839225125,0.01,d796289a5b941ac3,5,05a0f7cde60e8c18f735bab9b14f01237bb3ae6aef492d795fc4d7b3c63455a2,"[""tabula_sapiens_stomach"",""mast cell"",""d796289a5b941ac3"",5,""05a0f7cde60e8c18f735bab9b14f01237bb3ae6aef492d795fc4d7b3c63455a2""]",0.6923076923076923,0.5625,0.9,1,0,1,1.0,0.0,0.0,False,False,rescue_applied,3,0.025024615354407316,22,1
tabula_sapiens_stomach,43,0.05,mast cell,batch_heldout,outputs\tabula_sapiens_stomach\batch_heldout_seed43_mast_cell_rare5pct,adaptive_rank,rank,success,,2.512400839225125,0.01,d796289a5b941ac3,5,05a0f7cde60e8c18f735bab9b14f01237bb3ae6aef492d795fc4d7b3c63455a2,"[""tabula_sapiens_stomach"",""mast cell"",""d796289a5b941ac3"",5,""05a0f7cde60e8c18f735bab9b14f01237bb3ae6aef492d795fc4d7b3c63455a2""]",0.6923076923076923,0.5625,0.9,1,0,1,1.0,0.0,0.0,False,False,rescue_applied,3,0.025024615354407316,22,1
tabula_sapiens_stomach,43,0.10,mast cell,batch_heldout,outputs\tabula_sapiens_stomach\batch_heldout_seed43_mast_cell_rare10pct,baseline,component,success,,2.512400839225125,0.01,d796289a5b941ac3,5,05a0f7cde60e8c18f735bab9b14f01237bb3ae6aef492d795fc4d7b3c63455a2,"[""tabula_sapiens_stomach"",""mast cell"",""d796289a5b941ac3"",5,""05a0f7cde60e8c18f735bab9b14f01237bb3ae6aef492d795fc4d7b3c63455a2""]",0.6666666666666666,0.53125,0.8947368421052632,0,0,0,,0.0,0.0,False,False,baseline_no_rescue,0,,22,0
tabula_sapiens_stomach,43,0.10,mast cell,batch_heldout,outputs\tabula_sapiens_stomach\batch_heldout_seed43_mast_cell_rare10pct,minus_separability_gate,component,success,,2.512400839225125,0.01,d796289a5b941ac3,5,05a0f7cde60e8c18f735bab9b14f01237bb3ae6aef492d795fc4d7b3c63455a2,"[""tabula_sapiens_stomach"",""mast cell"",""d796289a5b941ac3"",5,""05a0f7cde60e8c18f735bab9b14f01237bb3ae6aef492d795fc4d7b3c63455a2""]",0.6923076923076923,0.5625,0.9,1,0,1,1.0,0.0,0.0,False,False,rescue_applied,3,0.025024615354407316,22,1
tabula_sapiens_stomach,43,0.10,mast cell,batch_heldout,outputs\tabula_sapiens_stomach\batch_heldout_seed43_mast_cell_rare10pct,minus_necessity_gate,component,success,,2.512400839225125,0.01,d796289a5b941ac3,5,05a0f7cde60e8c18f735bab9b14f01237bb3ae6aef492d795fc4d7b3c63455a2,"[""tabula_sapiens_stomach"",""mast cell"",""d796289a5b941ac3"",5,""05a0f7cde60e8c18f735bab9b14f01237bb3ae6aef492d795fc4d7b3c63455a2""]",0.6923076923076923,0.5625,0.9,1,0,1,1.0,0.0,0.0,False,False,rescue_applied,3,0.025024615354407316,22,1
tabula_sapiens_stomach,43,0.10,mast cell,batch_heldout,outputs\tabula_sapiens_stomach\batch_heldout_seed43_mast_cell_rare10pct,fixed_rank_1,component,success,,2.512400839225125,0.01,d796289a5b941ac3,5,05a0f7cde60e8c18f735bab9b14f01237bb3ae6aef492d795fc4d7b3c63455a2,"[""tabula_sapiens_stomach"",""mast cell"",""d796289a5b941ac3"",5,""05a0f7cde60e8c18f735bab9b14f01237bb3ae6aef492d795fc4d7b3c63455a2""]",0.6666666666666666,0.53125,0.8947368421052632,0,0,0,,0.0,0.0,False,False,rescue_applied,1,0.025024615354407316,22,0
tabula_sapiens_stomach,43,0.10,mast cell,batch_heldout,outputs\tabula_sapiens_stomach\batch_heldout_seed43_mast_cell_rare10pct,minus_conformal_tau,component,success,,2.512400839225125,0.01,d796289a5b941ac3,5,05a0f7cde60e8c18f735bab9b14f01237bb3ae6aef492d795fc4d7b3c63455a2,"[""tabula_sapiens_stomach"",""mast cell"",""d796289a5b941ac3"",5,""05a0f7cde60e8c18f735bab9b14f01237bb3ae6aef492d795fc4d7b3c63455a2""]",0.6923076923076923,0.5625,0.9,1,0,1,1.0,0.0,0.0,False,False,rescue_applied,3,-inf,22,1
tabula_sapiens_stomach,43,0.10,mast cell,batch_heldout,outputs\tabula_sapiens_stomach\batch_heldout_seed43_mast_cell_rare10pct,full_method,component,success,,2.512400839225125,0.01,d796289a5b941ac3,5,05a0f7cde60e8c18f735bab9b14f01237bb3ae6aef492d795fc4d7b3c63455a2,"[""tabula_sapiens_stomach"",""mast cell"",""d796289a5b941ac3"",5,""05a0f7cde60e8c18f735bab9b14f01237bb3ae6aef492d795fc4d7b3c63455a2""]",0.6923076923076923,0.5625,0.9,1,0,1,1.0,0.0,0.0,False,False,rescue_applied,3,0.025024615354407316,22,1
tabula_sapiens_stomach,43,0.10,mast cell,batch_heldout,outputs\tabula_sapiens_stomach\batch_heldout_seed43_mast_cell_rare10pct,rank_1,rank,success,,2.512400839225125,0.01,d796289a5b941ac3,5,05a0f7cde60e8c18f735bab9b14f01237bb3ae6aef492d795fc4d7b3c63455a2,"[""tabula_sapiens_stomach"",""mast cell"",""d796289a5b941ac3"",5,""05a0f7cde60e8c18f735bab9b14f01237bb3ae6aef492d795fc4d7b3c63455a2""]",0.6666666666666666,0.53125,0.8947368421052632,0,0,0,,0.0,0.0,False,False,rescue_applied,1,0.025024615354407316,22,0
tabula_sapiens_stomach,43,0.10,mast cell,batch_heldout,outputs\tabula_sapiens_stomach\batch_heldout_seed43_mast_cell_rare10pct,rank_2,rank,success,,2.512400839225125,0.01,d796289a5b941ac3,5,05a0f7cde60e8c18f735bab9b14f01237bb3ae6aef492d795fc4d7b3c63455a2,"[""tabula_sapiens_stomach"",""mast cell"",""d796289a5b941ac3"",5,""05a0f7cde60e8c18f735bab9b14f01237bb3ae6aef492d795fc4d7b3c63455a2""]",0.6666666666666666,0.53125,0.8947368421052632,0,0,0,,0.0,0.0,False,False,rescue_applied,2,0.025024615354407316,22,0
tabula_sapiens_stomach,43,0.10,mast cell,batch_heldout,outputs\tabula_sapiens_stomach\batch_heldout_seed43_mast_cell_rare10pct,rank_3,rank,success,,2.512400839225125,0.01,d796289a5b941ac3,5,05a0f7cde60e8c18f735bab9b14f01237bb3ae6aef492d795fc4d7b3c63455a2,"[""tabula_sapiens_stomach"",""mast cell"",""d796289a5b941ac3"",5,""05a0f7cde60e8c18f735bab9b14f01237bb3ae6aef492d795fc4d7b3c63455a2""]",0.6923076923076923,0.5625,0.9,1,0,1,1.0,0.0,0.0,False,False,rescue_applied,3,0.025024615354407316,22,1
tabula_sapiens_stomach,43,0.10,mast cell,batch_heldout,outputs\tabula_sapiens_stomach\batch_heldout_seed43_mast_cell_rare10pct,adaptive_rank,rank,success,,2.512400839225125,0.01,d796289a5b941ac3,5,05a0f7cde60e8c18f735bab9b14f01237bb3ae6aef492d795fc4d7b3c63455a2,"[""tabula_sapiens_stomach"",""mast cell"",""d796289a5b941ac3"",5,""05a0f7cde60e8c18f735bab9b14f01237bb3ae6aef492d795fc4d7b3c63455a2""]",0.6923076923076923,0.5625,0.9,1,0,1,1.0,0.0,0.0,False,False,rescue_applied,3,0.025024615354407316,22,1
tabula_sapiens_stomach,43,all,mast cell,batch_heldout,outputs\tabula_sapiens_stomach\batch_heldout_seed43_mast_cell_rareall,baseline,component,success,,1.7545847738387703,0.01,d796289a5b941ac3,52,99b7a4321e1beb35d85a09e84f7eb37df196622256d563a021bdf06df9320b69,"[""tabula_sapiens_stomach"",""mast cell"",""d796289a5b941ac3"",52,""99b7a4321e1beb35d85a09e84f7eb37df196622256d563a021bdf06df9320b69""]",0.6666666666666666,0.5,1.0,0,0,0,,0.0,0.0,False,False,baseline_no_rescue,0,,8,0
tabula_sapiens_stomach,43,all,mast cell,batch_heldout,outputs\tabula_sapiens_stomach\batch_heldout_seed43_mast_cell_rareall,minus_separability_gate,component,success,,1.7545847738387703,0.01,d796289a5b941ac3,52,99b7a4321e1beb35d85a09e84f7eb37df196622256d563a021bdf06df9320b69,"[""tabula_sapiens_stomach"",""mast cell"",""d796289a5b941ac3"",52,""99b7a4321e1beb35d85a09e84f7eb37df196622256d563a021bdf06df9320b69""]",0.72,0.5625,1.0,2,0,2,1.0,0.0,0.0,False,False,rescue_applied,1,0.06089400220964474,8,2
tabula_sapiens_stomach,43,all,mast cell,batch_heldout,outputs\tabula_sapiens_stomach\batch_heldout_seed43_mast_cell_rareall,minus_necessity_gate,component,success,,1.7545847738387703,0.01,d796289a5b941ac3,52,99b7a4321e1beb35d85a09e84f7eb37df196622256d563a021bdf06df9320b69,"[""tabula_sapiens_stomach"",""mast cell"",""d796289a5b941ac3"",52,""99b7a4321e1beb35d85a09e84f7eb37df196622256d563a021bdf06df9320b69""]",0.72,0.5625,1.0,2,0,2,1.0,0.0,0.0,False,False,rescue_applied,1,0.06089400220964474,8,2
tabula_sapiens_stomach,43,all,mast cell,batch_heldout,outputs\tabula_sapiens_stomach\batch_heldout_seed43_mast_cell_rareall,fixed_rank_1,component,success,,1.7545847738387703,0.01,d796289a5b941ac3,52,99b7a4321e1beb35d85a09e84f7eb37df196622256d563a021bdf06df9320b69,"[""tabula_sapiens_stomach"",""mast cell"",""d796289a5b941ac3"",52,""99b7a4321e1beb35d85a09e84f7eb37df196622256d563a021bdf06df9320b69""]",0.72,0.5625,1.0,2,0,2,1.0,0.0,0.0,False,False,rescue_applied,1,0.06089400220964474,8,2
tabula_sapiens_stomach,43,all,mast cell,batch_heldout,outputs\tabula_sapiens_stomach\batch_heldout_seed43_mast_cell_rareall,minus_conformal_tau,component,success,,1.7545847738387703,0.01,d796289a5b941ac3,52,99b7a4321e1beb35d85a09e84f7eb37df196622256d563a021bdf06df9320b69,"[""tabula_sapiens_stomach"",""mast cell"",""d796289a5b941ac3"",52,""99b7a4321e1beb35d85a09e84f7eb37df196622256d563a021bdf06df9320b69""]",0.72,0.5625,1.0,2,0,2,1.0,0.0,0.0,False,False,rescue_applied,1,-inf,8,2
tabula_sapiens_stomach,43,all,mast cell,batch_heldout,outputs\tabula_sapiens_stomach\batch_heldout_seed43_mast_cell_rareall,full_method,component,success,,1.7545847738387703,0.01,d796289a5b941ac3,52,99b7a4321e1beb35d85a09e84f7eb37df196622256d563a021bdf06df9320b69,"[""tabula_sapiens_stomach"",""mast cell"",""d796289a5b941ac3"",52,""99b7a4321e1beb35d85a09e84f7eb37df196622256d563a021bdf06df9320b69""]",0.72,0.5625,1.0,2,0,2,1.0,0.0,0.0,False,False,rescue_applied,1,0.06089400220964474,8,2
tabula_sapiens_stomach,43,all,mast cell,batch_heldout,outputs\tabula_sapiens_stomach\batch_heldout_seed43_mast_cell_rareall,rank_1,rank,success,,1.7545847738387703,0.01,d796289a5b941ac3,52,99b7a4321e1beb35d85a09e84f7eb37df196622256d563a021bdf06df9320b69,"[""tabula_sapiens_stomach"",""mast cell"",""d796289a5b941ac3"",52,""99b7a4321e1beb35d85a09e84f7eb37df196622256d563a021bdf06df9320b69""]",0.72,0.5625,1.0,2,0,2,1.0,0.0,0.0,False,False,rescue_applied,1,0.06089400220964474,8,2
tabula_sapiens_stomach,43,all,mast cell,batch_heldout,outputs\tabula_sapiens_stomach\batch_heldout_seed43_mast_cell_rareall,rank_2,rank,success,,1.7545847738387703,0.01,d796289a5b941ac3,52,99b7a4321e1beb35d85a09e84f7eb37df196622256d563a021bdf06df9320b69,"[""tabula_sapiens_stomach"",""mast cell"",""d796289a5b941ac3"",52,""99b7a4321e1beb35d85a09e84f7eb37df196622256d563a021bdf06df9320b69""]",0.72,0.5625,1.0,2,0,2,1.0,0.0,0.0,False,False,rescue_applied,2,0.06089400220964474,8,2
tabula_sapiens_stomach,43,all,mast cell,batch_heldout,outputs\tabula_sapiens_stomach\batch_heldout_seed43_mast_cell_rareall,rank_3,rank,success,,1.7545847738387703,0.01,d796289a5b941ac3,52,99b7a4321e1beb35d85a09e84f7eb37df196622256d563a021bdf06df9320b69,"[""tabula_sapiens_stomach"",""mast cell"",""d796289a5b941ac3"",52,""99b7a4321e1beb35d85a09e84f7eb37df196622256d563a021bdf06df9320b69""]",0.7450980392156863,0.59375,1.0,3,0,3,1.0,0.0,0.0,False,False,rescue_applied,3,0.06089400220964474,8,3
tabula_sapiens_stomach,43,all,mast cell,batch_heldout,outputs\tabula_sapiens_stomach\batch_heldout_seed43_mast_cell_rareall,adaptive_rank,rank,success,,1.7545847738387703,0.01,d796289a5b941ac3,52,99b7a4321e1beb35d85a09e84f7eb37df196622256d563a021bdf06df9320b69,"[""tabula_sapiens_stomach"",""mast cell"",""d796289a5b941ac3"",52,""99b7a4321e1beb35d85a09e84f7eb37df196622256d563a021bdf06df9320b69""]",0.72,0.5625,1.0,2,0,2,1.0,0.0,0.0,False,False,rescue_applied,1,0.06089400220964474,8,2
tabula_sapiens_stomach,44,0.01,mast cell,batch_heldout,outputs\tabula_sapiens_stomach\batch_heldout_seed44_mast_cell_rare1pct,baseline,component,success,,1.89385777454797,0.01,d796289a5b941ac3,5,fd67f4298f788f7c73becd9d49b00f3bf7acc898a423c4a79ea1a499f69710ff,"[""tabula_sapiens_stomach"",""mast cell"",""d796289a5b941ac3"",5,""fd67f4298f788f7c73becd9d49b00f3bf7acc898a423c4a79ea1a499f69710ff""]",0.6086956521739131,0.4375,1.0,0,0,0,,0.0,0.0,False,False,baseline_no_rescue,0,,7,0
tabula_sapiens_stomach,44,0.01,mast cell,batch_heldout,outputs\tabula_sapiens_stomach\batch_heldout_seed44_mast_cell_rare1pct,minus_separability_gate,component,success,,1.89385777454797,0.01,d796289a5b941ac3,5,fd67f4298f788f7c73becd9d49b00f3bf7acc898a423c4a79ea1a499f69710ff,"[""tabula_sapiens_stomach"",""mast cell"",""d796289a5b941ac3"",5,""fd67f4298f788f7c73becd9d49b00f3bf7acc898a423c4a79ea1a499f69710ff""]",0.72,0.5625,1.0,4,0,4,1.0,0.0,0.0,False,False,rescue_applied,1,0.03565730289618489,7,4
tabula_sapiens_stomach,44,0.01,mast cell,batch_heldout,outputs\tabula_sapiens_stomach\batch_heldout_seed44_mast_cell_rare1pct,minus_necessity_gate,component,success,,1.89385777454797,0.01,d796289a5b941ac3,5,fd67f4298f788f7c73becd9d49b00f3bf7acc898a423c4a79ea1a499f69710ff,"[""tabula_sapiens_stomach"",""mast cell"",""d796289a5b941ac3"",5,""fd67f4298f788f7c73becd9d49b00f3bf7acc898a423c4a79ea1a499f69710ff""]",0.72,0.5625,1.0,4,0,4,1.0,0.0,0.0,False,False,rescue_applied,1,0.03565730289618489,7,4
tabula_sapiens_stomach,44,0.01,mast cell,batch_heldout,outputs\tabula_sapiens_stomach\batch_heldout_seed44_mast_cell_rare1pct,fixed_rank_1,component,success,,1.89385777454797,0.01,d796289a5b941ac3,5,fd67f4298f788f7c73becd9d49b00f3bf7acc898a423c4a79ea1a499f69710ff,"[""tabula_sapiens_stomach"",""mast cell"",""d796289a5b941ac3"",5,""fd67f4298f788f7c73becd9d49b00f3bf7acc898a423c4a79ea1a499f69710ff""]",0.72,0.5625,1.0,4,0,4,1.0,0.0,0.0,False,False,rescue_applied,1,0.03565730289618489,7,4
tabula_sapiens_stomach,44,0.01,mast cell,batch_heldout,outputs\tabula_sapiens_stomach\batch_heldout_seed44_mast_cell_rare1pct,minus_conformal_tau,component,success,,1.89385777454797,0.01,d796289a5b941ac3,5,fd67f4298f788f7c73becd9d49b00f3bf7acc898a423c4a79ea1a499f69710ff,"[""tabula_sapiens_stomach"",""mast cell"",""d796289a5b941ac3"",5,""fd67f4298f788f7c73becd9d49b00f3bf7acc898a423c4a79ea1a499f69710ff""]",0.72,0.5625,1.0,4,0,4,1.0,0.0,0.0,False,False,rescue_applied,1,-inf,7,4
tabula_sapiens_stomach,44,0.01,mast cell,batch_heldout,outputs\tabula_sapiens_stomach\batch_heldout_seed44_mast_cell_rare1pct,full_method,component,success,,1.89385777454797,0.01,d796289a5b941ac3,5,fd67f4298f788f7c73becd9d49b00f3bf7acc898a423c4a79ea1a499f69710ff,"[""tabula_sapiens_stomach"",""mast cell"",""d796289a5b941ac3"",5,""fd67f4298f788f7c73becd9d49b00f3bf7acc898a423c4a79ea1a499f69710ff""]",0.72,0.5625,1.0,4,0,4,1.0,0.0,0.0,False,False,rescue_applied,1,0.03565730289618489,7,4
tabula_sapiens_stomach,44,0.01,mast cell,batch_heldout,outputs\tabula_sapiens_stomach\batch_heldout_seed44_mast_cell_rare1pct,rank_1,rank,success,,1.89385777454797,0.01,d796289a5b941ac3,5,fd67f4298f788f7c73becd9d49b00f3bf7acc898a423c4a79ea1a499f69710ff,"[""tabula_sapiens_stomach"",""mast cell"",""d796289a5b941ac3"",5,""fd67f4298f788f7c73becd9d49b00f3bf7acc898a423c4a79ea1a499f69710ff""]",0.72,0.5625,1.0,4,0,4,1.0,0.0,0.0,False,False,rescue_applied,1,0.03565730289618489,7,4
tabula_sapiens_stomach,44,0.01,mast cell,batch_heldout,outputs\tabula_sapiens_stomach\batch_heldout_seed44_mast_cell_rare1pct,rank_2,rank,success,,1.89385777454797,0.01,d796289a5b941ac3,5,fd67f4298f788f7c73becd9d49b00f3bf7acc898a423c4a79ea1a499f69710ff,"[""tabula_sapiens_stomach"",""mast cell"",""d796289a5b941ac3"",5,""fd67f4298f788f7c73becd9d49b00f3bf7acc898a423c4a79ea1a499f69710ff""]",0.7692307692307693,0.625,1.0,6,0,6,1.0,0.0,0.0,False,False,rescue_applied,2,0.03565730289618489,7,6
tabula_sapiens_stomach,44,0.01,mast cell,batch_heldout,outputs\tabula_sapiens_stomach\batch_heldout_seed44_mast_cell_rare1pct,rank_3,rank,success,,1.89385777454797,0.01,d796289a5b941ac3,5,fd67f4298f788f7c73becd9d49b00f3bf7acc898a423c4a79ea1a499f69710ff,"[""tabula_sapiens_stomach"",""mast cell"",""d796289a5b941ac3"",5,""fd67f4298f788f7c73becd9d49b00f3bf7acc898a423c4a79ea1a499f69710ff""]",0.7692307692307693,0.625,1.0,6,0,6,1.0,0.0,0.0,False,False,rescue_applied,3,0.03565730289618489,7,7
tabula_sapiens_stomach,44,0.01,mast cell,batch_heldout,outputs\tabula_sapiens_stomach\batch_heldout_seed44_mast_cell_rare1pct,adaptive_rank,rank,success,,1.89385777454797,0.01,d796289a5b941ac3,5,fd67f4298f788f7c73becd9d49b00f3bf7acc898a423c4a79ea1a499f69710ff,"[""tabula_sapiens_stomach"",""mast cell"",""d796289a5b941ac3"",5,""fd67f4298f788f7c73becd9d49b00f3bf7acc898a423c4a79ea1a499f69710ff""]",0.72,0.5625,1.0,4,0,4,1.0,0.0,0.0,False,False,rescue_applied,1,0.03565730289618489,7,4
tabula_sapiens_stomach,44,0.05,mast cell,batch_heldout,outputs\tabula_sapiens_stomach\batch_heldout_seed44_mast_cell_rare5pct,baseline,component,success,,1.89385777454797,0.01,d796289a5b941ac3,5,fd67f4298f788f7c73becd9d49b00f3bf7acc898a423c4a79ea1a499f69710ff,"[""tabula_sapiens_stomach"",""mast cell"",""d796289a5b941ac3"",5,""fd67f4298f788f7c73becd9d49b00f3bf7acc898a423c4a79ea1a499f69710ff""]",0.6086956521739131,0.4375,1.0,0,0,0,,0.0,0.0,False,False,baseline_no_rescue,0,,7,0
tabula_sapiens_stomach,44,0.05,mast cell,batch_heldout,outputs\tabula_sapiens_stomach\batch_heldout_seed44_mast_cell_rare5pct,minus_separability_gate,component,success,,1.89385777454797,0.01,d796289a5b941ac3,5,fd67f4298f788f7c73becd9d49b00f3bf7acc898a423c4a79ea1a499f69710ff,"[""tabula_sapiens_stomach"",""mast cell"",""d796289a5b941ac3"",5,""fd67f4298f788f7c73becd9d49b00f3bf7acc898a423c4a79ea1a499f69710ff""]",0.72,0.5625,1.0,4,0,4,1.0,0.0,0.0,False,False,rescue_applied,1,0.03565730289618489,7,4
tabula_sapiens_stomach,44,0.05,mast cell,batch_heldout,outputs\tabula_sapiens_stomach\batch_heldout_seed44_mast_cell_rare5pct,minus_necessity_gate,component,success,,1.89385777454797,0.01,d796289a5b941ac3,5,fd67f4298f788f7c73becd9d49b00f3bf7acc898a423c4a79ea1a499f69710ff,"[""tabula_sapiens_stomach"",""mast cell"",""d796289a5b941ac3"",5,""fd67f4298f788f7c73becd9d49b00f3bf7acc898a423c4a79ea1a499f69710ff""]",0.72,0.5625,1.0,4,0,4,1.0,0.0,0.0,False,False,rescue_applied,1,0.03565730289618489,7,4
tabula_sapiens_stomach,44,0.05,mast cell,batch_heldout,outputs\tabula_sapiens_stomach\batch_heldout_seed44_mast_cell_rare5pct,fixed_rank_1,component,success,,1.89385777454797,0.01,d796289a5b941ac3,5,fd67f4298f788f7c73becd9d49b00f3bf7acc898a423c4a79ea1a499f69710ff,"[""tabula_sapiens_stomach"",""mast cell"",""d796289a5b941ac3"",5,""fd67f4298f788f7c73becd9d49b00f3bf7acc898a423c4a79ea1a499f69710ff""]",0.72,0.5625,1.0,4,0,4,1.0,0.0,0.0,False,False,rescue_applied,1,0.03565730289618489,7,4
tabula_sapiens_stomach,44,0.05,mast cell,batch_heldout,outputs\tabula_sapiens_stomach\batch_heldout_seed44_mast_cell_rare5pct,minus_conformal_tau,component,success,,1.89385777454797,0.01,d796289a5b941ac3,5,fd67f4298f788f7c73becd9d49b00f3bf7acc898a423c4a79ea1a499f69710ff,"[""tabula_sapiens_stomach"",""mast cell"",""d796289a5b941ac3"",5,""fd67f4298f788f7c73becd9d49b00f3bf7acc898a423c4a79ea1a499f69710ff""]",0.72,0.5625,1.0,4,0,4,1.0,0.0,0.0,False,False,rescue_applied,1,-inf,7,4
tabula_sapiens_stomach,44,0.05,mast cell,batch_heldout,outputs\tabula_sapiens_stomach\batch_heldout_seed44_mast_cell_rare5pct,full_method,component,success,,1.89385777454797,0.01,d796289a5b941ac3,5,fd67f4298f788f7c73becd9d49b00f3bf7acc898a423c4a79ea1a499f69710ff,"[""tabula_sapiens_stomach"",""mast cell"",""d796289a5b941ac3"",5,""fd67f4298f788f7c73becd9d49b00f3bf7acc898a423c4a79ea1a499f69710ff""]",0.72,0.5625,1.0,4,0,4,1.0,0.0,0.0,False,False,rescue_applied,1,0.03565730289618489,7,4
tabula_sapiens_stomach,44,0.05,mast cell,batch_heldout,outputs\tabula_sapiens_stomach\batch_heldout_seed44_mast_cell_rare5pct,rank_1,rank,success,,1.89385777454797,0.01,d796289a5b941ac3,5,fd67f4298f788f7c73becd9d49b00f3bf7acc898a423c4a79ea1a499f69710ff,"[""tabula_sapiens_stomach"",""mast cell"",""d796289a5b941ac3"",5,""fd67f4298f788f7c73becd9d49b00f3bf7acc898a423c4a79ea1a499f69710ff""]",0.72,0.5625,1.0,4,0,4,1.0,0.0,0.0,False,False,rescue_applied,1,0.03565730289618489,7,4
tabula_sapiens_stomach,44,0.05,mast cell,batch_heldout,outputs\tabula_sapiens_stomach\batch_heldout_seed44_mast_cell_rare5pct,rank_2,rank,success,,1.89385777454797,0.01,d796289a5b941ac3,5,fd67f4298f788f7c73becd9d49b00f3bf7acc898a423c4a79ea1a499f69710ff,"[""tabula_sapiens_stomach"",""mast cell"",""d796289a5b941ac3"",5,""fd67f4298f788f7c73becd9d49b00f3bf7acc898a423c4a79ea1a499f69710ff""]",0.7692307692307693,0.625,1.0,6,0,6,1.0,0.0,0.0,False,False,rescue_applied,2,0.03565730289618489,7,6
tabula_sapiens_stomach,44,0.05,mast cell,batch_heldout,outputs\tabula_sapiens_stomach\batch_heldout_seed44_mast_cell_rare5pct,rank_3,rank,success,,1.89385777454797,0.01,d796289a5b941ac3,5,fd67f4298f788f7c73becd9d49b00f3bf7acc898a423c4a79ea1a499f69710ff,"[""tabula_sapiens_stomach"",""mast cell"",""d796289a5b941ac3"",5,""fd67f4298f788f7c73becd9d49b00f3bf7acc898a423c4a79ea1a499f69710ff""]",0.7692307692307693,0.625,1.0,6,0,6,1.0,0.0,0.0,False,False,rescue_applied,3,0.03565730289618489,7,7
tabula_sapiens_stomach,44,0.05,mast cell,batch_heldout,outputs\tabula_sapiens_stomach\batch_heldout_seed44_mast_cell_rare5pct,adaptive_rank,rank,success,,1.89385777454797,0.01,d796289a5b941ac3,5,fd67f4298f788f7c73becd9d49b00f3bf7acc898a423c4a79ea1a499f69710ff,"[""tabula_sapiens_stomach"",""mast cell"",""d796289a5b941ac3"",5,""fd67f4298f788f7c73becd9d49b00f3bf7acc898a423c4a79ea1a499f69710ff""]",0.72,0.5625,1.0,4,0,4,1.0,0.0,0.0,False,False,rescue_applied,1,0.03565730289618489,7,4
tabula_sapiens_stomach,44,0.10,mast cell,batch_heldout,outputs\tabula_sapiens_stomach\batch_heldout_seed44_mast_cell_rare10pct,baseline,component,success,,1.89385777454797,0.01,d796289a5b941ac3,5,fd67f4298f788f7c73becd9d49b00f3bf7acc898a423c4a79ea1a499f69710ff,"[""tabula_sapiens_stomach"",""mast cell"",""d796289a5b941ac3"",5,""fd67f4298f788f7c73becd9d49b00f3bf7acc898a423c4a79ea1a499f69710ff""]",0.6086956521739131,0.4375,1.0,0,0,0,,0.0,0.0,False,False,baseline_no_rescue,0,,7,0
tabula_sapiens_stomach,44,0.10,mast cell,batch_heldout,outputs\tabula_sapiens_stomach\batch_heldout_seed44_mast_cell_rare10pct,minus_separability_gate,component,success,,1.89385777454797,0.01,d796289a5b941ac3,5,fd67f4298f788f7c73becd9d49b00f3bf7acc898a423c4a79ea1a499f69710ff,"[""tabula_sapiens_stomach"",""mast cell"",""d796289a5b941ac3"",5,""fd67f4298f788f7c73becd9d49b00f3bf7acc898a423c4a79ea1a499f69710ff""]",0.72,0.5625,1.0,4,0,4,1.0,0.0,0.0,False,False,rescue_applied,1,0.03565730289618489,7,4
tabula_sapiens_stomach,44,0.10,mast cell,batch_heldout,outputs\tabula_sapiens_stomach\batch_heldout_seed44_mast_cell_rare10pct,minus_necessity_gate,component,success,,1.89385777454797,0.01,d796289a5b941ac3,5,fd67f4298f788f7c73becd9d49b00f3bf7acc898a423c4a79ea1a499f69710ff,"[""tabula_sapiens_stomach"",""mast cell"",""d796289a5b941ac3"",5,""fd67f4298f788f7c73becd9d49b00f3bf7acc898a423c4a79ea1a499f69710ff""]",0.72,0.5625,1.0,4,0,4,1.0,0.0,0.0,False,False,rescue_applied,1,0.03565730289618489,7,4
tabula_sapiens_stomach,44,0.10,mast cell,batch_heldout,outputs\tabula_sapiens_stomach\batch_heldout_seed44_mast_cell_rare10pct,fixed_rank_1,component,success,,1.89385777454797,0.01,d796289a5b941ac3,5,fd67f4298f788f7c73becd9d49b00f3bf7acc898a423c4a79ea1a499f69710ff,"[""tabula_sapiens_stomach"",""mast cell"",""d796289a5b941ac3"",5,""fd67f4298f788f7c73becd9d49b00f3bf7acc898a423c4a79ea1a499f69710ff""]",0.72,0.5625,1.0,4,0,4,1.0,0.0,0.0,False,False,rescue_applied,1,0.03565730289618489,7,4
tabula_sapiens_stomach,44,0.10,mast cell,batch_heldout,outputs\tabula_sapiens_stomach\batch_heldout_seed44_mast_cell_rare10pct,minus_conformal_tau,component,success,,1.89385777454797,0.01,d796289a5b941ac3,5,fd67f4298f788f7c73becd9d49b00f3bf7acc898a423c4a79ea1a499f69710ff,"[""tabula_sapiens_stomach"",""mast cell"",""d796289a5b941ac3"",5,""fd67f4298f788f7c73becd9d49b00f3bf7acc898a423c4a79ea1a499f69710ff""]",0.72,0.5625,1.0,4,0,4,1.0,0.0,0.0,False,False,rescue_applied,1,-inf,7,4
tabula_sapiens_stomach,44,0.10,mast cell,batch_heldout,outputs\tabula_sapiens_stomach\batch_heldout_seed44_mast_cell_rare10pct,full_method,component,success,,1.89385777454797,0.01,d796289a5b941ac3,5,fd67f4298f788f7c73becd9d49b00f3bf7acc898a423c4a79ea1a499f69710ff,"[""tabula_sapiens_stomach"",""mast cell"",""d796289a5b941ac3"",5,""fd67f4298f788f7c73becd9d49b00f3bf7acc898a423c4a79ea1a499f69710ff""]",0.72,0.5625,1.0,4,0,4,1.0,0.0,0.0,False,False,rescue_applied,1,0.03565730289618489,7,4
tabula_sapiens_stomach,44,0.10,mast cell,batch_heldout,outputs\tabula_sapiens_stomach\batch_heldout_seed44_mast_cell_rare10pct,rank_1,rank,success,,1.89385777454797,0.01,d796289a5b941ac3,5,fd67f4298f788f7c73becd9d49b00f3bf7acc898a423c4a79ea1a499f69710ff,"[""tabula_sapiens_stomach"",""mast cell"",""d796289a5b941ac3"",5,""fd67f4298f788f7c73becd9d49b00f3bf7acc898a423c4a79ea1a499f69710ff""]",0.72,0.5625,1.0,4,0,4,1.0,0.0,0.0,False,False,rescue_applied,1,0.03565730289618489,7,4
tabula_sapiens_stomach,44,0.10,mast cell,batch_heldout,outputs\tabula_sapiens_stomach\batch_heldout_seed44_mast_cell_rare10pct,rank_2,rank,success,,1.89385777454797,0.01,d796289a5b941ac3,5,fd67f4298f788f7c73becd9d49b00f3bf7acc898a423c4a79ea1a499f69710ff,"[""tabula_sapiens_stomach"",""mast cell"",""d796289a5b941ac3"",5,""fd67f4298f788f7c73becd9d49b00f3bf7acc898a423c4a79ea1a499f69710ff""]",0.7692307692307693,0.625,1.0,6,0,6,1.0,0.0,0.0,False,False,rescue_applied,2,0.03565730289618489,7,6
tabula_sapiens_stomach,44,0.10,mast cell,batch_heldout,outputs\tabula_sapiens_stomach\batch_heldout_seed44_mast_cell_rare10pct,rank_3,rank,success,,1.89385777454797,0.01,d796289a5b941ac3,5,fd67f4298f788f7c73becd9d49b00f3bf7acc898a423c4a79ea1a499f69710ff,"[""tabula_sapiens_stomach"",""mast cell"",""d796289a5b941ac3"",5,""fd67f4298f788f7c73becd9d49b00f3bf7acc898a423c4a79ea1a499f69710ff""]",0.7692307692307693,0.625,1.0,6,0,6,1.0,0.0,0.0,False,False,rescue_applied,3,0.03565730289618489,7,7
tabula_sapiens_stomach,44,0.10,mast cell,batch_heldout,outputs\tabula_sapiens_stomach\batch_heldout_seed44_mast_cell_rare10pct,adaptive_rank,rank,success,,1.89385777454797,0.01,d796289a5b941ac3,5,fd67f4298f788f7c73becd9d49b00f3bf7acc898a423c4a79ea1a499f69710ff,"[""tabula_sapiens_stomach"",""mast cell"",""d796289a5b941ac3"",5,""fd67f4298f788f7c73becd9d49b00f3bf7acc898a423c4a79ea1a499f69710ff""]",0.72,0.5625,1.0,4,0,4,1.0,0.0,0.0,False,False,rescue_applied,1,0.03565730289618489,7,4
tabula_sapiens_stomach,44,all,mast cell,batch_heldout,outputs\tabula_sapiens_stomach\batch_heldout_seed44_mast_cell_rareall,baseline,component,success,,1.7388340169675545,0.01,d796289a5b941ac3,52,99b7a4321e1beb35d85a09e84f7eb37df196622256d563a021bdf06df9320b69,"[""tabula_sapiens_stomach"",""mast cell"",""d796289a5b941ac3"",52,""99b7a4321e1beb35d85a09e84f7eb37df196622256d563a021bdf06df9320b69""]",0.6086956521739131,0.4375,1.0,0,0,0,,0.0,0.0,False,False,baseline_no_rescue,0,,5,0
tabula_sapiens_stomach,44,all,mast cell,batch_heldout,outputs\tabula_sapiens_stomach\batch_heldout_seed44_mast_cell_rareall,minus_separability_gate,component,success,,1.7388340169675545,0.01,d796289a5b941ac3,52,99b7a4321e1beb35d85a09e84f7eb37df196622256d563a021bdf06df9320b69,"[""tabula_sapiens_stomach"",""mast cell"",""d796289a5b941ac3"",52,""99b7a4321e1beb35d85a09e84f7eb37df196622256d563a021bdf06df9320b69""]",0.7450980392156863,0.59375,1.0,5,0,5,1.0,0.0,0.0,False,False,rescue_applied,1,0.057134127470862106,5,5
tabula_sapiens_stomach,44,all,mast cell,batch_heldout,outputs\tabula_sapiens_stomach\batch_heldout_seed44_mast_cell_rareall,minus_necessity_gate,component,success,,1.7388340169675545,0.01,d796289a5b941ac3,52,99b7a4321e1beb35d85a09e84f7eb37df196622256d563a021bdf06df9320b69,"[""tabula_sapiens_stomach"",""mast cell"",""d796289a5b941ac3"",52,""99b7a4321e1beb35d85a09e84f7eb37df196622256d563a021bdf06df9320b69""]",0.7450980392156863,0.59375,1.0,5,0,5,1.0,0.0,0.0,False,False,rescue_applied,1,0.057134127470862106,5,5
tabula_sapiens_stomach,44,all,mast cell,batch_heldout,outputs\tabula_sapiens_stomach\batch_heldout_seed44_mast_cell_rareall,fixed_rank_1,component,success,,1.7388340169675545,0.01,d796289a5b941ac3,52,99b7a4321e1beb35d85a09e84f7eb37df196622256d563a021bdf06df9320b69,"[""tabula_sapiens_stomach"",""mast cell"",""d796289a5b941ac3"",52,""99b7a4321e1beb35d85a09e84f7eb37df196622256d563a021bdf06df9320b69""]",0.7450980392156863,0.59375,1.0,5,0,5,1.0,0.0,0.0,False,False,rescue_applied,1,0.057134127470862106,5,5
tabula_sapiens_stomach,44,all,mast cell,batch_heldout,outputs\tabula_sapiens_stomach\batch_heldout_seed44_mast_cell_rareall,minus_conformal_tau,component,success,,1.7388340169675545,0.01,d796289a5b941ac3,52,99b7a4321e1beb35d85a09e84f7eb37df196622256d563a021bdf06df9320b69,"[""tabula_sapiens_stomach"",""mast cell"",""d796289a5b941ac3"",52,""99b7a4321e1beb35d85a09e84f7eb37df196622256d563a021bdf06df9320b69""]",0.7450980392156863,0.59375,1.0,5,0,5,1.0,0.0,0.0,False,False,rescue_applied,1,-inf,5,5
tabula_sapiens_stomach,44,all,mast cell,batch_heldout,outputs\tabula_sapiens_stomach\batch_heldout_seed44_mast_cell_rareall,full_method,component,success,,1.7388340169675545,0.01,d796289a5b941ac3,52,99b7a4321e1beb35d85a09e84f7eb37df196622256d563a021bdf06df9320b69,"[""tabula_sapiens_stomach"",""mast cell"",""d796289a5b941ac3"",52,""99b7a4321e1beb35d85a09e84f7eb37df196622256d563a021bdf06df9320b69""]",0.7450980392156863,0.59375,1.0,5,0,5,1.0,0.0,0.0,False,False,rescue_applied,1,0.057134127470862106,5,5
tabula_sapiens_stomach,44,all,mast cell,batch_heldout,outputs\tabula_sapiens_stomach\batch_heldout_seed44_mast_cell_rareall,rank_1,rank,success,,1.7388340169675545,0.01,d796289a5b941ac3,52,99b7a4321e1beb35d85a09e84f7eb37df196622256d563a021bdf06df9320b69,"[""tabula_sapiens_stomach"",""mast cell"",""d796289a5b941ac3"",52,""99b7a4321e1beb35d85a09e84f7eb37df196622256d563a021bdf06df9320b69""]",0.7450980392156863,0.59375,1.0,5,0,5,1.0,0.0,0.0,False,False,rescue_applied,1,0.057134127470862106,5,5
tabula_sapiens_stomach,44,all,mast cell,batch_heldout,outputs\tabula_sapiens_stomach\batch_heldout_seed44_mast_cell_rareall,rank_2,rank,success,,1.7388340169675545,0.01,d796289a5b941ac3,52,99b7a4321e1beb35d85a09e84f7eb37df196622256d563a021bdf06df9320b69,"[""tabula_sapiens_stomach"",""mast cell"",""d796289a5b941ac3"",52,""99b7a4321e1beb35d85a09e84f7eb37df196622256d563a021bdf06df9320b69""]",0.7924528301886793,0.65625,1.0,7,0,7,1.0,0.0,0.0,False,False,rescue_applied,2,0.057134127470862106,5,7
tabula_sapiens_stomach,44,all,mast cell,batch_heldout,outputs\tabula_sapiens_stomach\batch_heldout_seed44_mast_cell_rareall,rank_3,rank,success,,1.7388340169675545,0.01,d796289a5b941ac3,52,99b7a4321e1beb35d85a09e84f7eb37df196622256d563a021bdf06df9320b69,"[""tabula_sapiens_stomach"",""mast cell"",""d796289a5b941ac3"",52,""99b7a4321e1beb35d85a09e84f7eb37df196622256d563a021bdf06df9320b69""]",0.7924528301886793,0.65625,1.0,7,0,7,1.0,0.0,0.0,False,False,rescue_applied,3,0.057134127470862106,5,7
tabula_sapiens_stomach,44,all,mast cell,batch_heldout,outputs\tabula_sapiens_stomach\batch_heldout_seed44_mast_cell_rareall,adaptive_rank,rank,success,,1.7388340169675545,0.01,d796289a5b941ac3,52,99b7a4321e1beb35d85a09e84f7eb37df196622256d563a021bdf06df9320b69,"[""tabula_sapiens_stomach"",""mast cell"",""d796289a5b941ac3"",52,""99b7a4321e1beb35d85a09e84f7eb37df196622256d563a021bdf06df9320b69""]",0.7450980392156863,0.59375,1.0,5,0,5,1.0,0.0,0.0,False,False,rescue_applied,1,0.057134127470862106,5,5
tabula_small_intestine,42,0.01,intestinal tuft cell,batch_heldout,outputs\tabula_small_intestine\batch_heldout_seed42_intestinal_tuft_cell_rare1pct,baseline,component,success,,3.16499844210852,0.01,2d3d2e6d369f4cb5,5,04a107a54de440a767fb6f8f9a51ad9e164877cc8cc9d6970ee4ee6aa7f57d8b,"[""tabula_small_intestine"",""intestinal tuft cell"",""2d3d2e6d369f4cb5"",5,""04a107a54de440a767fb6f8f9a51ad9e164877cc8cc9d6970ee4ee6aa7f57d8b""]",0.9774436090225563,1.0,0.9558823529411765,0,0,0,,0.0,0.0,False,False,baseline_no_rescue,0,,0,0
tabula_small_intestine,42,0.01,intestinal tuft cell,batch_heldout,outputs\tabula_small_intestine\batch_heldout_seed42_intestinal_tuft_cell_rare1pct,minus_separability_gate,component,success,,3.16499844210852,0.01,2d3d2e6d369f4cb5,5,04a107a54de440a767fb6f8f9a51ad9e164877cc8cc9d6970ee4ee6aa7f57d8b,"[""tabula_small_intestine"",""intestinal tuft cell"",""2d3d2e6d369f4cb5"",5,""04a107a54de440a767fb6f8f9a51ad9e164877cc8cc9d6970ee4ee6aa7f57d8b""]",0.9774436090225563,1.0,0.9558823529411765,0,0,0,,0.0,0.0,False,True,necessity,0,inf,0,0
tabula_small_intestine,42,0.01,intestinal tuft cell,batch_heldout,outputs\tabula_small_intestine\batch_heldout_seed42_intestinal_tuft_cell_rare1pct,minus_necessity_gate,component,success,,3.16499844210852,0.01,2d3d2e6d369f4cb5,5,04a107a54de440a767fb6f8f9a51ad9e164877cc8cc9d6970ee4ee6aa7f57d8b,"[""tabula_small_intestine"",""intestinal tuft cell"",""2d3d2e6d369f4cb5"",5,""04a107a54de440a767fb6f8f9a51ad9e164877cc8cc9d6970ee4ee6aa7f57d8b""]",0.9701492537313433,1.0,0.9420289855072463,0,1,1,0.0,0.00015903307888040714,0.00015903307888040714,False,False,rescue_applied,1,0.01602487779352626,0,1
tabula_small_intestine,42,0.01,intestinal tuft cell,batch_heldout,outputs\tabula_small_intestine\batch_heldout_seed42_intestinal_tuft_cell_rare1pct,fixed_rank_1,component,success,,3.16499844210852,0.01,2d3d2e6d369f4cb5,5,04a107a54de440a767fb6f8f9a51ad9e164877cc8cc9d6970ee4ee6aa7f57d8b,"[""tabula_small_intestine"",""intestinal tuft cell"",""2d3d2e6d369f4cb5"",5,""04a107a54de440a767fb6f8f9a51ad9e164877cc8cc9d6970ee4ee6aa7f57d8b""]",0.9774436090225563,1.0,0.9558823529411765,0,0,0,,0.0,0.0,False,True,necessity,0,inf,0,0
tabula_small_intestine,42,0.01,intestinal tuft cell,batch_heldout,outputs\tabula_small_intestine\batch_heldout_seed42_intestinal_tuft_cell_rare1pct,minus_conformal_tau,component,success,,3.16499844210852,0.01,2d3d2e6d369f4cb5,5,04a107a54de440a767fb6f8f9a51ad9e164877cc8cc9d6970ee4ee6aa7f57d8b,"[""tabula_small_intestine"",""intestinal tuft cell"",""2d3d2e6d369f4cb5"",5,""04a107a54de440a767fb6f8f9a51ad9e164877cc8cc9d6970ee4ee6aa7f57d8b""]",0.9774436090225563,1.0,0.9558823529411765,0,0,0,,0.0,0.0,False,True,necessity,0,inf,0,0
tabula_small_intestine,42,0.01,intestinal tuft cell,batch_heldout,outputs\tabula_small_intestine\batch_heldout_seed42_intestinal_tuft_cell_rare1pct,full_method,component,success,,3.16499844210852,0.01,2d3d2e6d369f4cb5,5,04a107a54de440a767fb6f8f9a51ad9e164877cc8cc9d6970ee4ee6aa7f57d8b,"[""tabula_small_intestine"",""intestinal tuft cell"",""2d3d2e6d369f4cb5"",5,""04a107a54de440a767fb6f8f9a51ad9e164877cc8cc9d6970ee4ee6aa7f57d8b""]",0.9774436090225563,1.0,0.9558823529411765,0,0,0,,0.0,0.0,False,True,val baseline 零漏判稀有,0,inf,0,0
tabula_small_intestine,42,0.01,intestinal tuft cell,batch_heldout,outputs\tabula_small_intestine\batch_heldout_seed42_intestinal_tuft_cell_rare1pct,rank_1,rank,success,,3.16499844210852,0.01,2d3d2e6d369f4cb5,5,04a107a54de440a767fb6f8f9a51ad9e164877cc8cc9d6970ee4ee6aa7f57d8b,"[""tabula_small_intestine"",""intestinal tuft cell"",""2d3d2e6d369f4cb5"",5,""04a107a54de440a767fb6f8f9a51ad9e164877cc8cc9d6970ee4ee6aa7f57d8b""]",0.9774436090225563,1.0,0.9558823529411765,0,0,0,,0.0,0.0,False,True,necessity,0,inf,0,0
tabula_small_intestine,42,0.01,intestinal tuft cell,batch_heldout,outputs\tabula_small_intestine\batch_heldout_seed42_intestinal_tuft_cell_rare1pct,rank_2,rank,success,,3.16499844210852,0.01,2d3d2e6d369f4cb5,5,04a107a54de440a767fb6f8f9a51ad9e164877cc8cc9d6970ee4ee6aa7f57d8b,"[""tabula_small_intestine"",""intestinal tuft cell"",""2d3d2e6d369f4cb5"",5,""04a107a54de440a767fb6f8f9a51ad9e164877cc8cc9d6970ee4ee6aa7f57d8b""]",0.9774436090225563,1.0,0.9558823529411765,0,0,0,,0.0,0.0,False,True,necessity,0,inf,0,0
tabula_small_intestine,42,0.01,intestinal tuft cell,batch_heldout,outputs\tabula_small_intestine\batch_heldout_seed42_intestinal_tuft_cell_rare1pct,rank_3,rank,success,,3.16499844210852,0.01,2d3d2e6d369f4cb5,5,04a107a54de440a767fb6f8f9a51ad9e164877cc8cc9d6970ee4ee6aa7f57d8b,"[""tabula_small_intestine"",""intestinal tuft cell"",""2d3d2e6d369f4cb5"",5,""04a107a54de440a767fb6f8f9a51ad9e164877cc8cc9d6970ee4ee6aa7f57d8b""]",0.9774436090225563,1.0,0.9558823529411765,0,0,0,,0.0,0.0,False,True,necessity,0,inf,0,0
tabula_small_intestine,42,0.01,intestinal tuft cell,batch_heldout,outputs\tabula_small_intestine\batch_heldout_seed42_intestinal_tuft_cell_rare1pct,adaptive_rank,rank,success,,3.16499844210852,0.01,2d3d2e6d369f4cb5,5,04a107a54de440a767fb6f8f9a51ad9e164877cc8cc9d6970ee4ee6aa7f57d8b,"[""tabula_small_intestine"",""intestinal tuft cell"",""2d3d2e6d369f4cb5"",5,""04a107a54de440a767fb6f8f9a51ad9e164877cc8cc9d6970ee4ee6aa7f57d8b""]",0.9774436090225563,1.0,0.9558823529411765,0,0,0,,0.0,0.0,False,True,val baseline 零漏判稀有,0,inf,0,0
tabula_small_intestine,42,0.05,intestinal tuft cell,batch_heldout,outputs\tabula_small_intestine\batch_heldout_seed42_intestinal_tuft_cell_rare5pct,baseline,component,success,,2.6236530760816006,0.01,2d3d2e6d369f4cb5,15,3687916af7de1cf1bb996386bf75583df6302845f1681160f159814e8cf0fb3d,"[""tabula_small_intestine"",""intestinal tuft cell"",""2d3d2e6d369f4cb5"",15,""3687916af7de1cf1bb996386bf75583df6302845f1681160f159814e8cf0fb3d""]",0.9774436090225563,1.0,0.9558823529411765,0,0,0,,0.0,0.0,False,False,baseline_no_rescue,0,,0,0
tabula_small_intestine,42,0.05,intestinal tuft cell,batch_heldout,outputs\tabula_small_intestine\batch_heldout_seed42_intestinal_tuft_cell_rare5pct,minus_separability_gate,component,success,,2.6236530760816006,0.01,2d3d2e6d369f4cb5,15,3687916af7de1cf1bb996386bf75583df6302845f1681160f159814e8cf0fb3d,"[""tabula_small_intestine"",""intestinal tuft cell"",""2d3d2e6d369f4cb5"",15,""3687916af7de1cf1bb996386bf75583df6302845f1681160f159814e8cf0fb3d""]",0.9774436090225563,1.0,0.9558823529411765,0,0,0,,0.0,0.0,False,True,necessity,0,inf,0,0
tabula_small_intestine,42,0.05,intestinal tuft cell,batch_heldout,outputs\tabula_small_intestine\batch_heldout_seed42_intestinal_tuft_cell_rare5pct,minus_necessity_gate,component,success,,2.6236530760816006,0.01,2d3d2e6d369f4cb5,15,3687916af7de1cf1bb996386bf75583df6302845f1681160f159814e8cf0fb3d,"[""tabula_small_intestine"",""intestinal tuft cell"",""2d3d2e6d369f4cb5"",15,""3687916af7de1cf1bb996386bf75583df6302845f1681160f159814e8cf0fb3d""]",0.9701492537313433,1.0,0.9420289855072463,0,1,1,0.0,0.00015903307888040714,0.00015903307888040714,False,False,rescue_applied,1,0.027859380709115266,0,1
tabula_small_intestine,42,0.05,intestinal tuft cell,batch_heldout,outputs\tabula_small_intestine\batch_heldout_seed42_intestinal_tuft_cell_rare5pct,fixed_rank_1,component,success,,2.6236530760816006,0.01,2d3d2e6d369f4cb5,15,3687916af7de1cf1bb996386bf75583df6302845f1681160f159814e8cf0fb3d,"[""tabula_small_intestine"",""intestinal tuft cell"",""2d3d2e6d369f4cb5"",15,""3687916af7de1cf1bb996386bf75583df6302845f1681160f159814e8cf0fb3d""]",0.9774436090225563,1.0,0.9558823529411765,0,0,0,,0.0,0.0,False,True,necessity,0,inf,0,0
tabula_small_intestine,42,0.05,intestinal tuft cell,batch_heldout,outputs\tabula_small_intestine\batch_heldout_seed42_intestinal_tuft_cell_rare5pct,minus_conformal_tau,component,success,,2.6236530760816006,0.01,2d3d2e6d369f4cb5,15,3687916af7de1cf1bb996386bf75583df6302845f1681160f159814e8cf0fb3d,"[""tabula_small_intestine"",""intestinal tuft cell"",""2d3d2e6d369f4cb5"",15,""3687916af7de1cf1bb996386bf75583df6302845f1681160f159814e8cf0fb3d""]",0.9774436090225563,1.0,0.9558823529411765,0,0,0,,0.0,0.0,False,True,necessity,0,inf,0,0
tabula_small_intestine,42,0.05,intestinal tuft cell,batch_heldout,outputs\tabula_small_intestine\batch_heldout_seed42_intestinal_tuft_cell_rare5pct,full_method,component,success,,2.6236530760816006,0.01,2d3d2e6d369f4cb5,15,3687916af7de1cf1bb996386bf75583df6302845f1681160f159814e8cf0fb3d,"[""tabula_small_intestine"",""intestinal tuft cell"",""2d3d2e6d369f4cb5"",15,""3687916af7de1cf1bb996386bf75583df6302845f1681160f159814e8cf0fb3d""]",0.9774436090225563,1.0,0.9558823529411765,0,0,0,,0.0,0.0,False,True,val baseline 零漏判稀有,0,inf,0,0
tabula_small_intestine,42,0.05,intestinal tuft cell,batch_heldout,outputs\tabula_small_intestine\batch_heldout_seed42_intestinal_tuft_cell_rare5pct,rank_1,rank,success,,2.6236530760816006,0.01,2d3d2e6d369f4cb5,15,3687916af7de1cf1bb996386bf75583df6302845f1681160f159814e8cf0fb3d,"[""tabula_small_intestine"",""intestinal tuft cell"",""2d3d2e6d369f4cb5"",15,""3687916af7de1cf1bb996386bf75583df6302845f1681160f159814e8cf0fb3d""]",0.9774436090225563,1.0,0.9558823529411765,0,0,0,,0.0,0.0,False,True,necessity,0,inf,0,0
tabula_small_intestine,42,0.05,intestinal tuft cell,batch_heldout,outputs\tabula_small_intestine\batch_heldout_seed42_intestinal_tuft_cell_rare5pct,rank_2,rank,success,,2.6236530760816006,0.01,2d3d2e6d369f4cb5,15,3687916af7de1cf1bb996386bf75583df6302845f1681160f159814e8cf0fb3d,"[""tabula_small_intestine"",""intestinal tuft cell"",""2d3d2e6d369f4cb5"",15,""3687916af7de1cf1bb996386bf75583df6302845f1681160f159814e8cf0fb3d""]",0.9774436090225563,1.0,0.9558823529411765,0,0,0,,0.0,0.0,False,True,necessity,0,inf,0,0
tabula_small_intestine,42,0.05,intestinal tuft cell,batch_heldout,outputs\tabula_small_intestine\batch_heldout_seed42_intestinal_tuft_cell_rare5pct,rank_3,rank,success,,2.6236530760816006,0.01,2d3d2e6d369f4cb5,15,3687916af7de1cf1bb996386bf75583df6302845f1681160f159814e8cf0fb3d,"[""tabula_small_intestine"",""intestinal tuft cell"",""2d3d2e6d369f4cb5"",15,""3687916af7de1cf1bb996386bf75583df6302845f1681160f159814e8cf0fb3d""]",0.9774436090225563,1.0,0.9558823529411765,0,0,0,,0.0,0.0,False,True,necessity,0,inf,0,0
tabula_small_intestine,42,0.05,intestinal tuft cell,batch_heldout,outputs\tabula_small_intestine\batch_heldout_seed42_intestinal_tuft_cell_rare5pct,adaptive_rank,rank,success,,2.6236530760816006,0.01,2d3d2e6d369f4cb5,15,3687916af7de1cf1bb996386bf75583df6302845f1681160f159814e8cf0fb3d,"[""tabula_small_intestine"",""intestinal tuft cell"",""2d3d2e6d369f4cb5"",15,""3687916af7de1cf1bb996386bf75583df6302845f1681160f159814e8cf0fb3d""]",0.9774436090225563,1.0,0.9558823529411765,0,0,0,,0.0,0.0,False,True,val baseline 零漏判稀有,0,inf,0,0
tabula_small_intestine,42,0.10,intestinal tuft cell,batch_heldout,outputs\tabula_small_intestine\batch_heldout_seed42_intestinal_tuft_cell_rare10pct,baseline,component,success,,2.300962488721768,0.01,2d3d2e6d369f4cb5,31,95d7b979a6032608be9aba9d69148d0b6b028fafbefb50692d93cc3fc3920275,"[""tabula_small_intestine"",""intestinal tuft cell"",""2d3d2e6d369f4cb5"",31,""95d7b979a6032608be9aba9d69148d0b6b028fafbefb50692d93cc3fc3920275""]",0.9848484848484849,1.0,0.9701492537313433,0,0,0,,0.0,0.0,False,False,baseline_no_rescue,0,,0,0
tabula_small_intestine,42,0.10,intestinal tuft cell,batch_heldout,outputs\tabula_small_intestine\batch_heldout_seed42_intestinal_tuft_cell_rare10pct,minus_separability_gate,component,success,,2.300962488721768,0.01,2d3d2e6d369f4cb5,31,95d7b979a6032608be9aba9d69148d0b6b028fafbefb50692d93cc3fc3920275,"[""tabula_small_intestine"",""intestinal tuft cell"",""2d3d2e6d369f4cb5"",31,""95d7b979a6032608be9aba9d69148d0b6b028fafbefb50692d93cc3fc3920275""]",0.9848484848484849,1.0,0.9701492537313433,0,0,0,,0.0,0.0,False,True,necessity,0,inf,0,0
tabula_small_intestine,42,0.10,intestinal tuft cell,batch_heldout,outputs\tabula_small_intestine\batch_heldout_seed42_intestinal_tuft_cell_rare10pct,minus_necessity_gate,component,success,,2.300962488721768,0.01,2d3d2e6d369f4cb5,31,95d7b979a6032608be9aba9d69148d0b6b028fafbefb50692d93cc3fc3920275,"[""tabula_small_intestine"",""intestinal tuft cell"",""2d3d2e6d369f4cb5"",31,""95d7b979a6032608be9aba9d69148d0b6b028fafbefb50692d93cc3fc3920275""]",0.9701492537313433,1.0,0.9420289855072463,0,2,2,0.0,0.0003180661577608143,0.0003180661577608143,False,False,rescue_applied,1,0.0343976764240056,0,2
tabula_small_intestine,42,0.10,intestinal tuft cell,batch_heldout,outputs\tabula_small_intestine\batch_heldout_seed42_intestinal_tuft_cell_rare10pct,fixed_rank_1,component,success,,2.300962488721768,0.01,2d3d2e6d369f4cb5,31,95d7b979a6032608be9aba9d69148d0b6b028fafbefb50692d93cc3fc3920275,"[""tabula_small_intestine"",""intestinal tuft cell"",""2d3d2e6d369f4cb5"",31,""95d7b979a6032608be9aba9d69148d0b6b028fafbefb50692d93cc3fc3920275""]",0.9848484848484849,1.0,0.9701492537313433,0,0,0,,0.0,0.0,False,True,necessity,0,inf,0,0
tabula_small_intestine,42,0.10,intestinal tuft cell,batch_heldout,outputs\tabula_small_intestine\batch_heldout_seed42_intestinal_tuft_cell_rare10pct,minus_conformal_tau,component,success,,2.300962488721768,0.01,2d3d2e6d369f4cb5,31,95d7b979a6032608be9aba9d69148d0b6b028fafbefb50692d93cc3fc3920275,"[""tabula_small_intestine"",""intestinal tuft cell"",""2d3d2e6d369f4cb5"",31,""95d7b979a6032608be9aba9d69148d0b6b028fafbefb50692d93cc3fc3920275""]",0.9848484848484849,1.0,0.9701492537313433,0,0,0,,0.0,0.0,False,True,necessity,0,inf,0,0
tabula_small_intestine,42,0.10,intestinal tuft cell,batch_heldout,outputs\tabula_small_intestine\batch_heldout_seed42_intestinal_tuft_cell_rare10pct,full_method,component,success,,2.300962488721768,0.01,2d3d2e6d369f4cb5,31,95d7b979a6032608be9aba9d69148d0b6b028fafbefb50692d93cc3fc3920275,"[""tabula_small_intestine"",""intestinal tuft cell"",""2d3d2e6d369f4cb5"",31,""95d7b979a6032608be9aba9d69148d0b6b028fafbefb50692d93cc3fc3920275""]",0.9848484848484849,1.0,0.9701492537313433,0,0,0,,0.0,0.0,False,True,val baseline 零漏判稀有,0,inf,0,0
tabula_small_intestine,42,0.10,intestinal tuft cell,batch_heldout,outputs\tabula_small_intestine\batch_heldout_seed42_intestinal_tuft_cell_rare10pct,rank_1,rank,success,,2.300962488721768,0.01,2d3d2e6d369f4cb5,31,95d7b979a6032608be9aba9d69148d0b6b028fafbefb50692d93cc3fc3920275,"[""tabula_small_intestine"",""intestinal tuft cell"",""2d3d2e6d369f4cb5"",31,""95d7b979a6032608be9aba9d69148d0b6b028fafbefb50692d93cc3fc3920275""]",0.9848484848484849,1.0,0.9701492537313433,0,0,0,,0.0,0.0,False,True,necessity,0,inf,0,0
tabula_small_intestine,42,0.10,intestinal tuft cell,batch_heldout,outputs\tabula_small_intestine\batch_heldout_seed42_intestinal_tuft_cell_rare10pct,rank_2,rank,success,,2.300962488721768,0.01,2d3d2e6d369f4cb5,31,95d7b979a6032608be9aba9d69148d0b6b028fafbefb50692d93cc3fc3920275,"[""tabula_small_intestine"",""intestinal tuft cell"",""2d3d2e6d369f4cb5"",31,""95d7b979a6032608be9aba9d69148d0b6b028fafbefb50692d93cc3fc3920275""]",0.9848484848484849,1.0,0.9701492537313433,0,0,0,,0.0,0.0,False,True,necessity,0,inf,0,0
tabula_small_intestine,42,0.10,intestinal tuft cell,batch_heldout,outputs\tabula_small_intestine\batch_heldout_seed42_intestinal_tuft_cell_rare10pct,rank_3,rank,success,,2.300962488721768,0.01,2d3d2e6d369f4cb5,31,95d7b979a6032608be9aba9d69148d0b6b028fafbefb50692d93cc3fc3920275,"[""tabula_small_intestine"",""intestinal tuft cell"",""2d3d2e6d369f4cb5"",31,""95d7b979a6032608be9aba9d69148d0b6b028fafbefb50692d93cc3fc3920275""]",0.9848484848484849,1.0,0.9701492537313433,0,0,0,,0.0,0.0,False,True,necessity,0,inf,0,0
tabula_small_intestine,42,0.10,intestinal tuft cell,batch_heldout,outputs\tabula_small_intestine\batch_heldout_seed42_intestinal_tuft_cell_rare10pct,adaptive_rank,rank,success,,2.300962488721768,0.01,2d3d2e6d369f4cb5,31,95d7b979a6032608be9aba9d69148d0b6b028fafbefb50692d93cc3fc3920275,"[""tabula_small_intestine"",""intestinal tuft cell"",""2d3d2e6d369f4cb5"",31,""95d7b979a6032608be9aba9d69148d0b6b028fafbefb50692d93cc3fc3920275""]",0.9848484848484849,1.0,0.9701492537313433,0,0,0,,0.0,0.0,False,True,val baseline 零漏判稀有,0,inf,0,0
tabula_small_intestine,42,all,intestinal tuft cell,batch_heldout,outputs\tabula_small_intestine\batch_heldout_seed42_intestinal_tuft_cell_rareall,baseline,component,success,,2.447742762390442,0.01,2d3d2e6d369f4cb5,315,e35086053f34698e5f45edaa5a36ae29b8f05250f490525da0e61709402b932d,"[""tabula_small_intestine"",""intestinal tuft cell"",""2d3d2e6d369f4cb5"",315,""e35086053f34698e5f45edaa5a36ae29b8f05250f490525da0e61709402b932d""]",0.9701492537313433,1.0,0.9420289855072463,0,0,0,,0.0,0.0,False,False,baseline_no_rescue,0,,0,0
tabula_small_intestine,42,all,intestinal tuft cell,batch_heldout,outputs\tabula_small_intestine\batch_heldout_seed42_intestinal_tuft_cell_rareall,minus_separability_gate,component,success,,2.447742762390442,0.01,2d3d2e6d369f4cb5,315,e35086053f34698e5f45edaa5a36ae29b8f05250f490525da0e61709402b932d,"[""tabula_small_intestine"",""intestinal tuft cell"",""2d3d2e6d369f4cb5"",315,""e35086053f34698e5f45edaa5a36ae29b8f05250f490525da0e61709402b932d""]",0.9701492537313433,1.0,0.9420289855072463,0,0,0,,0.0,0.0,False,True,necessity,0,inf,0,0
tabula_small_intestine,42,all,intestinal tuft cell,batch_heldout,outputs\tabula_small_intestine\batch_heldout_seed42_intestinal_tuft_cell_rareall,minus_necessity_gate,component,success,,2.447742762390442,0.01,2d3d2e6d369f4cb5,315,e35086053f34698e5f45edaa5a36ae29b8f05250f490525da0e61709402b932d,"[""tabula_small_intestine"",""intestinal tuft cell"",""2d3d2e6d369f4cb5"",315,""e35086053f34698e5f45edaa5a36ae29b8f05250f490525da0e61709402b932d""]",0.9701492537313433,1.0,0.9420289855072463,0,0,0,,0.0,0.0,False,False,rescue_applied,1,0.028357630947498345,0,0
tabula_small_intestine,42,all,intestinal tuft cell,batch_heldout,outputs\tabula_small_intestine\batch_heldout_seed42_intestinal_tuft_cell_rareall,fixed_rank_1,component,success,,2.447742762390442,0.01,2d3d2e6d369f4cb5,315,e35086053f34698e5f45edaa5a36ae29b8f05250f490525da0e61709402b932d,"[""tabula_small_intestine"",""intestinal tuft cell"",""2d3d2e6d369f4cb5"",315,""e35086053f34698e5f45edaa5a36ae29b8f05250f490525da0e61709402b932d""]",0.9701492537313433,1.0,0.9420289855072463,0,0,0,,0.0,0.0,False,True,necessity,0,inf,0,0
tabula_small_intestine,42,all,intestinal tuft cell,batch_heldout,outputs\tabula_small_intestine\batch_heldout_seed42_intestinal_tuft_cell_rareall,minus_conformal_tau,component,success,,2.447742762390442,0.01,2d3d2e6d369f4cb5,315,e35086053f34698e5f45edaa5a36ae29b8f05250f490525da0e61709402b932d,"[""tabula_small_intestine"",""intestinal tuft cell"",""2d3d2e6d369f4cb5"",315,""e35086053f34698e5f45edaa5a36ae29b8f05250f490525da0e61709402b932d""]",0.9701492537313433,1.0,0.9420289855072463,0,0,0,,0.0,0.0,False,True,necessity,0,inf,0,0
tabula_small_intestine,42,all,intestinal tuft cell,batch_heldout,outputs\tabula_small_intestine\batch_heldout_seed42_intestinal_tuft_cell_rareall,full_method,component,success,,2.447742762390442,0.01,2d3d2e6d369f4cb5,315,e35086053f34698e5f45edaa5a36ae29b8f05250f490525da0e61709402b932d,"[""tabula_small_intestine"",""intestinal tuft cell"",""2d3d2e6d369f4cb5"",315,""e35086053f34698e5f45edaa5a36ae29b8f05250f490525da0e61709402b932d""]",0.9701492537313433,1.0,0.9420289855072463,0,0,0,,0.0,0.0,False,True,val baseline 零漏判稀有,0,inf,0,0
tabula_small_intestine,42,all,intestinal tuft cell,batch_heldout,outputs\tabula_small_intestine\batch_heldout_seed42_intestinal_tuft_cell_rareall,rank_1,rank,success,,2.447742762390442,0.01,2d3d2e6d369f4cb5,315,e35086053f34698e5f45edaa5a36ae29b8f05250f490525da0e61709402b932d,"[""tabula_small_intestine"",""intestinal tuft cell"",""2d3d2e6d369f4cb5"",315,""e35086053f34698e5f45edaa5a36ae29b8f05250f490525da0e61709402b932d""]",0.9701492537313433,1.0,0.9420289855072463,0,0,0,,0.0,0.0,False,True,necessity,0,inf,0,0
tabula_small_intestine,42,all,intestinal tuft cell,batch_heldout,outputs\tabula_small_intestine\batch_heldout_seed42_intestinal_tuft_cell_rareall,rank_2,rank,success,,2.447742762390442,0.01,2d3d2e6d369f4cb5,315,e35086053f34698e5f45edaa5a36ae29b8f05250f490525da0e61709402b932d,"[""tabula_small_intestine"",""intestinal tuft cell"",""2d3d2e6d369f4cb5"",315,""e35086053f34698e5f45edaa5a36ae29b8f05250f490525da0e61709402b932d""]",0.9701492537313433,1.0,0.9420289855072463,0,0,0,,0.0,0.0,False,True,necessity,0,inf,0,0
tabula_small_intestine,42,all,intestinal tuft cell,batch_heldout,outputs\tabula_small_intestine\batch_heldout_seed42_intestinal_tuft_cell_rareall,rank_3,rank,success,,2.447742762390442,0.01,2d3d2e6d369f4cb5,315,e35086053f34698e5f45edaa5a36ae29b8f05250f490525da0e61709402b932d,"[""tabula_small_intestine"",""intestinal tuft cell"",""2d3d2e6d369f4cb5"",315,""e35086053f34698e5f45edaa5a36ae29b8f05250f490525da0e61709402b932d""]",0.9701492537313433,1.0,0.9420289855072463,0,0,0,,0.0,0.0,False,True,necessity,0,inf,0,0
tabula_small_intestine,42,all,intestinal tuft cell,batch_heldout,outputs\tabula_small_intestine\batch_heldout_seed42_intestinal_tuft_cell_rareall,adaptive_rank,rank,success,,2.447742762390442,0.01,2d3d2e6d369f4cb5,315,e35086053f34698e5f45edaa5a36ae29b8f05250f490525da0e61709402b932d,"[""tabula_small_intestine"",""intestinal tuft cell"",""2d3d2e6d369f4cb5"",315,""e35086053f34698e5f45edaa5a36ae29b8f05250f490525da0e61709402b932d""]",0.9701492537313433,1.0,0.9420289855072463,0,0,0,,0.0,0.0,False,True,val baseline 零漏判稀有,0,inf,0,0
tabula_small_intestine,43,0.01,intestinal tuft cell,batch_heldout,outputs\tabula_small_intestine\batch_heldout_seed43_intestinal_tuft_cell_rare1pct,baseline,component,success,,2.593703236541538,0.01,2d3d2e6d369f4cb5,5,a2e3ef57a0b5cd0b2eac7fe921a1b79920a8b5e2f131b51bb2d212c84a019259,"[""tabula_small_intestine"",""intestinal tuft cell"",""2d3d2e6d369f4cb5"",5,""a2e3ef57a0b5cd0b2eac7fe921a1b79920a8b5e2f131b51bb2d212c84a019259""]",0.9774436090225563,1.0,0.9558823529411765,0,0,0,,0.0,0.0,False,False,baseline_no_rescue,0,,0,0
tabula_small_intestine,43,0.01,intestinal tuft cell,batch_heldout,outputs\tabula_small_intestine\batch_heldout_seed43_intestinal_tuft_cell_rare1pct,minus_separability_gate,component,success,,2.593703236541538,0.01,2d3d2e6d369f4cb5,5,a2e3ef57a0b5cd0b2eac7fe921a1b79920a8b5e2f131b51bb2d212c84a019259,"[""tabula_small_intestine"",""intestinal tuft cell"",""2d3d2e6d369f4cb5"",5,""a2e3ef57a0b5cd0b2eac7fe921a1b79920a8b5e2f131b51bb2d212c84a019259""]",0.9774436090225563,1.0,0.9558823529411765,0,0,0,,0.0,0.0,False,True,necessity,0,inf,0,0
tabula_small_intestine,43,0.01,intestinal tuft cell,batch_heldout,outputs\tabula_small_intestine\batch_heldout_seed43_intestinal_tuft_cell_rare1pct,minus_necessity_gate,component,success,,2.593703236541538,0.01,2d3d2e6d369f4cb5,5,a2e3ef57a0b5cd0b2eac7fe921a1b79920a8b5e2f131b51bb2d212c84a019259,"[""tabula_small_intestine"",""intestinal tuft cell"",""2d3d2e6d369f4cb5"",5,""a2e3ef57a0b5cd0b2eac7fe921a1b79920a8b5e2f131b51bb2d212c84a019259""]",0.9774436090225563,1.0,0.9558823529411765,0,0,0,,0.0,0.0,False,False,rescue_applied,1,0.033306581665783416,0,0
tabula_small_intestine,43,0.01,intestinal tuft cell,batch_heldout,outputs\tabula_small_intestine\batch_heldout_seed43_intestinal_tuft_cell_rare1pct,fixed_rank_1,component,success,,2.593703236541538,0.01,2d3d2e6d369f4cb5,5,a2e3ef57a0b5cd0b2eac7fe921a1b79920a8b5e2f131b51bb2d212c84a019259,"[""tabula_small_intestine"",""intestinal tuft cell"",""2d3d2e6d369f4cb5"",5,""a2e3ef57a0b5cd0b2eac7fe921a1b79920a8b5e2f131b51bb2d212c84a019259""]",0.9774436090225563,1.0,0.9558823529411765,0,0,0,,0.0,0.0,False,True,necessity,0,inf,0,0
tabula_small_intestine,43,0.01,intestinal tuft cell,batch_heldout,outputs\tabula_small_intestine\batch_heldout_seed43_intestinal_tuft_cell_rare1pct,minus_conformal_tau,component,success,,2.593703236541538,0.01,2d3d2e6d369f4cb5,5,a2e3ef57a0b5cd0b2eac7fe921a1b79920a8b5e2f131b51bb2d212c84a019259,"[""tabula_small_intestine"",""intestinal tuft cell"",""2d3d2e6d369f4cb5"",5,""a2e3ef57a0b5cd0b2eac7fe921a1b79920a8b5e2f131b51bb2d212c84a019259""]",0.9774436090225563,1.0,0.9558823529411765,0,0,0,,0.0,0.0,False,True,necessity,0,inf,0,0
tabula_small_intestine,43,0.01,intestinal tuft cell,batch_heldout,outputs\tabula_small_intestine\batch_heldout_seed43_intestinal_tuft_cell_rare1pct,full_method,component,success,,2.593703236541538,0.01,2d3d2e6d369f4cb5,5,a2e3ef57a0b5cd0b2eac7fe921a1b79920a8b5e2f131b51bb2d212c84a019259,"[""tabula_small_intestine"",""intestinal tuft cell"",""2d3d2e6d369f4cb5"",5,""a2e3ef57a0b5cd0b2eac7fe921a1b79920a8b5e2f131b51bb2d212c84a019259""]",0.9774436090225563,1.0,0.9558823529411765,0,0,0,,0.0,0.0,False,True,val baseline 零漏判稀有,0,inf,0,0
tabula_small_intestine,43,0.01,intestinal tuft cell,batch_heldout,outputs\tabula_small_intestine\batch_heldout_seed43_intestinal_tuft_cell_rare1pct,rank_1,rank,success,,2.593703236541538,0.01,2d3d2e6d369f4cb5,5,a2e3ef57a0b5cd0b2eac7fe921a1b79920a8b5e2f131b51bb2d212c84a019259,"[""tabula_small_intestine"",""intestinal tuft cell"",""2d3d2e6d369f4cb5"",5,""a2e3ef57a0b5cd0b2eac7fe921a1b79920a8b5e2f131b51bb2d212c84a019259""]",0.9774436090225563,1.0,0.9558823529411765,0,0,0,,0.0,0.0,False,True,necessity,0,inf,0,0
tabula_small_intestine,43,0.01,intestinal tuft cell,batch_heldout,outputs\tabula_small_intestine\batch_heldout_seed43_intestinal_tuft_cell_rare1pct,rank_2,rank,success,,2.593703236541538,0.01,2d3d2e6d369f4cb5,5,a2e3ef57a0b5cd0b2eac7fe921a1b79920a8b5e2f131b51bb2d212c84a019259,"[""tabula_small_intestine"",""intestinal tuft cell"",""2d3d2e6d369f4cb5"",5,""a2e3ef57a0b5cd0b2eac7fe921a1b79920a8b5e2f131b51bb2d212c84a019259""]",0.9774436090225563,1.0,0.9558823529411765,0,0,0,,0.0,0.0,False,True,necessity,0,inf,0,0
tabula_small_intestine,43,0.01,intestinal tuft cell,batch_heldout,outputs\tabula_small_intestine\batch_heldout_seed43_intestinal_tuft_cell_rare1pct,rank_3,rank,success,,2.593703236541538,0.01,2d3d2e6d369f4cb5,5,a2e3ef57a0b5cd0b2eac7fe921a1b79920a8b5e2f131b51bb2d212c84a019259,"[""tabula_small_intestine"",""intestinal tuft cell"",""2d3d2e6d369f4cb5"",5,""a2e3ef57a0b5cd0b2eac7fe921a1b79920a8b5e2f131b51bb2d212c84a019259""]",0.9774436090225563,1.0,0.9558823529411765,0,0,0,,0.0,0.0,False,True,necessity,0,inf,0,0
tabula_small_intestine,43,0.01,intestinal tuft cell,batch_heldout,outputs\tabula_small_intestine\batch_heldout_seed43_intestinal_tuft_cell_rare1pct,adaptive_rank,rank,success,,2.593703236541538,0.01,2d3d2e6d369f4cb5,5,a2e3ef57a0b5cd0b2eac7fe921a1b79920a8b5e2f131b51bb2d212c84a019259,"[""tabula_small_intestine"",""intestinal tuft cell"",""2d3d2e6d369f4cb5"",5,""a2e3ef57a0b5cd0b2eac7fe921a1b79920a8b5e2f131b51bb2d212c84a019259""]",0.9774436090225563,1.0,0.9558823529411765,0,0,0,,0.0,0.0,False,True,val baseline 零漏判稀有,0,inf,0,0
tabula_small_intestine,43,0.05,intestinal tuft cell,batch_heldout,outputs\tabula_small_intestine\batch_heldout_seed43_intestinal_tuft_cell_rare5pct,baseline,component,success,,2.4085700798707195,0.01,2d3d2e6d369f4cb5,15,4803d585e17a8db7581a70be0893f5b619f87d551a1f62f123f35b97a88a7bc0,"[""tabula_small_intestine"",""intestinal tuft cell"",""2d3d2e6d369f4cb5"",15,""4803d585e17a8db7581a70be0893f5b619f87d551a1f62f123f35b97a88a7bc0""]",0.9774436090225563,1.0,0.9558823529411765,0,0,0,,0.0,0.0,False,False,baseline_no_rescue,0,,0,0
tabula_small_intestine,43,0.05,intestinal tuft cell,batch_heldout,outputs\tabula_small_intestine\batch_heldout_seed43_intestinal_tuft_cell_rare5pct,minus_separability_gate,component,success,,2.4085700798707195,0.01,2d3d2e6d369f4cb5,15,4803d585e17a8db7581a70be0893f5b619f87d551a1f62f123f35b97a88a7bc0,"[""tabula_small_intestine"",""intestinal tuft cell"",""2d3d2e6d369f4cb5"",15,""4803d585e17a8db7581a70be0893f5b619f87d551a1f62f123f35b97a88a7bc0""]",0.9774436090225563,1.0,0.9558823529411765,0,0,0,,0.0,0.0,False,True,necessity,0,inf,0,0
tabula_small_intestine,43,0.05,intestinal tuft cell,batch_heldout,outputs\tabula_small_intestine\batch_heldout_seed43_intestinal_tuft_cell_rare5pct,minus_necessity_gate,component,success,,2.4085700798707195,0.01,2d3d2e6d369f4cb5,15,4803d585e17a8db7581a70be0893f5b619f87d551a1f62f123f35b97a88a7bc0,"[""tabula_small_intestine"",""intestinal tuft cell"",""2d3d2e6d369f4cb5"",15,""4803d585e17a8db7581a70be0893f5b619f87d551a1f62f123f35b97a88a7bc0""]",0.9774436090225563,1.0,0.9558823529411765,0,0,0,,0.0,0.0,False,False,rescue_applied,1,0.025970079689964218,0,0
tabula_small_intestine,43,0.05,intestinal tuft cell,batch_heldout,outputs\tabula_small_intestine\batch_heldout_seed43_intestinal_tuft_cell_rare5pct,fixed_rank_1,component,success,,2.4085700798707195,0.01,2d3d2e6d369f4cb5,15,4803d585e17a8db7581a70be0893f5b619f87d551a1f62f123f35b97a88a7bc0,"[""tabula_small_intestine"",""intestinal tuft cell"",""2d3d2e6d369f4cb5"",15,""4803d585e17a8db7581a70be0893f5b619f87d551a1f62f123f35b97a88a7bc0""]",0.9774436090225563,1.0,0.9558823529411765,0,0,0,,0.0,0.0,False,True,necessity,0,inf,0,0
tabula_small_intestine,43,0.05,intestinal tuft cell,batch_heldout,outputs\tabula_small_intestine\batch_heldout_seed43_intestinal_tuft_cell_rare5pct,minus_conformal_tau,component,success,,2.4085700798707195,0.01,2d3d2e6d369f4cb5,15,4803d585e17a8db7581a70be0893f5b619f87d551a1f62f123f35b97a88a7bc0,"[""tabula_small_intestine"",""intestinal tuft cell"",""2d3d2e6d369f4cb5"",15,""4803d585e17a8db7581a70be0893f5b619f87d551a1f62f123f35b97a88a7bc0""]",0.9774436090225563,1.0,0.9558823529411765,0,0,0,,0.0,0.0,False,True,necessity,0,inf,0,0
tabula_small_intestine,43,0.05,intestinal tuft cell,batch_heldout,outputs\tabula_small_intestine\batch_heldout_seed43_intestinal_tuft_cell_rare5pct,full_method,component,success,,2.4085700798707195,0.01,2d3d2e6d369f4cb5,15,4803d585e17a8db7581a70be0893f5b619f87d551a1f62f123f35b97a88a7bc0,"[""tabula_small_intestine"",""intestinal tuft cell"",""2d3d2e6d369f4cb5"",15,""4803d585e17a8db7581a70be0893f5b619f87d551a1f62f123f35b97a88a7bc0""]",0.9774436090225563,1.0,0.9558823529411765,0,0,0,,0.0,0.0,False,True,val baseline 零漏判稀有,0,inf,0,0
tabula_small_intestine,43,0.05,intestinal tuft cell,batch_heldout,outputs\tabula_small_intestine\batch_heldout_seed43_intestinal_tuft_cell_rare5pct,rank_1,rank,success,,2.4085700798707195,0.01,2d3d2e6d369f4cb5,15,4803d585e17a8db7581a70be0893f5b619f87d551a1f62f123f35b97a88a7bc0,"[""tabula_small_intestine"",""intestinal tuft cell"",""2d3d2e6d369f4cb5"",15,""4803d585e17a8db7581a70be0893f5b619f87d551a1f62f123f35b97a88a7bc0""]",0.9774436090225563,1.0,0.9558823529411765,0,0,0,,0.0,0.0,False,True,necessity,0,inf,0,0
tabula_small_intestine,43,0.05,intestinal tuft cell,batch_heldout,outputs\tabula_small_intestine\batch_heldout_seed43_intestinal_tuft_cell_rare5pct,rank_2,rank,success,,2.4085700798707195,0.01,2d3d2e6d369f4cb5,15,4803d585e17a8db7581a70be0893f5b619f87d551a1f62f123f35b97a88a7bc0,"[""tabula_small_intestine"",""intestinal tuft cell"",""2d3d2e6d369f4cb5"",15,""4803d585e17a8db7581a70be0893f5b619f87d551a1f62f123f35b97a88a7bc0""]",0.9774436090225563,1.0,0.9558823529411765,0,0,0,,0.0,0.0,False,True,necessity,0,inf,0,0
tabula_small_intestine,43,0.05,intestinal tuft cell,batch_heldout,outputs\tabula_small_intestine\batch_heldout_seed43_intestinal_tuft_cell_rare5pct,rank_3,rank,success,,2.4085700798707195,0.01,2d3d2e6d369f4cb5,15,4803d585e17a8db7581a70be0893f5b619f87d551a1f62f123f35b97a88a7bc0,"[""tabula_small_intestine"",""intestinal tuft cell"",""2d3d2e6d369f4cb5"",15,""4803d585e17a8db7581a70be0893f5b619f87d551a1f62f123f35b97a88a7bc0""]",0.9774436090225563,1.0,0.9558823529411765,0,0,0,,0.0,0.0,False,True,necessity,0,inf,0,0
tabula_small_intestine,43,0.05,intestinal tuft cell,batch_heldout,outputs\tabula_small_intestine\batch_heldout_seed43_intestinal_tuft_cell_rare5pct,adaptive_rank,rank,success,,2.4085700798707195,0.01,2d3d2e6d369f4cb5,15,4803d585e17a8db7581a70be0893f5b619f87d551a1f62f123f35b97a88a7bc0,"[""tabula_small_intestine"",""intestinal tuft cell"",""2d3d2e6d369f4cb5"",15,""4803d585e17a8db7581a70be0893f5b619f87d551a1f62f123f35b97a88a7bc0""]",0.9774436090225563,1.0,0.9558823529411765,0,0,0,,0.0,0.0,False,True,val baseline 零漏判稀有,0,inf,0,0
tabula_small_intestine,43,0.10,intestinal tuft cell,batch_heldout,outputs\tabula_small_intestine\batch_heldout_seed43_intestinal_tuft_cell_rare10pct,baseline,component,success,,3.2691004569904565,0.01,2d3d2e6d369f4cb5,31,32b7bce48894b0eaa20d81a7e5ebab9e7b81a2d2fda886da9a57db9b4f3bd41a,"[""tabula_small_intestine"",""intestinal tuft cell"",""2d3d2e6d369f4cb5"",31,""32b7bce48894b0eaa20d81a7e5ebab9e7b81a2d2fda886da9a57db9b4f3bd41a""]",0.9774436090225563,1.0,0.9558823529411765,0,0,0,,0.0,0.0,False,False,baseline_no_rescue,0,,0,0
tabula_small_intestine,43,0.10,intestinal tuft cell,batch_heldout,outputs\tabula_small_intestine\batch_heldout_seed43_intestinal_tuft_cell_rare10pct,minus_separability_gate,component,success,,3.2691004569904565,0.01,2d3d2e6d369f4cb5,31,32b7bce48894b0eaa20d81a7e5ebab9e7b81a2d2fda886da9a57db9b4f3bd41a,"[""tabula_small_intestine"",""intestinal tuft cell"",""2d3d2e6d369f4cb5"",31,""32b7bce48894b0eaa20d81a7e5ebab9e7b81a2d2fda886da9a57db9b4f3bd41a""]",0.9774436090225563,1.0,0.9558823529411765,0,0,0,,0.0,0.0,False,True,necessity,0,inf,0,0
tabula_small_intestine,43,0.10,intestinal tuft cell,batch_heldout,outputs\tabula_small_intestine\batch_heldout_seed43_intestinal_tuft_cell_rare10pct,minus_necessity_gate,component,success,,3.2691004569904565,0.01,2d3d2e6d369f4cb5,31,32b7bce48894b0eaa20d81a7e5ebab9e7b81a2d2fda886da9a57db9b4f3bd41a,"[""tabula_small_intestine"",""intestinal tuft cell"",""2d3d2e6d369f4cb5"",31,""32b7bce48894b0eaa20d81a7e5ebab9e7b81a2d2fda886da9a57db9b4f3bd41a""]",0.9774436090225563,1.0,0.9558823529411765,0,0,0,,0.0,0.0,False,False,rescue_applied,1,0.013602508668872356,0,0
tabula_small_intestine,43,0.10,intestinal tuft cell,batch_heldout,outputs\tabula_small_intestine\batch_heldout_seed43_intestinal_tuft_cell_rare10pct,fixed_rank_1,component,success,,3.2691004569904565,0.01,2d3d2e6d369f4cb5,31,32b7bce48894b0eaa20d81a7e5ebab9e7b81a2d2fda886da9a57db9b4f3bd41a,"[""tabula_small_intestine"",""intestinal tuft cell"",""2d3d2e6d369f4cb5"",31,""32b7bce48894b0eaa20d81a7e5ebab9e7b81a2d2fda886da9a57db9b4f3bd41a""]",0.9774436090225563,1.0,0.9558823529411765,0,0,0,,0.0,0.0,False,True,necessity,0,inf,0,0
tabula_small_intestine,43,0.10,intestinal tuft cell,batch_heldout,outputs\tabula_small_intestine\batch_heldout_seed43_intestinal_tuft_cell_rare10pct,minus_conformal_tau,component,success,,3.2691004569904565,0.01,2d3d2e6d369f4cb5,31,32b7bce48894b0eaa20d81a7e5ebab9e7b81a2d2fda886da9a57db9b4f3bd41a,"[""tabula_small_intestine"",""intestinal tuft cell"",""2d3d2e6d369f4cb5"",31,""32b7bce48894b0eaa20d81a7e5ebab9e7b81a2d2fda886da9a57db9b4f3bd41a""]",0.9774436090225563,1.0,0.9558823529411765,0,0,0,,0.0,0.0,False,True,necessity,0,inf,0,0
tabula_small_intestine,43,0.10,intestinal tuft cell,batch_heldout,outputs\tabula_small_intestine\batch_heldout_seed43_intestinal_tuft_cell_rare10pct,full_method,component,success,,3.2691004569904565,0.01,2d3d2e6d369f4cb5,31,32b7bce48894b0eaa20d81a7e5ebab9e7b81a2d2fda886da9a57db9b4f3bd41a,"[""tabula_small_intestine"",""intestinal tuft cell"",""2d3d2e6d369f4cb5"",31,""32b7bce48894b0eaa20d81a7e5ebab9e7b81a2d2fda886da9a57db9b4f3bd41a""]",0.9774436090225563,1.0,0.9558823529411765,0,0,0,,0.0,0.0,False,True,val baseline 零漏判稀有,0,inf,0,0
tabula_small_intestine,43,0.10,intestinal tuft cell,batch_heldout,outputs\tabula_small_intestine\batch_heldout_seed43_intestinal_tuft_cell_rare10pct,rank_1,rank,success,,3.2691004569904565,0.01,2d3d2e6d369f4cb5,31,32b7bce48894b0eaa20d81a7e5ebab9e7b81a2d2fda886da9a57db9b4f3bd41a,"[""tabula_small_intestine"",""intestinal tuft cell"",""2d3d2e6d369f4cb5"",31,""32b7bce48894b0eaa20d81a7e5ebab9e7b81a2d2fda886da9a57db9b4f3bd41a""]",0.9774436090225563,1.0,0.9558823529411765,0,0,0,,0.0,0.0,False,True,necessity,0,inf,0,0
tabula_small_intestine,43,0.10,intestinal tuft cell,batch_heldout,outputs\tabula_small_intestine\batch_heldout_seed43_intestinal_tuft_cell_rare10pct,rank_2,rank,success,,3.2691004569904565,0.01,2d3d2e6d369f4cb5,31,32b7bce48894b0eaa20d81a7e5ebab9e7b81a2d2fda886da9a57db9b4f3bd41a,"[""tabula_small_intestine"",""intestinal tuft cell"",""2d3d2e6d369f4cb5"",31,""32b7bce48894b0eaa20d81a7e5ebab9e7b81a2d2fda886da9a57db9b4f3bd41a""]",0.9774436090225563,1.0,0.9558823529411765,0,0,0,,0.0,0.0,False,True,necessity,0,inf,0,0
tabula_small_intestine,43,0.10,intestinal tuft cell,batch_heldout,outputs\tabula_small_intestine\batch_heldout_seed43_intestinal_tuft_cell_rare10pct,rank_3,rank,success,,3.2691004569904565,0.01,2d3d2e6d369f4cb5,31,32b7bce48894b0eaa20d81a7e5ebab9e7b81a2d2fda886da9a57db9b4f3bd41a,"[""tabula_small_intestine"",""intestinal tuft cell"",""2d3d2e6d369f4cb5"",31,""32b7bce48894b0eaa20d81a7e5ebab9e7b81a2d2fda886da9a57db9b4f3bd41a""]",0.9774436090225563,1.0,0.9558823529411765,0,0,0,,0.0,0.0,False,True,necessity,0,inf,0,0
tabula_small_intestine,43,0.10,intestinal tuft cell,batch_heldout,outputs\tabula_small_intestine\batch_heldout_seed43_intestinal_tuft_cell_rare10pct,adaptive_rank,rank,success,,3.2691004569904565,0.01,2d3d2e6d369f4cb5,31,32b7bce48894b0eaa20d81a7e5ebab9e7b81a2d2fda886da9a57db9b4f3bd41a,"[""tabula_small_intestine"",""intestinal tuft cell"",""2d3d2e6d369f4cb5"",31,""32b7bce48894b0eaa20d81a7e5ebab9e7b81a2d2fda886da9a57db9b4f3bd41a""]",0.9774436090225563,1.0,0.9558823529411765,0,0,0,,0.0,0.0,False,True,val baseline 零漏判稀有,0,inf,0,0
tabula_small_intestine,43,all,intestinal tuft cell,batch_heldout,outputs\tabula_small_intestine\batch_heldout_seed43_intestinal_tuft_cell_rareall,baseline,component,success,,2.6232210164889778,0.01,2d3d2e6d369f4cb5,315,e35086053f34698e5f45edaa5a36ae29b8f05250f490525da0e61709402b932d,"[""tabula_small_intestine"",""intestinal tuft cell"",""2d3d2e6d369f4cb5"",315,""e35086053f34698e5f45edaa5a36ae29b8f05250f490525da0e61709402b932d""]",0.9774436090225563,1.0,0.9558823529411765,0,0,0,,0.0,0.0,False,False,baseline_no_rescue,0,,0,0
tabula_small_intestine,43,all,intestinal tuft cell,batch_heldout,outputs\tabula_small_intestine\batch_heldout_seed43_intestinal_tuft_cell_rareall,minus_separability_gate,component,success,,2.6232210164889778,0.01,2d3d2e6d369f4cb5,315,e35086053f34698e5f45edaa5a36ae29b8f05250f490525da0e61709402b932d,"[""tabula_small_intestine"",""intestinal tuft cell"",""2d3d2e6d369f4cb5"",315,""e35086053f34698e5f45edaa5a36ae29b8f05250f490525da0e61709402b932d""]",0.9774436090225563,1.0,0.9558823529411765,0,0,0,,0.0,0.0,False,True,necessity,0,inf,0,0
tabula_small_intestine,43,all,intestinal tuft cell,batch_heldout,outputs\tabula_small_intestine\batch_heldout_seed43_intestinal_tuft_cell_rareall,minus_necessity_gate,component,success,,2.6232210164889778,0.01,2d3d2e6d369f4cb5,315,e35086053f34698e5f45edaa5a36ae29b8f05250f490525da0e61709402b932d,"[""tabula_small_intestine"",""intestinal tuft cell"",""2d3d2e6d369f4cb5"",315,""e35086053f34698e5f45edaa5a36ae29b8f05250f490525da0e61709402b932d""]",0.9774436090225563,1.0,0.9558823529411765,0,0,0,,0.0,0.0,False,False,rescue_applied,1,0.020253640603952367,0,0
tabula_small_intestine,43,all,intestinal tuft cell,batch_heldout,outputs\tabula_small_intestine\batch_heldout_seed43_intestinal_tuft_cell_rareall,fixed_rank_1,component,success,,2.6232210164889778,0.01,2d3d2e6d369f4cb5,315,e35086053f34698e5f45edaa5a36ae29b8f05250f490525da0e61709402b932d,"[""tabula_small_intestine"",""intestinal tuft cell"",""2d3d2e6d369f4cb5"",315,""e35086053f34698e5f45edaa5a36ae29b8f05250f490525da0e61709402b932d""]",0.9774436090225563,1.0,0.9558823529411765,0,0,0,,0.0,0.0,False,True,necessity,0,inf,0,0
tabula_small_intestine,43,all,intestinal tuft cell,batch_heldout,outputs\tabula_small_intestine\batch_heldout_seed43_intestinal_tuft_cell_rareall,minus_conformal_tau,component,success,,2.6232210164889778,0.01,2d3d2e6d369f4cb5,315,e35086053f34698e5f45edaa5a36ae29b8f05250f490525da0e61709402b932d,"[""tabula_small_intestine"",""intestinal tuft cell"",""2d3d2e6d369f4cb5"",315,""e35086053f34698e5f45edaa5a36ae29b8f05250f490525da0e61709402b932d""]",0.9774436090225563,1.0,0.9558823529411765,0,0,0,,0.0,0.0,False,True,necessity,0,inf,0,0
tabula_small_intestine,43,all,intestinal tuft cell,batch_heldout,outputs\tabula_small_intestine\batch_heldout_seed43_intestinal_tuft_cell_rareall,full_method,component,success,,2.6232210164889778,0.01,2d3d2e6d369f4cb5,315,e35086053f34698e5f45edaa5a36ae29b8f05250f490525da0e61709402b932d,"[""tabula_small_intestine"",""intestinal tuft cell"",""2d3d2e6d369f4cb5"",315,""e35086053f34698e5f45edaa5a36ae29b8f05250f490525da0e61709402b932d""]",0.9774436090225563,1.0,0.9558823529411765,0,0,0,,0.0,0.0,False,True,val baseline 零漏判稀有,0,inf,0,0
tabula_small_intestine,43,all,intestinal tuft cell,batch_heldout,outputs\tabula_small_intestine\batch_heldout_seed43_intestinal_tuft_cell_rareall,rank_1,rank,success,,2.6232210164889778,0.01,2d3d2e6d369f4cb5,315,e35086053f34698e5f45edaa5a36ae29b8f05250f490525da0e61709402b932d,"[""tabula_small_intestine"",""intestinal tuft cell"",""2d3d2e6d369f4cb5"",315,""e35086053f34698e5f45edaa5a36ae29b8f05250f490525da0e61709402b932d""]",0.9774436090225563,1.0,0.9558823529411765,0,0,0,,0.0,0.0,False,True,necessity,0,inf,0,0
tabula_small_intestine,43,all,intestinal tuft cell,batch_heldout,outputs\tabula_small_intestine\batch_heldout_seed43_intestinal_tuft_cell_rareall,rank_2,rank,success,,2.6232210164889778,0.01,2d3d2e6d369f4cb5,315,e35086053f34698e5f45edaa5a36ae29b8f05250f490525da0e61709402b932d,"[""tabula_small_intestine"",""intestinal tuft cell"",""2d3d2e6d369f4cb5"",315,""e35086053f34698e5f45edaa5a36ae29b8f05250f490525da0e61709402b932d""]",0.9774436090225563,1.0,0.9558823529411765,0,0,0,,0.0,0.0,False,True,necessity,0,inf,0,0
tabula_small_intestine,43,all,intestinal tuft cell,batch_heldout,outputs\tabula_small_intestine\batch_heldout_seed43_intestinal_tuft_cell_rareall,rank_3,rank,success,,2.6232210164889778,0.01,2d3d2e6d369f4cb5,315,e35086053f34698e5f45edaa5a36ae29b8f05250f490525da0e61709402b932d,"[""tabula_small_intestine"",""intestinal tuft cell"",""2d3d2e6d369f4cb5"",315,""e35086053f34698e5f45edaa5a36ae29b8f05250f490525da0e61709402b932d""]",0.9774436090225563,1.0,0.9558823529411765,0,0,0,,0.0,0.0,False,True,necessity,0,inf,0,0
tabula_small_intestine,43,all,intestinal tuft cell,batch_heldout,outputs\tabula_small_intestine\batch_heldout_seed43_intestinal_tuft_cell_rareall,adaptive_rank,rank,success,,2.6232210164889778,0.01,2d3d2e6d369f4cb5,315,e35086053f34698e5f45edaa5a36ae29b8f05250f490525da0e61709402b932d,"[""tabula_small_intestine"",""intestinal tuft cell"",""2d3d2e6d369f4cb5"",315,""e35086053f34698e5f45edaa5a36ae29b8f05250f490525da0e61709402b932d""]",0.9774436090225563,1.0,0.9558823529411765,0,0,0,,0.0,0.0,False,True,val baseline 零漏判稀有,0,inf,0,0
tabula_small_intestine,44,0.01,intestinal tuft cell,batch_heldout,outputs\tabula_small_intestine\batch_heldout_seed44_intestinal_tuft_cell_rare1pct,baseline,component,success,,2.5892390794116107,0.01,2d3d2e6d369f4cb5,5,680879a442026807e9fc1c5298f2c31408480f6731d283a5c54607ab3493d138,"[""tabula_small_intestine"",""intestinal tuft cell"",""2d3d2e6d369f4cb5"",5,""680879a442026807e9fc1c5298f2c31408480f6731d283a5c54607ab3493d138""]",0.9774436090225563,1.0,0.9558823529411765,0,0,0,,0.0,0.0,False,False,baseline_no_rescue,0,,1,0
tabula_small_intestine,44,0.01,intestinal tuft cell,batch_heldout,outputs\tabula_small_intestine\batch_heldout_seed44_intestinal_tuft_cell_rare1pct,minus_separability_gate,component,success,,2.5892390794116107,0.01,2d3d2e6d369f4cb5,5,680879a442026807e9fc1c5298f2c31408480f6731d283a5c54607ab3493d138,"[""tabula_small_intestine"",""intestinal tuft cell"",""2d3d2e6d369f4cb5"",5,""680879a442026807e9fc1c5298f2c31408480f6731d283a5c54607ab3493d138""]",0.9774436090225563,1.0,0.9558823529411765,0,0,0,,0.0,0.0,False,True,necessity,0,inf,1,0
tabula_small_intestine,44,0.01,intestinal tuft cell,batch_heldout,outputs\tabula_small_intestine\batch_heldout_seed44_intestinal_tuft_cell_rare1pct,minus_necessity_gate,component,success,,2.5892390794116107,0.01,2d3d2e6d369f4cb5,5,680879a442026807e9fc1c5298f2c31408480f6731d283a5c54607ab3493d138,"[""tabula_small_intestine"",""intestinal tuft cell"",""2d3d2e6d369f4cb5"",5,""680879a442026807e9fc1c5298f2c31408480f6731d283a5c54607ab3493d138""]",0.9774436090225563,1.0,0.9558823529411765,0,0,0,,0.0,0.0,False,False,rescue_applied,1,0.02115056152187981,1,0
tabula_small_intestine,44,0.01,intestinal tuft cell,batch_heldout,outputs\tabula_small_intestine\batch_heldout_seed44_intestinal_tuft_cell_rare1pct,fixed_rank_1,component,success,,2.5892390794116107,0.01,2d3d2e6d369f4cb5,5,680879a442026807e9fc1c5298f2c31408480f6731d283a5c54607ab3493d138,"[""tabula_small_intestine"",""intestinal tuft cell"",""2d3d2e6d369f4cb5"",5,""680879a442026807e9fc1c5298f2c31408480f6731d283a5c54607ab3493d138""]",0.9774436090225563,1.0,0.9558823529411765,0,0,0,,0.0,0.0,False,True,necessity,0,inf,1,0
tabula_small_intestine,44,0.01,intestinal tuft cell,batch_heldout,outputs\tabula_small_intestine\batch_heldout_seed44_intestinal_tuft_cell_rare1pct,minus_conformal_tau,component,success,,2.5892390794116107,0.01,2d3d2e6d369f4cb5,5,680879a442026807e9fc1c5298f2c31408480f6731d283a5c54607ab3493d138,"[""tabula_small_intestine"",""intestinal tuft cell"",""2d3d2e6d369f4cb5"",5,""680879a442026807e9fc1c5298f2c31408480f6731d283a5c54607ab3493d138""]",0.9774436090225563,1.0,0.9558823529411765,0,0,0,,0.0,0.0,False,True,necessity,0,inf,1,0
tabula_small_intestine,44,0.01,intestinal tuft cell,batch_heldout,outputs\tabula_small_intestine\batch_heldout_seed44_intestinal_tuft_cell_rare1pct,full_method,component,success,,2.5892390794116107,0.01,2d3d2e6d369f4cb5,5,680879a442026807e9fc1c5298f2c31408480f6731d283a5c54607ab3493d138,"[""tabula_small_intestine"",""intestinal tuft cell"",""2d3d2e6d369f4cb5"",5,""680879a442026807e9fc1c5298f2c31408480f6731d283a5c54607ab3493d138""]",0.9774436090225563,1.0,0.9558823529411765,0,0,0,,0.0,0.0,False,True,val_missed=1 < MIN_VAL_MISSED=3,0,inf,1,0
tabula_small_intestine,44,0.01,intestinal tuft cell,batch_heldout,outputs\tabula_small_intestine\batch_heldout_seed44_intestinal_tuft_cell_rare1pct,rank_1,rank,success,,2.5892390794116107,0.01,2d3d2e6d369f4cb5,5,680879a442026807e9fc1c5298f2c31408480f6731d283a5c54607ab3493d138,"[""tabula_small_intestine"",""intestinal tuft cell"",""2d3d2e6d369f4cb5"",5,""680879a442026807e9fc1c5298f2c31408480f6731d283a5c54607ab3493d138""]",0.9774436090225563,1.0,0.9558823529411765,0,0,0,,0.0,0.0,False,True,necessity,0,inf,1,0
tabula_small_intestine,44,0.01,intestinal tuft cell,batch_heldout,outputs\tabula_small_intestine\batch_heldout_seed44_intestinal_tuft_cell_rare1pct,rank_2,rank,success,,2.5892390794116107,0.01,2d3d2e6d369f4cb5,5,680879a442026807e9fc1c5298f2c31408480f6731d283a5c54607ab3493d138,"[""tabula_small_intestine"",""intestinal tuft cell"",""2d3d2e6d369f4cb5"",5,""680879a442026807e9fc1c5298f2c31408480f6731d283a5c54607ab3493d138""]",0.9774436090225563,1.0,0.9558823529411765,0,0,0,,0.0,0.0,False,True,necessity,0,inf,1,0
tabula_small_intestine,44,0.01,intestinal tuft cell,batch_heldout,outputs\tabula_small_intestine\batch_heldout_seed44_intestinal_tuft_cell_rare1pct,rank_3,rank,success,,2.5892390794116107,0.01,2d3d2e6d369f4cb5,5,680879a442026807e9fc1c5298f2c31408480f6731d283a5c54607ab3493d138,"[""tabula_small_intestine"",""intestinal tuft cell"",""2d3d2e6d369f4cb5"",5,""680879a442026807e9fc1c5298f2c31408480f6731d283a5c54607ab3493d138""]",0.9774436090225563,1.0,0.9558823529411765,0,0,0,,0.0,0.0,False,True,necessity,0,inf,1,0
tabula_small_intestine,44,0.01,intestinal tuft cell,batch_heldout,outputs\tabula_small_intestine\batch_heldout_seed44_intestinal_tuft_cell_rare1pct,adaptive_rank,rank,success,,2.5892390794116107,0.01,2d3d2e6d369f4cb5,5,680879a442026807e9fc1c5298f2c31408480f6731d283a5c54607ab3493d138,"[""tabula_small_intestine"",""intestinal tuft cell"",""2d3d2e6d369f4cb5"",5,""680879a442026807e9fc1c5298f2c31408480f6731d283a5c54607ab3493d138""]",0.9774436090225563,1.0,0.9558823529411765,0,0,0,,0.0,0.0,False,True,val_missed=1 < MIN_VAL_MISSED=3,0,inf,1,0
tabula_small_intestine,44,0.05,intestinal tuft cell,batch_heldout,outputs\tabula_small_intestine\batch_heldout_seed44_intestinal_tuft_cell_rare5pct,baseline,component,success,,2.1813213226581936,0.01,2d3d2e6d369f4cb5,15,6ccc61baacd53d698fc905cde17c7fb877cc07fa5f5c3ae223a732b4a16a64bf,"[""tabula_small_intestine"",""intestinal tuft cell"",""2d3d2e6d369f4cb5"",15,""6ccc61baacd53d698fc905cde17c7fb877cc07fa5f5c3ae223a732b4a16a64bf""]",0.9848484848484849,1.0,0.9701492537313433,0,0,0,,0.0,0.0,False,False,baseline_no_rescue,0,,0,0
tabula_small_intestine,44,0.05,intestinal tuft cell,batch_heldout,outputs\tabula_small_intestine\batch_heldout_seed44_intestinal_tuft_cell_rare5pct,minus_separability_gate,component,success,,2.1813213226581936,0.01,2d3d2e6d369f4cb5,15,6ccc61baacd53d698fc905cde17c7fb877cc07fa5f5c3ae223a732b4a16a64bf,"[""tabula_small_intestine"",""intestinal tuft cell"",""2d3d2e6d369f4cb5"",15,""6ccc61baacd53d698fc905cde17c7fb877cc07fa5f5c3ae223a732b4a16a64bf""]",0.9848484848484849,1.0,0.9701492537313433,0,0,0,,0.0,0.0,False,True,necessity,0,inf,0,0
tabula_small_intestine,44,0.05,intestinal tuft cell,batch_heldout,outputs\tabula_small_intestine\batch_heldout_seed44_intestinal_tuft_cell_rare5pct,minus_necessity_gate,component,success,,2.1813213226581936,0.01,2d3d2e6d369f4cb5,15,6ccc61baacd53d698fc905cde17c7fb877cc07fa5f5c3ae223a732b4a16a64bf,"[""tabula_small_intestine"",""intestinal tuft cell"",""2d3d2e6d369f4cb5"",15,""6ccc61baacd53d698fc905cde17c7fb877cc07fa5f5c3ae223a732b4a16a64bf""]",0.9774436090225563,1.0,0.9558823529411765,0,1,1,0.0,0.00015903307888040714,0.00015903307888040714,False,False,rescue_applied,1,0.031947732305606456,0,1
tabula_small_intestine,44,0.05,intestinal tuft cell,batch_heldout,outputs\tabula_small_intestine\batch_heldout_seed44_intestinal_tuft_cell_rare5pct,fixed_rank_1,component,success,,2.1813213226581936,0.01,2d3d2e6d369f4cb5,15,6ccc61baacd53d698fc905cde17c7fb877cc07fa5f5c3ae223a732b4a16a64bf,"[""tabula_small_intestine"",""intestinal tuft cell"",""2d3d2e6d369f4cb5"",15,""6ccc61baacd53d698fc905cde17c7fb877cc07fa5f5c3ae223a732b4a16a64bf""]",0.9848484848484849,1.0,0.9701492537313433,0,0,0,,0.0,0.0,False,True,necessity,0,inf,0,0
tabula_small_intestine,44,0.05,intestinal tuft cell,batch_heldout,outputs\tabula_small_intestine\batch_heldout_seed44_intestinal_tuft_cell_rare5pct,minus_conformal_tau,component,success,,2.1813213226581936,0.01,2d3d2e6d369f4cb5,15,6ccc61baacd53d698fc905cde17c7fb877cc07fa5f5c3ae223a732b4a16a64bf,"[""tabula_small_intestine"",""intestinal tuft cell"",""2d3d2e6d369f4cb5"",15,""6ccc61baacd53d698fc905cde17c7fb877cc07fa5f5c3ae223a732b4a16a64bf""]",0.9848484848484849,1.0,0.9701492537313433,0,0,0,,0.0,0.0,False,True,necessity,0,inf,0,0
tabula_small_intestine,44,0.05,intestinal tuft cell,batch_heldout,outputs\tabula_small_intestine\batch_heldout_seed44_intestinal_tuft_cell_rare5pct,full_method,component,success,,2.1813213226581936,0.01,2d3d2e6d369f4cb5,15,6ccc61baacd53d698fc905cde17c7fb877cc07fa5f5c3ae223a732b4a16a64bf,"[""tabula_small_intestine"",""intestinal tuft cell"",""2d3d2e6d369f4cb5"",15,""6ccc61baacd53d698fc905cde17c7fb877cc07fa5f5c3ae223a732b4a16a64bf""]",0.9848484848484849,1.0,0.9701492537313433,0,0,0,,0.0,0.0,False,True,val baseline 零漏判稀有,0,inf,0,0
tabula_small_intestine,44,0.05,intestinal tuft cell,batch_heldout,outputs\tabula_small_intestine\batch_heldout_seed44_intestinal_tuft_cell_rare5pct,rank_1,rank,success,,2.1813213226581936,0.01,2d3d2e6d369f4cb5,15,6ccc61baacd53d698fc905cde17c7fb877cc07fa5f5c3ae223a732b4a16a64bf,"[""tabula_small_intestine"",""intestinal tuft cell"",""2d3d2e6d369f4cb5"",15,""6ccc61baacd53d698fc905cde17c7fb877cc07fa5f5c3ae223a732b4a16a64bf""]",0.9848484848484849,1.0,0.9701492537313433,0,0,0,,0.0,0.0,False,True,necessity,0,inf,0,0
tabula_small_intestine,44,0.05,intestinal tuft cell,batch_heldout,outputs\tabula_small_intestine\batch_heldout_seed44_intestinal_tuft_cell_rare5pct,rank_2,rank,success,,2.1813213226581936,0.01,2d3d2e6d369f4cb5,15,6ccc61baacd53d698fc905cde17c7fb877cc07fa5f5c3ae223a732b4a16a64bf,"[""tabula_small_intestine"",""intestinal tuft cell"",""2d3d2e6d369f4cb5"",15,""6ccc61baacd53d698fc905cde17c7fb877cc07fa5f5c3ae223a732b4a16a64bf""]",0.9848484848484849,1.0,0.9701492537313433,0,0,0,,0.0,0.0,False,True,necessity,0,inf,0,0
tabula_small_intestine,44,0.05,intestinal tuft cell,batch_heldout,outputs\tabula_small_intestine\batch_heldout_seed44_intestinal_tuft_cell_rare5pct,rank_3,rank,success,,2.1813213226581936,0.01,2d3d2e6d369f4cb5,15,6ccc61baacd53d698fc905cde17c7fb877cc07fa5f5c3ae223a732b4a16a64bf,"[""tabula_small_intestine"",""intestinal tuft cell"",""2d3d2e6d369f4cb5"",15,""6ccc61baacd53d698fc905cde17c7fb877cc07fa5f5c3ae223a732b4a16a64bf""]",0.9848484848484849,1.0,0.9701492537313433,0,0,0,,0.0,0.0,False,True,necessity,0,inf,0,0
tabula_small_intestine,44,0.05,intestinal tuft cell,batch_heldout,outputs\tabula_small_intestine\batch_heldout_seed44_intestinal_tuft_cell_rare5pct,adaptive_rank,rank,success,,2.1813213226581936,0.01,2d3d2e6d369f4cb5,15,6ccc61baacd53d698fc905cde17c7fb877cc07fa5f5c3ae223a732b4a16a64bf,"[""tabula_small_intestine"",""intestinal tuft cell"",""2d3d2e6d369f4cb5"",15,""6ccc61baacd53d698fc905cde17c7fb877cc07fa5f5c3ae223a732b4a16a64bf""]",0.9848484848484849,1.0,0.9701492537313433,0,0,0,,0.0,0.0,False,True,val baseline 零漏判稀有,0,inf,0,0
tabula_small_intestine,44,0.10,intestinal tuft cell,batch_heldout,outputs\tabula_small_intestine\batch_heldout_seed44_intestinal_tuft_cell_rare10pct,baseline,component,success,,2.6334700238982136,0.01,2d3d2e6d369f4cb5,31,5e0d7c91f4b05efc50d7a52930252df3bd60bff6559299488a451776a90c2c92,"[""tabula_small_intestine"",""intestinal tuft cell"",""2d3d2e6d369f4cb5"",31,""5e0d7c91f4b05efc50d7a52930252df3bd60bff6559299488a451776a90c2c92""]",0.9848484848484849,1.0,0.9701492537313433,0,0,0,,0.0,0.0,False,False,baseline_no_rescue,0,,0,0
tabula_small_intestine,44,0.10,intestinal tuft cell,batch_heldout,outputs\tabula_small_intestine\batch_heldout_seed44_intestinal_tuft_cell_rare10pct,minus_separability_gate,component,success,,2.6334700238982136,0.01,2d3d2e6d369f4cb5,31,5e0d7c91f4b05efc50d7a52930252df3bd60bff6559299488a451776a90c2c92,"[""tabula_small_intestine"",""intestinal tuft cell"",""2d3d2e6d369f4cb5"",31,""5e0d7c91f4b05efc50d7a52930252df3bd60bff6559299488a451776a90c2c92""]",0.9848484848484849,1.0,0.9701492537313433,0,0,0,,0.0,0.0,False,True,necessity,0,inf,0,0
tabula_small_intestine,44,0.10,intestinal tuft cell,batch_heldout,outputs\tabula_small_intestine\batch_heldout_seed44_intestinal_tuft_cell_rare10pct,minus_necessity_gate,component,success,,2.6334700238982136,0.01,2d3d2e6d369f4cb5,31,5e0d7c91f4b05efc50d7a52930252df3bd60bff6559299488a451776a90c2c92,"[""tabula_small_intestine"",""intestinal tuft cell"",""2d3d2e6d369f4cb5"",31,""5e0d7c91f4b05efc50d7a52930252df3bd60bff6559299488a451776a90c2c92""]",0.9848484848484849,1.0,0.9701492537313433,0,0,0,,0.0,0.0,False,False,rescue_applied,1,0.0217595497867488,0,0
tabula_small_intestine,44,0.10,intestinal tuft cell,batch_heldout,outputs\tabula_small_intestine\batch_heldout_seed44_intestinal_tuft_cell_rare10pct,fixed_rank_1,component,success,,2.6334700238982136,0.01,2d3d2e6d369f4cb5,31,5e0d7c91f4b05efc50d7a52930252df3bd60bff6559299488a451776a90c2c92,"[""tabula_small_intestine"",""intestinal tuft cell"",""2d3d2e6d369f4cb5"",31,""5e0d7c91f4b05efc50d7a52930252df3bd60bff6559299488a451776a90c2c92""]",0.9848484848484849,1.0,0.9701492537313433,0,0,0,,0.0,0.0,False,True,necessity,0,inf,0,0
tabula_small_intestine,44,0.10,intestinal tuft cell,batch_heldout,outputs\tabula_small_intestine\batch_heldout_seed44_intestinal_tuft_cell_rare10pct,minus_conformal_tau,component,success,,2.6334700238982136,0.01,2d3d2e6d369f4cb5,31,5e0d7c91f4b05efc50d7a52930252df3bd60bff6559299488a451776a90c2c92,"[""tabula_small_intestine"",""intestinal tuft cell"",""2d3d2e6d369f4cb5"",31,""5e0d7c91f4b05efc50d7a52930252df3bd60bff6559299488a451776a90c2c92""]",0.9848484848484849,1.0,0.9701492537313433,0,0,0,,0.0,0.0,False,True,necessity,0,inf,0,0
tabula_small_intestine,44,0.10,intestinal tuft cell,batch_heldout,outputs\tabula_small_intestine\batch_heldout_seed44_intestinal_tuft_cell_rare10pct,full_method,component,success,,2.6334700238982136,0.01,2d3d2e6d369f4cb5,31,5e0d7c91f4b05efc50d7a52930252df3bd60bff6559299488a451776a90c2c92,"[""tabula_small_intestine"",""intestinal tuft cell"",""2d3d2e6d369f4cb5"",31,""5e0d7c91f4b05efc50d7a52930252df3bd60bff6559299488a451776a90c2c92""]",0.9848484848484849,1.0,0.9701492537313433,0,0,0,,0.0,0.0,False,True,val baseline 零漏判稀有,0,inf,0,0
tabula_small_intestine,44,0.10,intestinal tuft cell,batch_heldout,outputs\tabula_small_intestine\batch_heldout_seed44_intestinal_tuft_cell_rare10pct,rank_1,rank,success,,2.6334700238982136,0.01,2d3d2e6d369f4cb5,31,5e0d7c91f4b05efc50d7a52930252df3bd60bff6559299488a451776a90c2c92,"[""tabula_small_intestine"",""intestinal tuft cell"",""2d3d2e6d369f4cb5"",31,""5e0d7c91f4b05efc50d7a52930252df3bd60bff6559299488a451776a90c2c92""]",0.9848484848484849,1.0,0.9701492537313433,0,0,0,,0.0,0.0,False,True,necessity,0,inf,0,0
tabula_small_intestine,44,0.10,intestinal tuft cell,batch_heldout,outputs\tabula_small_intestine\batch_heldout_seed44_intestinal_tuft_cell_rare10pct,rank_2,rank,success,,2.6334700238982136,0.01,2d3d2e6d369f4cb5,31,5e0d7c91f4b05efc50d7a52930252df3bd60bff6559299488a451776a90c2c92,"[""tabula_small_intestine"",""intestinal tuft cell"",""2d3d2e6d369f4cb5"",31,""5e0d7c91f4b05efc50d7a52930252df3bd60bff6559299488a451776a90c2c92""]",0.9848484848484849,1.0,0.9701492537313433,0,0,0,,0.0,0.0,False,True,necessity,0,inf,0,0
tabula_small_intestine,44,0.10,intestinal tuft cell,batch_heldout,outputs\tabula_small_intestine\batch_heldout_seed44_intestinal_tuft_cell_rare10pct,rank_3,rank,success,,2.6334700238982136,0.01,2d3d2e6d369f4cb5,31,5e0d7c91f4b05efc50d7a52930252df3bd60bff6559299488a451776a90c2c92,"[""tabula_small_intestine"",""intestinal tuft cell"",""2d3d2e6d369f4cb5"",31,""5e0d7c91f4b05efc50d7a52930252df3bd60bff6559299488a451776a90c2c92""]",0.9848484848484849,1.0,0.9701492537313433,0,0,0,,0.0,0.0,False,True,necessity,0,inf,0,0
tabula_small_intestine,44,0.10,intestinal tuft cell,batch_heldout,outputs\tabula_small_intestine\batch_heldout_seed44_intestinal_tuft_cell_rare10pct,adaptive_rank,rank,success,,2.6334700238982136,0.01,2d3d2e6d369f4cb5,31,5e0d7c91f4b05efc50d7a52930252df3bd60bff6559299488a451776a90c2c92,"[""tabula_small_intestine"",""intestinal tuft cell"",""2d3d2e6d369f4cb5"",31,""5e0d7c91f4b05efc50d7a52930252df3bd60bff6559299488a451776a90c2c92""]",0.9848484848484849,1.0,0.9701492537313433,0,0,0,,0.0,0.0,False,True,val baseline 零漏判稀有,0,inf,0,0
tabula_small_intestine,44,all,intestinal tuft cell,batch_heldout,outputs\tabula_small_intestine\batch_heldout_seed44_intestinal_tuft_cell_rareall,baseline,component,success,,2.3481522342712147,0.01,2d3d2e6d369f4cb5,315,e35086053f34698e5f45edaa5a36ae29b8f05250f490525da0e61709402b932d,"[""tabula_small_intestine"",""intestinal tuft cell"",""2d3d2e6d369f4cb5"",315,""e35086053f34698e5f45edaa5a36ae29b8f05250f490525da0e61709402b932d""]",0.9774436090225563,1.0,0.9558823529411765,0,0,0,,0.0,0.0,False,False,baseline_no_rescue,0,,0,0
tabula_small_intestine,44,all,intestinal tuft cell,batch_heldout,outputs\tabula_small_intestine\batch_heldout_seed44_intestinal_tuft_cell_rareall,minus_separability_gate,component,success,,2.3481522342712147,0.01,2d3d2e6d369f4cb5,315,e35086053f34698e5f45edaa5a36ae29b8f05250f490525da0e61709402b932d,"[""tabula_small_intestine"",""intestinal tuft cell"",""2d3d2e6d369f4cb5"",315,""e35086053f34698e5f45edaa5a36ae29b8f05250f490525da0e61709402b932d""]",0.9774436090225563,1.0,0.9558823529411765,0,0,0,,0.0,0.0,False,True,necessity,0,inf,0,0
tabula_small_intestine,44,all,intestinal tuft cell,batch_heldout,outputs\tabula_small_intestine\batch_heldout_seed44_intestinal_tuft_cell_rareall,minus_necessity_gate,component,success,,2.3481522342712147,0.01,2d3d2e6d369f4cb5,315,e35086053f34698e5f45edaa5a36ae29b8f05250f490525da0e61709402b932d,"[""tabula_small_intestine"",""intestinal tuft cell"",""2d3d2e6d369f4cb5"",315,""e35086053f34698e5f45edaa5a36ae29b8f05250f490525da0e61709402b932d""]",0.9774436090225563,1.0,0.9558823529411765,0,0,0,,0.0,0.0,False,False,rescue_applied,1,0.025624004196391385,0,0
tabula_small_intestine,44,all,intestinal tuft cell,batch_heldout,outputs\tabula_small_intestine\batch_heldout_seed44_intestinal_tuft_cell_rareall,fixed_rank_1,component,success,,2.3481522342712147,0.01,2d3d2e6d369f4cb5,315,e35086053f34698e5f45edaa5a36ae29b8f05250f490525da0e61709402b932d,"[""tabula_small_intestine"",""intestinal tuft cell"",""2d3d2e6d369f4cb5"",315,""e35086053f34698e5f45edaa5a36ae29b8f05250f490525da0e61709402b932d""]",0.9774436090225563,1.0,0.9558823529411765,0,0,0,,0.0,0.0,False,True,necessity,0,inf,0,0
tabula_small_intestine,44,all,intestinal tuft cell,batch_heldout,outputs\tabula_small_intestine\batch_heldout_seed44_intestinal_tuft_cell_rareall,minus_conformal_tau,component,success,,2.3481522342712147,0.01,2d3d2e6d369f4cb5,315,e35086053f34698e5f45edaa5a36ae29b8f05250f490525da0e61709402b932d,"[""tabula_small_intestine"",""intestinal tuft cell"",""2d3d2e6d369f4cb5"",315,""e35086053f34698e5f45edaa5a36ae29b8f05250f490525da0e61709402b932d""]",0.9774436090225563,1.0,0.9558823529411765,0,0,0,,0.0,0.0,False,True,necessity,0,inf,0,0
tabula_small_intestine,44,all,intestinal tuft cell,batch_heldout,outputs\tabula_small_intestine\batch_heldout_seed44_intestinal_tuft_cell_rareall,full_method,component,success,,2.3481522342712147,0.01,2d3d2e6d369f4cb5,315,e35086053f34698e5f45edaa5a36ae29b8f05250f490525da0e61709402b932d,"[""tabula_small_intestine"",""intestinal tuft cell"",""2d3d2e6d369f4cb5"",315,""e35086053f34698e5f45edaa5a36ae29b8f05250f490525da0e61709402b932d""]",0.9774436090225563,1.0,0.9558823529411765,0,0,0,,0.0,0.0,False,True,val baseline 零漏判稀有,0,inf,0,0
tabula_small_intestine,44,all,intestinal tuft cell,batch_heldout,outputs\tabula_small_intestine\batch_heldout_seed44_intestinal_tuft_cell_rareall,rank_1,rank,success,,2.3481522342712147,0.01,2d3d2e6d369f4cb5,315,e35086053f34698e5f45edaa5a36ae29b8f05250f490525da0e61709402b932d,"[""tabula_small_intestine"",""intestinal tuft cell"",""2d3d2e6d369f4cb5"",315,""e35086053f34698e5f45edaa5a36ae29b8f05250f490525da0e61709402b932d""]",0.9774436090225563,1.0,0.9558823529411765,0,0,0,,0.0,0.0,False,True,necessity,0,inf,0,0
tabula_small_intestine,44,all,intestinal tuft cell,batch_heldout,outputs\tabula_small_intestine\batch_heldout_seed44_intestinal_tuft_cell_rareall,rank_2,rank,success,,2.3481522342712147,0.01,2d3d2e6d369f4cb5,315,e35086053f34698e5f45edaa5a36ae29b8f05250f490525da0e61709402b932d,"[""tabula_small_intestine"",""intestinal tuft cell"",""2d3d2e6d369f4cb5"",315,""e35086053f34698e5f45edaa5a36ae29b8f05250f490525da0e61709402b932d""]",0.9774436090225563,1.0,0.9558823529411765,0,0,0,,0.0,0.0,False,True,necessity,0,inf,0,0
tabula_small_intestine,44,all,intestinal tuft cell,batch_heldout,outputs\tabula_small_intestine\batch_heldout_seed44_intestinal_tuft_cell_rareall,rank_3,rank,success,,2.3481522342712147,0.01,2d3d2e6d369f4cb5,315,e35086053f34698e5f45edaa5a36ae29b8f05250f490525da0e61709402b932d,"[""tabula_small_intestine"",""intestinal tuft cell"",""2d3d2e6d369f4cb5"",315,""e35086053f34698e5f45edaa5a36ae29b8f05250f490525da0e61709402b932d""]",0.9774436090225563,1.0,0.9558823529411765,0,0,0,,0.0,0.0,False,True,necessity,0,inf,0,0
tabula_small_intestine,44,all,intestinal tuft cell,batch_heldout,outputs\tabula_small_intestine\batch_heldout_seed44_intestinal_tuft_cell_rareall,adaptive_rank,rank,success,,2.3481522342712147,0.01,2d3d2e6d369f4cb5,315,e35086053f34698e5f45edaa5a36ae29b8f05250f490525da0e61709402b932d,"[""tabula_small_intestine"",""intestinal tuft cell"",""2d3d2e6d369f4cb5"",315,""e35086053f34698e5f45edaa5a36ae29b8f05250f490525da0e61709402b932d""]",0.9774436090225563,1.0,0.9558823529411765,0,0,0,,0.0,0.0,False,True,val baseline 零漏判稀有,0,inf,0,0
mouse_lung_tms_10x,42,0.01,vein endothelial cell,batch_heldout,outputs\mouse_lung_tms_10x\batch_heldout_seed42_vein_endothelial_cell_rare1pct,baseline,component,success,,2.388498718008568,0.01,c89516c458d2c8f2,5,b3af521e13912c84eeafd8441325bce2fac130b7de11316cc5ff19b9c0b61312,"[""mouse_lung_tms_10x"",""vein endothelial cell"",""c89516c458d2c8f2"",5,""b3af521e13912c84eeafd8441325bce2fac130b7de11316cc5ff19b9c0b61312""]",0.0,0.0,0.0,0,0,0,,0.0,0.0,False,False,baseline_no_rescue,0,,56,0
mouse_lung_tms_10x,42,0.01,vein endothelial cell,batch_heldout,outputs\mouse_lung_tms_10x\batch_heldout_seed42_vein_endothelial_cell_rare1pct,minus_separability_gate,component,success,,2.388498718008568,0.01,c89516c458d2c8f2,5,b3af521e13912c84eeafd8441325bce2fac130b7de11316cc5ff19b9c0b61312,"[""mouse_lung_tms_10x"",""vein endothelial cell"",""c89516c458d2c8f2"",5,""b3af521e13912c84eeafd8441325bce2fac130b7de11316cc5ff19b9c0b61312""]",0.2413793103448276,0.13725490196078433,1.0,7,0,7,1.0,0.0,0.0,False,False,rescue_applied,1,0.04914470349079188,56,8
mouse_lung_tms_10x,42,0.01,vein endothelial cell,batch_heldout,outputs\mouse_lung_tms_10x\batch_heldout_seed42_vein_endothelial_cell_rare1pct,minus_necessity_gate,component,success,,2.388498718008568,0.01,c89516c458d2c8f2,5,b3af521e13912c84eeafd8441325bce2fac130b7de11316cc5ff19b9c0b61312,"[""mouse_lung_tms_10x"",""vein endothelial cell"",""c89516c458d2c8f2"",5,""b3af521e13912c84eeafd8441325bce2fac130b7de11316cc5ff19b9c0b61312""]",0.2413793103448276,0.13725490196078433,1.0,7,0,7,1.0,0.0,0.0,False,False,rescue_applied,1,0.04914470349079188,56,8
mouse_lung_tms_10x,42,0.01,vein endothelial cell,batch_heldout,outputs\mouse_lung_tms_10x\batch_heldout_seed42_vein_endothelial_cell_rare1pct,fixed_rank_1,component,success,,2.388498718008568,0.01,c89516c458d2c8f2,5,b3af521e13912c84eeafd8441325bce2fac130b7de11316cc5ff19b9c0b61312,"[""mouse_lung_tms_10x"",""vein endothelial cell"",""c89516c458d2c8f2"",5,""b3af521e13912c84eeafd8441325bce2fac130b7de11316cc5ff19b9c0b61312""]",0.2413793103448276,0.13725490196078433,1.0,7,0,7,1.0,0.0,0.0,False,False,rescue_applied,1,0.04914470349079188,56,8
mouse_lung_tms_10x,42,0.01,vein endothelial cell,batch_heldout,outputs\mouse_lung_tms_10x\batch_heldout_seed42_vein_endothelial_cell_rare1pct,minus_conformal_tau,component,success,,2.388498718008568,0.01,c89516c458d2c8f2,5,b3af521e13912c84eeafd8441325bce2fac130b7de11316cc5ff19b9c0b61312,"[""mouse_lung_tms_10x"",""vein endothelial cell"",""c89516c458d2c8f2"",5,""b3af521e13912c84eeafd8441325bce2fac130b7de11316cc5ff19b9c0b61312""]",0.2711864406779661,0.1568627450980392,1.0,8,0,8,1.0,0.0,0.0,False,False,rescue_applied,1,-inf,56,8
mouse_lung_tms_10x,42,0.01,vein endothelial cell,batch_heldout,outputs\mouse_lung_tms_10x\batch_heldout_seed42_vein_endothelial_cell_rare1pct,full_method,component,success,,2.388498718008568,0.01,c89516c458d2c8f2,5,b3af521e13912c84eeafd8441325bce2fac130b7de11316cc5ff19b9c0b61312,"[""mouse_lung_tms_10x"",""vein endothelial cell"",""c89516c458d2c8f2"",5,""b3af521e13912c84eeafd8441325bce2fac130b7de11316cc5ff19b9c0b61312""]",0.2413793103448276,0.13725490196078433,1.0,7,0,7,1.0,0.0,0.0,False,False,rescue_applied,1,0.04914470349079188,56,8
mouse_lung_tms_10x,42,0.01,vein endothelial cell,batch_heldout,outputs\mouse_lung_tms_10x\batch_heldout_seed42_vein_endothelial_cell_rare1pct,rank_1,rank,success,,2.388498718008568,0.01,c89516c458d2c8f2,5,b3af521e13912c84eeafd8441325bce2fac130b7de11316cc5ff19b9c0b61312,"[""mouse_lung_tms_10x"",""vein endothelial cell"",""c89516c458d2c8f2"",5,""b3af521e13912c84eeafd8441325bce2fac130b7de11316cc5ff19b9c0b61312""]",0.2413793103448276,0.13725490196078433,1.0,7,0,7,1.0,0.0,0.0,False,False,rescue_applied,1,0.04914470349079188,56,8
mouse_lung_tms_10x,42,0.01,vein endothelial cell,batch_heldout,outputs\mouse_lung_tms_10x\batch_heldout_seed42_vein_endothelial_cell_rare1pct,rank_2,rank,success,,2.388498718008568,0.01,c89516c458d2c8f2,5,b3af521e13912c84eeafd8441325bce2fac130b7de11316cc5ff19b9c0b61312,"[""mouse_lung_tms_10x"",""vein endothelial cell"",""c89516c458d2c8f2"",5,""b3af521e13912c84eeafd8441325bce2fac130b7de11316cc5ff19b9c0b61312""]",0.35051546391752575,0.3333333333333333,0.3695652173913043,17,29,46,0.3695652173913043,0.022036474164133738,0.022036474164133738,True,False,rescue_applied,2,0.04914470349079188,56,229
mouse_lung_tms_10x,42,0.01,vein endothelial cell,batch_heldout,outputs\mouse_lung_tms_10x\batch_heldout_seed42_vein_endothelial_cell_rare1pct,rank_3,rank,success,,2.388498718008568,0.01,c89516c458d2c8f2,5,b3af521e13912c84eeafd8441325bce2fac130b7de11316cc5ff19b9c0b61312,"[""mouse_lung_tms_10x"",""vein endothelial cell"",""c89516c458d2c8f2"",5,""b3af521e13912c84eeafd8441325bce2fac130b7de11316cc5ff19b9c0b61312""]",0.3838383838383838,0.37254901960784315,0.3958333333333333,19,29,48,0.3958333333333333,0.022036474164133738,0.022036474164133738,True,False,rescue_applied,3,0.04914470349079188,56,354
mouse_lung_tms_10x,42,0.01,vein endothelial cell,batch_heldout,outputs\mouse_lung_tms_10x\batch_heldout_seed42_vein_endothelial_cell_rare1pct,adaptive_rank,rank,success,,2.388498718008568,0.01,c89516c458d2c8f2,5,b3af521e13912c84eeafd8441325bce2fac130b7de11316cc5ff19b9c0b61312,"[""mouse_lung_tms_10x"",""vein endothelial cell"",""c89516c458d2c8f2"",5,""b3af521e13912c84eeafd8441325bce2fac130b7de11316cc5ff19b9c0b61312""]",0.2413793103448276,0.13725490196078433,1.0,7,0,7,1.0,0.0,0.0,False,False,rescue_applied,1,0.04914470349079188,56,8
mouse_lung_tms_10x,42,0.05,vein endothelial cell,batch_heldout,outputs\mouse_lung_tms_10x\batch_heldout_seed42_vein_endothelial_cell_rare5pct,baseline,component,success,,1.1875598337377935,0.01,c89516c458d2c8f2,10,5fc7f66fe892c904aac29544dfe4fb7055171c53195ffbf3c1fcf8b191fd8eaf,"[""mouse_lung_tms_10x"",""vein endothelial cell"",""c89516c458d2c8f2"",10,""5fc7f66fe892c904aac29544dfe4fb7055171c53195ffbf3c1fcf8b191fd8eaf""]",0.0,0.0,0.0,0,0,0,,0.0,0.0,False,False,baseline_no_rescue,0,,55,0
mouse_lung_tms_10x,42,0.05,vein endothelial cell,batch_heldout,outputs\mouse_lung_tms_10x\batch_heldout_seed42_vein_endothelial_cell_rare5pct,minus_separability_gate,component,success,,1.1875598337377935,0.01,c89516c458d2c8f2,10,5fc7f66fe892c904aac29544dfe4fb7055171c53195ffbf3c1fcf8b191fd8eaf,"[""mouse_lung_tms_10x"",""vein endothelial cell"",""c89516c458d2c8f2"",10,""5fc7f66fe892c904aac29544dfe4fb7055171c53195ffbf3c1fcf8b191fd8eaf""]",0.547945205479452,0.39215686274509803,0.9090909090909091,20,2,22,0.9090909090909091,0.001519756838905775,0.001519756838905775,False,False,rescue_applied,1,0.08012881673618331,55,23
mouse_lung_tms_10x,42,0.05,vein endothelial cell,batch_heldout,outputs\mouse_lung_tms_10x\batch_heldout_seed42_vein_endothelial_cell_rare5pct,minus_necessity_gate,component,success,,1.1875598337377935,0.01,c89516c458d2c8f2,10,5fc7f66fe892c904aac29544dfe4fb7055171c53195ffbf3c1fcf8b191fd8eaf,"[""mouse_lung_tms_10x"",""vein endothelial cell"",""c89516c458d2c8f2"",10,""5fc7f66fe892c904aac29544dfe4fb7055171c53195ffbf3c1fcf8b191fd8eaf""]",0.0,0.0,0.0,0,0,0,,0.0,0.0,False,True,sep<1.3,0,inf,0,0
mouse_lung_tms_10x,42,0.05,vein endothelial cell,batch_heldout,outputs\mouse_lung_tms_10x\batch_heldout_seed42_vein_endothelial_cell_rare5pct,fixed_rank_1,component,success,,1.1875598337377935,0.01,c89516c458d2c8f2,10,5fc7f66fe892c904aac29544dfe4fb7055171c53195ffbf3c1fcf8b191fd8eaf,"[""mouse_lung_tms_10x"",""vein endothelial cell"",""c89516c458d2c8f2"",10,""5fc7f66fe892c904aac29544dfe4fb7055171c53195ffbf3c1fcf8b191fd8eaf""]",0.0,0.0,0.0,0,0,0,,0.0,0.0,False,True,sep<1.3,0,inf,0,0
mouse_lung_tms_10x,42,0.05,vein endothelial cell,batch_heldout,outputs\mouse_lung_tms_10x\batch_heldout_seed42_vein_endothelial_cell_rare5pct,minus_conformal_tau,component,success,,1.1875598337377935,0.01,c89516c458d2c8f2,10,5fc7f66fe892c904aac29544dfe4fb7055171c53195ffbf3c1fcf8b191fd8eaf,"[""mouse_lung_tms_10x"",""vein endothelial cell"",""c89516c458d2c8f2"",10,""5fc7f66fe892c904aac29544dfe4fb7055171c53195ffbf3c1fcf8b191fd8eaf""]",0.0,0.0,0.0,0,0,0,,0.0,0.0,False,True,sep<1.3,0,inf,0,0
mouse_lung_tms_10x,42,0.05,vein endothelial cell,batch_heldout,outputs\mouse_lung_tms_10x\batch_heldout_seed42_vein_endothelial_cell_rare5pct,full_method,component,success,,1.1875598337377935,0.01,c89516c458d2c8f2,10,5fc7f66fe892c904aac29544dfe4fb7055171c53195ffbf3c1fcf8b191fd8eaf,"[""mouse_lung_tms_10x"",""vein endothelial cell"",""c89516c458d2c8f2"",10,""5fc7f66fe892c904aac29544dfe4fb7055171c53195ffbf3c1fcf8b191fd8eaf""]",0.0,0.0,0.0,0,0,0,,0.0,0.0,False,True,sep<1.3,0,inf,0,0
mouse_lung_tms_10x,42,0.05,vein endothelial cell,batch_heldout,outputs\mouse_lung_tms_10x\batch_heldout_seed42_vein_endothelial_cell_rare5pct,rank_1,rank,success,,1.1875598337377935,0.01,c89516c458d2c8f2,10,5fc7f66fe892c904aac29544dfe4fb7055171c53195ffbf3c1fcf8b191fd8eaf,"[""mouse_lung_tms_10x"",""vein endothelial cell"",""c89516c458d2c8f2"",10,""5fc7f66fe892c904aac29544dfe4fb7055171c53195ffbf3c1fcf8b191fd8eaf""]",0.0,0.0,0.0,0,0,0,,0.0,0.0,False,True,sep<1.3,0,inf,0,0
mouse_lung_tms_10x,42,0.05,vein endothelial cell,batch_heldout,outputs\mouse_lung_tms_10x\batch_heldout_seed42_vein_endothelial_cell_rare5pct,rank_2,rank,success,,1.1875598337377935,0.01,c89516c458d2c8f2,10,5fc7f66fe892c904aac29544dfe4fb7055171c53195ffbf3c1fcf8b191fd8eaf,"[""mouse_lung_tms_10x"",""vein endothelial cell"",""c89516c458d2c8f2"",10,""5fc7f66fe892c904aac29544dfe4fb7055171c53195ffbf3c1fcf8b191fd8eaf""]",0.0,0.0,0.0,0,0,0,,0.0,0.0,False,True,sep<1.3,0,inf,0,0
mouse_lung_tms_10x,42,0.05,vein endothelial cell,batch_heldout,outputs\mouse_lung_tms_10x\batch_heldout_seed42_vein_endothelial_cell_rare5pct,rank_3,rank,success,,1.1875598337377935,0.01,c89516c458d2c8f2,10,5fc7f66fe892c904aac29544dfe4fb7055171c53195ffbf3c1fcf8b191fd8eaf,"[""mouse_lung_tms_10x"",""vein endothelial cell"",""c89516c458d2c8f2"",10,""5fc7f66fe892c904aac29544dfe4fb7055171c53195ffbf3c1fcf8b191fd8eaf""]",0.0,0.0,0.0,0,0,0,,0.0,0.0,False,True,sep<1.3,0,inf,0,0
mouse_lung_tms_10x,42,0.05,vein endothelial cell,batch_heldout,outputs\mouse_lung_tms_10x\batch_heldout_seed42_vein_endothelial_cell_rare5pct,adaptive_rank,rank,success,,1.1875598337377935,0.01,c89516c458d2c8f2,10,5fc7f66fe892c904aac29544dfe4fb7055171c53195ffbf3c1fcf8b191fd8eaf,"[""mouse_lung_tms_10x"",""vein endothelial cell"",""c89516c458d2c8f2"",10,""5fc7f66fe892c904aac29544dfe4fb7055171c53195ffbf3c1fcf8b191fd8eaf""]",0.0,0.0,0.0,0,0,0,,0.0,0.0,False,True,sep<1.3,0,inf,0,0
mouse_lung_tms_10x,42,0.10,vein endothelial cell,batch_heldout,outputs\mouse_lung_tms_10x\batch_heldout_seed42_vein_endothelial_cell_rare10pct,baseline,component,success,,1.3128199203034743,0.01,c89516c458d2c8f2,21,c7bb134b104f6e9562d93c5df926dbc69d9fcbf75e7db3fafc9af79d9d7ff1af,"[""mouse_lung_tms_10x"",""vein endothelial cell"",""c89516c458d2c8f2"",21,""c7bb134b104f6e9562d93c5df926dbc69d9fcbf75e7db3fafc9af79d9d7ff1af""]",0.42424242424242425,0.27450980392156865,0.9333333333333333,0,0,0,,0.0,0.0,False,False,baseline_no_rescue,0,,37,0
mouse_lung_tms_10x,42,0.10,vein endothelial cell,batch_heldout,outputs\mouse_lung_tms_10x\batch_heldout_seed42_vein_endothelial_cell_rare10pct,minus_separability_gate,component,success,,1.3128199203034743,0.01,c89516c458d2c8f2,21,c7bb134b104f6e9562d93c5df926dbc69d9fcbf75e7db3fafc9af79d9d7ff1af,"[""mouse_lung_tms_10x"",""vein endothelial cell"",""c89516c458d2c8f2"",21,""c7bb134b104f6e9562d93c5df926dbc69d9fcbf75e7db3fafc9af79d9d7ff1af""]",0.7073170731707317,0.5686274509803921,0.9354838709677419,15,1,16,0.9375,0.0007598784194528875,0.0007598784194528875,False,False,rescue_applied,1,0.1013780916646144,37,19
mouse_lung_tms_10x,42,0.10,vein endothelial cell,batch_heldout,outputs\mouse_lung_tms_10x\batch_heldout_seed42_vein_endothelial_cell_rare10pct,minus_necessity_gate,component,success,,1.3128199203034743,0.01,c89516c458d2c8f2,21,c7bb134b104f6e9562d93c5df926dbc69d9fcbf75e7db3fafc9af79d9d7ff1af,"[""mouse_lung_tms_10x"",""vein endothelial cell"",""c89516c458d2c8f2"",21,""c7bb134b104f6e9562d93c5df926dbc69d9fcbf75e7db3fafc9af79d9d7ff1af""]",0.7073170731707317,0.5686274509803921,0.9354838709677419,15,1,16,0.9375,0.0007598784194528875,0.0007598784194528875,False,False,rescue_applied,1,0.1013780916646144,37,19
mouse_lung_tms_10x,42,0.10,vein endothelial cell,batch_heldout,outputs\mouse_lung_tms_10x\batch_heldout_seed42_vein_endothelial_cell_rare10pct,fixed_rank_1,component,success,,1.3128199203034743,0.01,c89516c458d2c8f2,21,c7bb134b104f6e9562d93c5df926dbc69d9fcbf75e7db3fafc9af79d9d7ff1af,"[""mouse_lung_tms_10x"",""vein endothelial cell"",""c89516c458d2c8f2"",21,""c7bb134b104f6e9562d93c5df926dbc69d9fcbf75e7db3fafc9af79d9d7ff1af""]",0.7073170731707317,0.5686274509803921,0.9354838709677419,15,1,16,0.9375,0.0007598784194528875,0.0007598784194528875,False,False,rescue_applied,1,0.1013780916646144,37,19
mouse_lung_tms_10x,42,0.10,vein endothelial cell,batch_heldout,outputs\mouse_lung_tms_10x\batch_heldout_seed42_vein_endothelial_cell_rare10pct,minus_conformal_tau,component,success,,1.3128199203034743,0.01,c89516c458d2c8f2,21,c7bb134b104f6e9562d93c5df926dbc69d9fcbf75e7db3fafc9af79d9d7ff1af,"[""mouse_lung_tms_10x"",""vein endothelial cell"",""c89516c458d2c8f2"",21,""c7bb134b104f6e9562d93c5df926dbc69d9fcbf75e7db3fafc9af79d9d7ff1af""]",0.7058823529411765,0.5882352941176471,0.8823529411764706,16,3,19,0.8421052631578947,0.0022796352583586625,0.0022796352583586625,False,False,rescue_applied,1,-inf,37,19
mouse_lung_tms_10x,42,0.10,vein endothelial cell,batch_heldout,outputs\mouse_lung_tms_10x\batch_heldout_seed42_vein_endothelial_cell_rare10pct,full_method,component,success,,1.3128199203034743,0.01,c89516c458d2c8f2,21,c7bb134b104f6e9562d93c5df926dbc69d9fcbf75e7db3fafc9af79d9d7ff1af,"[""mouse_lung_tms_10x"",""vein endothelial cell"",""c89516c458d2c8f2"",21,""c7bb134b104f6e9562d93c5df926dbc69d9fcbf75e7db3fafc9af79d9d7ff1af""]",0.7073170731707317,0.5686274509803921,0.9354838709677419,15,1,16,0.9375,0.0007598784194528875,0.0007598784194528875,False,False,rescue_applied,1,0.1013780916646144,37,19
mouse_lung_tms_10x,42,0.10,vein endothelial cell,batch_heldout,outputs\mouse_lung_tms_10x\batch_heldout_seed42_vein_endothelial_cell_rare10pct,rank_1,rank,success,,1.3128199203034743,0.01,c89516c458d2c8f2,21,c7bb134b104f6e9562d93c5df926dbc69d9fcbf75e7db3fafc9af79d9d7ff1af,"[""mouse_lung_tms_10x"",""vein endothelial cell"",""c89516c458d2c8f2"",21,""c7bb134b104f6e9562d93c5df926dbc69d9fcbf75e7db3fafc9af79d9d7ff1af""]",0.7073170731707317,0.5686274509803921,0.9354838709677419,15,1,16,0.9375,0.0007598784194528875,0.0007598784194528875,False,False,rescue_applied,1,0.1013780916646144,37,19
mouse_lung_tms_10x,42,0.10,vein endothelial cell,batch_heldout,outputs\mouse_lung_tms_10x\batch_heldout_seed42_vein_endothelial_cell_rare10pct,rank_2,rank,success,,1.3128199203034743,0.01,c89516c458d2c8f2,21,c7bb134b104f6e9562d93c5df926dbc69d9fcbf75e7db3fafc9af79d9d7ff1af,"[""mouse_lung_tms_10x"",""vein endothelial cell"",""c89516c458d2c8f2"",21,""c7bb134b104f6e9562d93c5df926dbc69d9fcbf75e7db3fafc9af79d9d7ff1af""]",0.7102803738317757,0.7450980392156863,0.6785714285714286,24,17,41,0.5853658536585366,0.012917933130699088,0.012917933130699088,True,False,rescue_applied,2,0.1013780916646144,37,234
mouse_lung_tms_10x,42,0.10,vein endothelial cell,batch_heldout,outputs\mouse_lung_tms_10x\batch_heldout_seed42_vein_endothelial_cell_rare10pct,rank_3,rank,success,,1.3128199203034743,0.01,c89516c458d2c8f2,21,c7bb134b104f6e9562d93c5df926dbc69d9fcbf75e7db3fafc9af79d9d7ff1af,"[""mouse_lung_tms_10x"",""vein endothelial cell"",""c89516c458d2c8f2"",21,""c7bb134b104f6e9562d93c5df926dbc69d9fcbf75e7db3fafc9af79d9d7ff1af""]",0.7155963302752294,0.7647058823529411,0.6724137931034483,25,18,43,0.5813953488372093,0.013677811550151976,0.013677811550151976,True,False,rescue_applied,3,0.1013780916646144,37,360
mouse_lung_tms_10x,42,0.10,vein endothelial cell,batch_heldout,outputs\mouse_lung_tms_10x\batch_heldout_seed42_vein_endothelial_cell_rare10pct,adaptive_rank,rank,success,,1.3128199203034743,0.01,c89516c458d2c8f2,21,c7bb134b104f6e9562d93c5df926dbc69d9fcbf75e7db3fafc9af79d9d7ff1af,"[""mouse_lung_tms_10x"",""vein endothelial cell"",""c89516c458d2c8f2"",21,""c7bb134b104f6e9562d93c5df926dbc69d9fcbf75e7db3fafc9af79d9d7ff1af""]",0.7073170731707317,0.5686274509803921,0.9354838709677419,15,1,16,0.9375,0.0007598784194528875,0.0007598784194528875,False,False,rescue_applied,1,0.1013780916646144,37,19
mouse_lung_tms_10x,42,all,vein endothelial cell,batch_heldout,outputs\mouse_lung_tms_10x\batch_heldout_seed42_vein_endothelial_cell_rareall,baseline,component,success,,1.2083994033024412,0.01,c89516c458d2c8f2,213,f3324ef55aa3a35550ee501cef19372bfee12b4509bb7c11aa9f1a5df94c9da4,"[""mouse_lung_tms_10x"",""vein endothelial cell"",""c89516c458d2c8f2"",213,""f3324ef55aa3a35550ee501cef19372bfee12b4509bb7c11aa9f1a5df94c9da4""]",0.7816091954022989,0.6666666666666666,0.9444444444444444,0,0,0,,0.0,0.0,False,False,baseline_no_rescue,0,,20,0
mouse_lung_tms_10x,42,all,vein endothelial cell,batch_heldout,outputs\mouse_lung_tms_10x\batch_heldout_seed42_vein_endothelial_cell_rareall,minus_separability_gate,component,success,,1.2083994033024412,0.01,c89516c458d2c8f2,213,f3324ef55aa3a35550ee501cef19372bfee12b4509bb7c11aa9f1a5df94c9da4,"[""mouse_lung_tms_10x"",""vein endothelial cell"",""c89516c458d2c8f2"",213,""f3324ef55aa3a35550ee501cef19372bfee12b4509bb7c11aa9f1a5df94c9da4""]",0.7816091954022989,0.6666666666666666,0.9444444444444444,0,0,0,,0.0,0.0,False,True,no_feasible_rank,0,0.11134846791990688,20,0
mouse_lung_tms_10x,42,all,vein endothelial cell,batch_heldout,outputs\mouse_lung_tms_10x\batch_heldout_seed42_vein_endothelial_cell_rareall,minus_necessity_gate,component,success,,1.2083994033024412,0.01,c89516c458d2c8f2,213,f3324ef55aa3a35550ee501cef19372bfee12b4509bb7c11aa9f1a5df94c9da4,"[""mouse_lung_tms_10x"",""vein endothelial cell"",""c89516c458d2c8f2"",213,""f3324ef55aa3a35550ee501cef19372bfee12b4509bb7c11aa9f1a5df94c9da4""]",0.7816091954022989,0.6666666666666666,0.9444444444444444,0,0,0,,0.0,0.0,False,True,sep<1.3,0,inf,0,0
mouse_lung_tms_10x,42,all,vein endothelial cell,batch_heldout,outputs\mouse_lung_tms_10x\batch_heldout_seed42_vein_endothelial_cell_rareall,fixed_rank_1,component,success,,1.2083994033024412,0.01,c89516c458d2c8f2,213,f3324ef55aa3a35550ee501cef19372bfee12b4509bb7c11aa9f1a5df94c9da4,"[""mouse_lung_tms_10x"",""vein endothelial cell"",""c89516c458d2c8f2"",213,""f3324ef55aa3a35550ee501cef19372bfee12b4509bb7c11aa9f1a5df94c9da4""]",0.7816091954022989,0.6666666666666666,0.9444444444444444,0,0,0,,0.0,0.0,False,True,sep<1.3,0,inf,0,0
mouse_lung_tms_10x,42,all,vein endothelial cell,batch_heldout,outputs\mouse_lung_tms_10x\batch_heldout_seed42_vein_endothelial_cell_rareall,minus_conformal_tau,component,success,,1.2083994033024412,0.01,c89516c458d2c8f2,213,f3324ef55aa3a35550ee501cef19372bfee12b4509bb7c11aa9f1a5df94c9da4,"[""mouse_lung_tms_10x"",""vein endothelial cell"",""c89516c458d2c8f2"",213,""f3324ef55aa3a35550ee501cef19372bfee12b4509bb7c11aa9f1a5df94c9da4""]",0.7816091954022989,0.6666666666666666,0.9444444444444444,0,0,0,,0.0,0.0,False,True,sep<1.3,0,inf,0,0
mouse_lung_tms_10x,42,all,vein endothelial cell,batch_heldout,outputs\mouse_lung_tms_10x\batch_heldout_seed42_vein_endothelial_cell_rareall,full_method,component,success,,1.2083994033024412,0.01,c89516c458d2c8f2,213,f3324ef55aa3a35550ee501cef19372bfee12b4509bb7c11aa9f1a5df94c9da4,"[""mouse_lung_tms_10x"",""vein endothelial cell"",""c89516c458d2c8f2"",213,""f3324ef55aa3a35550ee501cef19372bfee12b4509bb7c11aa9f1a5df94c9da4""]",0.7816091954022989,0.6666666666666666,0.9444444444444444,0,0,0,,0.0,0.0,False,True,sep<1.3,0,inf,0,0
mouse_lung_tms_10x,42,all,vein endothelial cell,batch_heldout,outputs\mouse_lung_tms_10x\batch_heldout_seed42_vein_endothelial_cell_rareall,rank_1,rank,success,,1.2083994033024412,0.01,c89516c458d2c8f2,213,f3324ef55aa3a35550ee501cef19372bfee12b4509bb7c11aa9f1a5df94c9da4,"[""mouse_lung_tms_10x"",""vein endothelial cell"",""c89516c458d2c8f2"",213,""f3324ef55aa3a35550ee501cef19372bfee12b4509bb7c11aa9f1a5df94c9da4""]",0.7816091954022989,0.6666666666666666,0.9444444444444444,0,0,0,,0.0,0.0,False,True,sep<1.3,0,inf,0,0
mouse_lung_tms_10x,42,all,vein endothelial cell,batch_heldout,outputs\mouse_lung_tms_10x\batch_heldout_seed42_vein_endothelial_cell_rareall,rank_2,rank,success,,1.2083994033024412,0.01,c89516c458d2c8f2,213,f3324ef55aa3a35550ee501cef19372bfee12b4509bb7c11aa9f1a5df94c9da4,"[""mouse_lung_tms_10x"",""vein endothelial cell"",""c89516c458d2c8f2"",213,""f3324ef55aa3a35550ee501cef19372bfee12b4509bb7c11aa9f1a5df94c9da4""]",0.7816091954022989,0.6666666666666666,0.9444444444444444,0,0,0,,0.0,0.0,False,True,sep<1.3,0,inf,0,0
mouse_lung_tms_10x,42,all,vein endothelial cell,batch_heldout,outputs\mouse_lung_tms_10x\batch_heldout_seed42_vein_endothelial_cell_rareall,rank_3,rank,success,,1.2083994033024412,0.01,c89516c458d2c8f2,213,f3324ef55aa3a35550ee501cef19372bfee12b4509bb7c11aa9f1a5df94c9da4,"[""mouse_lung_tms_10x"",""vein endothelial cell"",""c89516c458d2c8f2"",213,""f3324ef55aa3a35550ee501cef19372bfee12b4509bb7c11aa9f1a5df94c9da4""]",0.7816091954022989,0.6666666666666666,0.9444444444444444,0,0,0,,0.0,0.0,False,True,sep<1.3,0,inf,0,0
mouse_lung_tms_10x,42,all,vein endothelial cell,batch_heldout,outputs\mouse_lung_tms_10x\batch_heldout_seed42_vein_endothelial_cell_rareall,adaptive_rank,rank,success,,1.2083994033024412,0.01,c89516c458d2c8f2,213,f3324ef55aa3a35550ee501cef19372bfee12b4509bb7c11aa9f1a5df94c9da4,"[""mouse_lung_tms_10x"",""vein endothelial cell"",""c89516c458d2c8f2"",213,""f3324ef55aa3a35550ee501cef19372bfee12b4509bb7c11aa9f1a5df94c9da4""]",0.7816091954022989,0.6666666666666666,0.9444444444444444,0,0,0,,0.0,0.0,False,True,sep<1.3,0,inf,0,0
mouse_lung_tms_10x,43,0.01,vein endothelial cell,batch_heldout,outputs\mouse_lung_tms_10x\batch_heldout_seed43_vein_endothelial_cell_rare1pct,baseline,component,success,,1.0977409329134968,0.01,c89516c458d2c8f2,5,5ca25d2e9c488b74c18e4979f7005ca0541ed8e4db4ba47582cdd7647177de6b,"[""mouse_lung_tms_10x"",""vein endothelial cell"",""c89516c458d2c8f2"",5,""5ca25d2e9c488b74c18e4979f7005ca0541ed8e4db4ba47582cdd7647177de6b""]",0.0,0.0,0.0,0,0,0,,0.0,0.0,False,False,baseline_no_rescue,0,,55,0
mouse_lung_tms_10x,43,0.01,vein endothelial cell,batch_heldout,outputs\mouse_lung_tms_10x\batch_heldout_seed43_vein_endothelial_cell_rare1pct,minus_separability_gate,component,success,,1.0977409329134968,0.01,c89516c458d2c8f2,5,5ca25d2e9c488b74c18e4979f7005ca0541ed8e4db4ba47582cdd7647177de6b,"[""mouse_lung_tms_10x"",""vein endothelial cell"",""c89516c458d2c8f2"",5,""5ca25d2e9c488b74c18e4979f7005ca0541ed8e4db4ba47582cdd7647177de6b""]",0.43478260869565216,0.29411764705882354,0.8333333333333334,15,3,18,0.8333333333333334,0.0022796352583586625,0.0022796352583586625,False,False,rescue_applied,1,0.137676753764216,55,28
mouse_lung_tms_10x,43,0.01,vein endothelial cell,batch_heldout,outputs\mouse_lung_tms_10x\batch_heldout_seed43_vein_endothelial_cell_rare1pct,minus_necessity_gate,component,success,,1.0977409329134968,0.01,c89516c458d2c8f2,5,5ca25d2e9c488b74c18e4979f7005ca0541ed8e4db4ba47582cdd7647177de6b,"[""mouse_lung_tms_10x"",""vein endothelial cell"",""c89516c458d2c8f2"",5,""5ca25d2e9c488b74c18e4979f7005ca0541ed8e4db4ba47582cdd7647177de6b""]",0.0,0.0,0.0,0,0,0,,0.0,0.0,False,True,sep<1.3,0,inf,0,0
mouse_lung_tms_10x,43,0.01,vein endothelial cell,batch_heldout,outputs\mouse_lung_tms_10x\batch_heldout_seed43_vein_endothelial_cell_rare1pct,fixed_rank_1,component,success,,1.0977409329134968,0.01,c89516c458d2c8f2,5,5ca25d2e9c488b74c18e4979f7005ca0541ed8e4db4ba47582cdd7647177de6b,"[""mouse_lung_tms_10x"",""vein endothelial cell"",""c89516c458d2c8f2"",5,""5ca25d2e9c488b74c18e4979f7005ca0541ed8e4db4ba47582cdd7647177de6b""]",0.0,0.0,0.0,0,0,0,,0.0,0.0,False,True,sep<1.3,0,inf,0,0
mouse_lung_tms_10x,43,0.01,vein endothelial cell,batch_heldout,outputs\mouse_lung_tms_10x\batch_heldout_seed43_vein_endothelial_cell_rare1pct,minus_conformal_tau,component,success,,1.0977409329134968,0.01,c89516c458d2c8f2,5,5ca25d2e9c488b74c18e4979f7005ca0541ed8e4db4ba47582cdd7647177de6b,"[""mouse_lung_tms_10x"",""vein endothelial cell"",""c89516c458d2c8f2"",5,""5ca25d2e9c488b74c18e4979f7005ca0541ed8e4db4ba47582cdd7647177de6b""]",0.0,0.0,0.0,0,0,0,,0.0,0.0,False,True,sep<1.3,0,inf,0,0
mouse_lung_tms_10x,43,0.01,vein endothelial cell,batch_heldout,outputs\mouse_lung_tms_10x\batch_heldout_seed43_vein_endothelial_cell_rare1pct,full_method,component,success,,1.0977409329134968,0.01,c89516c458d2c8f2,5,5ca25d2e9c488b74c18e4979f7005ca0541ed8e4db4ba47582cdd7647177de6b,"[""mouse_lung_tms_10x"",""vein endothelial cell"",""c89516c458d2c8f2"",5,""5ca25d2e9c488b74c18e4979f7005ca0541ed8e4db4ba47582cdd7647177de6b""]",0.0,0.0,0.0,0,0,0,,0.0,0.0,False,True,sep<1.3,0,inf,0,0
mouse_lung_tms_10x,43,0.01,vein endothelial cell,batch_heldout,outputs\mouse_lung_tms_10x\batch_heldout_seed43_vein_endothelial_cell_rare1pct,rank_1,rank,success,,1.0977409329134968,0.01,c89516c458d2c8f2,5,5ca25d2e9c488b74c18e4979f7005ca0541ed8e4db4ba47582cdd7647177de6b,"[""mouse_lung_tms_10x"",""vein endothelial cell"",""c89516c458d2c8f2"",5,""5ca25d2e9c488b74c18e4979f7005ca0541ed8e4db4ba47582cdd7647177de6b""]",0.0,0.0,0.0,0,0,0,,0.0,0.0,False,True,sep<1.3,0,inf,0,0
mouse_lung_tms_10x,43,0.01,vein endothelial cell,batch_heldout,outputs\mouse_lung_tms_10x\batch_heldout_seed43_vein_endothelial_cell_rare1pct,rank_2,rank,success,,1.0977409329134968,0.01,c89516c458d2c8f2,5,5ca25d2e9c488b74c18e4979f7005ca0541ed8e4db4ba47582cdd7647177de6b,"[""mouse_lung_tms_10x"",""vein endothelial cell"",""c89516c458d2c8f2"",5,""5ca25d2e9c488b74c18e4979f7005ca0541ed8e4db4ba47582cdd7647177de6b""]",0.0,0.0,0.0,0,0,0,,0.0,0.0,False,True,sep<1.3,0,inf,0,0
mouse_lung_tms_10x,43,0.01,vein endothelial cell,batch_heldout,outputs\mouse_lung_tms_10x\batch_heldout_seed43_vein_endothelial_cell_rare1pct,rank_3,rank,success,,1.0977409329134968,0.01,c89516c458d2c8f2,5,5ca25d2e9c488b74c18e4979f7005ca0541ed8e4db4ba47582cdd7647177de6b,"[""mouse_lung_tms_10x"",""vein endothelial cell"",""c89516c458d2c8f2"",5,""5ca25d2e9c488b74c18e4979f7005ca0541ed8e4db4ba47582cdd7647177de6b""]",0.0,0.0,0.0,0,0,0,,0.0,0.0,False,True,sep<1.3,0,inf,0,0
mouse_lung_tms_10x,43,0.01,vein endothelial cell,batch_heldout,outputs\mouse_lung_tms_10x\batch_heldout_seed43_vein_endothelial_cell_rare1pct,adaptive_rank,rank,success,,1.0977409329134968,0.01,c89516c458d2c8f2,5,5ca25d2e9c488b74c18e4979f7005ca0541ed8e4db4ba47582cdd7647177de6b,"[""mouse_lung_tms_10x"",""vein endothelial cell"",""c89516c458d2c8f2"",5,""5ca25d2e9c488b74c18e4979f7005ca0541ed8e4db4ba47582cdd7647177de6b""]",0.0,0.0,0.0,0,0,0,,0.0,0.0,False,True,sep<1.3,0,inf,0,0
mouse_lung_tms_10x,43,0.05,vein endothelial cell,batch_heldout,outputs\mouse_lung_tms_10x\batch_heldout_seed43_vein_endothelial_cell_rare5pct,baseline,component,success,,1.1049478186428947,0.01,c89516c458d2c8f2,10,5a4b43e0f204ccce3c15b7b25d9a442a0681b1c0136da6683f503ae6c5594bd0,"[""mouse_lung_tms_10x"",""vein endothelial cell"",""c89516c458d2c8f2"",10,""5a4b43e0f204ccce3c15b7b25d9a442a0681b1c0136da6683f503ae6c5594bd0""]",0.0,0.0,0.0,0,0,0,,0.0,0.0,False,False,baseline_no_rescue,0,,56,0
mouse_lung_tms_10x,43,0.05,vein endothelial cell,batch_heldout,outputs\mouse_lung_tms_10x\batch_heldout_seed43_vein_endothelial_cell_rare5pct,minus_separability_gate,component,success,,1.1049478186428947,0.01,c89516c458d2c8f2,10,5a4b43e0f204ccce3c15b7b25d9a442a0681b1c0136da6683f503ae6c5594bd0,"[""mouse_lung_tms_10x"",""vein endothelial cell"",""c89516c458d2c8f2"",10,""5a4b43e0f204ccce3c15b7b25d9a442a0681b1c0136da6683f503ae6c5594bd0""]",0.5945945945945946,0.43137254901960786,0.9565217391304348,22,1,23,0.9565217391304348,0.0007598784194528875,0.0007598784194528875,False,False,rescue_applied,1,0.10836038026910581,56,28
mouse_lung_tms_10x,43,0.05,vein endothelial cell,batch_heldout,outputs\mouse_lung_tms_10x\batch_heldout_seed43_vein_endothelial_cell_rare5pct,minus_necessity_gate,component,success,,1.1049478186428947,0.01,c89516c458d2c8f2,10,5a4b43e0f204ccce3c15b7b25d9a442a0681b1c0136da6683f503ae6c5594bd0,"[""mouse_lung_tms_10x"",""vein endothelial cell"",""c89516c458d2c8f2"",10,""5a4b43e0f204ccce3c15b7b25d9a442a0681b1c0136da6683f503ae6c5594bd0""]",0.0,0.0,0.0,0,0,0,,0.0,0.0,False,True,sep<1.3,0,inf,0,0
mouse_lung_tms_10x,43,0.05,vein endothelial cell,batch_heldout,outputs\mouse_lung_tms_10x\batch_heldout_seed43_vein_endothelial_cell_rare5pct,fixed_rank_1,component,success,,1.1049478186428947,0.01,c89516c458d2c8f2,10,5a4b43e0f204ccce3c15b7b25d9a442a0681b1c0136da6683f503ae6c5594bd0,"[""mouse_lung_tms_10x"",""vein endothelial cell"",""c89516c458d2c8f2"",10,""5a4b43e0f204ccce3c15b7b25d9a442a0681b1c0136da6683f503ae6c5594bd0""]",0.0,0.0,0.0,0,0,0,,0.0,0.0,False,True,sep<1.3,0,inf,0,0
mouse_lung_tms_10x,43,0.05,vein endothelial cell,batch_heldout,outputs\mouse_lung_tms_10x\batch_heldout_seed43_vein_endothelial_cell_rare5pct,minus_conformal_tau,component,success,,1.1049478186428947,0.01,c89516c458d2c8f2,10,5a4b43e0f204ccce3c15b7b25d9a442a0681b1c0136da6683f503ae6c5594bd0,"[""mouse_lung_tms_10x"",""vein endothelial cell"",""c89516c458d2c8f2"",10,""5a4b43e0f204ccce3c15b7b25d9a442a0681b1c0136da6683f503ae6c5594bd0""]",0.0,0.0,0.0,0,0,0,,0.0,0.0,False,True,sep<1.3,0,inf,0,0
mouse_lung_tms_10x,43,0.05,vein endothelial cell,batch_heldout,outputs\mouse_lung_tms_10x\batch_heldout_seed43_vein_endothelial_cell_rare5pct,full_method,component,success,,1.1049478186428947,0.01,c89516c458d2c8f2,10,5a4b43e0f204ccce3c15b7b25d9a442a0681b1c0136da6683f503ae6c5594bd0,"[""mouse_lung_tms_10x"",""vein endothelial cell"",""c89516c458d2c8f2"",10,""5a4b43e0f204ccce3c15b7b25d9a442a0681b1c0136da6683f503ae6c5594bd0""]",0.0,0.0,0.0,0,0,0,,0.0,0.0,False,True,sep<1.3,0,inf,0,0
mouse_lung_tms_10x,43,0.05,vein endothelial cell,batch_heldout,outputs\mouse_lung_tms_10x\batch_heldout_seed43_vein_endothelial_cell_rare5pct,rank_1,rank,success,,1.1049478186428947,0.01,c89516c458d2c8f2,10,5a4b43e0f204ccce3c15b7b25d9a442a0681b1c0136da6683f503ae6c5594bd0,"[""mouse_lung_tms_10x"",""vein endothelial cell"",""c89516c458d2c8f2"",10,""5a4b43e0f204ccce3c15b7b25d9a442a0681b1c0136da6683f503ae6c5594bd0""]",0.0,0.0,0.0,0,0,0,,0.0,0.0,False,True,sep<1.3,0,inf,0,0
mouse_lung_tms_10x,43,0.05,vein endothelial cell,batch_heldout,outputs\mouse_lung_tms_10x\batch_heldout_seed43_vein_endothelial_cell_rare5pct,rank_2,rank,success,,1.1049478186428947,0.01,c89516c458d2c8f2,10,5a4b43e0f204ccce3c15b7b25d9a442a0681b1c0136da6683f503ae6c5594bd0,"[""mouse_lung_tms_10x"",""vein endothelial cell"",""c89516c458d2c8f2"",10,""5a4b43e0f204ccce3c15b7b25d9a442a0681b1c0136da6683f503ae6c5594bd0""]",0.0,0.0,0.0,0,0,0,,0.0,0.0,False,True,sep<1.3,0,inf,0,0
mouse_lung_tms_10x,43,0.05,vein endothelial cell,batch_heldout,outputs\mouse_lung_tms_10x\batch_heldout_seed43_vein_endothelial_cell_rare5pct,rank_3,rank,success,,1.1049478186428947,0.01,c89516c458d2c8f2,10,5a4b43e0f204ccce3c15b7b25d9a442a0681b1c0136da6683f503ae6c5594bd0,"[""mouse_lung_tms_10x"",""vein endothelial cell"",""c89516c458d2c8f2"",10,""5a4b43e0f204ccce3c15b7b25d9a442a0681b1c0136da6683f503ae6c5594bd0""]",0.0,0.0,0.0,0,0,0,,0.0,0.0,False,True,sep<1.3,0,inf,0,0
mouse_lung_tms_10x,43,0.05,vein endothelial cell,batch_heldout,outputs\mouse_lung_tms_10x\batch_heldout_seed43_vein_endothelial_cell_rare5pct,adaptive_rank,rank,success,,1.1049478186428947,0.01,c89516c458d2c8f2,10,5a4b43e0f204ccce3c15b7b25d9a442a0681b1c0136da6683f503ae6c5594bd0,"[""mouse_lung_tms_10x"",""vein endothelial cell"",""c89516c458d2c8f2"",10,""5a4b43e0f204ccce3c15b7b25d9a442a0681b1c0136da6683f503ae6c5594bd0""]",0.0,0.0,0.0,0,0,0,,0.0,0.0,False,True,sep<1.3,0,inf,0,0
mouse_lung_tms_10x,43,0.10,vein endothelial cell,batch_heldout,outputs\mouse_lung_tms_10x\batch_heldout_seed43_vein_endothelial_cell_rare10pct,baseline,component,success,,1.2438605785387364,0.01,c89516c458d2c8f2,21,212ceb23dcb2209d5fd6e70a4a76819b7ff6893d15e84a26f66a977883a615cb,"[""mouse_lung_tms_10x"",""vein endothelial cell"",""c89516c458d2c8f2"",21,""212ceb23dcb2209d5fd6e70a4a76819b7ff6893d15e84a26f66a977883a615cb""]",0.0,0.0,0.0,0,0,0,,0.0,0.0,False,False,baseline_no_rescue,0,,48,0
mouse_lung_tms_10x,43,0.10,vein endothelial cell,batch_heldout,outputs\mouse_lung_tms_10x\batch_heldout_seed43_vein_endothelial_cell_rare10pct,minus_separability_gate,component,success,,1.2438605785387364,0.01,c89516c458d2c8f2,21,212ceb23dcb2209d5fd6e70a4a76819b7ff6893d15e84a26f66a977883a615cb,"[""mouse_lung_tms_10x"",""vein endothelial cell"",""c89516c458d2c8f2"",21,""212ceb23dcb2209d5fd6e70a4a76819b7ff6893d15e84a26f66a977883a615cb""]",0.7441860465116279,0.6274509803921569,0.9142857142857143,32,3,35,0.9142857142857143,0.0022796352583586625,0.0022796352583586625,False,False,rescue_applied,1,0.0924435663124495,48,39
mouse_lung_tms_10x,43,0.10,vein endothelial cell,batch_heldout,outputs\mouse_lung_tms_10x\batch_heldout_seed43_vein_endothelial_cell_rare10pct,minus_necessity_gate,component,success,,1.2438605785387364,0.01,c89516c458d2c8f2,21,212ceb23dcb2209d5fd6e70a4a76819b7ff6893d15e84a26f66a977883a615cb,"[""mouse_lung_tms_10x"",""vein endothelial cell"",""c89516c458d2c8f2"",21,""212ceb23dcb2209d5fd6e70a4a76819b7ff6893d15e84a26f66a977883a615cb""]",0.0,0.0,0.0,0,0,0,,0.0,0.0,False,True,sep<1.3,0,inf,0,0
mouse_lung_tms_10x,43,0.10,vein endothelial cell,batch_heldout,outputs\mouse_lung_tms_10x\batch_heldout_seed43_vein_endothelial_cell_rare10pct,fixed_rank_1,component,success,,1.2438605785387364,0.01,c89516c458d2c8f2,21,212ceb23dcb2209d5fd6e70a4a76819b7ff6893d15e84a26f66a977883a615cb,"[""mouse_lung_tms_10x"",""vein endothelial cell"",""c89516c458d2c8f2"",21,""212ceb23dcb2209d5fd6e70a4a76819b7ff6893d15e84a26f66a977883a615cb""]",0.0,0.0,0.0,0,0,0,,0.0,0.0,False,True,sep<1.3,0,inf,0,0
mouse_lung_tms_10x,43,0.10,vein endothelial cell,batch_heldout,outputs\mouse_lung_tms_10x\batch_heldout_seed43_vein_endothelial_cell_rare10pct,minus_conformal_tau,component,success,,1.2438605785387364,0.01,c89516c458d2c8f2,21,212ceb23dcb2209d5fd6e70a4a76819b7ff6893d15e84a26f66a977883a615cb,"[""mouse_lung_tms_10x"",""vein endothelial cell"",""c89516c458d2c8f2"",21,""212ceb23dcb2209d5fd6e70a4a76819b7ff6893d15e84a26f66a977883a615cb""]",0.0,0.0,0.0,0,0,0,,0.0,0.0,False,True,sep<1.3,0,inf,0,0
mouse_lung_tms_10x,43,0.10,vein endothelial cell,batch_heldout,outputs\mouse_lung_tms_10x\batch_heldout_seed43_vein_endothelial_cell_rare10pct,full_method,component,success,,1.2438605785387364,0.01,c89516c458d2c8f2,21,212ceb23dcb2209d5fd6e70a4a76819b7ff6893d15e84a26f66a977883a615cb,"[""mouse_lung_tms_10x"",""vein endothelial cell"",""c89516c458d2c8f2"",21,""212ceb23dcb2209d5fd6e70a4a76819b7ff6893d15e84a26f66a977883a615cb""]",0.0,0.0,0.0,0,0,0,,0.0,0.0,False,True,sep<1.3,0,inf,0,0
mouse_lung_tms_10x,43,0.10,vein endothelial cell,batch_heldout,outputs\mouse_lung_tms_10x\batch_heldout_seed43_vein_endothelial_cell_rare10pct,rank_1,rank,success,,1.2438605785387364,0.01,c89516c458d2c8f2,21,212ceb23dcb2209d5fd6e70a4a76819b7ff6893d15e84a26f66a977883a615cb,"[""mouse_lung_tms_10x"",""vein endothelial cell"",""c89516c458d2c8f2"",21,""212ceb23dcb2209d5fd6e70a4a76819b7ff6893d15e84a26f66a977883a615cb""]",0.0,0.0,0.0,0,0,0,,0.0,0.0,False,True,sep<1.3,0,inf,0,0
mouse_lung_tms_10x,43,0.10,vein endothelial cell,batch_heldout,outputs\mouse_lung_tms_10x\batch_heldout_seed43_vein_endothelial_cell_rare10pct,rank_2,rank,success,,1.2438605785387364,0.01,c89516c458d2c8f2,21,212ceb23dcb2209d5fd6e70a4a76819b7ff6893d15e84a26f66a977883a615cb,"[""mouse_lung_tms_10x"",""vein endothelial cell"",""c89516c458d2c8f2"",21,""212ceb23dcb2209d5fd6e70a4a76819b7ff6893d15e84a26f66a977883a615cb""]",0.0,0.0,0.0,0,0,0,,0.0,0.0,False,True,sep<1.3,0,inf,0,0
mouse_lung_tms_10x,43,0.10,vein endothelial cell,batch_heldout,outputs\mouse_lung_tms_10x\batch_heldout_seed43_vein_endothelial_cell_rare10pct,rank_3,rank,success,,1.2438605785387364,0.01,c89516c458d2c8f2,21,212ceb23dcb2209d5fd6e70a4a76819b7ff6893d15e84a26f66a977883a615cb,"[""mouse_lung_tms_10x"",""vein endothelial cell"",""c89516c458d2c8f2"",21,""212ceb23dcb2209d5fd6e70a4a76819b7ff6893d15e84a26f66a977883a615cb""]",0.0,0.0,0.0,0,0,0,,0.0,0.0,False,True,sep<1.3,0,inf,0,0
mouse_lung_tms_10x,43,0.10,vein endothelial cell,batch_heldout,outputs\mouse_lung_tms_10x\batch_heldout_seed43_vein_endothelial_cell_rare10pct,adaptive_rank,rank,success,,1.2438605785387364,0.01,c89516c458d2c8f2,21,212ceb23dcb2209d5fd6e70a4a76819b7ff6893d15e84a26f66a977883a615cb,"[""mouse_lung_tms_10x"",""vein endothelial cell"",""c89516c458d2c8f2"",21,""212ceb23dcb2209d5fd6e70a4a76819b7ff6893d15e84a26f66a977883a615cb""]",0.0,0.0,0.0,0,0,0,,0.0,0.0,False,True,sep<1.3,0,inf,0,0
mouse_lung_tms_10x,43,all,vein endothelial cell,batch_heldout,outputs\mouse_lung_tms_10x\batch_heldout_seed43_vein_endothelial_cell_rareall,baseline,component,success,,1.2406961329842556,0.01,c89516c458d2c8f2,213,f3324ef55aa3a35550ee501cef19372bfee12b4509bb7c11aa9f1a5df94c9da4,"[""mouse_lung_tms_10x"",""vein endothelial cell"",""c89516c458d2c8f2"",213,""f3324ef55aa3a35550ee501cef19372bfee12b4509bb7c11aa9f1a5df94c9da4""]",0.7872340425531915,0.7254901960784313,0.8604651162790697,0,0,0,,0.0,0.0,False,False,baseline_no_rescue,0,,14,0
mouse_lung_tms_10x,43,all,vein endothelial cell,batch_heldout,outputs\mouse_lung_tms_10x\batch_heldout_seed43_vein_endothelial_cell_rareall,minus_separability_gate,component,success,,1.2406961329842556,0.01,c89516c458d2c8f2,213,f3324ef55aa3a35550ee501cef19372bfee12b4509bb7c11aa9f1a5df94c9da4,"[""mouse_lung_tms_10x"",""vein endothelial cell"",""c89516c458d2c8f2"",213,""f3324ef55aa3a35550ee501cef19372bfee12b4509bb7c11aa9f1a5df94c9da4""]",0.7959183673469388,0.7647058823529411,0.8297872340425532,2,2,4,0.5,0.001519756838905775,0.001519756838905775,False,False,rescue_applied,1,0.10521334839270394,14,6
mouse_lung_tms_10x,43,all,vein endothelial cell,batch_heldout,outputs\mouse_lung_tms_10x\batch_heldout_seed43_vein_endothelial_cell_rareall,minus_necessity_gate,component,success,,1.2406961329842556,0.01,c89516c458d2c8f2,213,f3324ef55aa3a35550ee501cef19372bfee12b4509bb7c11aa9f1a5df94c9da4,"[""mouse_lung_tms_10x"",""vein endothelial cell"",""c89516c458d2c8f2"",213,""f3324ef55aa3a35550ee501cef19372bfee12b4509bb7c11aa9f1a5df94c9da4""]",0.7872340425531915,0.7254901960784313,0.8604651162790697,0,0,0,,0.0,0.0,False,True,sep<1.3,0,inf,0,0
mouse_lung_tms_10x,43,all,vein endothelial cell,batch_heldout,outputs\mouse_lung_tms_10x\batch_heldout_seed43_vein_endothelial_cell_rareall,fixed_rank_1,component,success,,1.2406961329842556,0.01,c89516c458d2c8f2,213,f3324ef55aa3a35550ee501cef19372bfee12b4509bb7c11aa9f1a5df94c9da4,"[""mouse_lung_tms_10x"",""vein endothelial cell"",""c89516c458d2c8f2"",213,""f3324ef55aa3a35550ee501cef19372bfee12b4509bb7c11aa9f1a5df94c9da4""]",0.7872340425531915,0.7254901960784313,0.8604651162790697,0,0,0,,0.0,0.0,False,True,sep<1.3,0,inf,0,0
mouse_lung_tms_10x,43,all,vein endothelial cell,batch_heldout,outputs\mouse_lung_tms_10x\batch_heldout_seed43_vein_endothelial_cell_rareall,minus_conformal_tau,component,success,,1.2406961329842556,0.01,c89516c458d2c8f2,213,f3324ef55aa3a35550ee501cef19372bfee12b4509bb7c11aa9f1a5df94c9da4,"[""mouse_lung_tms_10x"",""vein endothelial cell"",""c89516c458d2c8f2"",213,""f3324ef55aa3a35550ee501cef19372bfee12b4509bb7c11aa9f1a5df94c9da4""]",0.7872340425531915,0.7254901960784313,0.8604651162790697,0,0,0,,0.0,0.0,False,True,sep<1.3,0,inf,0,0
mouse_lung_tms_10x,43,all,vein endothelial cell,batch_heldout,outputs\mouse_lung_tms_10x\batch_heldout_seed43_vein_endothelial_cell_rareall,full_method,component,success,,1.2406961329842556,0.01,c89516c458d2c8f2,213,f3324ef55aa3a35550ee501cef19372bfee12b4509bb7c11aa9f1a5df94c9da4,"[""mouse_lung_tms_10x"",""vein endothelial cell"",""c89516c458d2c8f2"",213,""f3324ef55aa3a35550ee501cef19372bfee12b4509bb7c11aa9f1a5df94c9da4""]",0.7872340425531915,0.7254901960784313,0.8604651162790697,0,0,0,,0.0,0.0,False,True,sep<1.3,0,inf,0,0
mouse_lung_tms_10x,43,all,vein endothelial cell,batch_heldout,outputs\mouse_lung_tms_10x\batch_heldout_seed43_vein_endothelial_cell_rareall,rank_1,rank,success,,1.2406961329842556,0.01,c89516c458d2c8f2,213,f3324ef55aa3a35550ee501cef19372bfee12b4509bb7c11aa9f1a5df94c9da4,"[""mouse_lung_tms_10x"",""vein endothelial cell"",""c89516c458d2c8f2"",213,""f3324ef55aa3a35550ee501cef19372bfee12b4509bb7c11aa9f1a5df94c9da4""]",0.7872340425531915,0.7254901960784313,0.8604651162790697,0,0,0,,0.0,0.0,False,True,sep<1.3,0,inf,0,0
mouse_lung_tms_10x,43,all,vein endothelial cell,batch_heldout,outputs\mouse_lung_tms_10x\batch_heldout_seed43_vein_endothelial_cell_rareall,rank_2,rank,success,,1.2406961329842556,0.01,c89516c458d2c8f2,213,f3324ef55aa3a35550ee501cef19372bfee12b4509bb7c11aa9f1a5df94c9da4,"[""mouse_lung_tms_10x"",""vein endothelial cell"",""c89516c458d2c8f2"",213,""f3324ef55aa3a35550ee501cef19372bfee12b4509bb7c11aa9f1a5df94c9da4""]",0.7872340425531915,0.7254901960784313,0.8604651162790697,0,0,0,,0.0,0.0,False,True,sep<1.3,0,inf,0,0
mouse_lung_tms_10x,43,all,vein endothelial cell,batch_heldout,outputs\mouse_lung_tms_10x\batch_heldout_seed43_vein_endothelial_cell_rareall,rank_3,rank,success,,1.2406961329842556,0.01,c89516c458d2c8f2,213,f3324ef55aa3a35550ee501cef19372bfee12b4509bb7c11aa9f1a5df94c9da4,"[""mouse_lung_tms_10x"",""vein endothelial cell"",""c89516c458d2c8f2"",213,""f3324ef55aa3a35550ee501cef19372bfee12b4509bb7c11aa9f1a5df94c9da4""]",0.7872340425531915,0.7254901960784313,0.8604651162790697,0,0,0,,0.0,0.0,False,True,sep<1.3,0,inf,0,0
mouse_lung_tms_10x,43,all,vein endothelial cell,batch_heldout,outputs\mouse_lung_tms_10x\batch_heldout_seed43_vein_endothelial_cell_rareall,adaptive_rank,rank,success,,1.2406961329842556,0.01,c89516c458d2c8f2,213,f3324ef55aa3a35550ee501cef19372bfee12b4509bb7c11aa9f1a5df94c9da4,"[""mouse_lung_tms_10x"",""vein endothelial cell"",""c89516c458d2c8f2"",213,""f3324ef55aa3a35550ee501cef19372bfee12b4509bb7c11aa9f1a5df94c9da4""]",0.7872340425531915,0.7254901960784313,0.8604651162790697,0,0,0,,0.0,0.0,False,True,sep<1.3,0,inf,0,0
mouse_lung_tms_10x,44,0.01,vein endothelial cell,batch_heldout,outputs\mouse_lung_tms_10x\batch_heldout_seed44_vein_endothelial_cell_rare1pct,baseline,component,success,,1.5318534251918745,0.01,c89516c458d2c8f2,5,463b0d6d1a90ae9602a4ac6c04d253db2a92bd787404fb45831c91aa703655e3,"[""mouse_lung_tms_10x"",""vein endothelial cell"",""c89516c458d2c8f2"",5,""463b0d6d1a90ae9602a4ac6c04d253db2a92bd787404fb45831c91aa703655e3""]",0.0,0.0,0.0,0,0,0,,0.0,0.0,False,False,baseline_no_rescue,0,,56,0
mouse_lung_tms_10x,44,0.01,vein endothelial cell,batch_heldout,outputs\mouse_lung_tms_10x\batch_heldout_seed44_vein_endothelial_cell_rare1pct,minus_separability_gate,component,success,,1.5318534251918745,0.01,c89516c458d2c8f2,5,463b0d6d1a90ae9602a4ac6c04d253db2a92bd787404fb45831c91aa703655e3,"[""mouse_lung_tms_10x"",""vein endothelial cell"",""c89516c458d2c8f2"",5,""463b0d6d1a90ae9602a4ac6c04d253db2a92bd787404fb45831c91aa703655e3""]",0.3492063492063492,0.21568627450980393,0.9166666666666666,11,1,12,0.9166666666666666,0.0007598784194528875,0.0007598784194528875,False,False,rescue_applied,1,0.07470159213855895,56,13
mouse_lung_tms_10x,44,0.01,vein endothelial cell,batch_heldout,outputs\mouse_lung_tms_10x\batch_heldout_seed44_vein_endothelial_cell_rare1pct,minus_necessity_gate,component,success,,1.5318534251918745,0.01,c89516c458d2c8f2,5,463b0d6d1a90ae9602a4ac6c04d253db2a92bd787404fb45831c91aa703655e3,"[""mouse_lung_tms_10x"",""vein endothelial cell"",""c89516c458d2c8f2"",5,""463b0d6d1a90ae9602a4ac6c04d253db2a92bd787404fb45831c91aa703655e3""]",0.3492063492063492,0.21568627450980393,0.9166666666666666,11,1,12,0.9166666666666666,0.0007598784194528875,0.0007598784194528875,False,False,rescue_applied,1,0.07470159213855895,56,13
mouse_lung_tms_10x,44,0.01,vein endothelial cell,batch_heldout,outputs\mouse_lung_tms_10x\batch_heldout_seed44_vein_endothelial_cell_rare1pct,fixed_rank_1,component,success,,1.5318534251918745,0.01,c89516c458d2c8f2,5,463b0d6d1a90ae9602a4ac6c04d253db2a92bd787404fb45831c91aa703655e3,"[""mouse_lung_tms_10x"",""vein endothelial cell"",""c89516c458d2c8f2"",5,""463b0d6d1a90ae9602a4ac6c04d253db2a92bd787404fb45831c91aa703655e3""]",0.3492063492063492,0.21568627450980393,0.9166666666666666,11,1,12,0.9166666666666666,0.0007598784194528875,0.0007598784194528875,False,False,rescue_applied,1,0.07470159213855895,56,13
mouse_lung_tms_10x,44,0.01,vein endothelial cell,batch_heldout,outputs\mouse_lung_tms_10x\batch_heldout_seed44_vein_endothelial_cell_rare1pct,minus_conformal_tau,component,success,,1.5318534251918745,0.01,c89516c458d2c8f2,5,463b0d6d1a90ae9602a4ac6c04d253db2a92bd787404fb45831c91aa703655e3,"[""mouse_lung_tms_10x"",""vein endothelial cell"",""c89516c458d2c8f2"",5,""463b0d6d1a90ae9602a4ac6c04d253db2a92bd787404fb45831c91aa703655e3""]",0.375,0.23529411764705882,0.9230769230769231,12,1,13,0.9230769230769231,0.0007598784194528875,0.0007598784194528875,False,False,rescue_applied,1,-inf,56,13
mouse_lung_tms_10x,44,0.01,vein endothelial cell,batch_heldout,outputs\mouse_lung_tms_10x\batch_heldout_seed44_vein_endothelial_cell_rare1pct,full_method,component,success,,1.5318534251918745,0.01,c89516c458d2c8f2,5,463b0d6d1a90ae9602a4ac6c04d253db2a92bd787404fb45831c91aa703655e3,"[""mouse_lung_tms_10x"",""vein endothelial cell"",""c89516c458d2c8f2"",5,""463b0d6d1a90ae9602a4ac6c04d253db2a92bd787404fb45831c91aa703655e3""]",0.3492063492063492,0.21568627450980393,0.9166666666666666,11,1,12,0.9166666666666666,0.0007598784194528875,0.0007598784194528875,False,False,rescue_applied,1,0.07470159213855895,56,13
mouse_lung_tms_10x,44,0.01,vein endothelial cell,batch_heldout,outputs\mouse_lung_tms_10x\batch_heldout_seed44_vein_endothelial_cell_rare1pct,rank_1,rank,success,,1.5318534251918745,0.01,c89516c458d2c8f2,5,463b0d6d1a90ae9602a4ac6c04d253db2a92bd787404fb45831c91aa703655e3,"[""mouse_lung_tms_10x"",""vein endothelial cell"",""c89516c458d2c8f2"",5,""463b0d6d1a90ae9602a4ac6c04d253db2a92bd787404fb45831c91aa703655e3""]",0.3492063492063492,0.21568627450980393,0.9166666666666666,11,1,12,0.9166666666666666,0.0007598784194528875,0.0007598784194528875,False,False,rescue_applied,1,0.07470159213855895,56,13
mouse_lung_tms_10x,44,0.01,vein endothelial cell,batch_heldout,outputs\mouse_lung_tms_10x\batch_heldout_seed44_vein_endothelial_cell_rare1pct,rank_2,rank,success,,1.5318534251918745,0.01,c89516c458d2c8f2,5,463b0d6d1a90ae9602a4ac6c04d253db2a92bd787404fb45831c91aa703655e3,"[""mouse_lung_tms_10x"",""vein endothelial cell"",""c89516c458d2c8f2"",5,""463b0d6d1a90ae9602a4ac6c04d253db2a92bd787404fb45831c91aa703655e3""]",0.5858585858585859,0.5686274509803921,0.6041666666666666,29,19,48,0.6041666666666666,0.014437689969604863,0.014437689969604863,True,False,rescue_applied,2,0.07470159213855895,56,286
mouse_lung_tms_10x,44,0.01,vein endothelial cell,batch_heldout,outputs\mouse_lung_tms_10x\batch_heldout_seed44_vein_endothelial_cell_rare1pct,rank_3,rank,success,,1.5318534251918745,0.01,c89516c458d2c8f2,5,463b0d6d1a90ae9602a4ac6c04d253db2a92bd787404fb45831c91aa703655e3,"[""mouse_lung_tms_10x"",""vein endothelial cell"",""c89516c458d2c8f2"",5,""463b0d6d1a90ae9602a4ac6c04d253db2a92bd787404fb45831c91aa703655e3""]",0.6,0.5882352941176471,0.6122448979591837,30,19,49,0.6122448979591837,0.014437689969604863,0.014437689969604863,True,False,rescue_applied,3,0.07470159213855895,56,402
mouse_lung_tms_10x,44,0.01,vein endothelial cell,batch_heldout,outputs\mouse_lung_tms_10x\batch_heldout_seed44_vein_endothelial_cell_rare1pct,adaptive_rank,rank,success,,1.5318534251918745,0.01,c89516c458d2c8f2,5,463b0d6d1a90ae9602a4ac6c04d253db2a92bd787404fb45831c91aa703655e3,"[""mouse_lung_tms_10x"",""vein endothelial cell"",""c89516c458d2c8f2"",5,""463b0d6d1a90ae9602a4ac6c04d253db2a92bd787404fb45831c91aa703655e3""]",0.3492063492063492,0.21568627450980393,0.9166666666666666,11,1,12,0.9166666666666666,0.0007598784194528875,0.0007598784194528875,False,False,rescue_applied,1,0.07470159213855895,56,13
mouse_lung_tms_10x,44,0.05,vein endothelial cell,batch_heldout,outputs\mouse_lung_tms_10x\batch_heldout_seed44_vein_endothelial_cell_rare5pct,baseline,component,success,,1.4965780934401962,0.01,c89516c458d2c8f2,10,9fd90210711d434675440f488f402117f5581e81063b8d2d9a0005874b647a02,"[""mouse_lung_tms_10x"",""vein endothelial cell"",""c89516c458d2c8f2"",10,""9fd90210711d434675440f488f402117f5581e81063b8d2d9a0005874b647a02""]",0.038461538461538464,0.0196078431372549,1.0,0,0,0,,0.0,0.0,False,False,baseline_no_rescue,0,,54,0
mouse_lung_tms_10x,44,0.05,vein endothelial cell,batch_heldout,outputs\mouse_lung_tms_10x\batch_heldout_seed44_vein_endothelial_cell_rare5pct,minus_separability_gate,component,success,,1.4965780934401962,0.01,c89516c458d2c8f2,10,9fd90210711d434675440f488f402117f5581e81063b8d2d9a0005874b647a02,"[""mouse_lung_tms_10x"",""vein endothelial cell"",""c89516c458d2c8f2"",10,""9fd90210711d434675440f488f402117f5581e81063b8d2d9a0005874b647a02""]",0.4927536231884058,0.3333333333333333,0.9444444444444444,16,1,17,0.9411764705882353,0.0007598784194528875,0.0007598784194528875,False,False,rescue_applied,1,0.07752235151801837,54,22
mouse_lung_tms_10x,44,0.05,vein endothelial cell,batch_heldout,outputs\mouse_lung_tms_10x\batch_heldout_seed44_vein_endothelial_cell_rare5pct,minus_necessity_gate,component,success,,1.4965780934401962,0.01,c89516c458d2c8f2,10,9fd90210711d434675440f488f402117f5581e81063b8d2d9a0005874b647a02,"[""mouse_lung_tms_10x"",""vein endothelial cell"",""c89516c458d2c8f2"",10,""9fd90210711d434675440f488f402117f5581e81063b8d2d9a0005874b647a02""]",0.4927536231884058,0.3333333333333333,0.9444444444444444,16,1,17,0.9411764705882353,0.0007598784194528875,0.0007598784194528875,False,False,rescue_applied,1,0.07752235151801837,54,22
mouse_lung_tms_10x,44,0.05,vein endothelial cell,batch_heldout,outputs\mouse_lung_tms_10x\batch_heldout_seed44_vein_endothelial_cell_rare5pct,fixed_rank_1,component,success,,1.4965780934401962,0.01,c89516c458d2c8f2,10,9fd90210711d434675440f488f402117f5581e81063b8d2d9a0005874b647a02,"[""mouse_lung_tms_10x"",""vein endothelial cell"",""c89516c458d2c8f2"",10,""9fd90210711d434675440f488f402117f5581e81063b8d2d9a0005874b647a02""]",0.4927536231884058,0.3333333333333333,0.9444444444444444,16,1,17,0.9411764705882353,0.0007598784194528875,0.0007598784194528875,False,False,rescue_applied,1,0.07752235151801837,54,22
mouse_lung_tms_10x,44,0.05,vein endothelial cell,batch_heldout,outputs\mouse_lung_tms_10x\batch_heldout_seed44_vein_endothelial_cell_rare5pct,minus_conformal_tau,component,success,,1.4965780934401962,0.01,c89516c458d2c8f2,10,9fd90210711d434675440f488f402117f5581e81063b8d2d9a0005874b647a02,"[""mouse_lung_tms_10x"",""vein endothelial cell"",""c89516c458d2c8f2"",10,""9fd90210711d434675440f488f402117f5581e81063b8d2d9a0005874b647a02""]",0.5945945945945946,0.43137254901960786,0.9565217391304348,21,1,22,0.9545454545454546,0.0007598784194528875,0.0007598784194528875,False,False,rescue_applied,1,-inf,54,22
mouse_lung_tms_10x,44,0.05,vein endothelial cell,batch_heldout,outputs\mouse_lung_tms_10x\batch_heldout_seed44_vein_endothelial_cell_rare5pct,full_method,component,success,,1.4965780934401962,0.01,c89516c458d2c8f2,10,9fd90210711d434675440f488f402117f5581e81063b8d2d9a0005874b647a02,"[""mouse_lung_tms_10x"",""vein endothelial cell"",""c89516c458d2c8f2"",10,""9fd90210711d434675440f488f402117f5581e81063b8d2d9a0005874b647a02""]",0.4927536231884058,0.3333333333333333,0.9444444444444444,16,1,17,0.9411764705882353,0.0007598784194528875,0.0007598784194528875,False,False,rescue_applied,1,0.07752235151801837,54,22
mouse_lung_tms_10x,44,0.05,vein endothelial cell,batch_heldout,outputs\mouse_lung_tms_10x\batch_heldout_seed44_vein_endothelial_cell_rare5pct,rank_1,rank,success,,1.4965780934401962,0.01,c89516c458d2c8f2,10,9fd90210711d434675440f488f402117f5581e81063b8d2d9a0005874b647a02,"[""mouse_lung_tms_10x"",""vein endothelial cell"",""c89516c458d2c8f2"",10,""9fd90210711d434675440f488f402117f5581e81063b8d2d9a0005874b647a02""]",0.4927536231884058,0.3333333333333333,0.9444444444444444,16,1,17,0.9411764705882353,0.0007598784194528875,0.0007598784194528875,False,False,rescue_applied,1,0.07752235151801837,54,22
mouse_lung_tms_10x,44,0.05,vein endothelial cell,batch_heldout,outputs\mouse_lung_tms_10x\batch_heldout_seed44_vein_endothelial_cell_rare5pct,rank_2,rank,success,,1.4965780934401962,0.01,c89516c458d2c8f2,10,9fd90210711d434675440f488f402117f5581e81063b8d2d9a0005874b647a02,"[""mouse_lung_tms_10x"",""vein endothelial cell"",""c89516c458d2c8f2"",10,""9fd90210711d434675440f488f402117f5581e81063b8d2d9a0005874b647a02""]",0.5825242718446602,0.5882352941176471,0.5769230769230769,29,22,51,0.5686274509803921,0.016717325227963525,0.016717325227963525,True,False,rescue_applied,2,0.07752235151801837,54,342
mouse_lung_tms_10x,44,0.05,vein endothelial cell,batch_heldout,outputs\mouse_lung_tms_10x\batch_heldout_seed44_vein_endothelial_cell_rare5pct,rank_3,rank,success,,1.4965780934401962,0.01,c89516c458d2c8f2,10,9fd90210711d434675440f488f402117f5581e81063b8d2d9a0005874b647a02,"[""mouse_lung_tms_10x"",""vein endothelial cell"",""c89516c458d2c8f2"",10,""9fd90210711d434675440f488f402117f5581e81063b8d2d9a0005874b647a02""]",0.5825242718446602,0.5882352941176471,0.5769230769230769,29,22,51,0.5686274509803921,0.016717325227963525,0.016717325227963525,True,False,rescue_applied,3,0.07752235151801837,54,409
mouse_lung_tms_10x,44,0.05,vein endothelial cell,batch_heldout,outputs\mouse_lung_tms_10x\batch_heldout_seed44_vein_endothelial_cell_rare5pct,adaptive_rank,rank,success,,1.4965780934401962,0.01,c89516c458d2c8f2,10,9fd90210711d434675440f488f402117f5581e81063b8d2d9a0005874b647a02,"[""mouse_lung_tms_10x"",""vein endothelial cell"",""c89516c458d2c8f2"",10,""9fd90210711d434675440f488f402117f5581e81063b8d2d9a0005874b647a02""]",0.4927536231884058,0.3333333333333333,0.9444444444444444,16,1,17,0.9411764705882353,0.0007598784194528875,0.0007598784194528875,False,False,rescue_applied,1,0.07752235151801837,54,22
mouse_lung_tms_10x,44,0.10,vein endothelial cell,batch_heldout,outputs\mouse_lung_tms_10x\batch_heldout_seed44_vein_endothelial_cell_rare10pct,baseline,component,success,,1.1494793580400469,0.01,c89516c458d2c8f2,21,b5de6c4a6b7a796203d81ee2b88a2e0cc4b4f0b9c2062ccf7c945f1d4e6913eb,"[""mouse_lung_tms_10x"",""vein endothelial cell"",""c89516c458d2c8f2"",21,""b5de6c4a6b7a796203d81ee2b88a2e0cc4b4f0b9c2062ccf7c945f1d4e6913eb""]",0.5217391304347826,0.35294117647058826,1.0,0,0,0,,0.0,0.0,False,False,baseline_no_rescue,0,,37,0
mouse_lung_tms_10x,44,0.10,vein endothelial cell,batch_heldout,outputs\mouse_lung_tms_10x\batch_heldout_seed44_vein_endothelial_cell_rare10pct,minus_separability_gate,component,success,,1.1494793580400469,0.01,c89516c458d2c8f2,21,b5de6c4a6b7a796203d81ee2b88a2e0cc4b4f0b9c2062ccf7c945f1d4e6913eb,"[""mouse_lung_tms_10x"",""vein endothelial cell"",""c89516c458d2c8f2"",21,""b5de6c4a6b7a796203d81ee2b88a2e0cc4b4f0b9c2062ccf7c945f1d4e6913eb""]",0.7380952380952381,0.6078431372549019,0.9393939393939394,13,2,15,0.8666666666666667,0.001519756838905775,0.001519756838905775,False,False,rescue_applied,1,0.09570311376778817,37,16
mouse_lung_tms_10x,44,0.10,vein endothelial cell,batch_heldout,outputs\mouse_lung_tms_10x\batch_heldout_seed44_vein_endothelial_cell_rare10pct,minus_necessity_gate,component,success,,1.1494793580400469,0.01,c89516c458d2c8f2,21,b5de6c4a6b7a796203d81ee2b88a2e0cc4b4f0b9c2062ccf7c945f1d4e6913eb,"[""mouse_lung_tms_10x"",""vein endothelial cell"",""c89516c458d2c8f2"",21,""b5de6c4a6b7a796203d81ee2b88a2e0cc4b4f0b9c2062ccf7c945f1d4e6913eb""]",0.5217391304347826,0.35294117647058826,1.0,0,0,0,,0.0,0.0,False,True,sep<1.3,0,inf,0,0
mouse_lung_tms_10x,44,0.10,vein endothelial cell,batch_heldout,outputs\mouse_lung_tms_10x\batch_heldout_seed44_vein_endothelial_cell_rare10pct,fixed_rank_1,component,success,,1.1494793580400469,0.01,c89516c458d2c8f2,21,b5de6c4a6b7a796203d81ee2b88a2e0cc4b4f0b9c2062ccf7c945f1d4e6913eb,"[""mouse_lung_tms_10x"",""vein endothelial cell"",""c89516c458d2c8f2"",21,""b5de6c4a6b7a796203d81ee2b88a2e0cc4b4f0b9c2062ccf7c945f1d4e6913eb""]",0.5217391304347826,0.35294117647058826,1.0,0,0,0,,0.0,0.0,False,True,sep<1.3,0,inf,0,0
mouse_lung_tms_10x,44,0.10,vein endothelial cell,batch_heldout,outputs\mouse_lung_tms_10x\batch_heldout_seed44_vein_endothelial_cell_rare10pct,minus_conformal_tau,component,success,,1.1494793580400469,0.01,c89516c458d2c8f2,21,b5de6c4a6b7a796203d81ee2b88a2e0cc4b4f0b9c2062ccf7c945f1d4e6913eb,"[""mouse_lung_tms_10x"",""vein endothelial cell"",""c89516c458d2c8f2"",21,""b5de6c4a6b7a796203d81ee2b88a2e0cc4b4f0b9c2062ccf7c945f1d4e6913eb""]",0.5217391304347826,0.35294117647058826,1.0,0,0,0,,0.0,0.0,False,True,sep<1.3,0,inf,0,0
mouse_lung_tms_10x,44,0.10,vein endothelial cell,batch_heldout,outputs\mouse_lung_tms_10x\batch_heldout_seed44_vein_endothelial_cell_rare10pct,full_method,component,success,,1.1494793580400469,0.01,c89516c458d2c8f2,21,b5de6c4a6b7a796203d81ee2b88a2e0cc4b4f0b9c2062ccf7c945f1d4e6913eb,"[""mouse_lung_tms_10x"",""vein endothelial cell"",""c89516c458d2c8f2"",21,""b5de6c4a6b7a796203d81ee2b88a2e0cc4b4f0b9c2062ccf7c945f1d4e6913eb""]",0.5217391304347826,0.35294117647058826,1.0,0,0,0,,0.0,0.0,False,True,sep<1.3,0,inf,0,0
mouse_lung_tms_10x,44,0.10,vein endothelial cell,batch_heldout,outputs\mouse_lung_tms_10x\batch_heldout_seed44_vein_endothelial_cell_rare10pct,rank_1,rank,success,,1.1494793580400469,0.01,c89516c458d2c8f2,21,b5de6c4a6b7a796203d81ee2b88a2e0cc4b4f0b9c2062ccf7c945f1d4e6913eb,"[""mouse_lung_tms_10x"",""vein endothelial cell"",""c89516c458d2c8f2"",21,""b5de6c4a6b7a796203d81ee2b88a2e0cc4b4f0b9c2062ccf7c945f1d4e6913eb""]",0.5217391304347826,0.35294117647058826,1.0,0,0,0,,0.0,0.0,False,True,sep<1.3,0,inf,0,0
mouse_lung_tms_10x,44,0.10,vein endothelial cell,batch_heldout,outputs\mouse_lung_tms_10x\batch_heldout_seed44_vein_endothelial_cell_rare10pct,rank_2,rank,success,,1.1494793580400469,0.01,c89516c458d2c8f2,21,b5de6c4a6b7a796203d81ee2b88a2e0cc4b4f0b9c2062ccf7c945f1d4e6913eb,"[""mouse_lung_tms_10x"",""vein endothelial cell"",""c89516c458d2c8f2"",21,""b5de6c4a6b7a796203d81ee2b88a2e0cc4b4f0b9c2062ccf7c945f1d4e6913eb""]",0.5217391304347826,0.35294117647058826,1.0,0,0,0,,0.0,0.0,False,True,sep<1.3,0,inf,0,0
mouse_lung_tms_10x,44,0.10,vein endothelial cell,batch_heldout,outputs\mouse_lung_tms_10x\batch_heldout_seed44_vein_endothelial_cell_rare10pct,rank_3,rank,success,,1.1494793580400469,0.01,c89516c458d2c8f2,21,b5de6c4a6b7a796203d81ee2b88a2e0cc4b4f0b9c2062ccf7c945f1d4e6913eb,"[""mouse_lung_tms_10x"",""vein endothelial cell"",""c89516c458d2c8f2"",21,""b5de6c4a6b7a796203d81ee2b88a2e0cc4b4f0b9c2062ccf7c945f1d4e6913eb""]",0.5217391304347826,0.35294117647058826,1.0,0,0,0,,0.0,0.0,False,True,sep<1.3,0,inf,0,0
mouse_lung_tms_10x,44,0.10,vein endothelial cell,batch_heldout,outputs\mouse_lung_tms_10x\batch_heldout_seed44_vein_endothelial_cell_rare10pct,adaptive_rank,rank,success,,1.1494793580400469,0.01,c89516c458d2c8f2,21,b5de6c4a6b7a796203d81ee2b88a2e0cc4b4f0b9c2062ccf7c945f1d4e6913eb,"[""mouse_lung_tms_10x"",""vein endothelial cell"",""c89516c458d2c8f2"",21,""b5de6c4a6b7a796203d81ee2b88a2e0cc4b4f0b9c2062ccf7c945f1d4e6913eb""]",0.5217391304347826,0.35294117647058826,1.0,0,0,0,,0.0,0.0,False,True,sep<1.3,0,inf,0,0
mouse_lung_tms_10x,44,all,vein endothelial cell,batch_heldout,outputs\mouse_lung_tms_10x\batch_heldout_seed44_vein_endothelial_cell_rareall,baseline,component,success,,1.3019072397755551,0.01,c89516c458d2c8f2,213,f3324ef55aa3a35550ee501cef19372bfee12b4509bb7c11aa9f1a5df94c9da4,"[""mouse_lung_tms_10x"",""vein endothelial cell"",""c89516c458d2c8f2"",213,""f3324ef55aa3a35550ee501cef19372bfee12b4509bb7c11aa9f1a5df94c9da4""]",0.8076923076923077,0.8235294117647058,0.7924528301886793,0,0,0,,0.0,0.0,False,False,baseline_no_rescue,0,,6,0
mouse_lung_tms_10x,44,all,vein endothelial cell,batch_heldout,outputs\mouse_lung_tms_10x\batch_heldout_seed44_vein_endothelial_cell_rareall,minus_separability_gate,component,success,,1.3019072397755551,0.01,c89516c458d2c8f2,213,f3324ef55aa3a35550ee501cef19372bfee12b4509bb7c11aa9f1a5df94c9da4,"[""mouse_lung_tms_10x"",""vein endothelial cell"",""c89516c458d2c8f2"",213,""f3324ef55aa3a35550ee501cef19372bfee12b4509bb7c11aa9f1a5df94c9da4""]",0.8037383177570093,0.8431372549019608,0.7678571428571429,1,2,3,0.3333333333333333,0.001519756838905775,0.001519756838905775,False,False,rescue_applied,1,0.0963199188884463,6,3
mouse_lung_tms_10x,44,all,vein endothelial cell,batch_heldout,outputs\mouse_lung_tms_10x\batch_heldout_seed44_vein_endothelial_cell_rareall,minus_necessity_gate,component,success,,1.3019072397755551,0.01,c89516c458d2c8f2,213,f3324ef55aa3a35550ee501cef19372bfee12b4509bb7c11aa9f1a5df94c9da4,"[""mouse_lung_tms_10x"",""vein endothelial cell"",""c89516c458d2c8f2"",213,""f3324ef55aa3a35550ee501cef19372bfee12b4509bb7c11aa9f1a5df94c9da4""]",0.8037383177570093,0.8431372549019608,0.7678571428571429,1,2,3,0.3333333333333333,0.001519756838905775,0.001519756838905775,False,False,rescue_applied,1,0.0963199188884463,6,3
mouse_lung_tms_10x,44,all,vein endothelial cell,batch_heldout,outputs\mouse_lung_tms_10x\batch_heldout_seed44_vein_endothelial_cell_rareall,fixed_rank_1,component,success,,1.3019072397755551,0.01,c89516c458d2c8f2,213,f3324ef55aa3a35550ee501cef19372bfee12b4509bb7c11aa9f1a5df94c9da4,"[""mouse_lung_tms_10x"",""vein endothelial cell"",""c89516c458d2c8f2"",213,""f3324ef55aa3a35550ee501cef19372bfee12b4509bb7c11aa9f1a5df94c9da4""]",0.8037383177570093,0.8431372549019608,0.7678571428571429,1,2,3,0.3333333333333333,0.001519756838905775,0.001519756838905775,False,False,rescue_applied,1,0.0963199188884463,6,3
mouse_lung_tms_10x,44,all,vein endothelial cell,batch_heldout,outputs\mouse_lung_tms_10x\batch_heldout_seed44_vein_endothelial_cell_rareall,minus_conformal_tau,component,success,,1.3019072397755551,0.01,c89516c458d2c8f2,213,f3324ef55aa3a35550ee501cef19372bfee12b4509bb7c11aa9f1a5df94c9da4,"[""mouse_lung_tms_10x"",""vein endothelial cell"",""c89516c458d2c8f2"",213,""f3324ef55aa3a35550ee501cef19372bfee12b4509bb7c11aa9f1a5df94c9da4""]",0.8037383177570093,0.8431372549019608,0.7678571428571429,1,2,3,0.3333333333333333,0.001519756838905775,0.001519756838905775,False,False,rescue_applied,1,-inf,6,3
mouse_lung_tms_10x,44,all,vein endothelial cell,batch_heldout,outputs\mouse_lung_tms_10x\batch_heldout_seed44_vein_endothelial_cell_rareall,full_method,component,success,,1.3019072397755551,0.01,c89516c458d2c8f2,213,f3324ef55aa3a35550ee501cef19372bfee12b4509bb7c11aa9f1a5df94c9da4,"[""mouse_lung_tms_10x"",""vein endothelial cell"",""c89516c458d2c8f2"",213,""f3324ef55aa3a35550ee501cef19372bfee12b4509bb7c11aa9f1a5df94c9da4""]",0.8037383177570093,0.8431372549019608,0.7678571428571429,1,2,3,0.3333333333333333,0.001519756838905775,0.001519756838905775,False,False,rescue_applied,1,0.0963199188884463,6,3
mouse_lung_tms_10x,44,all,vein endothelial cell,batch_heldout,outputs\mouse_lung_tms_10x\batch_heldout_seed44_vein_endothelial_cell_rareall,rank_1,rank,success,,1.3019072397755551,0.01,c89516c458d2c8f2,213,f3324ef55aa3a35550ee501cef19372bfee12b4509bb7c11aa9f1a5df94c9da4,"[""mouse_lung_tms_10x"",""vein endothelial cell"",""c89516c458d2c8f2"",213,""f3324ef55aa3a35550ee501cef19372bfee12b4509bb7c11aa9f1a5df94c9da4""]",0.8037383177570093,0.8431372549019608,0.7678571428571429,1,2,3,0.3333333333333333,0.001519756838905775,0.001519756838905775,False,False,rescue_applied,1,0.0963199188884463,6,3
mouse_lung_tms_10x,44,all,vein endothelial cell,batch_heldout,outputs\mouse_lung_tms_10x\batch_heldout_seed44_vein_endothelial_cell_rareall,rank_2,rank,success,,1.3019072397755551,0.01,c89516c458d2c8f2,213,f3324ef55aa3a35550ee501cef19372bfee12b4509bb7c11aa9f1a5df94c9da4,"[""mouse_lung_tms_10x"",""vein endothelial cell"",""c89516c458d2c8f2"",213,""f3324ef55aa3a35550ee501cef19372bfee12b4509bb7c11aa9f1a5df94c9da4""]",0.7317073170731707,0.8823529411764706,0.625,3,16,19,0.15789473684210525,0.0121580547112462,0.0121580547112462,True,False,rescue_applied,2,0.0963199188884463,6,288
mouse_lung_tms_10x,44,all,vein endothelial cell,batch_heldout,outputs\mouse_lung_tms_10x\batch_heldout_seed44_vein_endothelial_cell_rareall,rank_3,rank,success,,1.3019072397755551,0.01,c89516c458d2c8f2,213,f3324ef55aa3a35550ee501cef19372bfee12b4509bb7c11aa9f1a5df94c9da4,"[""mouse_lung_tms_10x"",""vein endothelial cell"",""c89516c458d2c8f2"",213,""f3324ef55aa3a35550ee501cef19372bfee12b4509bb7c11aa9f1a5df94c9da4""]",0.7317073170731707,0.8823529411764706,0.625,3,16,19,0.15789473684210525,0.0121580547112462,0.0121580547112462,True,False,rescue_applied,3,0.0963199188884463,6,351
mouse_lung_tms_10x,44,all,vein endothelial cell,batch_heldout,outputs\mouse_lung_tms_10x\batch_heldout_seed44_vein_endothelial_cell_rareall,adaptive_rank,rank,success,,1.3019072397755551,0.01,c89516c458d2c8f2,213,f3324ef55aa3a35550ee501cef19372bfee12b4509bb7c11aa9f1a5df94c9da4,"[""mouse_lung_tms_10x"",""vein endothelial cell"",""c89516c458d2c8f2"",213,""f3324ef55aa3a35550ee501cef19372bfee12b4509bb7c11aa9f1a5df94c9da4""]",0.8037383177570093,0.8431372549019608,0.7678571428571429,1,2,3,0.3333333333333333,0.001519756838905775,0.001519756838905775,False,False,rescue_applied,1,0.0963199188884463,6,3
mouse_pancreas_tms_10x,42,0.01,pancreatic D cell,batch_heldout,outputs\mouse_pancreas_tms_10x\batch_heldout_seed42_pancreatic_d_cell_rare1pct,baseline,component,success,,1.4183542774629148,0.01,18225570fcb5d9ef,5,be6aec7ff639ff73bdf5413e4fbd6d1534e5f2c491a3cb3d65976176b5cdb570,"[""mouse_pancreas_tms_10x"",""pancreatic D cell"",""18225570fcb5d9ef"",5,""be6aec7ff639ff73bdf5413e4fbd6d1534e5f2c491a3cb3d65976176b5cdb570""]",0.10666666666666667,0.056338028169014086,1.0,0,0,0,,0.0,0.0,False,False,baseline_no_rescue,0,,25,0
mouse_pancreas_tms_10x,42,0.01,pancreatic D cell,batch_heldout,outputs\mouse_pancreas_tms_10x\batch_heldout_seed42_pancreatic_d_cell_rare1pct,minus_separability_gate,component,success,,1.4183542774629148,0.01,18225570fcb5d9ef,5,be6aec7ff639ff73bdf5413e4fbd6d1534e5f2c491a3cb3d65976176b5cdb570,"[""mouse_pancreas_tms_10x"",""pancreatic D cell"",""18225570fcb5d9ef"",5,""be6aec7ff639ff73bdf5413e4fbd6d1534e5f2c491a3cb3d65976176b5cdb570""]",0.10666666666666667,0.056338028169014086,1.0,0,0,0,,0.0,0.0,False,True,no_feasible_rank,0,0.19507349020541398,25,0
mouse_pancreas_tms_10x,42,0.01,pancreatic D cell,batch_heldout,outputs\mouse_pancreas_tms_10x\batch_heldout_seed42_pancreatic_d_cell_rare1pct,minus_necessity_gate,component,success,,1.4183542774629148,0.01,18225570fcb5d9ef,5,be6aec7ff639ff73bdf5413e4fbd6d1534e5f2c491a3cb3d65976176b5cdb570,"[""mouse_pancreas_tms_10x"",""pancreatic D cell"",""18225570fcb5d9ef"",5,""be6aec7ff639ff73bdf5413e4fbd6d1534e5f2c491a3cb3d65976176b5cdb570""]",0.10666666666666667,0.056338028169014086,1.0,0,0,0,,0.0,0.0,False,True,no_feasible_rank,0,0.19507349020541398,25,0
mouse_pancreas_tms_10x,42,0.01,pancreatic D cell,batch_heldout,outputs\mouse_pancreas_tms_10x\batch_heldout_seed42_pancreatic_d_cell_rare1pct,fixed_rank_1,component,success,,1.4183542774629148,0.01,18225570fcb5d9ef,5,be6aec7ff639ff73bdf5413e4fbd6d1534e5f2c491a3cb3d65976176b5cdb570,"[""mouse_pancreas_tms_10x"",""pancreatic D cell"",""18225570fcb5d9ef"",5,""be6aec7ff639ff73bdf5413e4fbd6d1534e5f2c491a3cb3d65976176b5cdb570""]",0.6728971962616822,0.5070422535211268,1.0,32,0,32,1.0,0.0,0.0,False,False,rescue_applied,1,0.19507349020541398,25,37
mouse_pancreas_tms_10x,42,0.01,pancreatic D cell,batch_heldout,outputs\mouse_pancreas_tms_10x\batch_heldout_seed42_pancreatic_d_cell_rare1pct,minus_conformal_tau,component,success,,1.4183542774629148,0.01,18225570fcb5d9ef,5,be6aec7ff639ff73bdf5413e4fbd6d1534e5f2c491a3cb3d65976176b5cdb570,"[""mouse_pancreas_tms_10x"",""pancreatic D cell"",""18225570fcb5d9ef"",5,""be6aec7ff639ff73bdf5413e4fbd6d1534e5f2c491a3cb3d65976176b5cdb570""]",0.10666666666666667,0.056338028169014086,1.0,0,0,0,,0.0,0.0,False,True,no_feasible_rank,0,-inf,25,0
mouse_pancreas_tms_10x,42,0.01,pancreatic D cell,batch_heldout,outputs\mouse_pancreas_tms_10x\batch_heldout_seed42_pancreatic_d_cell_rare1pct,full_method,component,success,,1.4183542774629148,0.01,18225570fcb5d9ef,5,be6aec7ff639ff73bdf5413e4fbd6d1534e5f2c491a3cb3d65976176b5cdb570,"[""mouse_pancreas_tms_10x"",""pancreatic D cell"",""18225570fcb5d9ef"",5,""be6aec7ff639ff73bdf5413e4fbd6d1534e5f2c491a3cb3d65976176b5cdb570""]",0.10666666666666667,0.056338028169014086,1.0,0,0,0,,0.0,0.0,False,True,no_feasible_rank,0,0.19507349020541398,25,0
mouse_pancreas_tms_10x,42,0.01,pancreatic D cell,batch_heldout,outputs\mouse_pancreas_tms_10x\batch_heldout_seed42_pancreatic_d_cell_rare1pct,rank_1,rank,success,,1.4183542774629148,0.01,18225570fcb5d9ef,5,be6aec7ff639ff73bdf5413e4fbd6d1534e5f2c491a3cb3d65976176b5cdb570,"[""mouse_pancreas_tms_10x"",""pancreatic D cell"",""18225570fcb5d9ef"",5,""be6aec7ff639ff73bdf5413e4fbd6d1534e5f2c491a3cb3d65976176b5cdb570""]",0.6728971962616822,0.5070422535211268,1.0,32,0,32,1.0,0.0,0.0,False,False,rescue_applied,1,0.19507349020541398,25,37
mouse_pancreas_tms_10x,42,0.01,pancreatic D cell,batch_heldout,outputs\mouse_pancreas_tms_10x\batch_heldout_seed42_pancreatic_d_cell_rare1pct,rank_2,rank,success,,1.4183542774629148,0.01,18225570fcb5d9ef,5,be6aec7ff639ff73bdf5413e4fbd6d1534e5f2c491a3cb3d65976176b5cdb570,"[""mouse_pancreas_tms_10x"",""pancreatic D cell"",""18225570fcb5d9ef"",5,""be6aec7ff639ff73bdf5413e4fbd6d1534e5f2c491a3cb3d65976176b5cdb570""]",0.6851851851851852,0.5211267605633803,1.0,33,0,33,1.0,0.0,0.0,False,False,rescue_applied,2,0.19507349020541398,25,83
mouse_pancreas_tms_10x,42,0.01,pancreatic D cell,batch_heldout,outputs\mouse_pancreas_tms_10x\batch_heldout_seed42_pancreatic_d_cell_rare1pct,rank_3,rank,success,,1.4183542774629148,0.01,18225570fcb5d9ef,5,be6aec7ff639ff73bdf5413e4fbd6d1534e5f2c491a3cb3d65976176b5cdb570,"[""mouse_pancreas_tms_10x"",""pancreatic D cell"",""18225570fcb5d9ef"",5,""be6aec7ff639ff73bdf5413e4fbd6d1534e5f2c491a3cb3d65976176b5cdb570""]",0.6851851851851852,0.5211267605633803,1.0,33,0,33,1.0,0.0,0.0,False,False,rescue_applied,3,0.19507349020541398,25,228
mouse_pancreas_tms_10x,42,0.01,pancreatic D cell,batch_heldout,outputs\mouse_pancreas_tms_10x\batch_heldout_seed42_pancreatic_d_cell_rare1pct,adaptive_rank,rank,success,,1.4183542774629148,0.01,18225570fcb5d9ef,5,be6aec7ff639ff73bdf5413e4fbd6d1534e5f2c491a3cb3d65976176b5cdb570,"[""mouse_pancreas_tms_10x"",""pancreatic D cell"",""18225570fcb5d9ef"",5,""be6aec7ff639ff73bdf5413e4fbd6d1534e5f2c491a3cb3d65976176b5cdb570""]",0.10666666666666667,0.056338028169014086,1.0,0,0,0,,0.0,0.0,False,True,no_feasible_rank,0,0.19507349020541398,25,0
mouse_pancreas_tms_10x,42,0.05,pancreatic D cell,batch_heldout,outputs\mouse_pancreas_tms_10x\batch_heldout_seed42_pancreatic_d_cell_rare5pct,baseline,component,success,,1.5822705115291735,0.01,18225570fcb5d9ef,8,bbbec7c6d0177f389b045dd715d8433692d421b0b88e233bbc32464e3b784aed,"[""mouse_pancreas_tms_10x"",""pancreatic D cell"",""18225570fcb5d9ef"",8,""bbbec7c6d0177f389b045dd715d8433692d421b0b88e233bbc32464e3b784aed""]",0.9007633587786259,0.8309859154929577,0.9833333333333333,0,0,0,,0.0,0.0,False,False,baseline_no_rescue,0,,6,0
mouse_pancreas_tms_10x,42,0.05,pancreatic D cell,batch_heldout,outputs\mouse_pancreas_tms_10x\batch_heldout_seed42_pancreatic_d_cell_rare5pct,minus_separability_gate,component,success,,1.5822705115291735,0.01,18225570fcb5d9ef,8,bbbec7c6d0177f389b045dd715d8433692d421b0b88e233bbc32464e3b784aed,"[""mouse_pancreas_tms_10x"",""pancreatic D cell"",""18225570fcb5d9ef"",8,""bbbec7c6d0177f389b045dd715d8433692d421b0b88e233bbc32464e3b784aed""]",0.9007633587786259,0.8309859154929577,0.9833333333333333,0,0,0,,0.0,0.0,False,True,no_feasible_rank,0,0.15489243352298754,6,0
mouse_pancreas_tms_10x,42,0.05,pancreatic D cell,batch_heldout,outputs\mouse_pancreas_tms_10x\batch_heldout_seed42_pancreatic_d_cell_rare5pct,minus_necessity_gate,component,success,,1.5822705115291735,0.01,18225570fcb5d9ef,8,bbbec7c6d0177f389b045dd715d8433692d421b0b88e233bbc32464e3b784aed,"[""mouse_pancreas_tms_10x"",""pancreatic D cell"",""18225570fcb5d9ef"",8,""bbbec7c6d0177f389b045dd715d8433692d421b0b88e233bbc32464e3b784aed""]",0.9007633587786259,0.8309859154929577,0.9833333333333333,0,0,0,,0.0,0.0,False,True,no_feasible_rank,0,0.15489243352298754,6,0
mouse_pancreas_tms_10x,42,0.05,pancreatic D cell,batch_heldout,outputs\mouse_pancreas_tms_10x\batch_heldout_seed42_pancreatic_d_cell_rare5pct,fixed_rank_1,component,success,,1.5822705115291735,0.01,18225570fcb5d9ef,8,bbbec7c6d0177f389b045dd715d8433692d421b0b88e233bbc32464e3b784aed,"[""mouse_pancreas_tms_10x"",""pancreatic D cell"",""18225570fcb5d9ef"",8,""bbbec7c6d0177f389b045dd715d8433692d421b0b88e233bbc32464e3b784aed""]",0.9104477611940298,0.8591549295774648,0.9682539682539683,2,1,3,0.6666666666666666,0.0011574074074074073,0.0011574074074074073,False,False,rescue_applied,1,0.15489243352298754,6,9
mouse_pancreas_tms_10x,42,0.05,pancreatic D cell,batch_heldout,outputs\mouse_pancreas_tms_10x\batch_heldout_seed42_pancreatic_d_cell_rare5pct,minus_conformal_tau,component,success,,1.5822705115291735,0.01,18225570fcb5d9ef,8,bbbec7c6d0177f389b045dd715d8433692d421b0b88e233bbc32464e3b784aed,"[""mouse_pancreas_tms_10x"",""pancreatic D cell"",""18225570fcb5d9ef"",8,""bbbec7c6d0177f389b045dd715d8433692d421b0b88e233bbc32464e3b784aed""]",0.9007633587786259,0.8309859154929577,0.9833333333333333,0,0,0,,0.0,0.0,False,True,no_feasible_rank,0,-inf,6,0
mouse_pancreas_tms_10x,42,0.05,pancreatic D cell,batch_heldout,outputs\mouse_pancreas_tms_10x\batch_heldout_seed42_pancreatic_d_cell_rare5pct,full_method,component,success,,1.5822705115291735,0.01,18225570fcb5d9ef,8,bbbec7c6d0177f389b045dd715d8433692d421b0b88e233bbc32464e3b784aed,"[""mouse_pancreas_tms_10x"",""pancreatic D cell"",""18225570fcb5d9ef"",8,""bbbec7c6d0177f389b045dd715d8433692d421b0b88e233bbc32464e3b784aed""]",0.9007633587786259,0.8309859154929577,0.9833333333333333,0,0,0,,0.0,0.0,False,True,no_feasible_rank,0,0.15489243352298754,6,0
mouse_pancreas_tms_10x,42,0.05,pancreatic D cell,batch_heldout,outputs\mouse_pancreas_tms_10x\batch_heldout_seed42_pancreatic_d_cell_rare5pct,rank_1,rank,success,,1.5822705115291735,0.01,18225570fcb5d9ef,8,bbbec7c6d0177f389b045dd715d8433692d421b0b88e233bbc32464e3b784aed,"[""mouse_pancreas_tms_10x"",""pancreatic D cell"",""18225570fcb5d9ef"",8,""bbbec7c6d0177f389b045dd715d8433692d421b0b88e233bbc32464e3b784aed""]",0.9104477611940298,0.8591549295774648,0.9682539682539683,2,1,3,0.6666666666666666,0.0011574074074074073,0.0011574074074074073,False,False,rescue_applied,1,0.15489243352298754,6,9
mouse_pancreas_tms_10x,42,0.05,pancreatic D cell,batch_heldout,outputs\mouse_pancreas_tms_10x\batch_heldout_seed42_pancreatic_d_cell_rare5pct,rank_2,rank,success,,1.5822705115291735,0.01,18225570fcb5d9ef,8,bbbec7c6d0177f389b045dd715d8433692d421b0b88e233bbc32464e3b784aed,"[""mouse_pancreas_tms_10x"",""pancreatic D cell"",""18225570fcb5d9ef"",8,""bbbec7c6d0177f389b045dd715d8433692d421b0b88e233bbc32464e3b784aed""]",0.9420289855072463,0.9154929577464789,0.9701492537313433,6,1,7,0.8571428571428571,0.0011574074074074073,0.0011574074074074073,False,False,rescue_applied,2,0.15489243352298754,6,236
mouse_pancreas_tms_10x,42,0.05,pancreatic D cell,batch_heldout,outputs\mouse_pancreas_tms_10x\batch_heldout_seed42_pancreatic_d_cell_rare5pct,rank_3,rank,success,,1.5822705115291735,0.01,18225570fcb5d9ef,8,bbbec7c6d0177f389b045dd715d8433692d421b0b88e233bbc32464e3b784aed,"[""mouse_pancreas_tms_10x"",""pancreatic D cell"",""18225570fcb5d9ef"",8,""bbbec7c6d0177f389b045dd715d8433692d421b0b88e233bbc32464e3b784aed""]",0.9420289855072463,0.9154929577464789,0.9701492537313433,6,1,7,0.8571428571428571,0.0011574074074074073,0.0011574074074074073,False,False,rescue_applied,3,0.15489243352298754,6,617
mouse_pancreas_tms_10x,42,0.05,pancreatic D cell,batch_heldout,outputs\mouse_pancreas_tms_10x\batch_heldout_seed42_pancreatic_d_cell_rare5pct,adaptive_rank,rank,success,,1.5822705115291735,0.01,18225570fcb5d9ef,8,bbbec7c6d0177f389b045dd715d8433692d421b0b88e233bbc32464e3b784aed,"[""mouse_pancreas_tms_10x"",""pancreatic D cell"",""18225570fcb5d9ef"",8,""bbbec7c6d0177f389b045dd715d8433692d421b0b88e233bbc32464e3b784aed""]",0.9007633587786259,0.8309859154929577,0.9833333333333333,0,0,0,,0.0,0.0,False,True,no_feasible_rank,0,0.15489243352298754,6,0
mouse_pancreas_tms_10x,42,0.10,pancreatic D cell,batch_heldout,outputs\mouse_pancreas_tms_10x\batch_heldout_seed42_pancreatic_d_cell_rare10pct,baseline,component,success,,1.3580577898238686,0.01,18225570fcb5d9ef,17,e74bc08ab2e53fd5a8cbc909636e0cd6a5ba5fe294e7e3414d08bfdd6b4f077a,"[""mouse_pancreas_tms_10x"",""pancreatic D cell"",""18225570fcb5d9ef"",17,""e74bc08ab2e53fd5a8cbc909636e0cd6a5ba5fe294e7e3414d08bfdd6b4f077a""]",0.9104477611940298,0.8591549295774648,0.9682539682539683,0,0,0,,0.0,0.0,False,False,baseline_no_rescue,0,,7,0
mouse_pancreas_tms_10x,42,0.10,pancreatic D cell,batch_heldout,outputs\mouse_pancreas_tms_10x\batch_heldout_seed42_pancreatic_d_cell_rare10pct,minus_separability_gate,component,success,,1.3580577898238686,0.01,18225570fcb5d9ef,17,e74bc08ab2e53fd5a8cbc909636e0cd6a5ba5fe294e7e3414d08bfdd6b4f077a,"[""mouse_pancreas_tms_10x"",""pancreatic D cell"",""18225570fcb5d9ef"",17,""e74bc08ab2e53fd5a8cbc909636e0cd6a5ba5fe294e7e3414d08bfdd6b4f077a""]",0.9104477611940298,0.8591549295774648,0.9682539682539683,0,0,0,,0.0,0.0,False,True,no_feasible_rank,0,0.1390614228076143,7,0
mouse_pancreas_tms_10x,42,0.10,pancreatic D cell,batch_heldout,outputs\mouse_pancreas_tms_10x\batch_heldout_seed42_pancreatic_d_cell_rare10pct,minus_necessity_gate,component,success,,1.3580577898238686,0.01,18225570fcb5d9ef,17,e74bc08ab2e53fd5a8cbc909636e0cd6a5ba5fe294e7e3414d08bfdd6b4f077a,"[""mouse_pancreas_tms_10x"",""pancreatic D cell"",""18225570fcb5d9ef"",17,""e74bc08ab2e53fd5a8cbc909636e0cd6a5ba5fe294e7e3414d08bfdd6b4f077a""]",0.9104477611940298,0.8591549295774648,0.9682539682539683,0,0,0,,0.0,0.0,False,True,no_feasible_rank,0,0.1390614228076143,7,0
mouse_pancreas_tms_10x,42,0.10,pancreatic D cell,batch_heldout,outputs\mouse_pancreas_tms_10x\batch_heldout_seed42_pancreatic_d_cell_rare10pct,fixed_rank_1,component,success,,1.3580577898238686,0.01,18225570fcb5d9ef,17,e74bc08ab2e53fd5a8cbc909636e0cd6a5ba5fe294e7e3414d08bfdd6b4f077a,"[""mouse_pancreas_tms_10x"",""pancreatic D cell"",""18225570fcb5d9ef"",17,""e74bc08ab2e53fd5a8cbc909636e0cd6a5ba5fe294e7e3414d08bfdd6b4f077a""]",0.9264705882352942,0.8873239436619719,0.9692307692307692,2,0,2,1.0,0.0,0.0,False,False,rescue_applied,1,0.1390614228076143,7,5
mouse_pancreas_tms_10x,42,0.10,pancreatic D cell,batch_heldout,outputs\mouse_pancreas_tms_10x\batch_heldout_seed42_pancreatic_d_cell_rare10pct,minus_conformal_tau,component,success,,1.3580577898238686,0.01,18225570fcb5d9ef,17,e74bc08ab2e53fd5a8cbc909636e0cd6a5ba5fe294e7e3414d08bfdd6b4f077a,"[""mouse_pancreas_tms_10x"",""pancreatic D cell"",""18225570fcb5d9ef"",17,""e74bc08ab2e53fd5a8cbc909636e0cd6a5ba5fe294e7e3414d08bfdd6b4f077a""]",0.9104477611940298,0.8591549295774648,0.9682539682539683,0,0,0,,0.0,0.0,False,True,no_feasible_rank,0,-inf,7,0
mouse_pancreas_tms_10x,42,0.10,pancreatic D cell,batch_heldout,outputs\mouse_pancreas_tms_10x\batch_heldout_seed42_pancreatic_d_cell_rare10pct,full_method,component,success,,1.3580577898238686,0.01,18225570fcb5d9ef,17,e74bc08ab2e53fd5a8cbc909636e0cd6a5ba5fe294e7e3414d08bfdd6b4f077a,"[""mouse_pancreas_tms_10x"",""pancreatic D cell"",""18225570fcb5d9ef"",17,""e74bc08ab2e53fd5a8cbc909636e0cd6a5ba5fe294e7e3414d08bfdd6b4f077a""]",0.9104477611940298,0.8591549295774648,0.9682539682539683,0,0,0,,0.0,0.0,False,True,no_feasible_rank,0,0.1390614228076143,7,0
mouse_pancreas_tms_10x,42,0.10,pancreatic D cell,batch_heldout,outputs\mouse_pancreas_tms_10x\batch_heldout_seed42_pancreatic_d_cell_rare10pct,rank_1,rank,success,,1.3580577898238686,0.01,18225570fcb5d9ef,17,e74bc08ab2e53fd5a8cbc909636e0cd6a5ba5fe294e7e3414d08bfdd6b4f077a,"[""mouse_pancreas_tms_10x"",""pancreatic D cell"",""18225570fcb5d9ef"",17,""e74bc08ab2e53fd5a8cbc909636e0cd6a5ba5fe294e7e3414d08bfdd6b4f077a""]",0.9264705882352942,0.8873239436619719,0.9692307692307692,2,0,2,1.0,0.0,0.0,False,False,rescue_applied,1,0.1390614228076143,7,5
mouse_pancreas_tms_10x,42,0.10,pancreatic D cell,batch_heldout,outputs\mouse_pancreas_tms_10x\batch_heldout_seed42_pancreatic_d_cell_rare10pct,rank_2,rank,success,,1.3580577898238686,0.01,18225570fcb5d9ef,17,e74bc08ab2e53fd5a8cbc909636e0cd6a5ba5fe294e7e3414d08bfdd6b4f077a,"[""mouse_pancreas_tms_10x"",""pancreatic D cell"",""18225570fcb5d9ef"",17,""e74bc08ab2e53fd5a8cbc909636e0cd6a5ba5fe294e7e3414d08bfdd6b4f077a""]",0.9264705882352942,0.8873239436619719,0.9692307692307692,2,0,2,1.0,0.0,0.0,False,False,rescue_applied,2,0.1390614228076143,7,87
mouse_pancreas_tms_10x,42,0.10,pancreatic D cell,batch_heldout,outputs\mouse_pancreas_tms_10x\batch_heldout_seed42_pancreatic_d_cell_rare10pct,rank_3,rank,success,,1.3580577898238686,0.01,18225570fcb5d9ef,17,e74bc08ab2e53fd5a8cbc909636e0cd6a5ba5fe294e7e3414d08bfdd6b4f077a,"[""mouse_pancreas_tms_10x"",""pancreatic D cell"",""18225570fcb5d9ef"",17,""e74bc08ab2e53fd5a8cbc909636e0cd6a5ba5fe294e7e3414d08bfdd6b4f077a""]",0.9264705882352942,0.8873239436619719,0.9692307692307692,2,0,2,1.0,0.0,0.0,False,False,rescue_applied,3,0.1390614228076143,7,409
mouse_pancreas_tms_10x,42,0.10,pancreatic D cell,batch_heldout,outputs\mouse_pancreas_tms_10x\batch_heldout_seed42_pancreatic_d_cell_rare10pct,adaptive_rank,rank,success,,1.3580577898238686,0.01,18225570fcb5d9ef,17,e74bc08ab2e53fd5a8cbc909636e0cd6a5ba5fe294e7e3414d08bfdd6b4f077a,"[""mouse_pancreas_tms_10x"",""pancreatic D cell"",""18225570fcb5d9ef"",17,""e74bc08ab2e53fd5a8cbc909636e0cd6a5ba5fe294e7e3414d08bfdd6b4f077a""]",0.9104477611940298,0.8591549295774648,0.9682539682539683,0,0,0,,0.0,0.0,False,True,no_feasible_rank,0,0.1390614228076143,7,0
mouse_pancreas_tms_10x,42,all,pancreatic D cell,batch_heldout,outputs\mouse_pancreas_tms_10x\batch_heldout_seed42_pancreatic_d_cell_rareall,baseline,component,success,,1.3547237368304865,0.01,18225570fcb5d9ef,174,8b20b81b901a4d91e9f3d77dff05562c430d05b695b379aedbfd27999959fe0c,"[""mouse_pancreas_tms_10x"",""pancreatic D cell"",""18225570fcb5d9ef"",174,""8b20b81b901a4d91e9f3d77dff05562c430d05b695b379aedbfd27999959fe0c""]",0.9571428571428572,0.9436619718309859,0.9710144927536232,0,0,0,,0.0,0.0,False,False,baseline_no_rescue,0,,3,0
mouse_pancreas_tms_10x,42,all,pancreatic D cell,batch_heldout,outputs\mouse_pancreas_tms_10x\batch_heldout_seed42_pancreatic_d_cell_rareall,minus_separability_gate,component,success,,1.3547237368304865,0.01,18225570fcb5d9ef,174,8b20b81b901a4d91e9f3d77dff05562c430d05b695b379aedbfd27999959fe0c,"[""mouse_pancreas_tms_10x"",""pancreatic D cell"",""18225570fcb5d9ef"",174,""8b20b81b901a4d91e9f3d77dff05562c430d05b695b379aedbfd27999959fe0c""]",0.9571428571428572,0.9436619718309859,0.9710144927536232,0,0,0,,0.0,0.0,False,True,no_feasible_rank,0,0.13621799424518755,3,0
mouse_pancreas_tms_10x,42,all,pancreatic D cell,batch_heldout,outputs\mouse_pancreas_tms_10x\batch_heldout_seed42_pancreatic_d_cell_rareall,minus_necessity_gate,component,success,,1.3547237368304865,0.01,18225570fcb5d9ef,174,8b20b81b901a4d91e9f3d77dff05562c430d05b695b379aedbfd27999959fe0c,"[""mouse_pancreas_tms_10x"",""pancreatic D cell"",""18225570fcb5d9ef"",174,""8b20b81b901a4d91e9f3d77dff05562c430d05b695b379aedbfd27999959fe0c""]",0.9571428571428572,0.9436619718309859,0.9710144927536232,0,0,0,,0.0,0.0,False,True,no_feasible_rank,0,0.13621799424518755,3,0
mouse_pancreas_tms_10x,42,all,pancreatic D cell,batch_heldout,outputs\mouse_pancreas_tms_10x\batch_heldout_seed42_pancreatic_d_cell_rareall,fixed_rank_1,component,success,,1.3547237368304865,0.01,18225570fcb5d9ef,174,8b20b81b901a4d91e9f3d77dff05562c430d05b695b379aedbfd27999959fe0c,"[""mouse_pancreas_tms_10x"",""pancreatic D cell"",""18225570fcb5d9ef"",174,""8b20b81b901a4d91e9f3d77dff05562c430d05b695b379aedbfd27999959fe0c""]",0.9571428571428572,0.9436619718309859,0.9710144927536232,0,0,0,,0.0,0.0,False,False,rescue_applied,1,0.13621799424518755,3,7
mouse_pancreas_tms_10x,42,all,pancreatic D cell,batch_heldout,outputs\mouse_pancreas_tms_10x\batch_heldout_seed42_pancreatic_d_cell_rareall,minus_conformal_tau,component,success,,1.3547237368304865,0.01,18225570fcb5d9ef,174,8b20b81b901a4d91e9f3d77dff05562c430d05b695b379aedbfd27999959fe0c,"[""mouse_pancreas_tms_10x"",""pancreatic D cell"",""18225570fcb5d9ef"",174,""8b20b81b901a4d91e9f3d77dff05562c430d05b695b379aedbfd27999959fe0c""]",0.9571428571428572,0.9436619718309859,0.9710144927536232,0,0,0,,0.0,0.0,False,True,no_feasible_rank,0,-inf,3,0
mouse_pancreas_tms_10x,42,all,pancreatic D cell,batch_heldout,outputs\mouse_pancreas_tms_10x\batch_heldout_seed42_pancreatic_d_cell_rareall,full_method,component,success,,1.3547237368304865,0.01,18225570fcb5d9ef,174,8b20b81b901a4d91e9f3d77dff05562c430d05b695b379aedbfd27999959fe0c,"[""mouse_pancreas_tms_10x"",""pancreatic D cell"",""18225570fcb5d9ef"",174,""8b20b81b901a4d91e9f3d77dff05562c430d05b695b379aedbfd27999959fe0c""]",0.9571428571428572,0.9436619718309859,0.9710144927536232,0,0,0,,0.0,0.0,False,True,no_feasible_rank,0,0.13621799424518755,3,0
mouse_pancreas_tms_10x,42,all,pancreatic D cell,batch_heldout,outputs\mouse_pancreas_tms_10x\batch_heldout_seed42_pancreatic_d_cell_rareall,rank_1,rank,success,,1.3547237368304865,0.01,18225570fcb5d9ef,174,8b20b81b901a4d91e9f3d77dff05562c430d05b695b379aedbfd27999959fe0c,"[""mouse_pancreas_tms_10x"",""pancreatic D cell"",""18225570fcb5d9ef"",174,""8b20b81b901a4d91e9f3d77dff05562c430d05b695b379aedbfd27999959fe0c""]",0.9571428571428572,0.9436619718309859,0.9710144927536232,0,0,0,,0.0,0.0,False,False,rescue_applied,1,0.13621799424518755,3,7
mouse_pancreas_tms_10x,42,all,pancreatic D cell,batch_heldout,outputs\mouse_pancreas_tms_10x\batch_heldout_seed42_pancreatic_d_cell_rareall,rank_2,rank,success,,1.3547237368304865,0.01,18225570fcb5d9ef,174,8b20b81b901a4d91e9f3d77dff05562c430d05b695b379aedbfd27999959fe0c,"[""mouse_pancreas_tms_10x"",""pancreatic D cell"",""18225570fcb5d9ef"",174,""8b20b81b901a4d91e9f3d77dff05562c430d05b695b379aedbfd27999959fe0c""]",0.950354609929078,0.9436619718309859,0.9571428571428572,0,1,1,0.0,0.0011574074074074073,0.0011574074074074073,False,False,rescue_applied,2,0.13621799424518755,3,231
mouse_pancreas_tms_10x,42,all,pancreatic D cell,batch_heldout,outputs\mouse_pancreas_tms_10x\batch_heldout_seed42_pancreatic_d_cell_rareall,rank_3,rank,success,,1.3547237368304865,0.01,18225570fcb5d9ef,174,8b20b81b901a4d91e9f3d77dff05562c430d05b695b379aedbfd27999959fe0c,"[""mouse_pancreas_tms_10x"",""pancreatic D cell"",""18225570fcb5d9ef"",174,""8b20b81b901a4d91e9f3d77dff05562c430d05b695b379aedbfd27999959fe0c""]",0.950354609929078,0.9436619718309859,0.9571428571428572,0,1,1,0.0,0.0011574074074074073,0.0011574074074074073,False,False,rescue_applied,3,0.13621799424518755,3,609
mouse_pancreas_tms_10x,42,all,pancreatic D cell,batch_heldout,outputs\mouse_pancreas_tms_10x\batch_heldout_seed42_pancreatic_d_cell_rareall,adaptive_rank,rank,success,,1.3547237368304865,0.01,18225570fcb5d9ef,174,8b20b81b901a4d91e9f3d77dff05562c430d05b695b379aedbfd27999959fe0c,"[""mouse_pancreas_tms_10x"",""pancreatic D cell"",""18225570fcb5d9ef"",174,""8b20b81b901a4d91e9f3d77dff05562c430d05b695b379aedbfd27999959fe0c""]",0.9571428571428572,0.9436619718309859,0.9710144927536232,0,0,0,,0.0,0.0,False,True,no_feasible_rank,0,0.13621799424518755,3,0
mouse_pancreas_tms_10x,43,0.01,pancreatic D cell,batch_heldout,outputs\mouse_pancreas_tms_10x\batch_heldout_seed43_pancreatic_d_cell_rare1pct,baseline,component,success,,1.6058894689214913,0.01,18225570fcb5d9ef,5,5df8f7d057bcbf31d246b2c427e5d339b76c9003097e3275cc6bfe04d46781f1,"[""mouse_pancreas_tms_10x"",""pancreatic D cell"",""18225570fcb5d9ef"",5,""5df8f7d057bcbf31d246b2c427e5d339b76c9003097e3275cc6bfe04d46781f1""]",0.5510204081632653,0.38028169014084506,1.0,0,0,0,,0.0,0.0,False,False,baseline_no_rescue,0,,22,0
mouse_pancreas_tms_10x,43,0.01,pancreatic D cell,batch_heldout,outputs\mouse_pancreas_tms_10x\batch_heldout_seed43_pancreatic_d_cell_rare1pct,minus_separability_gate,component,success,,1.6058894689214913,0.01,18225570fcb5d9ef,5,5df8f7d057bcbf31d246b2c427e5d339b76c9003097e3275cc6bfe04d46781f1,"[""mouse_pancreas_tms_10x"",""pancreatic D cell"",""18225570fcb5d9ef"",5,""5df8f7d057bcbf31d246b2c427e5d339b76c9003097e3275cc6bfe04d46781f1""]",0.5510204081632653,0.38028169014084506,1.0,0,0,0,,0.0,0.0,False,True,no_feasible_rank,0,0.08520068794413023,22,0
mouse_pancreas_tms_10x,43,0.01,pancreatic D cell,batch_heldout,outputs\mouse_pancreas_tms_10x\batch_heldout_seed43_pancreatic_d_cell_rare1pct,minus_necessity_gate,component,success,,1.6058894689214913,0.01,18225570fcb5d9ef,5,5df8f7d057bcbf31d246b2c427e5d339b76c9003097e3275cc6bfe04d46781f1,"[""mouse_pancreas_tms_10x"",""pancreatic D cell"",""18225570fcb5d9ef"",5,""5df8f7d057bcbf31d246b2c427e5d339b76c9003097e3275cc6bfe04d46781f1""]",0.5510204081632653,0.38028169014084506,1.0,0,0,0,,0.0,0.0,False,True,no_feasible_rank,0,0.08520068794413023,22,0
mouse_pancreas_tms_10x,43,0.01,pancreatic D cell,batch_heldout,outputs\mouse_pancreas_tms_10x\batch_heldout_seed43_pancreatic_d_cell_rare1pct,fixed_rank_1,component,success,,1.6058894689214913,0.01,18225570fcb5d9ef,5,5df8f7d057bcbf31d246b2c427e5d339b76c9003097e3275cc6bfe04d46781f1,"[""mouse_pancreas_tms_10x"",""pancreatic D cell"",""18225570fcb5d9ef"",5,""5df8f7d057bcbf31d246b2c427e5d339b76c9003097e3275cc6bfe04d46781f1""]",0.8721804511278195,0.8169014084507042,0.9354838709677419,31,4,35,0.8857142857142857,0.004629629629629629,0.004629629629629629,False,False,rescue_applied,1,0.08520068794413023,22,40
mouse_pancreas_tms_10x,43,0.01,pancreatic D cell,batch_heldout,outputs\mouse_pancreas_tms_10x\batch_heldout_seed43_pancreatic_d_cell_rare1pct,minus_conformal_tau,component,success,,1.6058894689214913,0.01,18225570fcb5d9ef,5,5df8f7d057bcbf31d246b2c427e5d339b76c9003097e3275cc6bfe04d46781f1,"[""mouse_pancreas_tms_10x"",""pancreatic D cell"",""18225570fcb5d9ef"",5,""5df8f7d057bcbf31d246b2c427e5d339b76c9003097e3275cc6bfe04d46781f1""]",0.5510204081632653,0.38028169014084506,1.0,0,0,0,,0.0,0.0,False,True,no_feasible_rank,0,-inf,22,0
mouse_pancreas_tms_10x,43,0.01,pancreatic D cell,batch_heldout,outputs\mouse_pancreas_tms_10x\batch_heldout_seed43_pancreatic_d_cell_rare1pct,full_method,component,success,,1.6058894689214913,0.01,18225570fcb5d9ef,5,5df8f7d057bcbf31d246b2c427e5d339b76c9003097e3275cc6bfe04d46781f1,"[""mouse_pancreas_tms_10x"",""pancreatic D cell"",""18225570fcb5d9ef"",5,""5df8f7d057bcbf31d246b2c427e5d339b76c9003097e3275cc6bfe04d46781f1""]",0.5510204081632653,0.38028169014084506,1.0,0,0,0,,0.0,0.0,False,True,no_feasible_rank,0,0.08520068794413023,22,0
mouse_pancreas_tms_10x,43,0.01,pancreatic D cell,batch_heldout,outputs\mouse_pancreas_tms_10x\batch_heldout_seed43_pancreatic_d_cell_rare1pct,rank_1,rank,success,,1.6058894689214913,0.01,18225570fcb5d9ef,5,5df8f7d057bcbf31d246b2c427e5d339b76c9003097e3275cc6bfe04d46781f1,"[""mouse_pancreas_tms_10x"",""pancreatic D cell"",""18225570fcb5d9ef"",5,""5df8f7d057bcbf31d246b2c427e5d339b76c9003097e3275cc6bfe04d46781f1""]",0.8721804511278195,0.8169014084507042,0.9354838709677419,31,4,35,0.8857142857142857,0.004629629629629629,0.004629629629629629,False,False,rescue_applied,1,0.08520068794413023,22,40
mouse_pancreas_tms_10x,43,0.01,pancreatic D cell,batch_heldout,outputs\mouse_pancreas_tms_10x\batch_heldout_seed43_pancreatic_d_cell_rare1pct,rank_2,rank,success,,1.6058894689214913,0.01,18225570fcb5d9ef,5,5df8f7d057bcbf31d246b2c427e5d339b76c9003097e3275cc6bfe04d46781f1,"[""mouse_pancreas_tms_10x"",""pancreatic D cell"",""18225570fcb5d9ef"",5,""5df8f7d057bcbf31d246b2c427e5d339b76c9003097e3275cc6bfe04d46781f1""]",0.8905109489051095,0.8591549295774648,0.9242424242424242,34,5,39,0.8717948717948718,0.005787037037037037,0.005787037037037037,False,False,rescue_applied,2,0.08520068794413023,22,95
mouse_pancreas_tms_10x,43,0.01,pancreatic D cell,batch_heldout,outputs\mouse_pancreas_tms_10x\batch_heldout_seed43_pancreatic_d_cell_rare1pct,rank_3,rank,success,,1.6058894689214913,0.01,18225570fcb5d9ef,5,5df8f7d057bcbf31d246b2c427e5d339b76c9003097e3275cc6bfe04d46781f1,"[""mouse_pancreas_tms_10x"",""pancreatic D cell"",""18225570fcb5d9ef"",5,""5df8f7d057bcbf31d246b2c427e5d339b76c9003097e3275cc6bfe04d46781f1""]",0.8905109489051095,0.8591549295774648,0.9242424242424242,34,5,39,0.8717948717948718,0.005787037037037037,0.005787037037037037,False,False,rescue_applied,3,0.08520068794413023,22,242
mouse_pancreas_tms_10x,43,0.01,pancreatic D cell,batch_heldout,outputs\mouse_pancreas_tms_10x\batch_heldout_seed43_pancreatic_d_cell_rare1pct,adaptive_rank,rank,success,,1.6058894689214913,0.01,18225570fcb5d9ef,5,5df8f7d057bcbf31d246b2c427e5d339b76c9003097e3275cc6bfe04d46781f1,"[""mouse_pancreas_tms_10x"",""pancreatic D cell"",""18225570fcb5d9ef"",5,""5df8f7d057bcbf31d246b2c427e5d339b76c9003097e3275cc6bfe04d46781f1""]",0.5510204081632653,0.38028169014084506,1.0,0,0,0,,0.0,0.0,False,True,no_feasible_rank,0,0.08520068794413023,22,0
mouse_pancreas_tms_10x,43,0.05,pancreatic D cell,batch_heldout,outputs\mouse_pancreas_tms_10x\batch_heldout_seed43_pancreatic_d_cell_rare5pct,baseline,component,success,,1.6138353343939615,0.01,18225570fcb5d9ef,8,95679432a5bff1e76d60faed7017041b619e279f857d68a205356284d685eebf,"[""mouse_pancreas_tms_10x"",""pancreatic D cell"",""18225570fcb5d9ef"",8,""95679432a5bff1e76d60faed7017041b619e279f857d68a205356284d685eebf""]",0.8360655737704918,0.7183098591549296,1.0,0,0,0,,0.0,0.0,False,False,baseline_no_rescue,0,,14,0
mouse_pancreas_tms_10x,43,0.05,pancreatic D cell,batch_heldout,outputs\mouse_pancreas_tms_10x\batch_heldout_seed43_pancreatic_d_cell_rare5pct,minus_separability_gate,component,success,,1.6138353343939615,0.01,18225570fcb5d9ef,8,95679432a5bff1e76d60faed7017041b619e279f857d68a205356284d685eebf,"[""mouse_pancreas_tms_10x"",""pancreatic D cell"",""18225570fcb5d9ef"",8,""95679432a5bff1e76d60faed7017041b619e279f857d68a205356284d685eebf""]",0.8360655737704918,0.7183098591549296,1.0,0,0,0,,0.0,0.0,False,True,no_feasible_rank,0,0.07643526315692259,14,0
mouse_pancreas_tms_10x,43,0.05,pancreatic D cell,batch_heldout,outputs\mouse_pancreas_tms_10x\batch_heldout_seed43_pancreatic_d_cell_rare5pct,minus_necessity_gate,component,success,,1.6138353343939615,0.01,18225570fcb5d9ef,8,95679432a5bff1e76d60faed7017041b619e279f857d68a205356284d685eebf,"[""mouse_pancreas_tms_10x"",""pancreatic D cell"",""18225570fcb5d9ef"",8,""95679432a5bff1e76d60faed7017041b619e279f857d68a205356284d685eebf""]",0.8360655737704918,0.7183098591549296,1.0,0,0,0,,0.0,0.0,False,True,no_feasible_rank,0,0.07643526315692259,14,0
mouse_pancreas_tms_10x,43,0.05,pancreatic D cell,batch_heldout,outputs\mouse_pancreas_tms_10x\batch_heldout_seed43_pancreatic_d_cell_rare5pct,fixed_rank_1,component,success,,1.6138353343939615,0.01,18225570fcb5d9ef,8,95679432a5bff1e76d60faed7017041b619e279f857d68a205356284d685eebf,"[""mouse_pancreas_tms_10x"",""pancreatic D cell"",""18225570fcb5d9ef"",8,""95679432a5bff1e76d60faed7017041b619e279f857d68a205356284d685eebf""]",0.8787878787878788,0.8169014084507042,0.9508196721311475,7,3,10,0.7,0.003472222222222222,0.003472222222222222,False,False,rescue_applied,1,0.07643526315692259,14,21
mouse_pancreas_tms_10x,43,0.05,pancreatic D cell,batch_heldout,outputs\mouse_pancreas_tms_10x\batch_heldout_seed43_pancreatic_d_cell_rare5pct,minus_conformal_tau,component,success,,1.6138353343939615,0.01,18225570fcb5d9ef,8,95679432a5bff1e76d60faed7017041b619e279f857d68a205356284d685eebf,"[""mouse_pancreas_tms_10x"",""pancreatic D cell"",""18225570fcb5d9ef"",8,""95679432a5bff1e76d60faed7017041b619e279f857d68a205356284d685eebf""]",0.8360655737704918,0.7183098591549296,1.0,0,0,0,,0.0,0.0,False,True,no_feasible_rank,0,-inf,14,0
mouse_pancreas_tms_10x,43,0.05,pancreatic D cell,batch_heldout,outputs\mouse_pancreas_tms_10x\batch_heldout_seed43_pancreatic_d_cell_rare5pct,full_method,component,success,,1.6138353343939615,0.01,18225570fcb5d9ef,8,95679432a5bff1e76d60faed7017041b619e279f857d68a205356284d685eebf,"[""mouse_pancreas_tms_10x"",""pancreatic D cell"",""18225570fcb5d9ef"",8,""95679432a5bff1e76d60faed7017041b619e279f857d68a205356284d685eebf""]",0.8360655737704918,0.7183098591549296,1.0,0,0,0,,0.0,0.0,False,True,no_feasible_rank,0,0.07643526315692259,14,0
mouse_pancreas_tms_10x,43,0.05,pancreatic D cell,batch_heldout,outputs\mouse_pancreas_tms_10x\batch_heldout_seed43_pancreatic_d_cell_rare5pct,rank_1,rank,success,,1.6138353343939615,0.01,18225570fcb5d9ef,8,95679432a5bff1e76d60faed7017041b619e279f857d68a205356284d685eebf,"[""mouse_pancreas_tms_10x"",""pancreatic D cell"",""18225570fcb5d9ef"",8,""95679432a5bff1e76d60faed7017041b619e279f857d68a205356284d685eebf""]",0.8787878787878788,0.8169014084507042,0.9508196721311475,7,3,10,0.7,0.003472222222222222,0.003472222222222222,False,False,rescue_applied,1,0.07643526315692259,14,21
mouse_pancreas_tms_10x,43,0.05,pancreatic D cell,batch_heldout,outputs\mouse_pancreas_tms_10x\batch_heldout_seed43_pancreatic_d_cell_rare5pct,rank_2,rank,success,,1.6138353343939615,0.01,18225570fcb5d9ef,8,95679432a5bff1e76d60faed7017041b619e279f857d68a205356284d685eebf,"[""mouse_pancreas_tms_10x"",""pancreatic D cell"",""18225570fcb5d9ef"",8,""95679432a5bff1e76d60faed7017041b619e279f857d68a205356284d685eebf""]",0.8970588235294118,0.8591549295774648,0.9384615384615385,10,4,14,0.7142857142857143,0.004629629629629629,0.004629629629629629,False,False,rescue_applied,2,0.07643526315692259,14,174
mouse_pancreas_tms_10x,43,0.05,pancreatic D cell,batch_heldout,outputs\mouse_pancreas_tms_10x\batch_heldout_seed43_pancreatic_d_cell_rare5pct,rank_3,rank,success,,1.6138353343939615,0.01,18225570fcb5d9ef,8,95679432a5bff1e76d60faed7017041b619e279f857d68a205356284d685eebf,"[""mouse_pancreas_tms_10x"",""pancreatic D cell"",""18225570fcb5d9ef"",8,""95679432a5bff1e76d60faed7017041b619e279f857d68a205356284d685eebf""]",0.8970588235294118,0.8591549295774648,0.9384615384615385,10,4,14,0.7142857142857143,0.004629629629629629,0.004629629629629629,False,False,rescue_applied,3,0.07643526315692259,14,506
mouse_pancreas_tms_10x,43,0.05,pancreatic D cell,batch_heldout,outputs\mouse_pancreas_tms_10x\batch_heldout_seed43_pancreatic_d_cell_rare5pct,adaptive_rank,rank,success,,1.6138353343939615,0.01,18225570fcb5d9ef,8,95679432a5bff1e76d60faed7017041b619e279f857d68a205356284d685eebf,"[""mouse_pancreas_tms_10x"",""pancreatic D cell"",""18225570fcb5d9ef"",8,""95679432a5bff1e76d60faed7017041b619e279f857d68a205356284d685eebf""]",0.8360655737704918,0.7183098591549296,1.0,0,0,0,,0.0,0.0,False,True,no_feasible_rank,0,0.07643526315692259,14,0
mouse_pancreas_tms_10x,43,0.10,pancreatic D cell,batch_heldout,outputs\mouse_pancreas_tms_10x\batch_heldout_seed43_pancreatic_d_cell_rare10pct,baseline,component,success,,1.4506834085291906,0.01,18225570fcb5d9ef,17,3a237894e6f21599ddea3fb9a0a11b5f4b5ae12224dd1ff4d572d9d50256a344,"[""mouse_pancreas_tms_10x"",""pancreatic D cell"",""18225570fcb5d9ef"",17,""3a237894e6f21599ddea3fb9a0a11b5f4b5ae12224dd1ff4d572d9d50256a344""]",0.9104477611940298,0.8591549295774648,0.9682539682539683,0,0,0,,0.0,0.0,False,False,baseline_no_rescue,0,,7,0
mouse_pancreas_tms_10x,43,0.10,pancreatic D cell,batch_heldout,outputs\mouse_pancreas_tms_10x\batch_heldout_seed43_pancreatic_d_cell_rare10pct,minus_separability_gate,component,success,,1.4506834085291906,0.01,18225570fcb5d9ef,17,3a237894e6f21599ddea3fb9a0a11b5f4b5ae12224dd1ff4d572d9d50256a344,"[""mouse_pancreas_tms_10x"",""pancreatic D cell"",""18225570fcb5d9ef"",17,""3a237894e6f21599ddea3fb9a0a11b5f4b5ae12224dd1ff4d572d9d50256a344""]",0.9104477611940298,0.8591549295774648,0.9682539682539683,0,0,0,,0.0,0.0,False,True,no_feasible_rank,0,0.16154852607785986,7,0
mouse_pancreas_tms_10x,43,0.10,pancreatic D cell,batch_heldout,outputs\mouse_pancreas_tms_10x\batch_heldout_seed43_pancreatic_d_cell_rare10pct,minus_necessity_gate,component,success,,1.4506834085291906,0.01,18225570fcb5d9ef,17,3a237894e6f21599ddea3fb9a0a11b5f4b5ae12224dd1ff4d572d9d50256a344,"[""mouse_pancreas_tms_10x"",""pancreatic D cell"",""18225570fcb5d9ef"",17,""3a237894e6f21599ddea3fb9a0a11b5f4b5ae12224dd1ff4d572d9d50256a344""]",0.9104477611940298,0.8591549295774648,0.9682539682539683,0,0,0,,0.0,0.0,False,True,no_feasible_rank,0,0.16154852607785986,7,0
mouse_pancreas_tms_10x,43,0.10,pancreatic D cell,batch_heldout,outputs\mouse_pancreas_tms_10x\batch_heldout_seed43_pancreatic_d_cell_rare10pct,fixed_rank_1,component,success,,1.4506834085291906,0.01,18225570fcb5d9ef,17,3a237894e6f21599ddea3fb9a0a11b5f4b5ae12224dd1ff4d572d9d50256a344,"[""mouse_pancreas_tms_10x"",""pancreatic D cell"",""18225570fcb5d9ef"",17,""3a237894e6f21599ddea3fb9a0a11b5f4b5ae12224dd1ff4d572d9d50256a344""]",0.9064748201438849,0.8873239436619719,0.9264705882352942,2,3,5,0.4,0.003472222222222222,0.003472222222222222,False,False,rescue_applied,1,0.16154852607785986,7,12
mouse_pancreas_tms_10x,43,0.10,pancreatic D cell,batch_heldout,outputs\mouse_pancreas_tms_10x\batch_heldout_seed43_pancreatic_d_cell_rare10pct,minus_conformal_tau,component,success,,1.4506834085291906,0.01,18225570fcb5d9ef,17,3a237894e6f21599ddea3fb9a0a11b5f4b5ae12224dd1ff4d572d9d50256a344,"[""mouse_pancreas_tms_10x"",""pancreatic D cell"",""18225570fcb5d9ef"",17,""3a237894e6f21599ddea3fb9a0a11b5f4b5ae12224dd1ff4d572d9d50256a344""]",0.9104477611940298,0.8591549295774648,0.9682539682539683,0,0,0,,0.0,0.0,False,True,no_feasible_rank,0,-inf,7,0
mouse_pancreas_tms_10x,43,0.10,pancreatic D cell,batch_heldout,outputs\mouse_pancreas_tms_10x\batch_heldout_seed43_pancreatic_d_cell_rare10pct,full_method,component,success,,1.4506834085291906,0.01,18225570fcb5d9ef,17,3a237894e6f21599ddea3fb9a0a11b5f4b5ae12224dd1ff4d572d9d50256a344,"[""mouse_pancreas_tms_10x"",""pancreatic D cell"",""18225570fcb5d9ef"",17,""3a237894e6f21599ddea3fb9a0a11b5f4b5ae12224dd1ff4d572d9d50256a344""]",0.9104477611940298,0.8591549295774648,0.9682539682539683,0,0,0,,0.0,0.0,False,True,no_feasible_rank,0,0.16154852607785986,7,0
mouse_pancreas_tms_10x,43,0.10,pancreatic D cell,batch_heldout,outputs\mouse_pancreas_tms_10x\batch_heldout_seed43_pancreatic_d_cell_rare10pct,rank_1,rank,success,,1.4506834085291906,0.01,18225570fcb5d9ef,17,3a237894e6f21599ddea3fb9a0a11b5f4b5ae12224dd1ff4d572d9d50256a344,"[""mouse_pancreas_tms_10x"",""pancreatic D cell"",""18225570fcb5d9ef"",17,""3a237894e6f21599ddea3fb9a0a11b5f4b5ae12224dd1ff4d572d9d50256a344""]",0.9064748201438849,0.8873239436619719,0.9264705882352942,2,3,5,0.4,0.003472222222222222,0.003472222222222222,False,False,rescue_applied,1,0.16154852607785986,7,12
mouse_pancreas_tms_10x,43,0.10,pancreatic D cell,batch_heldout,outputs\mouse_pancreas_tms_10x\batch_heldout_seed43_pancreatic_d_cell_rare10pct,rank_2,rank,success,,1.4506834085291906,0.01,18225570fcb5d9ef,17,3a237894e6f21599ddea3fb9a0a11b5f4b5ae12224dd1ff4d572d9d50256a344,"[""mouse_pancreas_tms_10x"",""pancreatic D cell"",""18225570fcb5d9ef"",17,""3a237894e6f21599ddea3fb9a0a11b5f4b5ae12224dd1ff4d572d9d50256a344""]",0.9142857142857143,0.9014084507042254,0.927536231884058,3,3,6,0.5,0.003472222222222222,0.003472222222222222,False,False,rescue_applied,2,0.16154852607785986,7,177
mouse_pancreas_tms_10x,43,0.10,pancreatic D cell,batch_heldout,outputs\mouse_pancreas_tms_10x\batch_heldout_seed43_pancreatic_d_cell_rare10pct,rank_3,rank,success,,1.4506834085291906,0.01,18225570fcb5d9ef,17,3a237894e6f21599ddea3fb9a0a11b5f4b5ae12224dd1ff4d572d9d50256a344,"[""mouse_pancreas_tms_10x"",""pancreatic D cell"",""18225570fcb5d9ef"",17,""3a237894e6f21599ddea3fb9a0a11b5f4b5ae12224dd1ff4d572d9d50256a344""]",0.9142857142857143,0.9014084507042254,0.927536231884058,3,3,6,0.5,0.003472222222222222,0.003472222222222222,False,False,rescue_applied,3,0.16154852607785986,7,503
mouse_pancreas_tms_10x,43,0.10,pancreatic D cell,batch_heldout,outputs\mouse_pancreas_tms_10x\batch_heldout_seed43_pancreatic_d_cell_rare10pct,adaptive_rank,rank,success,,1.4506834085291906,0.01,18225570fcb5d9ef,17,3a237894e6f21599ddea3fb9a0a11b5f4b5ae12224dd1ff4d572d9d50256a344,"[""mouse_pancreas_tms_10x"",""pancreatic D cell"",""18225570fcb5d9ef"",17,""3a237894e6f21599ddea3fb9a0a11b5f4b5ae12224dd1ff4d572d9d50256a344""]",0.9104477611940298,0.8591549295774648,0.9682539682539683,0,0,0,,0.0,0.0,False,True,no_feasible_rank,0,0.16154852607785986,7,0
mouse_pancreas_tms_10x,43,all,pancreatic D cell,batch_heldout,outputs\mouse_pancreas_tms_10x\batch_heldout_seed43_pancreatic_d_cell_rareall,baseline,component,success,,1.3268278354603447,0.01,18225570fcb5d9ef,174,8b20b81b901a4d91e9f3d77dff05562c430d05b695b379aedbfd27999959fe0c,"[""mouse_pancreas_tms_10x"",""pancreatic D cell"",""18225570fcb5d9ef"",174,""8b20b81b901a4d91e9f3d77dff05562c430d05b695b379aedbfd27999959fe0c""]",0.950354609929078,0.9436619718309859,0.9571428571428572,0,0,0,,0.0,0.0,False,False,baseline_no_rescue,0,,4,0
mouse_pancreas_tms_10x,43,all,pancreatic D cell,batch_heldout,outputs\mouse_pancreas_tms_10x\batch_heldout_seed43_pancreatic_d_cell_rareall,minus_separability_gate,component,success,,1.3268278354603447,0.01,18225570fcb5d9ef,174,8b20b81b901a4d91e9f3d77dff05562c430d05b695b379aedbfd27999959fe0c,"[""mouse_pancreas_tms_10x"",""pancreatic D cell"",""18225570fcb5d9ef"",174,""8b20b81b901a4d91e9f3d77dff05562c430d05b695b379aedbfd27999959fe0c""]",0.950354609929078,0.9436619718309859,0.9571428571428572,0,0,0,,0.0,0.0,False,True,no_feasible_rank,0,0.12695769788491382,4,0
mouse_pancreas_tms_10x,43,all,pancreatic D cell,batch_heldout,outputs\mouse_pancreas_tms_10x\batch_heldout_seed43_pancreatic_d_cell_rareall,minus_necessity_gate,component,success,,1.3268278354603447,0.01,18225570fcb5d9ef,174,8b20b81b901a4d91e9f3d77dff05562c430d05b695b379aedbfd27999959fe0c,"[""mouse_pancreas_tms_10x"",""pancreatic D cell"",""18225570fcb5d9ef"",174,""8b20b81b901a4d91e9f3d77dff05562c430d05b695b379aedbfd27999959fe0c""]",0.950354609929078,0.9436619718309859,0.9571428571428572,0,0,0,,0.0,0.0,False,True,no_feasible_rank,0,0.12695769788491382,4,0
mouse_pancreas_tms_10x,43,all,pancreatic D cell,batch_heldout,outputs\mouse_pancreas_tms_10x\batch_heldout_seed43_pancreatic_d_cell_rareall,fixed_rank_1,component,success,,1.3268278354603447,0.01,18225570fcb5d9ef,174,8b20b81b901a4d91e9f3d77dff05562c430d05b695b379aedbfd27999959fe0c,"[""mouse_pancreas_tms_10x"",""pancreatic D cell"",""18225570fcb5d9ef"",174,""8b20b81b901a4d91e9f3d77dff05562c430d05b695b379aedbfd27999959fe0c""]",0.9315068493150684,0.9577464788732394,0.9066666666666666,1,4,5,0.2,0.004629629629629629,0.004629629629629629,False,False,rescue_applied,1,0.12695769788491382,4,9
mouse_pancreas_tms_10x,43,all,pancreatic D cell,batch_heldout,outputs\mouse_pancreas_tms_10x\batch_heldout_seed43_pancreatic_d_cell_rareall,minus_conformal_tau,component,success,,1.3268278354603447,0.01,18225570fcb5d9ef,174,8b20b81b901a4d91e9f3d77dff05562c430d05b695b379aedbfd27999959fe0c,"[""mouse_pancreas_tms_10x"",""pancreatic D cell"",""18225570fcb5d9ef"",174,""8b20b81b901a4d91e9f3d77dff05562c430d05b695b379aedbfd27999959fe0c""]",0.950354609929078,0.9436619718309859,0.9571428571428572,0,0,0,,0.0,0.0,False,True,no_feasible_rank,0,-inf,4,0
mouse_pancreas_tms_10x,43,all,pancreatic D cell,batch_heldout,outputs\mouse_pancreas_tms_10x\batch_heldout_seed43_pancreatic_d_cell_rareall,full_method,component,success,,1.3268278354603447,0.01,18225570fcb5d9ef,174,8b20b81b901a4d91e9f3d77dff05562c430d05b695b379aedbfd27999959fe0c,"[""mouse_pancreas_tms_10x"",""pancreatic D cell"",""18225570fcb5d9ef"",174,""8b20b81b901a4d91e9f3d77dff05562c430d05b695b379aedbfd27999959fe0c""]",0.950354609929078,0.9436619718309859,0.9571428571428572,0,0,0,,0.0,0.0,False,True,no_feasible_rank,0,0.12695769788491382,4,0
mouse_pancreas_tms_10x,43,all,pancreatic D cell,batch_heldout,outputs\mouse_pancreas_tms_10x\batch_heldout_seed43_pancreatic_d_cell_rareall,rank_1,rank,success,,1.3268278354603447,0.01,18225570fcb5d9ef,174,8b20b81b901a4d91e9f3d77dff05562c430d05b695b379aedbfd27999959fe0c,"[""mouse_pancreas_tms_10x"",""pancreatic D cell"",""18225570fcb5d9ef"",174,""8b20b81b901a4d91e9f3d77dff05562c430d05b695b379aedbfd27999959fe0c""]",0.9315068493150684,0.9577464788732394,0.9066666666666666,1,4,5,0.2,0.004629629629629629,0.004629629629629629,False,False,rescue_applied,1,0.12695769788491382,4,9
mouse_pancreas_tms_10x,43,all,pancreatic D cell,batch_heldout,outputs\mouse_pancreas_tms_10x\batch_heldout_seed43_pancreatic_d_cell_rareall,rank_2,rank,success,,1.3268278354603447,0.01,18225570fcb5d9ef,174,8b20b81b901a4d91e9f3d77dff05562c430d05b695b379aedbfd27999959fe0c,"[""mouse_pancreas_tms_10x"",""pancreatic D cell"",""18225570fcb5d9ef"",174,""8b20b81b901a4d91e9f3d77dff05562c430d05b695b379aedbfd27999959fe0c""]",0.9251700680272109,0.9577464788732394,0.8947368421052632,1,5,6,0.16666666666666666,0.005787037037037037,0.005787037037037037,False,False,rescue_applied,2,0.12695769788491382,4,169
mouse_pancreas_tms_10x,43,all,pancreatic D cell,batch_heldout,outputs\mouse_pancreas_tms_10x\batch_heldout_seed43_pancreatic_d_cell_rareall,rank_3,rank,success,,1.3268278354603447,0.01,18225570fcb5d9ef,174,8b20b81b901a4d91e9f3d77dff05562c430d05b695b379aedbfd27999959fe0c,"[""mouse_pancreas_tms_10x"",""pancreatic D cell"",""18225570fcb5d9ef"",174,""8b20b81b901a4d91e9f3d77dff05562c430d05b695b379aedbfd27999959fe0c""]",0.9251700680272109,0.9577464788732394,0.8947368421052632,1,5,6,0.16666666666666666,0.005787037037037037,0.005787037037037037,False,False,rescue_applied,3,0.12695769788491382,4,508
mouse_pancreas_tms_10x,43,all,pancreatic D cell,batch_heldout,outputs\mouse_pancreas_tms_10x\batch_heldout_seed43_pancreatic_d_cell_rareall,adaptive_rank,rank,success,,1.3268278354603447,0.01,18225570fcb5d9ef,174,8b20b81b901a4d91e9f3d77dff05562c430d05b695b379aedbfd27999959fe0c,"[""mouse_pancreas_tms_10x"",""pancreatic D cell"",""18225570fcb5d9ef"",174,""8b20b81b901a4d91e9f3d77dff05562c430d05b695b379aedbfd27999959fe0c""]",0.950354609929078,0.9436619718309859,0.9571428571428572,0,0,0,,0.0,0.0,False,True,no_feasible_rank,0,0.12695769788491382,4,0
mouse_pancreas_tms_10x,44,0.01,pancreatic D cell,batch_heldout,outputs\mouse_pancreas_tms_10x\batch_heldout_seed44_pancreatic_d_cell_rare1pct,baseline,component,success,,2.039264764430705,0.01,18225570fcb5d9ef,5,9b15207fbaeeddd62642c3690cea35eb113a5129d818a3409b6ca0af3bfbfbc0,"[""mouse_pancreas_tms_10x"",""pancreatic D cell"",""18225570fcb5d9ef"",5,""9b15207fbaeeddd62642c3690cea35eb113a5129d818a3409b6ca0af3bfbfbc0""]",0.7090909090909091,0.5492957746478874,1.0,0,0,0,,0.0,0.0,False,False,baseline_no_rescue,0,,16,0
mouse_pancreas_tms_10x,44,0.01,pancreatic D cell,batch_heldout,outputs\mouse_pancreas_tms_10x\batch_heldout_seed44_pancreatic_d_cell_rare1pct,minus_separability_gate,component,success,,2.039264764430705,0.01,18225570fcb5d9ef,5,9b15207fbaeeddd62642c3690cea35eb113a5129d818a3409b6ca0af3bfbfbc0,"[""mouse_pancreas_tms_10x"",""pancreatic D cell"",""18225570fcb5d9ef"",5,""9b15207fbaeeddd62642c3690cea35eb113a5129d818a3409b6ca0af3bfbfbc0""]",0.7090909090909091,0.5492957746478874,1.0,0,0,0,,0.0,0.0,False,True,no_feasible_rank,0,0.08311674062916484,16,0
mouse_pancreas_tms_10x,44,0.01,pancreatic D cell,batch_heldout,outputs\mouse_pancreas_tms_10x\batch_heldout_seed44_pancreatic_d_cell_rare1pct,minus_necessity_gate,component,success,,2.039264764430705,0.01,18225570fcb5d9ef,5,9b15207fbaeeddd62642c3690cea35eb113a5129d818a3409b6ca0af3bfbfbc0,"[""mouse_pancreas_tms_10x"",""pancreatic D cell"",""18225570fcb5d9ef"",5,""9b15207fbaeeddd62642c3690cea35eb113a5129d818a3409b6ca0af3bfbfbc0""]",0.7090909090909091,0.5492957746478874,1.0,0,0,0,,0.0,0.0,False,True,no_feasible_rank,0,0.08311674062916484,16,0
mouse_pancreas_tms_10x,44,0.01,pancreatic D cell,batch_heldout,outputs\mouse_pancreas_tms_10x\batch_heldout_seed44_pancreatic_d_cell_rare1pct,fixed_rank_1,component,success,,2.039264764430705,0.01,18225570fcb5d9ef,5,9b15207fbaeeddd62642c3690cea35eb113a5129d818a3409b6ca0af3bfbfbc0,"[""mouse_pancreas_tms_10x"",""pancreatic D cell"",""18225570fcb5d9ef"",5,""9b15207fbaeeddd62642c3690cea35eb113a5129d818a3409b6ca0af3bfbfbc0""]",0.8857142857142857,0.8732394366197183,0.8985507246376812,23,7,30,0.7666666666666667,0.008101851851851851,0.008101851851851851,False,False,rescue_applied,1,0.08311674062916484,16,33
mouse_pancreas_tms_10x,44,0.01,pancreatic D cell,batch_heldout,outputs\mouse_pancreas_tms_10x\batch_heldout_seed44_pancreatic_d_cell_rare1pct,minus_conformal_tau,component,success,,2.039264764430705,0.01,18225570fcb5d9ef,5,9b15207fbaeeddd62642c3690cea35eb113a5129d818a3409b6ca0af3bfbfbc0,"[""mouse_pancreas_tms_10x"",""pancreatic D cell"",""18225570fcb5d9ef"",5,""9b15207fbaeeddd62642c3690cea35eb113a5129d818a3409b6ca0af3bfbfbc0""]",0.7090909090909091,0.5492957746478874,1.0,0,0,0,,0.0,0.0,False,True,no_feasible_rank,0,-inf,16,0
mouse_pancreas_tms_10x,44,0.01,pancreatic D cell,batch_heldout,outputs\mouse_pancreas_tms_10x\batch_heldout_seed44_pancreatic_d_cell_rare1pct,full_method,component,success,,2.039264764430705,0.01,18225570fcb5d9ef,5,9b15207fbaeeddd62642c3690cea35eb113a5129d818a3409b6ca0af3bfbfbc0,"[""mouse_pancreas_tms_10x"",""pancreatic D cell"",""18225570fcb5d9ef"",5,""9b15207fbaeeddd62642c3690cea35eb113a5129d818a3409b6ca0af3bfbfbc0""]",0.7090909090909091,0.5492957746478874,1.0,0,0,0,,0.0,0.0,False,True,no_feasible_rank,0,0.08311674062916484,16,0
mouse_pancreas_tms_10x,44,0.01,pancreatic D cell,batch_heldout,outputs\mouse_pancreas_tms_10x\batch_heldout_seed44_pancreatic_d_cell_rare1pct,rank_1,rank,success,,2.039264764430705,0.01,18225570fcb5d9ef,5,9b15207fbaeeddd62642c3690cea35eb113a5129d818a3409b6ca0af3bfbfbc0,"[""mouse_pancreas_tms_10x"",""pancreatic D cell"",""18225570fcb5d9ef"",5,""9b15207fbaeeddd62642c3690cea35eb113a5129d818a3409b6ca0af3bfbfbc0""]",0.8857142857142857,0.8732394366197183,0.8985507246376812,23,7,30,0.7666666666666667,0.008101851851851851,0.008101851851851851,False,False,rescue_applied,1,0.08311674062916484,16,33
mouse_pancreas_tms_10x,44,0.01,pancreatic D cell,batch_heldout,outputs\mouse_pancreas_tms_10x\batch_heldout_seed44_pancreatic_d_cell_rare1pct,rank_2,rank,success,,2.039264764430705,0.01,18225570fcb5d9ef,5,9b15207fbaeeddd62642c3690cea35eb113a5129d818a3409b6ca0af3bfbfbc0,"[""mouse_pancreas_tms_10x"",""pancreatic D cell"",""18225570fcb5d9ef"",5,""9b15207fbaeeddd62642c3690cea35eb113a5129d818a3409b6ca0af3bfbfbc0""]",0.8589743589743589,0.9436619718309859,0.788235294117647,28,18,46,0.6086956521739131,0.020833333333333332,0.020833333333333332,True,False,rescue_applied,2,0.08311674062916484,16,261
mouse_pancreas_tms_10x,44,0.01,pancreatic D cell,batch_heldout,outputs\mouse_pancreas_tms_10x\batch_heldout_seed44_pancreatic_d_cell_rare1pct,rank_3,rank,success,,2.039264764430705,0.01,18225570fcb5d9ef,5,9b15207fbaeeddd62642c3690cea35eb113a5129d818a3409b6ca0af3bfbfbc0,"[""mouse_pancreas_tms_10x"",""pancreatic D cell"",""18225570fcb5d9ef"",5,""9b15207fbaeeddd62642c3690cea35eb113a5129d818a3409b6ca0af3bfbfbc0""]",0.8535031847133758,0.9436619718309859,0.7790697674418605,28,19,47,0.5957446808510638,0.02199074074074074,0.02199074074074074,True,False,rescue_applied,3,0.08311674062916484,16,549
mouse_pancreas_tms_10x,44,0.01,pancreatic D cell,batch_heldout,outputs\mouse_pancreas_tms_10x\batch_heldout_seed44_pancreatic_d_cell_rare1pct,adaptive_rank,rank,success,,2.039264764430705,0.01,18225570fcb5d9ef,5,9b15207fbaeeddd62642c3690cea35eb113a5129d818a3409b6ca0af3bfbfbc0,"[""mouse_pancreas_tms_10x"",""pancreatic D cell"",""18225570fcb5d9ef"",5,""9b15207fbaeeddd62642c3690cea35eb113a5129d818a3409b6ca0af3bfbfbc0""]",0.7090909090909091,0.5492957746478874,1.0,0,0,0,,0.0,0.0,False,True,no_feasible_rank,0,0.08311674062916484,16,0
mouse_pancreas_tms_10x,44,0.05,pancreatic D cell,batch_heldout,outputs\mouse_pancreas_tms_10x\batch_heldout_seed44_pancreatic_d_cell_rare5pct,baseline,component,success,,1.8392907613264637,0.01,18225570fcb5d9ef,8,6c3befb76a63a359893ae3cbab29c4a843d77a945fb71256dfc39dd9819b23ea,"[""mouse_pancreas_tms_10x"",""pancreatic D cell"",""18225570fcb5d9ef"",8,""6c3befb76a63a359893ae3cbab29c4a843d77a945fb71256dfc39dd9819b23ea""]",0.9076923076923077,0.8309859154929577,1.0,0,0,0,,0.0,0.0,False,False,baseline_no_rescue,0,,10,0
mouse_pancreas_tms_10x,44,0.05,pancreatic D cell,batch_heldout,outputs\mouse_pancreas_tms_10x\batch_heldout_seed44_pancreatic_d_cell_rare5pct,minus_separability_gate,component,success,,1.8392907613264637,0.01,18225570fcb5d9ef,8,6c3befb76a63a359893ae3cbab29c4a843d77a945fb71256dfc39dd9819b23ea,"[""mouse_pancreas_tms_10x"",""pancreatic D cell"",""18225570fcb5d9ef"",8,""6c3befb76a63a359893ae3cbab29c4a843d77a945fb71256dfc39dd9819b23ea""]",0.9076923076923077,0.8309859154929577,1.0,0,0,0,,0.0,0.0,False,True,no_feasible_rank,0,0.09851364781546233,10,0
mouse_pancreas_tms_10x,44,0.05,pancreatic D cell,batch_heldout,outputs\mouse_pancreas_tms_10x\batch_heldout_seed44_pancreatic_d_cell_rare5pct,minus_necessity_gate,component,success,,1.8392907613264637,0.01,18225570fcb5d9ef,8,6c3befb76a63a359893ae3cbab29c4a843d77a945fb71256dfc39dd9819b23ea,"[""mouse_pancreas_tms_10x"",""pancreatic D cell"",""18225570fcb5d9ef"",8,""6c3befb76a63a359893ae3cbab29c4a843d77a945fb71256dfc39dd9819b23ea""]",0.9076923076923077,0.8309859154929577,1.0,0,0,0,,0.0,0.0,False,True,no_feasible_rank,0,0.09851364781546233,10,0
mouse_pancreas_tms_10x,44,0.05,pancreatic D cell,batch_heldout,outputs\mouse_pancreas_tms_10x\batch_heldout_seed44_pancreatic_d_cell_rare5pct,fixed_rank_1,component,success,,1.8392907613264637,0.01,18225570fcb5d9ef,8,6c3befb76a63a359893ae3cbab29c4a843d77a945fb71256dfc39dd9819b23ea,"[""mouse_pancreas_tms_10x"",""pancreatic D cell"",""18225570fcb5d9ef"",8,""6c3befb76a63a359893ae3cbab29c4a843d77a945fb71256dfc39dd9819b23ea""]",0.948905109489051,0.9154929577464789,0.9848484848484849,6,1,7,0.8571428571428571,0.0011574074074074073,0.0011574074074074073,False,False,rescue_applied,1,0.09851364781546233,10,17
mouse_pancreas_tms_10x,44,0.05,pancreatic D cell,batch_heldout,outputs\mouse_pancreas_tms_10x\batch_heldout_seed44_pancreatic_d_cell_rare5pct,minus_conformal_tau,component,success,,1.8392907613264637,0.01,18225570fcb5d9ef,8,6c3befb76a63a359893ae3cbab29c4a843d77a945fb71256dfc39dd9819b23ea,"[""mouse_pancreas_tms_10x"",""pancreatic D cell"",""18225570fcb5d9ef"",8,""6c3befb76a63a359893ae3cbab29c4a843d77a945fb71256dfc39dd9819b23ea""]",0.9076923076923077,0.8309859154929577,1.0,0,0,0,,0.0,0.0,False,True,no_feasible_rank,0,-inf,10,0
mouse_pancreas_tms_10x,44,0.05,pancreatic D cell,batch_heldout,outputs\mouse_pancreas_tms_10x\batch_heldout_seed44_pancreatic_d_cell_rare5pct,full_method,component,success,,1.8392907613264637,0.01,18225570fcb5d9ef,8,6c3befb76a63a359893ae3cbab29c4a843d77a945fb71256dfc39dd9819b23ea,"[""mouse_pancreas_tms_10x"",""pancreatic D cell"",""18225570fcb5d9ef"",8,""6c3befb76a63a359893ae3cbab29c4a843d77a945fb71256dfc39dd9819b23ea""]",0.9076923076923077,0.8309859154929577,1.0,0,0,0,,0.0,0.0,False,True,no_feasible_rank,0,0.09851364781546233,10,0
mouse_pancreas_tms_10x,44,0.05,pancreatic D cell,batch_heldout,outputs\mouse_pancreas_tms_10x\batch_heldout_seed44_pancreatic_d_cell_rare5pct,rank_1,rank,success,,1.8392907613264637,0.01,18225570fcb5d9ef,8,6c3befb76a63a359893ae3cbab29c4a843d77a945fb71256dfc39dd9819b23ea,"[""mouse_pancreas_tms_10x"",""pancreatic D cell"",""18225570fcb5d9ef"",8,""6c3befb76a63a359893ae3cbab29c4a843d77a945fb71256dfc39dd9819b23ea""]",0.948905109489051,0.9154929577464789,0.9848484848484849,6,1,7,0.8571428571428571,0.0011574074074074073,0.0011574074074074073,False,False,rescue_applied,1,0.09851364781546233,10,17
mouse_pancreas_tms_10x,44,0.05,pancreatic D cell,batch_heldout,outputs\mouse_pancreas_tms_10x\batch_heldout_seed44_pancreatic_d_cell_rare5pct,rank_2,rank,success,,1.8392907613264637,0.01,18225570fcb5d9ef,8,6c3befb76a63a359893ae3cbab29c4a843d77a945fb71256dfc39dd9819b23ea,"[""mouse_pancreas_tms_10x"",""pancreatic D cell"",""18225570fcb5d9ef"",8,""6c3befb76a63a359893ae3cbab29c4a843d77a945fb71256dfc39dd9819b23ea""]",0.9565217391304348,0.9295774647887324,0.9850746268656716,7,1,8,0.875,0.0011574074074074073,0.0011574074074074073,False,False,rescue_applied,2,0.09851364781546233,10,241
mouse_pancreas_tms_10x,44,0.05,pancreatic D cell,batch_heldout,outputs\mouse_pancreas_tms_10x\batch_heldout_seed44_pancreatic_d_cell_rare5pct,rank_3,rank,success,,1.8392907613264637,0.01,18225570fcb5d9ef,8,6c3befb76a63a359893ae3cbab29c4a843d77a945fb71256dfc39dd9819b23ea,"[""mouse_pancreas_tms_10x"",""pancreatic D cell"",""18225570fcb5d9ef"",8,""6c3befb76a63a359893ae3cbab29c4a843d77a945fb71256dfc39dd9819b23ea""]",0.9565217391304348,0.9295774647887324,0.9850746268656716,7,1,8,0.875,0.0011574074074074073,0.0011574074074074073,False,False,rescue_applied,3,0.09851364781546233,10,516
mouse_pancreas_tms_10x,44,0.05,pancreatic D cell,batch_heldout,outputs\mouse_pancreas_tms_10x\batch_heldout_seed44_pancreatic_d_cell_rare5pct,adaptive_rank,rank,success,,1.8392907613264637,0.01,18225570fcb5d9ef,8,6c3befb76a63a359893ae3cbab29c4a843d77a945fb71256dfc39dd9819b23ea,"[""mouse_pancreas_tms_10x"",""pancreatic D cell"",""18225570fcb5d9ef"",8,""6c3befb76a63a359893ae3cbab29c4a843d77a945fb71256dfc39dd9819b23ea""]",0.9076923076923077,0.8309859154929577,1.0,0,0,0,,0.0,0.0,False,True,no_feasible_rank,0,0.09851364781546233,10,0
mouse_pancreas_tms_10x,44,0.10,pancreatic D cell,batch_heldout,outputs\mouse_pancreas_tms_10x\batch_heldout_seed44_pancreatic_d_cell_rare10pct,baseline,component,success,,1.3266252133553051,0.01,18225570fcb5d9ef,17,20f856aaee7005c8eff84059b675103e6d495cf5dd83fbb9cd434aab50dc0575,"[""mouse_pancreas_tms_10x"",""pancreatic D cell"",""18225570fcb5d9ef"",17,""20f856aaee7005c8eff84059b675103e6d495cf5dd83fbb9cd434aab50dc0575""]",0.9172932330827067,0.8591549295774648,0.9838709677419355,0,0,0,,0.0,0.0,False,False,baseline_no_rescue,0,,7,0
mouse_pancreas_tms_10x,44,0.10,pancreatic D cell,batch_heldout,outputs\mouse_pancreas_tms_10x\batch_heldout_seed44_pancreatic_d_cell_rare10pct,minus_separability_gate,component,success,,1.3266252133553051,0.01,18225570fcb5d9ef,17,20f856aaee7005c8eff84059b675103e6d495cf5dd83fbb9cd434aab50dc0575,"[""mouse_pancreas_tms_10x"",""pancreatic D cell"",""18225570fcb5d9ef"",17,""20f856aaee7005c8eff84059b675103e6d495cf5dd83fbb9cd434aab50dc0575""]",0.9172932330827067,0.8591549295774648,0.9838709677419355,0,0,0,,0.0,0.0,False,True,no_feasible_rank,0,0.1153160195016979,7,0
mouse_pancreas_tms_10x,44,0.10,pancreatic D cell,batch_heldout,outputs\mouse_pancreas_tms_10x\batch_heldout_seed44_pancreatic_d_cell_rare10pct,minus_necessity_gate,component,success,,1.3266252133553051,0.01,18225570fcb5d9ef,17,20f856aaee7005c8eff84059b675103e6d495cf5dd83fbb9cd434aab50dc0575,"[""mouse_pancreas_tms_10x"",""pancreatic D cell"",""18225570fcb5d9ef"",17,""20f856aaee7005c8eff84059b675103e6d495cf5dd83fbb9cd434aab50dc0575""]",0.9172932330827067,0.8591549295774648,0.9838709677419355,0,0,0,,0.0,0.0,False,True,no_feasible_rank,0,0.1153160195016979,7,0
mouse_pancreas_tms_10x,44,0.10,pancreatic D cell,batch_heldout,outputs\mouse_pancreas_tms_10x\batch_heldout_seed44_pancreatic_d_cell_rare10pct,fixed_rank_1,component,success,,1.3266252133553051,0.01,18225570fcb5d9ef,17,20f856aaee7005c8eff84059b675103e6d495cf5dd83fbb9cd434aab50dc0575,"[""mouse_pancreas_tms_10x"",""pancreatic D cell"",""18225570fcb5d9ef"",17,""20f856aaee7005c8eff84059b675103e6d495cf5dd83fbb9cd434aab50dc0575""]",0.927536231884058,0.9014084507042254,0.9552238805970149,3,2,5,0.6,0.0023148148148148147,0.0023148148148148147,False,False,rescue_applied,1,0.1153160195016979,7,7
mouse_pancreas_tms_10x,44,0.10,pancreatic D cell,batch_heldout,outputs\mouse_pancreas_tms_10x\batch_heldout_seed44_pancreatic_d_cell_rare10pct,minus_conformal_tau,component,success,,1.3266252133553051,0.01,18225570fcb5d9ef,17,20f856aaee7005c8eff84059b675103e6d495cf5dd83fbb9cd434aab50dc0575,"[""mouse_pancreas_tms_10x"",""pancreatic D cell"",""18225570fcb5d9ef"",17,""20f856aaee7005c8eff84059b675103e6d495cf5dd83fbb9cd434aab50dc0575""]",0.9172932330827067,0.8591549295774648,0.9838709677419355,0,0,0,,0.0,0.0,False,True,no_feasible_rank,0,-inf,7,0
mouse_pancreas_tms_10x,44,0.10,pancreatic D cell,batch_heldout,outputs\mouse_pancreas_tms_10x\batch_heldout_seed44_pancreatic_d_cell_rare10pct,full_method,component,success,,1.3266252133553051,0.01,18225570fcb5d9ef,17,20f856aaee7005c8eff84059b675103e6d495cf5dd83fbb9cd434aab50dc0575,"[""mouse_pancreas_tms_10x"",""pancreatic D cell"",""18225570fcb5d9ef"",17,""20f856aaee7005c8eff84059b675103e6d495cf5dd83fbb9cd434aab50dc0575""]",0.9172932330827067,0.8591549295774648,0.9838709677419355,0,0,0,,0.0,0.0,False,True,no_feasible_rank,0,0.1153160195016979,7,0
mouse_pancreas_tms_10x,44,0.10,pancreatic D cell,batch_heldout,outputs\mouse_pancreas_tms_10x\batch_heldout_seed44_pancreatic_d_cell_rare10pct,rank_1,rank,success,,1.3266252133553051,0.01,18225570fcb5d9ef,17,20f856aaee7005c8eff84059b675103e6d495cf5dd83fbb9cd434aab50dc0575,"[""mouse_pancreas_tms_10x"",""pancreatic D cell"",""18225570fcb5d9ef"",17,""20f856aaee7005c8eff84059b675103e6d495cf5dd83fbb9cd434aab50dc0575""]",0.927536231884058,0.9014084507042254,0.9552238805970149,3,2,5,0.6,0.0023148148148148147,0.0023148148148148147,False,False,rescue_applied,1,0.1153160195016979,7,7
mouse_pancreas_tms_10x,44,0.10,pancreatic D cell,batch_heldout,outputs\mouse_pancreas_tms_10x\batch_heldout_seed44_pancreatic_d_cell_rare10pct,rank_2,rank,success,,1.3266252133553051,0.01,18225570fcb5d9ef,17,20f856aaee7005c8eff84059b675103e6d495cf5dd83fbb9cd434aab50dc0575,"[""mouse_pancreas_tms_10x"",""pancreatic D cell"",""18225570fcb5d9ef"",17,""20f856aaee7005c8eff84059b675103e6d495cf5dd83fbb9cd434aab50dc0575""]",0.9361702127659575,0.9295774647887324,0.9428571428571428,5,3,8,0.625,0.003472222222222222,0.003472222222222222,False,False,rescue_applied,2,0.1153160195016979,7,64
mouse_pancreas_tms_10x,44,0.10,pancreatic D cell,batch_heldout,outputs\mouse_pancreas_tms_10x\batch_heldout_seed44_pancreatic_d_cell_rare10pct,rank_3,rank,success,,1.3266252133553051,0.01,18225570fcb5d9ef,17,20f856aaee7005c8eff84059b675103e6d495cf5dd83fbb9cd434aab50dc0575,"[""mouse_pancreas_tms_10x"",""pancreatic D cell"",""18225570fcb5d9ef"",17,""20f856aaee7005c8eff84059b675103e6d495cf5dd83fbb9cd434aab50dc0575""]",0.9305555555555556,0.9436619718309859,0.9178082191780822,6,5,11,0.5454545454545454,0.005787037037037037,0.005787037037037037,False,False,rescue_applied,3,0.1153160195016979,7,275
mouse_pancreas_tms_10x,44,0.10,pancreatic D cell,batch_heldout,outputs\mouse_pancreas_tms_10x\batch_heldout_seed44_pancreatic_d_cell_rare10pct,adaptive_rank,rank,success,,1.3266252133553051,0.01,18225570fcb5d9ef,17,20f856aaee7005c8eff84059b675103e6d495cf5dd83fbb9cd434aab50dc0575,"[""mouse_pancreas_tms_10x"",""pancreatic D cell"",""18225570fcb5d9ef"",17,""20f856aaee7005c8eff84059b675103e6d495cf5dd83fbb9cd434aab50dc0575""]",0.9172932330827067,0.8591549295774648,0.9838709677419355,0,0,0,,0.0,0.0,False,True,no_feasible_rank,0,0.1153160195016979,7,0
mouse_pancreas_tms_10x,44,all,pancreatic D cell,batch_heldout,outputs\mouse_pancreas_tms_10x\batch_heldout_seed44_pancreatic_d_cell_rareall,baseline,component,success,,1.3668491051721539,0.01,18225570fcb5d9ef,174,8b20b81b901a4d91e9f3d77dff05562c430d05b695b379aedbfd27999959fe0c,"[""mouse_pancreas_tms_10x"",""pancreatic D cell"",""18225570fcb5d9ef"",174,""8b20b81b901a4d91e9f3d77dff05562c430d05b695b379aedbfd27999959fe0c""]",0.9640287769784173,0.9436619718309859,0.9852941176470589,0,0,0,,0.0,0.0,False,False,baseline_no_rescue,0,,4,0
mouse_pancreas_tms_10x,44,all,pancreatic D cell,batch_heldout,outputs\mouse_pancreas_tms_10x\batch_heldout_seed44_pancreatic_d_cell_rareall,minus_separability_gate,component,success,,1.3668491051721539,0.01,18225570fcb5d9ef,174,8b20b81b901a4d91e9f3d77dff05562c430d05b695b379aedbfd27999959fe0c,"[""mouse_pancreas_tms_10x"",""pancreatic D cell"",""18225570fcb5d9ef"",174,""8b20b81b901a4d91e9f3d77dff05562c430d05b695b379aedbfd27999959fe0c""]",0.9640287769784173,0.9436619718309859,0.9852941176470589,0,0,0,,0.0,0.0,False,True,no_feasible_rank,0,0.12189848629368778,4,0
mouse_pancreas_tms_10x,44,all,pancreatic D cell,batch_heldout,outputs\mouse_pancreas_tms_10x\batch_heldout_seed44_pancreatic_d_cell_rareall,minus_necessity_gate,component,success,,1.3668491051721539,0.01,18225570fcb5d9ef,174,8b20b81b901a4d91e9f3d77dff05562c430d05b695b379aedbfd27999959fe0c,"[""mouse_pancreas_tms_10x"",""pancreatic D cell"",""18225570fcb5d9ef"",174,""8b20b81b901a4d91e9f3d77dff05562c430d05b695b379aedbfd27999959fe0c""]",0.9640287769784173,0.9436619718309859,0.9852941176470589,0,0,0,,0.0,0.0,False,True,no_feasible_rank,0,0.12189848629368778,4,0
mouse_pancreas_tms_10x,44,all,pancreatic D cell,batch_heldout,outputs\mouse_pancreas_tms_10x\batch_heldout_seed44_pancreatic_d_cell_rareall,fixed_rank_1,component,success,,1.3668491051721539,0.01,18225570fcb5d9ef,174,8b20b81b901a4d91e9f3d77dff05562c430d05b695b379aedbfd27999959fe0c,"[""mouse_pancreas_tms_10x"",""pancreatic D cell"",""18225570fcb5d9ef"",174,""8b20b81b901a4d91e9f3d77dff05562c430d05b695b379aedbfd27999959fe0c""]",0.9583333333333334,0.971830985915493,0.9452054794520548,2,3,5,0.4,0.003472222222222222,0.003472222222222222,False,False,rescue_applied,1,0.12189848629368778,4,13
mouse_pancreas_tms_10x,44,all,pancreatic D cell,batch_heldout,outputs\mouse_pancreas_tms_10x\batch_heldout_seed44_pancreatic_d_cell_rareall,minus_conformal_tau,component,success,,1.3668491051721539,0.01,18225570fcb5d9ef,174,8b20b81b901a4d91e9f3d77dff05562c430d05b695b379aedbfd27999959fe0c,"[""mouse_pancreas_tms_10x"",""pancreatic D cell"",""18225570fcb5d9ef"",174,""8b20b81b901a4d91e9f3d77dff05562c430d05b695b379aedbfd27999959fe0c""]",0.9640287769784173,0.9436619718309859,0.9852941176470589,0,0,0,,0.0,0.0,False,True,no_feasible_rank,0,-inf,4,0
mouse_pancreas_tms_10x,44,all,pancreatic D cell,batch_heldout,outputs\mouse_pancreas_tms_10x\batch_heldout_seed44_pancreatic_d_cell_rareall,full_method,component,success,,1.3668491051721539,0.01,18225570fcb5d9ef,174,8b20b81b901a4d91e9f3d77dff05562c430d05b695b379aedbfd27999959fe0c,"[""mouse_pancreas_tms_10x"",""pancreatic D cell"",""18225570fcb5d9ef"",174,""8b20b81b901a4d91e9f3d77dff05562c430d05b695b379aedbfd27999959fe0c""]",0.9640287769784173,0.9436619718309859,0.9852941176470589,0,0,0,,0.0,0.0,False,True,no_feasible_rank,0,0.12189848629368778,4,0
mouse_pancreas_tms_10x,44,all,pancreatic D cell,batch_heldout,outputs\mouse_pancreas_tms_10x\batch_heldout_seed44_pancreatic_d_cell_rareall,rank_1,rank,success,,1.3668491051721539,0.01,18225570fcb5d9ef,174,8b20b81b901a4d91e9f3d77dff05562c430d05b695b379aedbfd27999959fe0c,"[""mouse_pancreas_tms_10x"",""pancreatic D cell"",""18225570fcb5d9ef"",174,""8b20b81b901a4d91e9f3d77dff05562c430d05b695b379aedbfd27999959fe0c""]",0.9583333333333334,0.971830985915493,0.9452054794520548,2,3,5,0.4,0.003472222222222222,0.003472222222222222,False,False,rescue_applied,1,0.12189848629368778,4,13
mouse_pancreas_tms_10x,44,all,pancreatic D cell,batch_heldout,outputs\mouse_pancreas_tms_10x\batch_heldout_seed44_pancreatic_d_cell_rareall,rank_2,rank,success,,1.3668491051721539,0.01,18225570fcb5d9ef,174,8b20b81b901a4d91e9f3d77dff05562c430d05b695b379aedbfd27999959fe0c,"[""mouse_pancreas_tms_10x"",""pancreatic D cell"",""18225570fcb5d9ef"",174,""8b20b81b901a4d91e9f3d77dff05562c430d05b695b379aedbfd27999959fe0c""]",0.9583333333333334,0.971830985915493,0.9452054794520548,2,3,5,0.4,0.003472222222222222,0.003472222222222222,False,False,rescue_applied,2,0.12189848629368778,4,241
mouse_pancreas_tms_10x,44,all,pancreatic D cell,batch_heldout,outputs\mouse_pancreas_tms_10x\batch_heldout_seed44_pancreatic_d_cell_rareall,rank_3,rank,success,,1.3668491051721539,0.01,18225570fcb5d9ef,174,8b20b81b901a4d91e9f3d77dff05562c430d05b695b379aedbfd27999959fe0c,"[""mouse_pancreas_tms_10x"",""pancreatic D cell"",""18225570fcb5d9ef"",174,""8b20b81b901a4d91e9f3d77dff05562c430d05b695b379aedbfd27999959fe0c""]",0.9583333333333334,0.971830985915493,0.9452054794520548,2,3,5,0.4,0.003472222222222222,0.003472222222222222,False,False,rescue_applied,3,0.12189848629368778,4,534
mouse_pancreas_tms_10x,44,all,pancreatic D cell,batch_heldout,outputs\mouse_pancreas_tms_10x\batch_heldout_seed44_pancreatic_d_cell_rareall,adaptive_rank,rank,success,,1.3668491051721539,0.01,18225570fcb5d9ef,174,8b20b81b901a4d91e9f3d77dff05562c430d05b695b379aedbfd27999959fe0c,"[""mouse_pancreas_tms_10x"",""pancreatic D cell"",""18225570fcb5d9ef"",174,""8b20b81b901a4d91e9f3d77dff05562c430d05b695b379aedbfd27999959fe0c""]",0.9640287769784173,0.9436619718309859,0.9852941176470589,0,0,0,,0.0,0.0,False,True,no_feasible_rank,0,0.12189848629368778,4,0
