dataset,rare_class,seed,rts,variant,group,sep,split_hash,git_sha,cell_id_align_hash,abstain,chosen_rank,baseline_f1,rare_f1,rare_recall,rare_precision,n_rescued,n_false_rescues,ffr
immune_dc,ASDC,42,0.01,A0_baseline,A,2.1126,33b8ce5bdff2e437,legacy_pre_git_sha_recording,0311166af38c,False,0,0.0,0.0,0.0,0.0,0,0,0.0
immune_dc,ASDC,42,0.01,A1_minus_sep,A,2.1126,33b8ce5bdff2e437,legacy_pre_git_sha_recording,0311166af38c,False,1,0.0,0.903,0.8231,1.0,107,0,0.0
immune_dc,ASDC,42,0.01,A2_minus_necessity,A,2.1126,33b8ce5bdff2e437,legacy_pre_git_sha_recording,0311166af38c,False,1,0.0,0.903,0.8231,1.0,107,0,0.0
immune_dc,ASDC,42,0.01,A3_minus_adaptive_rank,A,2.1126,33b8ce5bdff2e437,legacy_pre_git_sha_recording,0311166af38c,False,1,0.0,0.903,0.8231,1.0,107,0,0.0
immune_dc,ASDC,42,0.01,A4_minus_tau,A,2.1126,33b8ce5bdff2e437,legacy_pre_git_sha_recording,0311166af38c,False,1,0.0,0.8917,0.8231,0.9727,110,3,0.0005
immune_dc,ASDC,42,0.01,A5_full,A,2.1126,33b8ce5bdff2e437,legacy_pre_git_sha_recording,0311166af38c,False,1,0.0,0.903,0.8231,1.0,107,0,0.0
immune_dc,ASDC,42,0.01,R1_rank1,R,2.1126,33b8ce5bdff2e437,legacy_pre_git_sha_recording,0311166af38c,False,1,0.0,0.903,0.8231,1.0,107,0,0.0
immune_dc,ASDC,42,0.01,R2_rank2,R,2.1126,33b8ce5bdff2e437,legacy_pre_git_sha_recording,0311166af38c,False,2,0.0,0.8378,0.9538,0.747,166,42,0.006995
immune_dc,ASDC,42,0.01,R3_rank3,R,2.1126,33b8ce5bdff2e437,legacy_pre_git_sha_recording,0311166af38c,False,3,0.0,0.8378,0.9538,0.747,166,42,0.006995
immune_dc,ASDC,42,0.01,R_adaptive,R,2.1126,33b8ce5bdff2e437,legacy_pre_git_sha_recording,0311166af38c,False,1,0.0,0.903,0.8231,1.0,107,0,0.0
immune_dc,ASDC,42,0.05,A0_baseline,A,2.1376,33b8ce5bdff2e437,legacy_pre_git_sha_recording,0311166af38c,False,0,0.8393,0.8393,0.7231,1.0,0,0,0.0
immune_dc,ASDC,42,0.05,A1_minus_sep,A,2.1376,33b8ce5bdff2e437,legacy_pre_git_sha_recording,0311166af38c,False,1,0.8393,0.9435,0.9,0.9915,24,1,0.000167
immune_dc,ASDC,42,0.05,A2_minus_necessity,A,2.1376,33b8ce5bdff2e437,legacy_pre_git_sha_recording,0311166af38c,False,1,0.8393,0.9435,0.9,0.9915,24,1,0.000167
immune_dc,ASDC,42,0.05,A3_minus_adaptive_rank,A,2.1376,33b8ce5bdff2e437,legacy_pre_git_sha_recording,0311166af38c,False,1,0.8393,0.9435,0.9,0.9915,24,1,0.000167
immune_dc,ASDC,42,0.05,A4_minus_tau,A,2.1376,33b8ce5bdff2e437,legacy_pre_git_sha_recording,0311166af38c,False,1,0.8393,0.9398,0.9,0.9832,25,2,0.000333
immune_dc,ASDC,42,0.05,A5_full,A,2.1376,33b8ce5bdff2e437,legacy_pre_git_sha_recording,0311166af38c,False,1,0.8393,0.9435,0.9,0.9915,24,1,0.000167
immune_dc,ASDC,42,0.05,R1_rank1,R,2.1376,33b8ce5bdff2e437,legacy_pre_git_sha_recording,0311166af38c,False,1,0.8393,0.9435,0.9,0.9915,24,1,0.000167
immune_dc,ASDC,42,0.05,R2_rank2,R,2.1376,33b8ce5bdff2e437,legacy_pre_git_sha_recording,0311166af38c,False,2,0.8393,0.8063,0.9769,0.6865,91,58,0.00966
immune_dc,ASDC,42,0.05,R3_rank3,R,2.1376,33b8ce5bdff2e437,legacy_pre_git_sha_recording,0311166af38c,False,3,0.8393,0.7962,0.9769,0.672,95,62,0.010326
immune_dc,ASDC,42,0.05,R_adaptive,R,2.1376,33b8ce5bdff2e437,legacy_pre_git_sha_recording,0311166af38c,False,1,0.8393,0.9435,0.9,0.9915,24,1,0.000167
immune_dc,ASDC,42,0.10,A0_baseline,A,2.1041,33b8ce5bdff2e437,legacy_pre_git_sha_recording,0311166af38c,False,0,0.8803,0.8803,0.7923,0.9904,0,0,0.0
immune_dc,ASDC,42,0.10,A1_minus_sep,A,2.1041,33b8ce5bdff2e437,legacy_pre_git_sha_recording,0311166af38c,False,1,0.8803,0.9274,0.8846,0.9746,14,2,0.000333
immune_dc,ASDC,42,0.10,A2_minus_necessity,A,2.1041,33b8ce5bdff2e437,legacy_pre_git_sha_recording,0311166af38c,False,1,0.8803,0.9274,0.8846,0.9746,14,2,0.000333
immune_dc,ASDC,42,0.10,A3_minus_adaptive_rank,A,2.1041,33b8ce5bdff2e437,legacy_pre_git_sha_recording,0311166af38c,False,1,0.8803,0.9274,0.8846,0.9746,14,2,0.000333
immune_dc,ASDC,42,0.10,A4_minus_tau,A,2.1041,33b8ce5bdff2e437,legacy_pre_git_sha_recording,0311166af38c,False,1,0.8803,0.9274,0.8846,0.9746,14,2,0.000333
immune_dc,ASDC,42,0.10,A5_full,A,2.1041,33b8ce5bdff2e437,legacy_pre_git_sha_recording,0311166af38c,False,1,0.8803,0.9274,0.8846,0.9746,14,2,0.000333
immune_dc,ASDC,42,0.10,R1_rank1,R,2.1041,33b8ce5bdff2e437,legacy_pre_git_sha_recording,0311166af38c,False,1,0.8803,0.9274,0.8846,0.9746,14,2,0.000333
immune_dc,ASDC,42,0.10,R2_rank2,R,2.1041,33b8ce5bdff2e437,legacy_pre_git_sha_recording,0311166af38c,False,2,0.8803,0.8383,0.9769,0.7341,69,45,0.007495
immune_dc,ASDC,42,0.10,R3_rank3,R,2.1041,33b8ce5bdff2e437,legacy_pre_git_sha_recording,0311166af38c,False,3,0.8803,0.8167,0.9769,0.7017,77,53,0.008827
immune_dc,ASDC,42,0.10,R_adaptive,R,2.1041,33b8ce5bdff2e437,legacy_pre_git_sha_recording,0311166af38c,False,1,0.8803,0.9274,0.8846,0.9746,14,2,0.000333
immune_dc,ASDC,42,all,A0_baseline,A,1.7622,33b8ce5bdff2e437,legacy_pre_git_sha_recording,0311166af38c,False,0,0.9398,0.9398,0.9,0.9832,0,0,0.0
immune_dc,ASDC,42,all,A1_minus_sep,A,1.7622,33b8ce5bdff2e437,legacy_pre_git_sha_recording,0311166af38c,False,1,0.9398,0.9528,0.9308,0.9758,5,1,0.000167
immune_dc,ASDC,42,all,A2_minus_necessity,A,1.7622,33b8ce5bdff2e437,legacy_pre_git_sha_recording,0311166af38c,False,1,0.9398,0.9528,0.9308,0.9758,5,1,0.000167
immune_dc,ASDC,42,all,A3_minus_adaptive_rank,A,1.7622,33b8ce5bdff2e437,legacy_pre_git_sha_recording,0311166af38c,False,1,0.9398,0.9528,0.9308,0.9758,5,1,0.000167
immune_dc,ASDC,42,all,A4_minus_tau,A,1.7622,33b8ce5bdff2e437,legacy_pre_git_sha_recording,0311166af38c,False,1,0.9398,0.9528,0.9308,0.9758,5,1,0.000167
immune_dc,ASDC,42,all,A5_full,A,1.7622,33b8ce5bdff2e437,legacy_pre_git_sha_recording,0311166af38c,False,1,0.9398,0.9528,0.9308,0.9758,5,1,0.000167
immune_dc,ASDC,42,all,R1_rank1,R,1.7622,33b8ce5bdff2e437,legacy_pre_git_sha_recording,0311166af38c,False,1,0.9398,0.9528,0.9308,0.9758,5,1,0.000167
immune_dc,ASDC,42,all,R2_rank2,R,1.7622,33b8ce5bdff2e437,legacy_pre_git_sha_recording,0311166af38c,False,2,0.9398,0.8076,0.9846,0.6845,68,57,0.009494
immune_dc,ASDC,42,all,R3_rank3,R,1.7622,33b8ce5bdff2e437,legacy_pre_git_sha_recording,0311166af38c,False,3,0.9398,0.8025,0.9846,0.6772,70,59,0.009827
immune_dc,ASDC,42,all,R_adaptive,R,1.7622,33b8ce5bdff2e437,legacy_pre_git_sha_recording,0311166af38c,False,1,0.9398,0.9528,0.9308,0.9758,5,1,0.000167
immune_dc,ASDC,43,0.01,A0_baseline,A,2.4436,33b8ce5bdff2e437,7a90a01,0311166af38c,False,0,0.0,0.0,0.0,0.0,0,0,0.0
immune_dc,ASDC,43,0.01,A1_minus_sep,A,2.4436,33b8ce5bdff2e437,7a90a01,0311166af38c,False,1,0.0,0.9306,0.8769,0.9913,115,1,0.000167
immune_dc,ASDC,43,0.01,A2_minus_necessity,A,2.4436,33b8ce5bdff2e437,7a90a01,0311166af38c,False,1,0.0,0.9306,0.8769,0.9913,115,1,0.000167
immune_dc,ASDC,43,0.01,A3_minus_adaptive_rank,A,2.4436,33b8ce5bdff2e437,7a90a01,0311166af38c,False,1,0.0,0.9306,0.8769,0.9913,115,1,0.000167
immune_dc,ASDC,43,0.01,A4_minus_tau,A,2.4436,33b8ce5bdff2e437,7a90a01,0311166af38c,False,1,0.0,0.9306,0.8769,0.9913,115,1,0.000167
immune_dc,ASDC,43,0.01,A5_full,A,2.4436,33b8ce5bdff2e437,7a90a01,0311166af38c,False,1,0.0,0.9306,0.8769,0.9913,115,1,0.000167
immune_dc,ASDC,43,0.01,R1_rank1,R,2.4436,33b8ce5bdff2e437,7a90a01,0311166af38c,False,1,0.0,0.9306,0.8769,0.9913,115,1,0.000167
immune_dc,ASDC,43,0.01,R2_rank2,R,2.4436,33b8ce5bdff2e437,7a90a01,0311166af38c,False,2,0.0,0.8389,0.9615,0.744,168,43,0.007162
immune_dc,ASDC,43,0.01,R3_rank3,R,2.4436,33b8ce5bdff2e437,7a90a01,0311166af38c,False,3,0.0,0.8077,0.9692,0.6923,182,56,0.009327
immune_dc,ASDC,43,0.01,R_adaptive,R,2.4436,33b8ce5bdff2e437,7a90a01,0311166af38c,False,1,0.0,0.9306,0.8769,0.9913,115,1,0.000167
immune_dc,ASDC,43,0.05,A0_baseline,A,1.9468,33b8ce5bdff2e437,7a90a01,0311166af38c,False,0,0.8936,0.8936,0.8077,1.0,0,0,0.0
immune_dc,ASDC,43,0.05,A1_minus_sep,A,1.9468,33b8ce5bdff2e437,7a90a01,0311166af38c,False,1,0.8936,0.9398,0.9,0.9832,14,2,0.000333
immune_dc,ASDC,43,0.05,A2_minus_necessity,A,1.9468,33b8ce5bdff2e437,7a90a01,0311166af38c,False,1,0.8936,0.9398,0.9,0.9832,14,2,0.000333
immune_dc,ASDC,43,0.05,A3_minus_adaptive_rank,A,1.9468,33b8ce5bdff2e437,7a90a01,0311166af38c,False,1,0.8936,0.9398,0.9,0.9832,14,2,0.000333
immune_dc,ASDC,43,0.05,A4_minus_tau,A,1.9468,33b8ce5bdff2e437,7a90a01,0311166af38c,False,1,0.8936,0.9398,0.9,0.9832,14,2,0.000333
immune_dc,ASDC,43,0.05,A5_full,A,1.9468,33b8ce5bdff2e437,7a90a01,0311166af38c,False,1,0.8936,0.9398,0.9,0.9832,14,2,0.000333
immune_dc,ASDC,43,0.05,R1_rank1,R,1.9468,33b8ce5bdff2e437,7a90a01,0311166af38c,False,1,0.8936,0.9398,0.9,0.9832,14,2,0.000333
immune_dc,ASDC,43,0.05,R2_rank2,R,1.9468,33b8ce5bdff2e437,7a90a01,0311166af38c,False,2,0.8936,0.8421,0.9846,0.7356,69,46,0.007662
immune_dc,ASDC,43,0.05,R3_rank3,R,1.9468,33b8ce5bdff2e437,7a90a01,0311166af38c,False,3,0.8936,0.8232,0.9846,0.7072,76,53,0.008827
immune_dc,ASDC,43,0.05,R_adaptive,R,1.9468,33b8ce5bdff2e437,7a90a01,0311166af38c,False,1,0.8936,0.9398,0.9,0.9832,14,2,0.000333
immune_dc,ASDC,43,0.10,A0_baseline,A,1.7472,33b8ce5bdff2e437,7a90a01,0311166af38c,False,0,0.93,0.93,0.8692,1.0,0,0,0.0
immune_dc,ASDC,43,0.10,A1_minus_sep,A,1.7472,33b8ce5bdff2e437,7a90a01,0311166af38c,False,1,0.93,0.9565,0.9308,0.9837,10,2,0.000333
immune_dc,ASDC,43,0.10,A2_minus_necessity,A,1.7472,33b8ce5bdff2e437,7a90a01,0311166af38c,False,1,0.93,0.9565,0.9308,0.9837,10,2,0.000333
immune_dc,ASDC,43,0.10,A3_minus_adaptive_rank,A,1.7472,33b8ce5bdff2e437,7a90a01,0311166af38c,False,1,0.93,0.9565,0.9308,0.9837,10,2,0.000333
immune_dc,ASDC,43,0.10,A4_minus_tau,A,1.7472,33b8ce5bdff2e437,7a90a01,0311166af38c,False,1,0.93,0.9565,0.9308,0.9837,10,2,0.000333
immune_dc,ASDC,43,0.10,A5_full,A,1.7472,33b8ce5bdff2e437,7a90a01,0311166af38c,False,1,0.93,0.9565,0.9308,0.9837,10,2,0.000333
immune_dc,ASDC,43,0.10,R1_rank1,R,1.7472,33b8ce5bdff2e437,7a90a01,0311166af38c,False,1,0.93,0.9565,0.9308,0.9837,10,2,0.000333
immune_dc,ASDC,43,0.10,R2_rank2,R,1.7472,33b8ce5bdff2e437,7a90a01,0311166af38c,False,2,0.93,0.8013,0.9769,0.6791,74,60,0.009993
immune_dc,ASDC,43,0.10,R3_rank3,R,1.7472,33b8ce5bdff2e437,7a90a01,0311166af38c,False,3,0.93,0.805,0.9846,0.6809,75,60,0.009993
immune_dc,ASDC,43,0.10,R_adaptive,R,1.7472,33b8ce5bdff2e437,7a90a01,0311166af38c,False,1,0.93,0.9565,0.9308,0.9837,10,2,0.000333
immune_dc,ASDC,43,all,A0_baseline,A,1.9374,33b8ce5bdff2e437,7a90a01,0311166af38c,False,0,0.9444,0.9444,0.9154,0.9754,0,0,0.0
immune_dc,ASDC,43,all,A1_minus_sep,A,1.9374,33b8ce5bdff2e437,7a90a01,0311166af38c,False,1,0.9444,0.9528,0.9308,0.9758,2,0,0.0
immune_dc,ASDC,43,all,A2_minus_necessity,A,1.9374,33b8ce5bdff2e437,7a90a01,0311166af38c,False,1,0.9444,0.9528,0.9308,0.9758,2,0,0.0
immune_dc,ASDC,43,all,A3_minus_adaptive_rank,A,1.9374,33b8ce5bdff2e437,7a90a01,0311166af38c,False,1,0.9444,0.9528,0.9308,0.9758,2,0,0.0
immune_dc,ASDC,43,all,A4_minus_tau,A,1.9374,33b8ce5bdff2e437,7a90a01,0311166af38c,False,1,0.9444,0.9528,0.9308,0.9758,2,0,0.0
immune_dc,ASDC,43,all,A5_full,A,1.9374,33b8ce5bdff2e437,7a90a01,0311166af38c,False,1,0.9444,0.9528,0.9308,0.9758,2,0,0.0
immune_dc,ASDC,43,all,R1_rank1,R,1.9374,33b8ce5bdff2e437,7a90a01,0311166af38c,False,1,0.9444,0.9528,0.9308,0.9758,2,0,0.0
immune_dc,ASDC,43,all,R2_rank2,R,1.9374,33b8ce5bdff2e437,7a90a01,0311166af38c,False,2,0.9444,0.8301,0.9769,0.7216,54,46,0.007662
immune_dc,ASDC,43,all,R3_rank3,R,1.9374,33b8ce5bdff2e437,7a90a01,0311166af38c,False,3,0.9444,0.8194,0.9769,0.7056,58,50,0.008328
immune_dc,ASDC,43,all,R_adaptive,R,1.9374,33b8ce5bdff2e437,7a90a01,0311166af38c,False,1,0.9444,0.9528,0.9308,0.9758,2,0,0.0
immune_dc,ASDC,44,0.01,A0_baseline,A,2.7583,33b8ce5bdff2e437,7a90a01,0311166af38c,False,0,0.0,0.0,0.0,0.0,0,0,0.0
immune_dc,ASDC,44,0.01,A1_minus_sep,A,2.7583,33b8ce5bdff2e437,7a90a01,0311166af38c,False,1,0.0,0.9474,0.9,1.0,117,0,0.0
immune_dc,ASDC,44,0.01,A2_minus_necessity,A,2.7583,33b8ce5bdff2e437,7a90a01,0311166af38c,False,1,0.0,0.9474,0.9,1.0,117,0,0.0
immune_dc,ASDC,44,0.01,A3_minus_adaptive_rank,A,2.7583,33b8ce5bdff2e437,7a90a01,0311166af38c,False,1,0.0,0.9474,0.9,1.0,117,0,0.0
immune_dc,ASDC,44,0.01,A4_minus_tau,A,2.7583,33b8ce5bdff2e437,7a90a01,0311166af38c,False,1,0.0,0.9474,0.9,1.0,117,0,0.0
immune_dc,ASDC,44,0.01,A5_full,A,2.7583,33b8ce5bdff2e437,7a90a01,0311166af38c,False,1,0.0,0.9474,0.9,1.0,117,0,0.0
immune_dc,ASDC,44,0.01,R1_rank1,R,2.7583,33b8ce5bdff2e437,7a90a01,0311166af38c,False,1,0.0,0.9474,0.9,1.0,117,0,0.0
immune_dc,ASDC,44,0.01,R2_rank2,R,2.7583,33b8ce5bdff2e437,7a90a01,0311166af38c,False,2,0.0,0.8306,0.9615,0.731,171,46,0.007662
immune_dc,ASDC,44,0.01,R3_rank3,R,2.7583,33b8ce5bdff2e437,7a90a01,0311166af38c,False,3,0.0,0.8013,0.9615,0.6868,182,57,0.009494
immune_dc,ASDC,44,0.01,R_adaptive,R,2.7583,33b8ce5bdff2e437,7a90a01,0311166af38c,False,1,0.0,0.9474,0.9,1.0,117,0,0.0
immune_dc,ASDC,44,0.05,A0_baseline,A,1.6314,33b8ce5bdff2e437,7a90a01,0311166af38c,False,0,0.8803,0.8803,0.7923,0.9904,0,0,0.0
immune_dc,ASDC,44,0.05,A1_minus_sep,A,1.6314,33b8ce5bdff2e437,7a90a01,0311166af38c,False,1,0.8803,0.9375,0.9231,0.9524,22,5,0.000833
immune_dc,ASDC,44,0.05,A2_minus_necessity,A,1.6314,33b8ce5bdff2e437,7a90a01,0311166af38c,False,1,0.8803,0.9375,0.9231,0.9524,22,5,0.000833
immune_dc,ASDC,44,0.05,A3_minus_adaptive_rank,A,1.6314,33b8ce5bdff2e437,7a90a01,0311166af38c,False,1,0.8803,0.9375,0.9231,0.9524,22,5,0.000833
immune_dc,ASDC,44,0.05,A4_minus_tau,A,1.6314,33b8ce5bdff2e437,7a90a01,0311166af38c,False,1,0.8803,0.9375,0.9231,0.9524,22,5,0.000833
immune_dc,ASDC,44,0.05,A5_full,A,1.6314,33b8ce5bdff2e437,7a90a01,0311166af38c,False,1,0.8803,0.9375,0.9231,0.9524,22,5,0.000833
immune_dc,ASDC,44,0.05,R1_rank1,R,1.6314,33b8ce5bdff2e437,7a90a01,0311166af38c,False,1,0.8803,0.9375,0.9231,0.9524,22,5,0.000833
immune_dc,ASDC,44,0.05,R2_rank2,R,1.6314,33b8ce5bdff2e437,7a90a01,0311166af38c,False,2,0.8803,0.7975,0.9692,0.6774,82,59,0.009827
immune_dc,ASDC,44,0.05,R3_rank3,R,1.6314,33b8ce5bdff2e437,7a90a01,0311166af38c,False,3,0.8803,0.7754,0.9692,0.6462,91,68,0.011326
immune_dc,ASDC,44,0.05,R_adaptive,R,1.6314,33b8ce5bdff2e437,7a90a01,0311166af38c,False,1,0.8803,0.9375,0.9231,0.9524,22,5,0.000833
immune_dc,ASDC,44,0.10,A0_baseline,A,1.9127,33b8ce5bdff2e437,7a90a01,0311166af38c,False,0,0.9212,0.9212,0.8538,1.0,0,0,0.0
immune_dc,ASDC,44,0.10,A1_minus_sep,A,1.9127,33b8ce5bdff2e437,7a90a01,0311166af38c,False,1,0.9212,0.9453,0.9308,0.9603,15,5,0.000833
immune_dc,ASDC,44,0.10,A2_minus_necessity,A,1.9127,33b8ce5bdff2e437,7a90a01,0311166af38c,False,1,0.9212,0.9453,0.9308,0.9603,15,5,0.000833
immune_dc,ASDC,44,0.10,A3_minus_adaptive_rank,A,1.9127,33b8ce5bdff2e437,7a90a01,0311166af38c,False,1,0.9212,0.9453,0.9308,0.9603,15,5,0.000833
immune_dc,ASDC,44,0.10,A4_minus_tau,A,1.9127,33b8ce5bdff2e437,7a90a01,0311166af38c,False,1,0.9212,0.9453,0.9308,0.9603,15,5,0.000833
immune_dc,ASDC,44,0.10,A5_full,A,1.9127,33b8ce5bdff2e437,7a90a01,0311166af38c,False,1,0.9212,0.9453,0.9308,0.9603,15,5,0.000833
immune_dc,ASDC,44,0.10,R1_rank1,R,1.9127,33b8ce5bdff2e437,7a90a01,0311166af38c,False,1,0.9212,0.9453,0.9308,0.9603,15,5,0.000833
immune_dc,ASDC,44,0.10,R2_rank2,R,1.9127,33b8ce5bdff2e437,7a90a01,0311166af38c,False,2,0.9212,0.8155,0.9692,0.7039,68,53,0.008827
immune_dc,ASDC,44,0.10,R3_rank3,R,1.9127,33b8ce5bdff2e437,7a90a01,0311166af38c,False,3,0.9212,0.8025,0.9692,0.6848,73,58,0.00966
immune_dc,ASDC,44,0.10,R_adaptive,R,1.9127,33b8ce5bdff2e437,7a90a01,0311166af38c,False,1,0.9212,0.9453,0.9308,0.9603,15,5,0.000833
immune_dc,ASDC,44,all,A0_baseline,A,1.8292,33b8ce5bdff2e437,7a90a01,0311166af38c,False,0,0.9486,0.9486,0.9231,0.9756,0,0,0.0
immune_dc,ASDC,44,all,A1_minus_sep,A,1.8292,33b8ce5bdff2e437,7a90a01,0311166af38c,False,1,0.9486,0.9349,0.9385,0.9313,8,6,0.000999
immune_dc,ASDC,44,all,A2_minus_necessity,A,1.8292,33b8ce5bdff2e437,7a90a01,0311166af38c,False,1,0.9486,0.9349,0.9385,0.9313,8,6,0.000999
immune_dc,ASDC,44,all,A3_minus_adaptive_rank,A,1.8292,33b8ce5bdff2e437,7a90a01,0311166af38c,False,1,0.9486,0.9349,0.9385,0.9313,8,6,0.000999
immune_dc,ASDC,44,all,A4_minus_tau,A,1.8292,33b8ce5bdff2e437,7a90a01,0311166af38c,False,1,0.9486,0.9349,0.9385,0.9313,8,6,0.000999
immune_dc,ASDC,44,all,A5_full,A,1.8292,33b8ce5bdff2e437,7a90a01,0311166af38c,False,1,0.9486,0.9349,0.9385,0.9313,8,6,0.000999
immune_dc,ASDC,44,all,R1_rank1,R,1.8292,33b8ce5bdff2e437,7a90a01,0311166af38c,False,1,0.9486,0.9349,0.9385,0.9313,8,6,0.000999
immune_dc,ASDC,44,all,R2_rank2,R,1.8292,33b8ce5bdff2e437,7a90a01,0311166af38c,False,2,0.9486,0.8103,0.9692,0.6961,58,52,0.008661
immune_dc,ASDC,44,all,R3_rank3,R,1.8292,33b8ce5bdff2e437,7a90a01,0311166af38c,False,3,0.9486,0.8077,0.9692,0.6923,59,53,0.008827
immune_dc,ASDC,44,all,R_adaptive,R,1.8292,33b8ce5bdff2e437,7a90a01,0311166af38c,False,1,0.9486,0.9349,0.9385,0.9313,8,6,0.000999
pancreas_baron,gamma,42,0.01,A0_baseline,A,1.5213,507baa4fe66b76ae,legacy_pre_git_sha_recording,f73bc73e65e8,False,0,0.2268,0.2268,0.1279,1.0,0,0,0.0
pancreas_baron,gamma,42,0.01,A1_minus_sep,A,1.5213,507baa4fe66b76ae,legacy_pre_git_sha_recording,f73bc73e65e8,False,2,0.2268,0.7784,0.7558,0.8025,70,16,0.009768
pancreas_baron,gamma,42,0.01,A2_minus_necessity,A,1.5213,507baa4fe66b76ae,legacy_pre_git_sha_recording,f73bc73e65e8,False,2,0.2268,0.7784,0.7558,0.8025,70,16,0.009768
pancreas_baron,gamma,42,0.01,A3_minus_adaptive_rank,A,1.5213,507baa4fe66b76ae,legacy_pre_git_sha_recording,f73bc73e65e8,False,1,0.2268,0.6567,0.5116,0.9167,37,4,0.002442
pancreas_baron,gamma,42,0.01,A4_minus_tau,A,1.5213,507baa4fe66b76ae,legacy_pre_git_sha_recording,f73bc73e65e8,False,2,0.2268,0.7429,0.7558,0.7303,78,24,0.014652
pancreas_baron,gamma,42,0.01,A5_full,A,1.5213,507baa4fe66b76ae,legacy_pre_git_sha_recording,f73bc73e65e8,False,2,0.2268,0.7784,0.7558,0.8025,70,16,0.009768
pancreas_baron,gamma,42,0.01,R1_rank1,R,1.5213,507baa4fe66b76ae,legacy_pre_git_sha_recording,f73bc73e65e8,False,1,0.2268,0.6567,0.5116,0.9167,37,4,0.002442
pancreas_baron,gamma,42,0.01,R2_rank2,R,1.5213,507baa4fe66b76ae,legacy_pre_git_sha_recording,f73bc73e65e8,False,2,0.2268,0.7784,0.7558,0.8025,70,16,0.009768
pancreas_baron,gamma,42,0.01,R3_rank3,R,1.5213,507baa4fe66b76ae,legacy_pre_git_sha_recording,f73bc73e65e8,False,3,0.2268,0.6329,0.8721,0.4967,140,76,0.046398
pancreas_baron,gamma,42,0.01,R_adaptive,R,1.5213,507baa4fe66b76ae,legacy_pre_git_sha_recording,f73bc73e65e8,False,2,0.2268,0.7784,0.7558,0.8025,70,16,0.009768
pancreas_baron,gamma,42,0.05,A0_baseline,A,1.5213,507baa4fe66b76ae,legacy_pre_git_sha_recording,f73bc73e65e8,False,0,0.2268,0.2268,0.1279,1.0,0,0,0.0
pancreas_baron,gamma,42,0.05,A1_minus_sep,A,1.5213,507baa4fe66b76ae,legacy_pre_git_sha_recording,f73bc73e65e8,False,2,0.2268,0.7784,0.7558,0.8025,70,16,0.009768
pancreas_baron,gamma,42,0.05,A2_minus_necessity,A,1.5213,507baa4fe66b76ae,legacy_pre_git_sha_recording,f73bc73e65e8,False,2,0.2268,0.7784,0.7558,0.8025,70,16,0.009768
pancreas_baron,gamma,42,0.05,A3_minus_adaptive_rank,A,1.5213,507baa4fe66b76ae,legacy_pre_git_sha_recording,f73bc73e65e8,False,1,0.2268,0.6567,0.5116,0.9167,37,4,0.002442
pancreas_baron,gamma,42,0.05,A4_minus_tau,A,1.5213,507baa4fe66b76ae,legacy_pre_git_sha_recording,f73bc73e65e8,False,2,0.2268,0.7429,0.7558,0.7303,78,24,0.014652
pancreas_baron,gamma,42,0.05,A5_full,A,1.5213,507baa4fe66b76ae,legacy_pre_git_sha_recording,f73bc73e65e8,False,2,0.2268,0.7784,0.7558,0.8025,70,16,0.009768
pancreas_baron,gamma,42,0.05,R1_rank1,R,1.5213,507baa4fe66b76ae,legacy_pre_git_sha_recording,f73bc73e65e8,False,1,0.2268,0.6567,0.5116,0.9167,37,4,0.002442
pancreas_baron,gamma,42,0.05,R2_rank2,R,1.5213,507baa4fe66b76ae,legacy_pre_git_sha_recording,f73bc73e65e8,False,2,0.2268,0.7784,0.7558,0.8025,70,16,0.009768
pancreas_baron,gamma,42,0.05,R3_rank3,R,1.5213,507baa4fe66b76ae,legacy_pre_git_sha_recording,f73bc73e65e8,False,3,0.2268,0.6329,0.8721,0.4967,140,76,0.046398
pancreas_baron,gamma,42,0.05,R_adaptive,R,1.5213,507baa4fe66b76ae,legacy_pre_git_sha_recording,f73bc73e65e8,False,2,0.2268,0.7784,0.7558,0.8025,70,16,0.009768
pancreas_baron,gamma,42,0.10,A0_baseline,A,1.4422,507baa4fe66b76ae,legacy_pre_git_sha_recording,f73bc73e65e8,False,0,0.7917,0.7917,0.6628,0.9828,0,0,0.0
pancreas_baron,gamma,42,0.10,A1_minus_sep,A,1.4422,507baa4fe66b76ae,legacy_pre_git_sha_recording,f73bc73e65e8,False,1,0.7917,0.8158,0.7209,0.9394,8,3,0.001832
pancreas_baron,gamma,42,0.10,A2_minus_necessity,A,1.4422,507baa4fe66b76ae,legacy_pre_git_sha_recording,f73bc73e65e8,False,1,0.7917,0.8158,0.7209,0.9394,8,3,0.001832
pancreas_baron,gamma,42,0.10,A3_minus_adaptive_rank,A,1.4422,507baa4fe66b76ae,legacy_pre_git_sha_recording,f73bc73e65e8,False,1,0.7917,0.8158,0.7209,0.9394,8,3,0.001832
pancreas_baron,gamma,42,0.10,A4_minus_tau,A,1.4422,507baa4fe66b76ae,legacy_pre_git_sha_recording,f73bc73e65e8,False,1,0.7917,0.8158,0.7209,0.9394,8,3,0.001832
pancreas_baron,gamma,42,0.10,A5_full,A,1.4422,507baa4fe66b76ae,legacy_pre_git_sha_recording,f73bc73e65e8,False,1,0.7917,0.8158,0.7209,0.9394,8,3,0.001832
pancreas_baron,gamma,42,0.10,R1_rank1,R,1.4422,507baa4fe66b76ae,legacy_pre_git_sha_recording,f73bc73e65e8,False,1,0.7917,0.8158,0.7209,0.9394,8,3,0.001832
pancreas_baron,gamma,42,0.10,R2_rank2,R,1.4422,507baa4fe66b76ae,legacy_pre_git_sha_recording,f73bc73e65e8,False,2,0.7917,0.8402,0.8256,0.8554,25,11,0.006716
pancreas_baron,gamma,42,0.10,R3_rank3,R,1.4422,507baa4fe66b76ae,legacy_pre_git_sha_recording,f73bc73e65e8,False,3,0.7917,0.8211,0.907,0.75,46,25,0.015263
pancreas_baron,gamma,42,0.10,R_adaptive,R,1.4422,507baa4fe66b76ae,legacy_pre_git_sha_recording,f73bc73e65e8,False,1,0.7917,0.8158,0.7209,0.9394,8,3,0.001832
pancreas_baron,gamma,42,all,A0_baseline,A,1.1597,507baa4fe66b76ae,legacy_pre_git_sha_recording,f73bc73e65e8,False,0,0.9143,0.9143,0.9302,0.8989,0,0,0.0
pancreas_baron,gamma,42,all,A1_minus_sep,A,1.1597,507baa4fe66b76ae,legacy_pre_git_sha_recording,f73bc73e65e8,False,1,0.9143,0.9011,0.9535,0.8542,7,5,0.003053
pancreas_baron,gamma,42,all,A2_minus_necessity,A,1.1597,507baa4fe66b76ae,legacy_pre_git_sha_recording,f73bc73e65e8,True,0,0.9143,0.9143,0.9302,0.8989,0,0,0.0
pancreas_baron,gamma,42,all,A3_minus_adaptive_rank,A,1.1597,507baa4fe66b76ae,legacy_pre_git_sha_recording,f73bc73e65e8,True,0,0.9143,0.9143,0.9302,0.8989,0,0,0.0
pancreas_baron,gamma,42,all,A4_minus_tau,A,1.1597,507baa4fe66b76ae,legacy_pre_git_sha_recording,f73bc73e65e8,True,0,0.9143,0.9143,0.9302,0.8989,0,0,0.0
pancreas_baron,gamma,42,all,A5_full,A,1.1597,507baa4fe66b76ae,legacy_pre_git_sha_recording,f73bc73e65e8,True,0,0.9143,0.9143,0.9302,0.8989,0,0,0.0
pancreas_baron,gamma,42,all,R1_rank1,R,1.1597,507baa4fe66b76ae,legacy_pre_git_sha_recording,f73bc73e65e8,True,0,0.9143,0.9143,0.9302,0.8989,0,0,0.0
pancreas_baron,gamma,42,all,R2_rank2,R,1.1597,507baa4fe66b76ae,legacy_pre_git_sha_recording,f73bc73e65e8,True,0,0.9143,0.9143,0.9302,0.8989,0,0,0.0
pancreas_baron,gamma,42,all,R3_rank3,R,1.1597,507baa4fe66b76ae,legacy_pre_git_sha_recording,f73bc73e65e8,True,0,0.9143,0.9143,0.9302,0.8989,0,0,0.0
pancreas_baron,gamma,42,all,R_adaptive,R,1.1597,507baa4fe66b76ae,legacy_pre_git_sha_recording,f73bc73e65e8,True,0,0.9143,0.9143,0.9302,0.8989,0,0,0.0
pancreas_baron,gamma,43,0.01,A0_baseline,A,1.1245,507baa4fe66b76ae,7a90a01,f73bc73e65e8,False,0,0.2449,0.2449,0.1395,1.0,0,0,0.0
pancreas_baron,gamma,43,0.01,A1_minus_sep,A,1.1245,507baa4fe66b76ae,7a90a01,f73bc73e65e8,False,1,0.2449,0.75,0.6279,0.931,46,4,0.002442
pancreas_baron,gamma,43,0.01,A2_minus_necessity,A,1.1245,507baa4fe66b76ae,7a90a01,f73bc73e65e8,True,0,0.2449,0.2449,0.1395,1.0,0,0,0.0
pancreas_baron,gamma,43,0.01,A3_minus_adaptive_rank,A,1.1245,507baa4fe66b76ae,7a90a01,f73bc73e65e8,True,0,0.2449,0.2449,0.1395,1.0,0,0,0.0
pancreas_baron,gamma,43,0.01,A4_minus_tau,A,1.1245,507baa4fe66b76ae,7a90a01,f73bc73e65e8,True,0,0.2449,0.2449,0.1395,1.0,0,0,0.0
pancreas_baron,gamma,43,0.01,A5_full,A,1.1245,507baa4fe66b76ae,7a90a01,f73bc73e65e8,True,0,0.2449,0.2449,0.1395,1.0,0,0,0.0
pancreas_baron,gamma,43,0.01,R1_rank1,R,1.1245,507baa4fe66b76ae,7a90a01,f73bc73e65e8,True,0,0.2449,0.2449,0.1395,1.0,0,0,0.0
pancreas_baron,gamma,43,0.01,R2_rank2,R,1.1245,507baa4fe66b76ae,7a90a01,f73bc73e65e8,True,0,0.2449,0.2449,0.1395,1.0,0,0,0.0
pancreas_baron,gamma,43,0.01,R3_rank3,R,1.1245,507baa4fe66b76ae,7a90a01,f73bc73e65e8,True,0,0.2449,0.2449,0.1395,1.0,0,0,0.0
pancreas_baron,gamma,43,0.01,R_adaptive,R,1.1245,507baa4fe66b76ae,7a90a01,f73bc73e65e8,True,0,0.2449,0.2449,0.1395,1.0,0,0,0.0
pancreas_baron,gamma,43,0.05,A0_baseline,A,1.1245,507baa4fe66b76ae,7a90a01,f73bc73e65e8,False,0,0.2449,0.2449,0.1395,1.0,0,0,0.0
pancreas_baron,gamma,43,0.05,A1_minus_sep,A,1.1245,507baa4fe66b76ae,7a90a01,f73bc73e65e8,False,1,0.2449,0.75,0.6279,0.931,46,4,0.002442
pancreas_baron,gamma,43,0.05,A2_minus_necessity,A,1.1245,507baa4fe66b76ae,7a90a01,f73bc73e65e8,True,0,0.2449,0.2449,0.1395,1.0,0,0,0.0
pancreas_baron,gamma,43,0.05,A3_minus_adaptive_rank,A,1.1245,507baa4fe66b76ae,7a90a01,f73bc73e65e8,True,0,0.2449,0.2449,0.1395,1.0,0,0,0.0
pancreas_baron,gamma,43,0.05,A4_minus_tau,A,1.1245,507baa4fe66b76ae,7a90a01,f73bc73e65e8,True,0,0.2449,0.2449,0.1395,1.0,0,0,0.0
pancreas_baron,gamma,43,0.05,A5_full,A,1.1245,507baa4fe66b76ae,7a90a01,f73bc73e65e8,True,0,0.2449,0.2449,0.1395,1.0,0,0,0.0
pancreas_baron,gamma,43,0.05,R1_rank1,R,1.1245,507baa4fe66b76ae,7a90a01,f73bc73e65e8,True,0,0.2449,0.2449,0.1395,1.0,0,0,0.0
pancreas_baron,gamma,43,0.05,R2_rank2,R,1.1245,507baa4fe66b76ae,7a90a01,f73bc73e65e8,True,0,0.2449,0.2449,0.1395,1.0,0,0,0.0
pancreas_baron,gamma,43,0.05,R3_rank3,R,1.1245,507baa4fe66b76ae,7a90a01,f73bc73e65e8,True,0,0.2449,0.2449,0.1395,1.0,0,0,0.0
pancreas_baron,gamma,43,0.05,R_adaptive,R,1.1245,507baa4fe66b76ae,7a90a01,f73bc73e65e8,True,0,0.2449,0.2449,0.1395,1.0,0,0,0.0
pancreas_baron,gamma,43,0.10,A0_baseline,A,1.5543,507baa4fe66b76ae,7a90a01,f73bc73e65e8,False,0,0.7808,0.7808,0.6628,0.95,0,0,0.0
pancreas_baron,gamma,43,0.10,A1_minus_sep,A,1.5543,507baa4fe66b76ae,7a90a01,f73bc73e65e8,False,1,0.7808,0.8242,0.7907,0.8608,19,8,0.004884
pancreas_baron,gamma,43,0.10,A2_minus_necessity,A,1.5543,507baa4fe66b76ae,7a90a01,f73bc73e65e8,False,1,0.7808,0.8242,0.7907,0.8608,19,8,0.004884
pancreas_baron,gamma,43,0.10,A3_minus_adaptive_rank,A,1.5543,507baa4fe66b76ae,7a90a01,f73bc73e65e8,False,1,0.7808,0.8242,0.7907,0.8608,19,8,0.004884
pancreas_baron,gamma,43,0.10,A4_minus_tau,A,1.5543,507baa4fe66b76ae,7a90a01,f73bc73e65e8,False,1,0.7808,0.7725,0.8488,0.7087,43,27,0.016484
pancreas_baron,gamma,43,0.10,A5_full,A,1.5543,507baa4fe66b76ae,7a90a01,f73bc73e65e8,False,1,0.7808,0.8242,0.7907,0.8608,19,8,0.004884
pancreas_baron,gamma,43,0.10,R1_rank1,R,1.5543,507baa4fe66b76ae,7a90a01,f73bc73e65e8,False,1,0.7808,0.8242,0.7907,0.8608,19,8,0.004884
pancreas_baron,gamma,43,0.10,R2_rank2,R,1.5543,507baa4fe66b76ae,7a90a01,f73bc73e65e8,False,2,0.7808,0.8118,0.8023,0.8214,24,12,0.007326
pancreas_baron,gamma,43,0.10,R3_rank3,R,1.5543,507baa4fe66b76ae,7a90a01,f73bc73e65e8,False,3,0.7808,0.8118,0.8023,0.8214,24,12,0.007326
pancreas_baron,gamma,43,0.10,R_adaptive,R,1.5543,507baa4fe66b76ae,7a90a01,f73bc73e65e8,False,1,0.7808,0.8242,0.7907,0.8608,19,8,0.004884
pancreas_baron,gamma,43,all,A0_baseline,A,1.1218,507baa4fe66b76ae,7a90a01,f73bc73e65e8,False,0,0.9222,0.9222,0.8953,0.9506,0,0,0.0
pancreas_baron,gamma,43,all,A1_minus_sep,A,1.1218,507baa4fe66b76ae,7a90a01,f73bc73e65e8,True,0,0.9222,0.9222,0.8953,0.9506,0,0,0.0
pancreas_baron,gamma,43,all,A2_minus_necessity,A,1.1218,507baa4fe66b76ae,7a90a01,f73bc73e65e8,True,0,0.9222,0.9222,0.8953,0.9506,0,0,0.0
pancreas_baron,gamma,43,all,A3_minus_adaptive_rank,A,1.1218,507baa4fe66b76ae,7a90a01,f73bc73e65e8,True,0,0.9222,0.9222,0.8953,0.9506,0,0,0.0
pancreas_baron,gamma,43,all,A4_minus_tau,A,1.1218,507baa4fe66b76ae,7a90a01,f73bc73e65e8,True,0,0.9222,0.9222,0.8953,0.9506,0,0,0.0
pancreas_baron,gamma,43,all,A5_full,A,1.1218,507baa4fe66b76ae,7a90a01,f73bc73e65e8,True,0,0.9222,0.9222,0.8953,0.9506,0,0,0.0
pancreas_baron,gamma,43,all,R1_rank1,R,1.1218,507baa4fe66b76ae,7a90a01,f73bc73e65e8,True,0,0.9222,0.9222,0.8953,0.9506,0,0,0.0
pancreas_baron,gamma,43,all,R2_rank2,R,1.1218,507baa4fe66b76ae,7a90a01,f73bc73e65e8,True,0,0.9222,0.9222,0.8953,0.9506,0,0,0.0
pancreas_baron,gamma,43,all,R3_rank3,R,1.1218,507baa4fe66b76ae,7a90a01,f73bc73e65e8,True,0,0.9222,0.9222,0.8953,0.9506,0,0,0.0
pancreas_baron,gamma,43,all,R_adaptive,R,1.1218,507baa4fe66b76ae,7a90a01,f73bc73e65e8,True,0,0.9222,0.9222,0.8953,0.9506,0,0,0.0
pancreas_baron,gamma,44,0.01,A0_baseline,A,1.222,507baa4fe66b76ae,7a90a01,f73bc73e65e8,False,0,0.6769,0.6769,0.5116,1.0,0,0,0.0
pancreas_baron,gamma,44,0.01,A1_minus_sep,A,1.222,507baa4fe66b76ae,7a90a01,f73bc73e65e8,False,1,0.6769,0.8316,0.9186,0.7596,60,25,0.015263
pancreas_baron,gamma,44,0.01,A2_minus_necessity,A,1.222,507baa4fe66b76ae,7a90a01,f73bc73e65e8,True,0,0.6769,0.6769,0.5116,1.0,0,0,0.0
pancreas_baron,gamma,44,0.01,A3_minus_adaptive_rank,A,1.222,507baa4fe66b76ae,7a90a01,f73bc73e65e8,True,0,0.6769,0.6769,0.5116,1.0,0,0,0.0
pancreas_baron,gamma,44,0.01,A4_minus_tau,A,1.222,507baa4fe66b76ae,7a90a01,f73bc73e65e8,True,0,0.6769,0.6769,0.5116,1.0,0,0,0.0
pancreas_baron,gamma,44,0.01,A5_full,A,1.222,507baa4fe66b76ae,7a90a01,f73bc73e65e8,True,0,0.6769,0.6769,0.5116,1.0,0,0,0.0
pancreas_baron,gamma,44,0.01,R1_rank1,R,1.222,507baa4fe66b76ae,7a90a01,f73bc73e65e8,True,0,0.6769,0.6769,0.5116,1.0,0,0,0.0
pancreas_baron,gamma,44,0.01,R2_rank2,R,1.222,507baa4fe66b76ae,7a90a01,f73bc73e65e8,True,0,0.6769,0.6769,0.5116,1.0,0,0,0.0
pancreas_baron,gamma,44,0.01,R3_rank3,R,1.222,507baa4fe66b76ae,7a90a01,f73bc73e65e8,True,0,0.6769,0.6769,0.5116,1.0,0,0,0.0
pancreas_baron,gamma,44,0.01,R_adaptive,R,1.222,507baa4fe66b76ae,7a90a01,f73bc73e65e8,True,0,0.6769,0.6769,0.5116,1.0,0,0,0.0
pancreas_baron,gamma,44,0.05,A0_baseline,A,1.222,507baa4fe66b76ae,7a90a01,f73bc73e65e8,False,0,0.6769,0.6769,0.5116,1.0,0,0,0.0
pancreas_baron,gamma,44,0.05,A1_minus_sep,A,1.222,507baa4fe66b76ae,7a90a01,f73bc73e65e8,False,1,0.6769,0.8316,0.9186,0.7596,60,25,0.015263
pancreas_baron,gamma,44,0.05,A2_minus_necessity,A,1.222,507baa4fe66b76ae,7a90a01,f73bc73e65e8,True,0,0.6769,0.6769,0.5116,1.0,0,0,0.0
pancreas_baron,gamma,44,0.05,A3_minus_adaptive_rank,A,1.222,507baa4fe66b76ae,7a90a01,f73bc73e65e8,True,0,0.6769,0.6769,0.5116,1.0,0,0,0.0
pancreas_baron,gamma,44,0.05,A4_minus_tau,A,1.222,507baa4fe66b76ae,7a90a01,f73bc73e65e8,True,0,0.6769,0.6769,0.5116,1.0,0,0,0.0
pancreas_baron,gamma,44,0.05,A5_full,A,1.222,507baa4fe66b76ae,7a90a01,f73bc73e65e8,True,0,0.6769,0.6769,0.5116,1.0,0,0,0.0
pancreas_baron,gamma,44,0.05,R1_rank1,R,1.222,507baa4fe66b76ae,7a90a01,f73bc73e65e8,True,0,0.6769,0.6769,0.5116,1.0,0,0,0.0
pancreas_baron,gamma,44,0.05,R2_rank2,R,1.222,507baa4fe66b76ae,7a90a01,f73bc73e65e8,True,0,0.6769,0.6769,0.5116,1.0,0,0,0.0
pancreas_baron,gamma,44,0.05,R3_rank3,R,1.222,507baa4fe66b76ae,7a90a01,f73bc73e65e8,True,0,0.6769,0.6769,0.5116,1.0,0,0,0.0
pancreas_baron,gamma,44,0.05,R_adaptive,R,1.222,507baa4fe66b76ae,7a90a01,f73bc73e65e8,True,0,0.6769,0.6769,0.5116,1.0,0,0,0.0
pancreas_baron,gamma,44,0.10,A0_baseline,A,1.1241,507baa4fe66b76ae,7a90a01,f73bc73e65e8,False,0,0.8875,0.8875,0.8256,0.9595,0,0,0.0
pancreas_baron,gamma,44,0.10,A1_minus_sep,A,1.1241,507baa4fe66b76ae,7a90a01,f73bc73e65e8,False,1,0.8875,0.8764,0.907,0.8478,18,11,0.006716
pancreas_baron,gamma,44,0.10,A2_minus_necessity,A,1.1241,507baa4fe66b76ae,7a90a01,f73bc73e65e8,True,0,0.8875,0.8875,0.8256,0.9595,0,0,0.0
pancreas_baron,gamma,44,0.10,A3_minus_adaptive_rank,A,1.1241,507baa4fe66b76ae,7a90a01,f73bc73e65e8,True,0,0.8875,0.8875,0.8256,0.9595,0,0,0.0
pancreas_baron,gamma,44,0.10,A4_minus_tau,A,1.1241,507baa4fe66b76ae,7a90a01,f73bc73e65e8,True,0,0.8875,0.8875,0.8256,0.9595,0,0,0.0
pancreas_baron,gamma,44,0.10,A5_full,A,1.1241,507baa4fe66b76ae,7a90a01,f73bc73e65e8,True,0,0.8875,0.8875,0.8256,0.9595,0,0,0.0
pancreas_baron,gamma,44,0.10,R1_rank1,R,1.1241,507baa4fe66b76ae,7a90a01,f73bc73e65e8,True,0,0.8875,0.8875,0.8256,0.9595,0,0,0.0
pancreas_baron,gamma,44,0.10,R2_rank2,R,1.1241,507baa4fe66b76ae,7a90a01,f73bc73e65e8,True,0,0.8875,0.8875,0.8256,0.9595,0,0,0.0
pancreas_baron,gamma,44,0.10,R3_rank3,R,1.1241,507baa4fe66b76ae,7a90a01,f73bc73e65e8,True,0,0.8875,0.8875,0.8256,0.9595,0,0,0.0
pancreas_baron,gamma,44,0.10,R_adaptive,R,1.1241,507baa4fe66b76ae,7a90a01,f73bc73e65e8,True,0,0.8875,0.8875,0.8256,0.9595,0,0,0.0
pancreas_baron,gamma,44,all,A0_baseline,A,1.0929,507baa4fe66b76ae,7a90a01,f73bc73e65e8,False,0,0.897,0.897,0.8605,0.9367,0,0,0.0
pancreas_baron,gamma,44,all,A1_minus_sep,A,1.0929,507baa4fe66b76ae,7a90a01,f73bc73e65e8,True,0,0.897,0.897,0.8605,0.9367,0,0,0.0
pancreas_baron,gamma,44,all,A2_minus_necessity,A,1.0929,507baa4fe66b76ae,7a90a01,f73bc73e65e8,True,0,0.897,0.897,0.8605,0.9367,0,0,0.0
pancreas_baron,gamma,44,all,A3_minus_adaptive_rank,A,1.0929,507baa4fe66b76ae,7a90a01,f73bc73e65e8,True,0,0.897,0.897,0.8605,0.9367,0,0,0.0
pancreas_baron,gamma,44,all,A4_minus_tau,A,1.0929,507baa4fe66b76ae,7a90a01,f73bc73e65e8,True,0,0.897,0.897,0.8605,0.9367,0,0,0.0
pancreas_baron,gamma,44,all,A5_full,A,1.0929,507baa4fe66b76ae,7a90a01,f73bc73e65e8,True,0,0.897,0.897,0.8605,0.9367,0,0,0.0
pancreas_baron,gamma,44,all,R1_rank1,R,1.0929,507baa4fe66b76ae,7a90a01,f73bc73e65e8,True,0,0.897,0.897,0.8605,0.9367,0,0,0.0
pancreas_baron,gamma,44,all,R2_rank2,R,1.0929,507baa4fe66b76ae,7a90a01,f73bc73e65e8,True,0,0.897,0.897,0.8605,0.9367,0,0,0.0
pancreas_baron,gamma,44,all,R3_rank3,R,1.0929,507baa4fe66b76ae,7a90a01,f73bc73e65e8,True,0,0.897,0.897,0.8605,0.9367,0,0,0.0
pancreas_baron,gamma,44,all,R_adaptive,R,1.0929,507baa4fe66b76ae,7a90a01,f73bc73e65e8,True,0,0.897,0.897,0.8605,0.9367,0,0,0.0
pancreas_integrated,endothelial,42,0.01,A0_baseline,A,1.4516,2373a4f6ec6225a2,6a0ead9,f9f5f1b60a02,False,0,1.0,1.0,1.0,1.0,0,0,0.0
pancreas_integrated,endothelial,42,0.01,A1_minus_sep,A,1.4516,2373a4f6ec6225a2,6a0ead9,f9f5f1b60a02,True,0,1.0,1.0,1.0,1.0,0,0,0.0
pancreas_integrated,endothelial,42,0.01,A2_minus_necessity,A,1.4516,2373a4f6ec6225a2,6a0ead9,f9f5f1b60a02,False,2,1.0,0.9388,1.0,0.8846,3,3,0.001764
pancreas_integrated,endothelial,42,0.01,A3_minus_adaptive_rank,A,1.4516,2373a4f6ec6225a2,6a0ead9,f9f5f1b60a02,True,0,1.0,1.0,1.0,1.0,0,0,0.0
pancreas_integrated,endothelial,42,0.01,A4_minus_tau,A,1.4516,2373a4f6ec6225a2,6a0ead9,f9f5f1b60a02,True,0,1.0,1.0,1.0,1.0,0,0,0.0
pancreas_integrated,endothelial,42,0.01,A5_full,A,1.4516,2373a4f6ec6225a2,6a0ead9,f9f5f1b60a02,True,0,1.0,1.0,1.0,1.0,0,0,0.0
pancreas_integrated,endothelial,42,0.01,R1_rank1,R,1.4516,2373a4f6ec6225a2,6a0ead9,f9f5f1b60a02,True,0,1.0,1.0,1.0,1.0,0,0,0.0
pancreas_integrated,endothelial,42,0.01,R2_rank2,R,1.4516,2373a4f6ec6225a2,6a0ead9,f9f5f1b60a02,True,0,1.0,1.0,1.0,1.0,0,0,0.0
pancreas_integrated,endothelial,42,0.01,R3_rank3,R,1.4516,2373a4f6ec6225a2,6a0ead9,f9f5f1b60a02,True,0,1.0,1.0,1.0,1.0,0,0,0.0
pancreas_integrated,endothelial,42,0.01,R_adaptive,R,1.4516,2373a4f6ec6225a2,6a0ead9,f9f5f1b60a02,True,0,1.0,1.0,1.0,1.0,0,0,0.0
pancreas_integrated,endothelial,42,0.05,A0_baseline,A,1.5432,2373a4f6ec6225a2,6a0ead9,f9f5f1b60a02,False,0,1.0,1.0,1.0,1.0,0,0,0.0
pancreas_integrated,endothelial,42,0.05,A1_minus_sep,A,1.5432,2373a4f6ec6225a2,6a0ead9,f9f5f1b60a02,True,0,1.0,1.0,1.0,1.0,0,0,0.0
pancreas_integrated,endothelial,42,0.05,A2_minus_necessity,A,1.5432,2373a4f6ec6225a2,6a0ead9,f9f5f1b60a02,False,1,1.0,0.9787,1.0,0.9583,1,1,0.000588
pancreas_integrated,endothelial,42,0.05,A3_minus_adaptive_rank,A,1.5432,2373a4f6ec6225a2,6a0ead9,f9f5f1b60a02,True,0,1.0,1.0,1.0,1.0,0,0,0.0
pancreas_integrated,endothelial,42,0.05,A4_minus_tau,A,1.5432,2373a4f6ec6225a2,6a0ead9,f9f5f1b60a02,True,0,1.0,1.0,1.0,1.0,0,0,0.0
pancreas_integrated,endothelial,42,0.05,A5_full,A,1.5432,2373a4f6ec6225a2,6a0ead9,f9f5f1b60a02,True,0,1.0,1.0,1.0,1.0,0,0,0.0
pancreas_integrated,endothelial,42,0.05,R1_rank1,R,1.5432,2373a4f6ec6225a2,6a0ead9,f9f5f1b60a02,True,0,1.0,1.0,1.0,1.0,0,0,0.0
pancreas_integrated,endothelial,42,0.05,R2_rank2,R,1.5432,2373a4f6ec6225a2,6a0ead9,f9f5f1b60a02,True,0,1.0,1.0,1.0,1.0,0,0,0.0
pancreas_integrated,endothelial,42,0.05,R3_rank3,R,1.5432,2373a4f6ec6225a2,6a0ead9,f9f5f1b60a02,True,0,1.0,1.0,1.0,1.0,0,0,0.0
pancreas_integrated,endothelial,42,0.05,R_adaptive,R,1.5432,2373a4f6ec6225a2,6a0ead9,f9f5f1b60a02,True,0,1.0,1.0,1.0,1.0,0,0,0.0
pancreas_integrated,endothelial,42,0.10,A0_baseline,A,1.341,2373a4f6ec6225a2,6a0ead9,f9f5f1b60a02,False,0,0.9787,0.9787,1.0,0.9583,0,0,0.0
pancreas_integrated,endothelial,42,0.10,A1_minus_sep,A,1.341,2373a4f6ec6225a2,6a0ead9,f9f5f1b60a02,True,0,0.9787,0.9787,1.0,0.9583,0,0,0.0
pancreas_integrated,endothelial,42,0.10,A2_minus_necessity,A,1.341,2373a4f6ec6225a2,6a0ead9,f9f5f1b60a02,False,1,0.9787,0.9787,1.0,0.9583,0,0,0.0
pancreas_integrated,endothelial,42,0.10,A3_minus_adaptive_rank,A,1.341,2373a4f6ec6225a2,6a0ead9,f9f5f1b60a02,True,0,0.9787,0.9787,1.0,0.9583,0,0,0.0
pancreas_integrated,endothelial,42,0.10,A4_minus_tau,A,1.341,2373a4f6ec6225a2,6a0ead9,f9f5f1b60a02,True,0,0.9787,0.9787,1.0,0.9583,0,0,0.0
pancreas_integrated,endothelial,42,0.10,A5_full,A,1.341,2373a4f6ec6225a2,6a0ead9,f9f5f1b60a02,True,0,0.9787,0.9787,1.0,0.9583,0,0,0.0
pancreas_integrated,endothelial,42,0.10,R1_rank1,R,1.341,2373a4f6ec6225a2,6a0ead9,f9f5f1b60a02,True,0,0.9787,0.9787,1.0,0.9583,0,0,0.0
pancreas_integrated,endothelial,42,0.10,R2_rank2,R,1.341,2373a4f6ec6225a2,6a0ead9,f9f5f1b60a02,True,0,0.9787,0.9787,1.0,0.9583,0,0,0.0
pancreas_integrated,endothelial,42,0.10,R3_rank3,R,1.341,2373a4f6ec6225a2,6a0ead9,f9f5f1b60a02,True,0,0.9787,0.9787,1.0,0.9583,0,0,0.0
pancreas_integrated,endothelial,42,0.10,R_adaptive,R,1.341,2373a4f6ec6225a2,6a0ead9,f9f5f1b60a02,True,0,0.9787,0.9787,1.0,0.9583,0,0,0.0
pancreas_integrated,endothelial,42,all,A0_baseline,A,1.4442,2373a4f6ec6225a2,6a0ead9,f9f5f1b60a02,False,0,0.9583,0.9583,1.0,0.92,0,0,0.0
pancreas_integrated,endothelial,42,all,A1_minus_sep,A,1.4442,2373a4f6ec6225a2,6a0ead9,f9f5f1b60a02,True,0,0.9583,0.9583,1.0,0.92,0,0,0.0
pancreas_integrated,endothelial,42,all,A2_minus_necessity,A,1.4442,2373a4f6ec6225a2,6a0ead9,f9f5f1b60a02,False,1,0.9583,0.9583,1.0,0.92,0,0,0.0
pancreas_integrated,endothelial,42,all,A3_minus_adaptive_rank,A,1.4442,2373a4f6ec6225a2,6a0ead9,f9f5f1b60a02,True,0,0.9583,0.9583,1.0,0.92,0,0,0.0
pancreas_integrated,endothelial,42,all,A4_minus_tau,A,1.4442,2373a4f6ec6225a2,6a0ead9,f9f5f1b60a02,True,0,0.9583,0.9583,1.0,0.92,0,0,0.0
pancreas_integrated,endothelial,42,all,A5_full,A,1.4442,2373a4f6ec6225a2,6a0ead9,f9f5f1b60a02,True,0,0.9583,0.9583,1.0,0.92,0,0,0.0
pancreas_integrated,endothelial,42,all,R1_rank1,R,1.4442,2373a4f6ec6225a2,6a0ead9,f9f5f1b60a02,True,0,0.9583,0.9583,1.0,0.92,0,0,0.0
pancreas_integrated,endothelial,42,all,R2_rank2,R,1.4442,2373a4f6ec6225a2,6a0ead9,f9f5f1b60a02,True,0,0.9583,0.9583,1.0,0.92,0,0,0.0
pancreas_integrated,endothelial,42,all,R3_rank3,R,1.4442,2373a4f6ec6225a2,6a0ead9,f9f5f1b60a02,True,0,0.9583,0.9583,1.0,0.92,0,0,0.0
pancreas_integrated,endothelial,42,all,R_adaptive,R,1.4442,2373a4f6ec6225a2,6a0ead9,f9f5f1b60a02,True,0,0.9583,0.9583,1.0,0.92,0,0,0.0
pancreas_integrated,endothelial,43,0.01,A0_baseline,A,2.3225,2373a4f6ec6225a2,7a90a01,f9f5f1b60a02,False,0,1.0,1.0,1.0,1.0,0,0,0.0
pancreas_integrated,endothelial,43,0.01,A1_minus_sep,A,2.3225,2373a4f6ec6225a2,7a90a01,f9f5f1b60a02,True,0,1.0,1.0,1.0,1.0,0,0,0.0
pancreas_integrated,endothelial,43,0.01,A2_minus_necessity,A,2.3225,2373a4f6ec6225a2,7a90a01,f9f5f1b60a02,False,2,1.0,1.0,1.0,1.0,0,0,0.0
pancreas_integrated,endothelial,43,0.01,A3_minus_adaptive_rank,A,2.3225,2373a4f6ec6225a2,7a90a01,f9f5f1b60a02,True,0,1.0,1.0,1.0,1.0,0,0,0.0
pancreas_integrated,endothelial,43,0.01,A4_minus_tau,A,2.3225,2373a4f6ec6225a2,7a90a01,f9f5f1b60a02,True,0,1.0,1.0,1.0,1.0,0,0,0.0
pancreas_integrated,endothelial,43,0.01,A5_full,A,2.3225,2373a4f6ec6225a2,7a90a01,f9f5f1b60a02,True,0,1.0,1.0,1.0,1.0,0,0,0.0
pancreas_integrated,endothelial,43,0.01,R1_rank1,R,2.3225,2373a4f6ec6225a2,7a90a01,f9f5f1b60a02,True,0,1.0,1.0,1.0,1.0,0,0,0.0
pancreas_integrated,endothelial,43,0.01,R2_rank2,R,2.3225,2373a4f6ec6225a2,7a90a01,f9f5f1b60a02,True,0,1.0,1.0,1.0,1.0,0,0,0.0
pancreas_integrated,endothelial,43,0.01,R3_rank3,R,2.3225,2373a4f6ec6225a2,7a90a01,f9f5f1b60a02,True,0,1.0,1.0,1.0,1.0,0,0,0.0
pancreas_integrated,endothelial,43,0.01,R_adaptive,R,2.3225,2373a4f6ec6225a2,7a90a01,f9f5f1b60a02,True,0,1.0,1.0,1.0,1.0,0,0,0.0
pancreas_integrated,endothelial,43,0.05,A0_baseline,A,1.6065,2373a4f6ec6225a2,7a90a01,f9f5f1b60a02,False,0,1.0,1.0,1.0,1.0,0,0,0.0
pancreas_integrated,endothelial,43,0.05,A1_minus_sep,A,1.6065,2373a4f6ec6225a2,7a90a01,f9f5f1b60a02,True,0,1.0,1.0,1.0,1.0,0,0,0.0
pancreas_integrated,endothelial,43,0.05,A2_minus_necessity,A,1.6065,2373a4f6ec6225a2,7a90a01,f9f5f1b60a02,False,2,1.0,0.9787,1.0,0.9583,1,1,0.000588
pancreas_integrated,endothelial,43,0.05,A3_minus_adaptive_rank,A,1.6065,2373a4f6ec6225a2,7a90a01,f9f5f1b60a02,True,0,1.0,1.0,1.0,1.0,0,0,0.0
pancreas_integrated,endothelial,43,0.05,A4_minus_tau,A,1.6065,2373a4f6ec6225a2,7a90a01,f9f5f1b60a02,True,0,1.0,1.0,1.0,1.0,0,0,0.0
pancreas_integrated,endothelial,43,0.05,A5_full,A,1.6065,2373a4f6ec6225a2,7a90a01,f9f5f1b60a02,True,0,1.0,1.0,1.0,1.0,0,0,0.0
pancreas_integrated,endothelial,43,0.05,R1_rank1,R,1.6065,2373a4f6ec6225a2,7a90a01,f9f5f1b60a02,True,0,1.0,1.0,1.0,1.0,0,0,0.0
pancreas_integrated,endothelial,43,0.05,R2_rank2,R,1.6065,2373a4f6ec6225a2,7a90a01,f9f5f1b60a02,True,0,1.0,1.0,1.0,1.0,0,0,0.0
pancreas_integrated,endothelial,43,0.05,R3_rank3,R,1.6065,2373a4f6ec6225a2,7a90a01,f9f5f1b60a02,True,0,1.0,1.0,1.0,1.0,0,0,0.0
pancreas_integrated,endothelial,43,0.05,R_adaptive,R,1.6065,2373a4f6ec6225a2,7a90a01,f9f5f1b60a02,True,0,1.0,1.0,1.0,1.0,0,0,0.0
pancreas_integrated,endothelial,43,0.10,A0_baseline,A,1.3032,2373a4f6ec6225a2,7a90a01,f9f5f1b60a02,False,0,1.0,1.0,1.0,1.0,0,0,0.0
pancreas_integrated,endothelial,43,0.10,A1_minus_sep,A,1.3032,2373a4f6ec6225a2,7a90a01,f9f5f1b60a02,True,0,1.0,1.0,1.0,1.0,0,0,0.0
pancreas_integrated,endothelial,43,0.10,A2_minus_necessity,A,1.3032,2373a4f6ec6225a2,7a90a01,f9f5f1b60a02,False,2,1.0,0.9583,1.0,0.92,2,2,0.001176
pancreas_integrated,endothelial,43,0.10,A3_minus_adaptive_rank,A,1.3032,2373a4f6ec6225a2,7a90a01,f9f5f1b60a02,True,0,1.0,1.0,1.0,1.0,0,0,0.0
pancreas_integrated,endothelial,43,0.10,A4_minus_tau,A,1.3032,2373a4f6ec6225a2,7a90a01,f9f5f1b60a02,True,0,1.0,1.0,1.0,1.0,0,0,0.0
pancreas_integrated,endothelial,43,0.10,A5_full,A,1.3032,2373a4f6ec6225a2,7a90a01,f9f5f1b60a02,True,0,1.0,1.0,1.0,1.0,0,0,0.0
pancreas_integrated,endothelial,43,0.10,R1_rank1,R,1.3032,2373a4f6ec6225a2,7a90a01,f9f5f1b60a02,True,0,1.0,1.0,1.0,1.0,0,0,0.0
pancreas_integrated,endothelial,43,0.10,R2_rank2,R,1.3032,2373a4f6ec6225a2,7a90a01,f9f5f1b60a02,True,0,1.0,1.0,1.0,1.0,0,0,0.0
pancreas_integrated,endothelial,43,0.10,R3_rank3,R,1.3032,2373a4f6ec6225a2,7a90a01,f9f5f1b60a02,True,0,1.0,1.0,1.0,1.0,0,0,0.0
pancreas_integrated,endothelial,43,0.10,R_adaptive,R,1.3032,2373a4f6ec6225a2,7a90a01,f9f5f1b60a02,True,0,1.0,1.0,1.0,1.0,0,0,0.0
pancreas_integrated,endothelial,43,all,A0_baseline,A,1.4104,2373a4f6ec6225a2,7a90a01,f9f5f1b60a02,False,0,0.9583,0.9583,1.0,0.92,0,0,0.0
pancreas_integrated,endothelial,43,all,A1_minus_sep,A,1.4104,2373a4f6ec6225a2,7a90a01,f9f5f1b60a02,True,0,0.9583,0.9583,1.0,0.92,0,0,0.0
pancreas_integrated,endothelial,43,all,A2_minus_necessity,A,1.4104,2373a4f6ec6225a2,7a90a01,f9f5f1b60a02,False,1,0.9583,0.9583,1.0,0.92,0,0,0.0
pancreas_integrated,endothelial,43,all,A3_minus_adaptive_rank,A,1.4104,2373a4f6ec6225a2,7a90a01,f9f5f1b60a02,True,0,0.9583,0.9583,1.0,0.92,0,0,0.0
pancreas_integrated,endothelial,43,all,A4_minus_tau,A,1.4104,2373a4f6ec6225a2,7a90a01,f9f5f1b60a02,True,0,0.9583,0.9583,1.0,0.92,0,0,0.0
pancreas_integrated,endothelial,43,all,A5_full,A,1.4104,2373a4f6ec6225a2,7a90a01,f9f5f1b60a02,True,0,0.9583,0.9583,1.0,0.92,0,0,0.0
pancreas_integrated,endothelial,43,all,R1_rank1,R,1.4104,2373a4f6ec6225a2,7a90a01,f9f5f1b60a02,True,0,0.9583,0.9583,1.0,0.92,0,0,0.0
pancreas_integrated,endothelial,43,all,R2_rank2,R,1.4104,2373a4f6ec6225a2,7a90a01,f9f5f1b60a02,True,0,0.9583,0.9583,1.0,0.92,0,0,0.0
pancreas_integrated,endothelial,43,all,R3_rank3,R,1.4104,2373a4f6ec6225a2,7a90a01,f9f5f1b60a02,True,0,0.9583,0.9583,1.0,0.92,0,0,0.0
pancreas_integrated,endothelial,43,all,R_adaptive,R,1.4104,2373a4f6ec6225a2,7a90a01,f9f5f1b60a02,True,0,0.9583,0.9583,1.0,0.92,0,0,0.0
pancreas_integrated,endothelial,44,0.01,A0_baseline,A,1.4167,2373a4f6ec6225a2,7a90a01,f9f5f1b60a02,False,0,0.0,0.0,0.0,0.0,0,0,0.0
pancreas_integrated,endothelial,44,0.01,A1_minus_sep,A,1.4167,2373a4f6ec6225a2,7a90a01,f9f5f1b60a02,False,1,0.0,1.0,1.0,1.0,23,0,0.0
pancreas_integrated,endothelial,44,0.01,A2_minus_necessity,A,1.4167,2373a4f6ec6225a2,7a90a01,f9f5f1b60a02,False,1,0.0,1.0,1.0,1.0,23,0,0.0
pancreas_integrated,endothelial,44,0.01,A3_minus_adaptive_rank,A,1.4167,2373a4f6ec6225a2,7a90a01,f9f5f1b60a02,False,1,0.0,1.0,1.0,1.0,23,0,0.0
pancreas_integrated,endothelial,44,0.01,A4_minus_tau,A,1.4167,2373a4f6ec6225a2,7a90a01,f9f5f1b60a02,False,1,0.0,1.0,1.0,1.0,23,0,0.0
pancreas_integrated,endothelial,44,0.01,A5_full,A,1.4167,2373a4f6ec6225a2,7a90a01,f9f5f1b60a02,False,1,0.0,1.0,1.0,1.0,23,0,0.0
pancreas_integrated,endothelial,44,0.01,R1_rank1,R,1.4167,2373a4f6ec6225a2,7a90a01,f9f5f1b60a02,False,1,0.0,1.0,1.0,1.0,23,0,0.0
pancreas_integrated,endothelial,44,0.01,R2_rank2,R,1.4167,2373a4f6ec6225a2,7a90a01,f9f5f1b60a02,False,2,0.0,0.92,1.0,0.8519,27,4,0.002352
pancreas_integrated,endothelial,44,0.01,R3_rank3,R,1.4167,2373a4f6ec6225a2,7a90a01,f9f5f1b60a02,False,3,0.0,0.7797,1.0,0.6389,36,13,0.007643
pancreas_integrated,endothelial,44,0.01,R_adaptive,R,1.4167,2373a4f6ec6225a2,7a90a01,f9f5f1b60a02,False,1,0.0,1.0,1.0,1.0,23,0,0.0
pancreas_integrated,endothelial,44,0.05,A0_baseline,A,1.5341,2373a4f6ec6225a2,7a90a01,f9f5f1b60a02,False,0,1.0,1.0,1.0,1.0,0,0,0.0
pancreas_integrated,endothelial,44,0.05,A1_minus_sep,A,1.5341,2373a4f6ec6225a2,7a90a01,f9f5f1b60a02,True,0,1.0,1.0,1.0,1.0,0,0,0.0
pancreas_integrated,endothelial,44,0.05,A2_minus_necessity,A,1.5341,2373a4f6ec6225a2,7a90a01,f9f5f1b60a02,False,1,1.0,1.0,1.0,1.0,0,0,0.0
pancreas_integrated,endothelial,44,0.05,A3_minus_adaptive_rank,A,1.5341,2373a4f6ec6225a2,7a90a01,f9f5f1b60a02,True,0,1.0,1.0,1.0,1.0,0,0,0.0
pancreas_integrated,endothelial,44,0.05,A4_minus_tau,A,1.5341,2373a4f6ec6225a2,7a90a01,f9f5f1b60a02,True,0,1.0,1.0,1.0,1.0,0,0,0.0
pancreas_integrated,endothelial,44,0.05,A5_full,A,1.5341,2373a4f6ec6225a2,7a90a01,f9f5f1b60a02,True,0,1.0,1.0,1.0,1.0,0,0,0.0
pancreas_integrated,endothelial,44,0.05,R1_rank1,R,1.5341,2373a4f6ec6225a2,7a90a01,f9f5f1b60a02,True,0,1.0,1.0,1.0,1.0,0,0,0.0
pancreas_integrated,endothelial,44,0.05,R2_rank2,R,1.5341,2373a4f6ec6225a2,7a90a01,f9f5f1b60a02,True,0,1.0,1.0,1.0,1.0,0,0,0.0
pancreas_integrated,endothelial,44,0.05,R3_rank3,R,1.5341,2373a4f6ec6225a2,7a90a01,f9f5f1b60a02,True,0,1.0,1.0,1.0,1.0,0,0,0.0
pancreas_integrated,endothelial,44,0.05,R_adaptive,R,1.5341,2373a4f6ec6225a2,7a90a01,f9f5f1b60a02,True,0,1.0,1.0,1.0,1.0,0,0,0.0
pancreas_integrated,endothelial,44,0.10,A0_baseline,A,1.5686,2373a4f6ec6225a2,7a90a01,f9f5f1b60a02,False,0,1.0,1.0,1.0,1.0,0,0,0.0
pancreas_integrated,endothelial,44,0.10,A1_minus_sep,A,1.5686,2373a4f6ec6225a2,7a90a01,f9f5f1b60a02,True,0,1.0,1.0,1.0,1.0,0,0,0.0
pancreas_integrated,endothelial,44,0.10,A2_minus_necessity,A,1.5686,2373a4f6ec6225a2,7a90a01,f9f5f1b60a02,False,1,1.0,1.0,1.0,1.0,0,0,0.0
pancreas_integrated,endothelial,44,0.10,A3_minus_adaptive_rank,A,1.5686,2373a4f6ec6225a2,7a90a01,f9f5f1b60a02,True,0,1.0,1.0,1.0,1.0,0,0,0.0
pancreas_integrated,endothelial,44,0.10,A4_minus_tau,A,1.5686,2373a4f6ec6225a2,7a90a01,f9f5f1b60a02,True,0,1.0,1.0,1.0,1.0,0,0,0.0
pancreas_integrated,endothelial,44,0.10,A5_full,A,1.5686,2373a4f6ec6225a2,7a90a01,f9f5f1b60a02,True,0,1.0,1.0,1.0,1.0,0,0,0.0
pancreas_integrated,endothelial,44,0.10,R1_rank1,R,1.5686,2373a4f6ec6225a2,7a90a01,f9f5f1b60a02,True,0,1.0,1.0,1.0,1.0,0,0,0.0
pancreas_integrated,endothelial,44,0.10,R2_rank2,R,1.5686,2373a4f6ec6225a2,7a90a01,f9f5f1b60a02,True,0,1.0,1.0,1.0,1.0,0,0,0.0
pancreas_integrated,endothelial,44,0.10,R3_rank3,R,1.5686,2373a4f6ec6225a2,7a90a01,f9f5f1b60a02,True,0,1.0,1.0,1.0,1.0,0,0,0.0
pancreas_integrated,endothelial,44,0.10,R_adaptive,R,1.5686,2373a4f6ec6225a2,7a90a01,f9f5f1b60a02,True,0,1.0,1.0,1.0,1.0,0,0,0.0
pancreas_integrated,endothelial,44,all,A0_baseline,A,1.3665,2373a4f6ec6225a2,7a90a01,f9f5f1b60a02,False,0,0.9787,0.9787,1.0,0.9583,0,0,0.0
pancreas_integrated,endothelial,44,all,A1_minus_sep,A,1.3665,2373a4f6ec6225a2,7a90a01,f9f5f1b60a02,True,0,0.9787,0.9787,1.0,0.9583,0,0,0.0
pancreas_integrated,endothelial,44,all,A2_minus_necessity,A,1.3665,2373a4f6ec6225a2,7a90a01,f9f5f1b60a02,False,1,0.9787,0.9787,1.0,0.9583,0,0,0.0
pancreas_integrated,endothelial,44,all,A3_minus_adaptive_rank,A,1.3665,2373a4f6ec6225a2,7a90a01,f9f5f1b60a02,True,0,0.9787,0.9787,1.0,0.9583,0,0,0.0
pancreas_integrated,endothelial,44,all,A4_minus_tau,A,1.3665,2373a4f6ec6225a2,7a90a01,f9f5f1b60a02,True,0,0.9787,0.9787,1.0,0.9583,0,0,0.0
pancreas_integrated,endothelial,44,all,A5_full,A,1.3665,2373a4f6ec6225a2,7a90a01,f9f5f1b60a02,True,0,0.9787,0.9787,1.0,0.9583,0,0,0.0
pancreas_integrated,endothelial,44,all,R1_rank1,R,1.3665,2373a4f6ec6225a2,7a90a01,f9f5f1b60a02,True,0,0.9787,0.9787,1.0,0.9583,0,0,0.0
pancreas_integrated,endothelial,44,all,R2_rank2,R,1.3665,2373a4f6ec6225a2,7a90a01,f9f5f1b60a02,True,0,0.9787,0.9787,1.0,0.9583,0,0,0.0
pancreas_integrated,endothelial,44,all,R3_rank3,R,1.3665,2373a4f6ec6225a2,7a90a01,f9f5f1b60a02,True,0,0.9787,0.9787,1.0,0.9583,0,0,0.0
pancreas_integrated,endothelial,44,all,R_adaptive,R,1.3665,2373a4f6ec6225a2,7a90a01,f9f5f1b60a02,True,0,0.9787,0.9787,1.0,0.9583,0,0,0.0
tabula_lung_endo,endothelial cell of lymphatic vessel,42,0.01,A0_baseline,A,2.3468,da9ffbdf489ba7b0,67acaa3,4cd424fc70f7,False,0,0.0,0.0,0.0,0.0,0,0,0.0
tabula_lung_endo,endothelial cell of lymphatic vessel,42,0.01,A1_minus_sep,A,2.3468,da9ffbdf489ba7b0,67acaa3,4cd424fc70f7,False,1,0.0,0.9848,1.0,0.9701,67,2,0.001166
tabula_lung_endo,endothelial cell of lymphatic vessel,42,0.01,A2_minus_necessity,A,2.3468,da9ffbdf489ba7b0,67acaa3,4cd424fc70f7,False,1,0.0,0.9848,1.0,0.9701,67,2,0.001166
tabula_lung_endo,endothelial cell of lymphatic vessel,42,0.01,A3_minus_adaptive_rank,A,2.3468,da9ffbdf489ba7b0,67acaa3,4cd424fc70f7,False,1,0.0,0.9848,1.0,0.9701,67,2,0.001166
tabula_lung_endo,endothelial cell of lymphatic vessel,42,0.01,A4_minus_tau,A,2.3468,da9ffbdf489ba7b0,67acaa3,4cd424fc70f7,False,1,0.0,0.9848,1.0,0.9701,67,2,0.001166
tabula_lung_endo,endothelial cell of lymphatic vessel,42,0.01,A5_full,A,2.3468,da9ffbdf489ba7b0,67acaa3,4cd424fc70f7,False,1,0.0,0.9848,1.0,0.9701,67,2,0.001166
tabula_lung_endo,endothelial cell of lymphatic vessel,42,0.01,R1_rank1,R,2.3468,da9ffbdf489ba7b0,67acaa3,4cd424fc70f7,False,1,0.0,0.9848,1.0,0.9701,67,2,0.001166
tabula_lung_endo,endothelial cell of lymphatic vessel,42,0.01,R2_rank2,R,2.3468,da9ffbdf489ba7b0,67acaa3,4cd424fc70f7,False,2,0.0,0.9286,1.0,0.8667,75,10,0.005828
tabula_lung_endo,endothelial cell of lymphatic vessel,42,0.01,R3_rank3,R,2.3468,da9ffbdf489ba7b0,67acaa3,4cd424fc70f7,False,3,0.0,0.8784,1.0,0.7831,83,18,0.01049
tabula_lung_endo,endothelial cell of lymphatic vessel,42,0.01,R_adaptive,R,2.3468,da9ffbdf489ba7b0,67acaa3,4cd424fc70f7,False,1,0.0,0.9848,1.0,0.9701,67,2,0.001166
tabula_lung_endo,endothelial cell of lymphatic vessel,42,0.05,A0_baseline,A,1.879,da9ffbdf489ba7b0,67acaa3,4cd424fc70f7,False,0,0.6667,0.6667,0.5077,0.9706,0,0,0.0
tabula_lung_endo,endothelial cell of lymphatic vessel,42,0.05,A1_minus_sep,A,1.879,da9ffbdf489ba7b0,67acaa3,4cd424fc70f7,False,1,0.6667,0.963,1.0,0.9286,36,4,0.002331
tabula_lung_endo,endothelial cell of lymphatic vessel,42,0.05,A2_minus_necessity,A,1.879,da9ffbdf489ba7b0,67acaa3,4cd424fc70f7,False,1,0.6667,0.963,1.0,0.9286,36,4,0.002331
tabula_lung_endo,endothelial cell of lymphatic vessel,42,0.05,A3_minus_adaptive_rank,A,1.879,da9ffbdf489ba7b0,67acaa3,4cd424fc70f7,False,1,0.6667,0.963,1.0,0.9286,36,4,0.002331
tabula_lung_endo,endothelial cell of lymphatic vessel,42,0.05,A4_minus_tau,A,1.879,da9ffbdf489ba7b0,67acaa3,4cd424fc70f7,False,1,0.6667,0.963,1.0,0.9286,36,4,0.002331
tabula_lung_endo,endothelial cell of lymphatic vessel,42,0.05,A5_full,A,1.879,da9ffbdf489ba7b0,67acaa3,4cd424fc70f7,False,1,0.6667,0.963,1.0,0.9286,36,4,0.002331
tabula_lung_endo,endothelial cell of lymphatic vessel,42,0.05,R1_rank1,R,1.879,da9ffbdf489ba7b0,67acaa3,4cd424fc70f7,False,1,0.6667,0.963,1.0,0.9286,36,4,0.002331
tabula_lung_endo,endothelial cell of lymphatic vessel,42,0.05,R2_rank2,R,1.879,da9ffbdf489ba7b0,67acaa3,4cd424fc70f7,False,2,0.6667,0.9028,1.0,0.8228,45,13,0.007576
tabula_lung_endo,endothelial cell of lymphatic vessel,42,0.05,R3_rank3,R,1.879,da9ffbdf489ba7b0,67acaa3,4cd424fc70f7,False,3,0.6667,0.8387,1.0,0.7222,56,24,0.013986
tabula_lung_endo,endothelial cell of lymphatic vessel,42,0.05,R_adaptive,R,1.879,da9ffbdf489ba7b0,67acaa3,4cd424fc70f7,False,1,0.6667,0.963,1.0,0.9286,36,4,0.002331
tabula_lung_endo,endothelial cell of lymphatic vessel,42,0.10,A0_baseline,A,1.6589,da9ffbdf489ba7b0,67acaa3,4cd424fc70f7,False,0,0.9771,0.9771,0.9846,0.9697,0,0,0.0
tabula_lung_endo,endothelial cell of lymphatic vessel,42,0.10,A1_minus_sep,A,1.6589,da9ffbdf489ba7b0,67acaa3,4cd424fc70f7,True,0,0.9771,0.9771,0.9846,0.9697,0,0,0.0
tabula_lung_endo,endothelial cell of lymphatic vessel,42,0.10,A2_minus_necessity,A,1.6589,da9ffbdf489ba7b0,67acaa3,4cd424fc70f7,False,1,0.9771,0.9774,1.0,0.9559,2,1,0.000583
tabula_lung_endo,endothelial cell of lymphatic vessel,42,0.10,A3_minus_adaptive_rank,A,1.6589,da9ffbdf489ba7b0,67acaa3,4cd424fc70f7,True,0,0.9771,0.9771,0.9846,0.9697,0,0,0.0
tabula_lung_endo,endothelial cell of lymphatic vessel,42,0.10,A4_minus_tau,A,1.6589,da9ffbdf489ba7b0,67acaa3,4cd424fc70f7,True,0,0.9771,0.9771,0.9846,0.9697,0,0,0.0
tabula_lung_endo,endothelial cell of lymphatic vessel,42,0.10,A5_full,A,1.6589,da9ffbdf489ba7b0,67acaa3,4cd424fc70f7,True,0,0.9771,0.9771,0.9846,0.9697,0,0,0.0
tabula_lung_endo,endothelial cell of lymphatic vessel,42,0.10,R1_rank1,R,1.6589,da9ffbdf489ba7b0,67acaa3,4cd424fc70f7,True,0,0.9771,0.9771,0.9846,0.9697,0,0,0.0
tabula_lung_endo,endothelial cell of lymphatic vessel,42,0.10,R2_rank2,R,1.6589,da9ffbdf489ba7b0,67acaa3,4cd424fc70f7,True,0,0.9771,0.9771,0.9846,0.9697,0,0,0.0
tabula_lung_endo,endothelial cell of lymphatic vessel,42,0.10,R3_rank3,R,1.6589,da9ffbdf489ba7b0,67acaa3,4cd424fc70f7,True,0,0.9771,0.9771,0.9846,0.9697,0,0,0.0
tabula_lung_endo,endothelial cell of lymphatic vessel,42,0.10,R_adaptive,R,1.6589,da9ffbdf489ba7b0,67acaa3,4cd424fc70f7,True,0,0.9771,0.9771,0.9846,0.9697,0,0,0.0
tabula_lung_endo,endothelial cell of lymphatic vessel,42,all,A0_baseline,A,1.671,da9ffbdf489ba7b0,67acaa3,4cd424fc70f7,False,0,0.9774,0.9774,1.0,0.9559,0,0,0.0
tabula_lung_endo,endothelial cell of lymphatic vessel,42,all,A1_minus_sep,A,1.671,da9ffbdf489ba7b0,67acaa3,4cd424fc70f7,True,0,0.9774,0.9774,1.0,0.9559,0,0,0.0
tabula_lung_endo,endothelial cell of lymphatic vessel,42,all,A2_minus_necessity,A,1.671,da9ffbdf489ba7b0,67acaa3,4cd424fc70f7,False,1,0.9774,0.963,1.0,0.9286,2,2,0.001166
tabula_lung_endo,endothelial cell of lymphatic vessel,42,all,A3_minus_adaptive_rank,A,1.671,da9ffbdf489ba7b0,67acaa3,4cd424fc70f7,True,0,0.9774,0.9774,1.0,0.9559,0,0,0.0
tabula_lung_endo,endothelial cell of lymphatic vessel,42,all,A4_minus_tau,A,1.671,da9ffbdf489ba7b0,67acaa3,4cd424fc70f7,True,0,0.9774,0.9774,1.0,0.9559,0,0,0.0
tabula_lung_endo,endothelial cell of lymphatic vessel,42,all,A5_full,A,1.671,da9ffbdf489ba7b0,67acaa3,4cd424fc70f7,True,0,0.9774,0.9774,1.0,0.9559,0,0,0.0
tabula_lung_endo,endothelial cell of lymphatic vessel,42,all,R1_rank1,R,1.671,da9ffbdf489ba7b0,67acaa3,4cd424fc70f7,True,0,0.9774,0.9774,1.0,0.9559,0,0,0.0
tabula_lung_endo,endothelial cell of lymphatic vessel,42,all,R2_rank2,R,1.671,da9ffbdf489ba7b0,67acaa3,4cd424fc70f7,True,0,0.9774,0.9774,1.0,0.9559,0,0,0.0
tabula_lung_endo,endothelial cell of lymphatic vessel,42,all,R3_rank3,R,1.671,da9ffbdf489ba7b0,67acaa3,4cd424fc70f7,True,0,0.9774,0.9774,1.0,0.9559,0,0,0.0
tabula_lung_endo,endothelial cell of lymphatic vessel,42,all,R_adaptive,R,1.671,da9ffbdf489ba7b0,67acaa3,4cd424fc70f7,True,0,0.9774,0.9774,1.0,0.9559,0,0,0.0
tabula_lung_endo,endothelial cell of lymphatic vessel,43,0.01,A0_baseline,A,1.9886,da9ffbdf489ba7b0,7a90a01,4cd424fc70f7,False,0,0.1944,0.1944,0.1077,1.0,0,0,0.0
tabula_lung_endo,endothelial cell of lymphatic vessel,43,0.01,A1_minus_sep,A,1.9886,da9ffbdf489ba7b0,7a90a01,4cd424fc70f7,False,1,0.1944,0.9844,0.9692,1.0,56,0,0.0
tabula_lung_endo,endothelial cell of lymphatic vessel,43,0.01,A2_minus_necessity,A,1.9886,da9ffbdf489ba7b0,7a90a01,4cd424fc70f7,False,1,0.1944,0.9844,0.9692,1.0,56,0,0.0
tabula_lung_endo,endothelial cell of lymphatic vessel,43,0.01,A3_minus_adaptive_rank,A,1.9886,da9ffbdf489ba7b0,7a90a01,4cd424fc70f7,False,1,0.1944,0.9844,0.9692,1.0,56,0,0.0
tabula_lung_endo,endothelial cell of lymphatic vessel,43,0.01,A4_minus_tau,A,1.9886,da9ffbdf489ba7b0,7a90a01,4cd424fc70f7,False,1,0.1944,0.9767,0.9692,0.9844,57,1,0.000583
tabula_lung_endo,endothelial cell of lymphatic vessel,43,0.01,A5_full,A,1.9886,da9ffbdf489ba7b0,7a90a01,4cd424fc70f7,False,1,0.1944,0.9844,0.9692,1.0,56,0,0.0
tabula_lung_endo,endothelial cell of lymphatic vessel,43,0.01,R1_rank1,R,1.9886,da9ffbdf489ba7b0,7a90a01,4cd424fc70f7,False,1,0.1944,0.9844,0.9692,1.0,56,0,0.0
tabula_lung_endo,endothelial cell of lymphatic vessel,43,0.01,R2_rank2,R,1.9886,da9ffbdf489ba7b0,7a90a01,4cd424fc70f7,False,2,0.1944,0.9848,1.0,0.9701,60,2,0.001166
tabula_lung_endo,endothelial cell of lymphatic vessel,43,0.01,R3_rank3,R,1.9886,da9ffbdf489ba7b0,7a90a01,4cd424fc70f7,False,3,0.1944,0.9701,1.0,0.942,62,4,0.002331
tabula_lung_endo,endothelial cell of lymphatic vessel,43,0.01,R_adaptive,R,1.9886,da9ffbdf489ba7b0,7a90a01,4cd424fc70f7,False,1,0.1944,0.9844,0.9692,1.0,56,0,0.0
tabula_lung_endo,endothelial cell of lymphatic vessel,43,0.05,A0_baseline,A,1.6913,da9ffbdf489ba7b0,7a90a01,4cd424fc70f7,False,0,0.96,0.96,0.9231,1.0,0,0,0.0
tabula_lung_endo,endothelial cell of lymphatic vessel,43,0.05,A1_minus_sep,A,1.6913,da9ffbdf489ba7b0,7a90a01,4cd424fc70f7,False,1,0.96,0.9774,1.0,0.9559,8,3,0.001748
tabula_lung_endo,endothelial cell of lymphatic vessel,43,0.05,A2_minus_necessity,A,1.6913,da9ffbdf489ba7b0,7a90a01,4cd424fc70f7,False,1,0.96,0.9774,1.0,0.9559,8,3,0.001748
tabula_lung_endo,endothelial cell of lymphatic vessel,43,0.05,A3_minus_adaptive_rank,A,1.6913,da9ffbdf489ba7b0,7a90a01,4cd424fc70f7,False,1,0.96,0.9774,1.0,0.9559,8,3,0.001748
tabula_lung_endo,endothelial cell of lymphatic vessel,43,0.05,A4_minus_tau,A,1.6913,da9ffbdf489ba7b0,7a90a01,4cd424fc70f7,False,1,0.96,0.9774,1.0,0.9559,8,3,0.001748
tabula_lung_endo,endothelial cell of lymphatic vessel,43,0.05,A5_full,A,1.6913,da9ffbdf489ba7b0,7a90a01,4cd424fc70f7,False,1,0.96,0.9774,1.0,0.9559,8,3,0.001748
tabula_lung_endo,endothelial cell of lymphatic vessel,43,0.05,R1_rank1,R,1.6913,da9ffbdf489ba7b0,7a90a01,4cd424fc70f7,False,1,0.96,0.9774,1.0,0.9559,8,3,0.001748
tabula_lung_endo,endothelial cell of lymphatic vessel,43,0.05,R2_rank2,R,1.6913,da9ffbdf489ba7b0,7a90a01,4cd424fc70f7,False,2,0.96,0.942,1.0,0.8904,13,8,0.004662
tabula_lung_endo,endothelial cell of lymphatic vessel,43,0.05,R3_rank3,R,1.6913,da9ffbdf489ba7b0,7a90a01,4cd424fc70f7,False,3,0.96,0.922,1.0,0.8553,16,11,0.00641
tabula_lung_endo,endothelial cell of lymphatic vessel,43,0.05,R_adaptive,R,1.6913,da9ffbdf489ba7b0,7a90a01,4cd424fc70f7,False,1,0.96,0.9774,1.0,0.9559,8,3,0.001748
tabula_lung_endo,endothelial cell of lymphatic vessel,43,0.10,A0_baseline,A,1.7338,da9ffbdf489ba7b0,7a90a01,4cd424fc70f7,False,0,0.9618,0.9618,0.9692,0.9545,0,0,0.0
tabula_lung_endo,endothelial cell of lymphatic vessel,43,0.10,A1_minus_sep,A,1.7338,da9ffbdf489ba7b0,7a90a01,4cd424fc70f7,True,0,0.9618,0.9618,0.9692,0.9545,0,0,0.0
tabula_lung_endo,endothelial cell of lymphatic vessel,43,0.10,A2_minus_necessity,A,1.7338,da9ffbdf489ba7b0,7a90a01,4cd424fc70f7,False,1,0.9618,0.9774,1.0,0.9559,2,0,0.0
tabula_lung_endo,endothelial cell of lymphatic vessel,43,0.10,A3_minus_adaptive_rank,A,1.7338,da9ffbdf489ba7b0,7a90a01,4cd424fc70f7,True,0,0.9618,0.9618,0.9692,0.9545,0,0,0.0
tabula_lung_endo,endothelial cell of lymphatic vessel,43,0.10,A4_minus_tau,A,1.7338,da9ffbdf489ba7b0,7a90a01,4cd424fc70f7,True,0,0.9618,0.9618,0.9692,0.9545,0,0,0.0
tabula_lung_endo,endothelial cell of lymphatic vessel,43,0.10,A5_full,A,1.7338,da9ffbdf489ba7b0,7a90a01,4cd424fc70f7,True,0,0.9618,0.9618,0.9692,0.9545,0,0,0.0
tabula_lung_endo,endothelial cell of lymphatic vessel,43,0.10,R1_rank1,R,1.7338,da9ffbdf489ba7b0,7a90a01,4cd424fc70f7,True,0,0.9618,0.9618,0.9692,0.9545,0,0,0.0
tabula_lung_endo,endothelial cell of lymphatic vessel,43,0.10,R2_rank2,R,1.7338,da9ffbdf489ba7b0,7a90a01,4cd424fc70f7,True,0,0.9618,0.9618,0.9692,0.9545,0,0,0.0
tabula_lung_endo,endothelial cell of lymphatic vessel,43,0.10,R3_rank3,R,1.7338,da9ffbdf489ba7b0,7a90a01,4cd424fc70f7,True,0,0.9618,0.9618,0.9692,0.9545,0,0,0.0
tabula_lung_endo,endothelial cell of lymphatic vessel,43,0.10,R_adaptive,R,1.7338,da9ffbdf489ba7b0,7a90a01,4cd424fc70f7,True,0,0.9618,0.9618,0.9692,0.9545,0,0,0.0
tabula_lung_endo,endothelial cell of lymphatic vessel,43,all,A0_baseline,A,1.4801,da9ffbdf489ba7b0,7a90a01,4cd424fc70f7,False,0,0.9848,0.9848,1.0,0.9701,0,0,0.0
tabula_lung_endo,endothelial cell of lymphatic vessel,43,all,A1_minus_sep,A,1.4801,da9ffbdf489ba7b0,7a90a01,4cd424fc70f7,True,0,0.9848,0.9848,1.0,0.9701,0,0,0.0
tabula_lung_endo,endothelial cell of lymphatic vessel,43,all,A2_minus_necessity,A,1.4801,da9ffbdf489ba7b0,7a90a01,4cd424fc70f7,False,1,0.9848,0.9774,1.0,0.9559,1,1,0.000583
tabula_lung_endo,endothelial cell of lymphatic vessel,43,all,A3_minus_adaptive_rank,A,1.4801,da9ffbdf489ba7b0,7a90a01,4cd424fc70f7,True,0,0.9848,0.9848,1.0,0.9701,0,0,0.0
tabula_lung_endo,endothelial cell of lymphatic vessel,43,all,A4_minus_tau,A,1.4801,da9ffbdf489ba7b0,7a90a01,4cd424fc70f7,True,0,0.9848,0.9848,1.0,0.9701,0,0,0.0
tabula_lung_endo,endothelial cell of lymphatic vessel,43,all,A5_full,A,1.4801,da9ffbdf489ba7b0,7a90a01,4cd424fc70f7,True,0,0.9848,0.9848,1.0,0.9701,0,0,0.0
tabula_lung_endo,endothelial cell of lymphatic vessel,43,all,R1_rank1,R,1.4801,da9ffbdf489ba7b0,7a90a01,4cd424fc70f7,True,0,0.9848,0.9848,1.0,0.9701,0,0,0.0
tabula_lung_endo,endothelial cell of lymphatic vessel,43,all,R2_rank2,R,1.4801,da9ffbdf489ba7b0,7a90a01,4cd424fc70f7,True,0,0.9848,0.9848,1.0,0.9701,0,0,0.0
tabula_lung_endo,endothelial cell of lymphatic vessel,43,all,R3_rank3,R,1.4801,da9ffbdf489ba7b0,7a90a01,4cd424fc70f7,True,0,0.9848,0.9848,1.0,0.9701,0,0,0.0
tabula_lung_endo,endothelial cell of lymphatic vessel,43,all,R_adaptive,R,1.4801,da9ffbdf489ba7b0,7a90a01,4cd424fc70f7,True,0,0.9848,0.9848,1.0,0.9701,0,0,0.0
tabula_lung_endo,endothelial cell of lymphatic vessel,44,0.01,A0_baseline,A,2.0898,da9ffbdf489ba7b0,7a90a01,4cd424fc70f7,False,0,0.7619,0.7619,0.6154,1.0,0,0,0.0
tabula_lung_endo,endothelial cell of lymphatic vessel,44,0.01,A1_minus_sep,A,2.0898,da9ffbdf489ba7b0,7a90a01,4cd424fc70f7,False,1,0.7619,0.9767,0.9692,0.9844,24,1,0.000583
tabula_lung_endo,endothelial cell of lymphatic vessel,44,0.01,A2_minus_necessity,A,2.0898,da9ffbdf489ba7b0,7a90a01,4cd424fc70f7,False,1,0.7619,0.9767,0.9692,0.9844,24,1,0.000583
tabula_lung_endo,endothelial cell of lymphatic vessel,44,0.01,A3_minus_adaptive_rank,A,2.0898,da9ffbdf489ba7b0,7a90a01,4cd424fc70f7,False,1,0.7619,0.9767,0.9692,0.9844,24,1,0.000583
tabula_lung_endo,endothelial cell of lymphatic vessel,44,0.01,A4_minus_tau,A,2.0898,da9ffbdf489ba7b0,7a90a01,4cd424fc70f7,False,1,0.7619,0.9767,0.9692,0.9844,24,1,0.000583
tabula_lung_endo,endothelial cell of lymphatic vessel,44,0.01,A5_full,A,2.0898,da9ffbdf489ba7b0,7a90a01,4cd424fc70f7,False,1,0.7619,0.9767,0.9692,0.9844,24,1,0.000583
tabula_lung_endo,endothelial cell of lymphatic vessel,44,0.01,R1_rank1,R,2.0898,da9ffbdf489ba7b0,7a90a01,4cd424fc70f7,False,1,0.7619,0.9767,0.9692,0.9844,24,1,0.000583
tabula_lung_endo,endothelial cell of lymphatic vessel,44,0.01,R2_rank2,R,2.0898,da9ffbdf489ba7b0,7a90a01,4cd424fc70f7,False,2,0.7619,0.9333,0.9692,0.9,30,7,0.004079
tabula_lung_endo,endothelial cell of lymphatic vessel,44,0.01,R3_rank3,R,2.0898,da9ffbdf489ba7b0,7a90a01,4cd424fc70f7,False,3,0.7619,0.8609,1.0,0.7558,46,21,0.012238
tabula_lung_endo,endothelial cell of lymphatic vessel,44,0.01,R_adaptive,R,2.0898,da9ffbdf489ba7b0,7a90a01,4cd424fc70f7,False,1,0.7619,0.9767,0.9692,0.9844,24,1,0.000583
tabula_lung_endo,endothelial cell of lymphatic vessel,44,0.05,A0_baseline,A,1.797,da9ffbdf489ba7b0,7a90a01,4cd424fc70f7,False,0,0.944,0.944,0.9077,0.9833,0,0,0.0
tabula_lung_endo,endothelial cell of lymphatic vessel,44,0.05,A1_minus_sep,A,1.797,da9ffbdf489ba7b0,7a90a01,4cd424fc70f7,False,1,0.944,0.9924,1.0,0.9848,6,0,0.0
tabula_lung_endo,endothelial cell of lymphatic vessel,44,0.05,A2_minus_necessity,A,1.797,da9ffbdf489ba7b0,7a90a01,4cd424fc70f7,False,1,0.944,0.9924,1.0,0.9848,6,0,0.0
tabula_lung_endo,endothelial cell of lymphatic vessel,44,0.05,A3_minus_adaptive_rank,A,1.797,da9ffbdf489ba7b0,7a90a01,4cd424fc70f7,False,1,0.944,0.9924,1.0,0.9848,6,0,0.0
tabula_lung_endo,endothelial cell of lymphatic vessel,44,0.05,A4_minus_tau,A,1.797,da9ffbdf489ba7b0,7a90a01,4cd424fc70f7,False,1,0.944,0.9924,1.0,0.9848,6,0,0.0
tabula_lung_endo,endothelial cell of lymphatic vessel,44,0.05,A5_full,A,1.797,da9ffbdf489ba7b0,7a90a01,4cd424fc70f7,False,1,0.944,0.9924,1.0,0.9848,6,0,0.0
tabula_lung_endo,endothelial cell of lymphatic vessel,44,0.05,R1_rank1,R,1.797,da9ffbdf489ba7b0,7a90a01,4cd424fc70f7,False,1,0.944,0.9924,1.0,0.9848,6,0,0.0
tabula_lung_endo,endothelial cell of lymphatic vessel,44,0.05,R2_rank2,R,1.797,da9ffbdf489ba7b0,7a90a01,4cd424fc70f7,False,2,0.944,0.9559,1.0,0.9155,11,5,0.002914
tabula_lung_endo,endothelial cell of lymphatic vessel,44,0.05,R3_rank3,R,1.797,da9ffbdf489ba7b0,7a90a01,4cd424fc70f7,False,3,0.944,0.8125,1.0,0.6842,35,29,0.0169
tabula_lung_endo,endothelial cell of lymphatic vessel,44,0.05,R_adaptive,R,1.797,da9ffbdf489ba7b0,7a90a01,4cd424fc70f7,False,1,0.944,0.9924,1.0,0.9848,6,0,0.0
tabula_lung_endo,endothelial cell of lymphatic vessel,44,0.10,A0_baseline,A,1.6894,da9ffbdf489ba7b0,7a90a01,4cd424fc70f7,False,0,0.9692,0.9692,0.9692,0.9692,0,0,0.0
tabula_lung_endo,endothelial cell of lymphatic vessel,44,0.10,A1_minus_sep,A,1.6894,da9ffbdf489ba7b0,7a90a01,4cd424fc70f7,True,0,0.9692,0.9692,0.9692,0.9692,0,0,0.0
tabula_lung_endo,endothelial cell of lymphatic vessel,44,0.10,A2_minus_necessity,A,1.6894,da9ffbdf489ba7b0,7a90a01,4cd424fc70f7,False,1,0.9692,0.9848,1.0,0.9701,2,0,0.0
tabula_lung_endo,endothelial cell of lymphatic vessel,44,0.10,A3_minus_adaptive_rank,A,1.6894,da9ffbdf489ba7b0,7a90a01,4cd424fc70f7,True,0,0.9692,0.9692,0.9692,0.9692,0,0,0.0
tabula_lung_endo,endothelial cell of lymphatic vessel,44,0.10,A4_minus_tau,A,1.6894,da9ffbdf489ba7b0,7a90a01,4cd424fc70f7,True,0,0.9692,0.9692,0.9692,0.9692,0,0,0.0
tabula_lung_endo,endothelial cell of lymphatic vessel,44,0.10,A5_full,A,1.6894,da9ffbdf489ba7b0,7a90a01,4cd424fc70f7,True,0,0.9692,0.9692,0.9692,0.9692,0,0,0.0
tabula_lung_endo,endothelial cell of lymphatic vessel,44,0.10,R1_rank1,R,1.6894,da9ffbdf489ba7b0,7a90a01,4cd424fc70f7,True,0,0.9692,0.9692,0.9692,0.9692,0,0,0.0
tabula_lung_endo,endothelial cell of lymphatic vessel,44,0.10,R2_rank2,R,1.6894,da9ffbdf489ba7b0,7a90a01,4cd424fc70f7,True,0,0.9692,0.9692,0.9692,0.9692,0,0,0.0
tabula_lung_endo,endothelial cell of lymphatic vessel,44,0.10,R3_rank3,R,1.6894,da9ffbdf489ba7b0,7a90a01,4cd424fc70f7,True,0,0.9692,0.9692,0.9692,0.9692,0,0,0.0
tabula_lung_endo,endothelial cell of lymphatic vessel,44,0.10,R_adaptive,R,1.6894,da9ffbdf489ba7b0,7a90a01,4cd424fc70f7,True,0,0.9692,0.9692,0.9692,0.9692,0,0,0.0
tabula_lung_endo,endothelial cell of lymphatic vessel,44,all,A0_baseline,A,1.6533,da9ffbdf489ba7b0,7a90a01,4cd424fc70f7,False,0,0.9692,0.9692,0.9692,0.9692,0,0,0.0
tabula_lung_endo,endothelial cell of lymphatic vessel,44,all,A1_minus_sep,A,1.6533,da9ffbdf489ba7b0,7a90a01,4cd424fc70f7,True,0,0.9692,0.9692,0.9692,0.9692,0,0,0.0
tabula_lung_endo,endothelial cell of lymphatic vessel,44,all,A2_minus_necessity,A,1.6533,da9ffbdf489ba7b0,7a90a01,4cd424fc70f7,False,1,0.9692,0.9701,1.0,0.942,4,2,0.001166
tabula_lung_endo,endothelial cell of lymphatic vessel,44,all,A3_minus_adaptive_rank,A,1.6533,da9ffbdf489ba7b0,7a90a01,4cd424fc70f7,True,0,0.9692,0.9692,0.9692,0.9692,0,0,0.0
tabula_lung_endo,endothelial cell of lymphatic vessel,44,all,A4_minus_tau,A,1.6533,da9ffbdf489ba7b0,7a90a01,4cd424fc70f7,True,0,0.9692,0.9692,0.9692,0.9692,0,0,0.0
tabula_lung_endo,endothelial cell of lymphatic vessel,44,all,A5_full,A,1.6533,da9ffbdf489ba7b0,7a90a01,4cd424fc70f7,True,0,0.9692,0.9692,0.9692,0.9692,0,0,0.0
tabula_lung_endo,endothelial cell of lymphatic vessel,44,all,R1_rank1,R,1.6533,da9ffbdf489ba7b0,7a90a01,4cd424fc70f7,True,0,0.9692,0.9692,0.9692,0.9692,0,0,0.0
tabula_lung_endo,endothelial cell of lymphatic vessel,44,all,R2_rank2,R,1.6533,da9ffbdf489ba7b0,7a90a01,4cd424fc70f7,True,0,0.9692,0.9692,0.9692,0.9692,0,0,0.0
tabula_lung_endo,endothelial cell of lymphatic vessel,44,all,R3_rank3,R,1.6533,da9ffbdf489ba7b0,7a90a01,4cd424fc70f7,True,0,0.9692,0.9692,0.9692,0.9692,0,0,0.0
tabula_lung_endo,endothelial cell of lymphatic vessel,44,all,R_adaptive,R,1.6533,da9ffbdf489ba7b0,7a90a01,4cd424fc70f7,True,0,0.9692,0.9692,0.9692,0.9692,0,0,0.0
tabula_sapiens_stomach,mast cell,42,0.01,A0_baseline,A,1.7794,d796289a5b941ac3,legacy_pre_git_sha_recording,63fb5dc76059,False,0,0.5455,0.5455,0.375,1.0,0,0,0.0
tabula_sapiens_stomach,mast cell,42,0.01,A1_minus_sep,A,1.7794,d796289a5b941ac3,legacy_pre_git_sha_recording,63fb5dc76059,False,2,0.5455,0.7451,0.5938,1.0,7,0,0.0
tabula_sapiens_stomach,mast cell,42,0.01,A2_minus_necessity,A,1.7794,d796289a5b941ac3,legacy_pre_git_sha_recording,63fb5dc76059,False,2,0.5455,0.7451,0.5938,1.0,7,0,0.0
tabula_sapiens_stomach,mast cell,42,0.01,A3_minus_adaptive_rank,A,1.7794,d796289a5b941ac3,legacy_pre_git_sha_recording,63fb5dc76059,False,1,0.5455,0.6383,0.4688,1.0,3,0,0.0
tabula_sapiens_stomach,mast cell,42,0.01,A4_minus_tau,A,1.7794,d796289a5b941ac3,legacy_pre_git_sha_recording,63fb5dc76059,False,2,0.5455,0.7451,0.5938,1.0,7,0,0.0
tabula_sapiens_stomach,mast cell,42,0.01,A5_full,A,1.7794,d796289a5b941ac3,legacy_pre_git_sha_recording,63fb5dc76059,False,2,0.5455,0.7451,0.5938,1.0,7,0,0.0
tabula_sapiens_stomach,mast cell,42,0.01,R1_rank1,R,1.7794,d796289a5b941ac3,legacy_pre_git_sha_recording,63fb5dc76059,False,1,0.5455,0.6383,0.4688,1.0,3,0,0.0
tabula_sapiens_stomach,mast cell,42,0.01,R2_rank2,R,1.7794,d796289a5b941ac3,legacy_pre_git_sha_recording,63fb5dc76059,False,2,0.5455,0.7451,0.5938,1.0,7,0,0.0
tabula_sapiens_stomach,mast cell,42,0.01,R3_rank3,R,1.7794,d796289a5b941ac3,legacy_pre_git_sha_recording,63fb5dc76059,False,3,0.5455,0.7308,0.5938,0.95,8,1,0.000105
tabula_sapiens_stomach,mast cell,42,0.01,R_adaptive,R,1.7794,d796289a5b941ac3,legacy_pre_git_sha_recording,63fb5dc76059,False,2,0.5455,0.7451,0.5938,1.0,7,0,0.0
tabula_sapiens_stomach,mast cell,42,0.05,A0_baseline,A,1.7794,d796289a5b941ac3,legacy_pre_git_sha_recording,63fb5dc76059,False,0,0.5455,0.5455,0.375,1.0,0,0,0.0
tabula_sapiens_stomach,mast cell,42,0.05,A1_minus_sep,A,1.7794,d796289a5b941ac3,legacy_pre_git_sha_recording,63fb5dc76059,False,2,0.5455,0.7451,0.5938,1.0,7,0,0.0
tabula_sapiens_stomach,mast cell,42,0.05,A2_minus_necessity,A,1.7794,d796289a5b941ac3,legacy_pre_git_sha_recording,63fb5dc76059,False,2,0.5455,0.7451,0.5938,1.0,7,0,0.0
tabula_sapiens_stomach,mast cell,42,0.05,A3_minus_adaptive_rank,A,1.7794,d796289a5b941ac3,legacy_pre_git_sha_recording,63fb5dc76059,False,1,0.5455,0.6383,0.4688,1.0,3,0,0.0
tabula_sapiens_stomach,mast cell,42,0.05,A4_minus_tau,A,1.7794,d796289a5b941ac3,legacy_pre_git_sha_recording,63fb5dc76059,False,2,0.5455,0.7451,0.5938,1.0,7,0,0.0
tabula_sapiens_stomach,mast cell,42,0.05,A5_full,A,1.7794,d796289a5b941ac3,legacy_pre_git_sha_recording,63fb5dc76059,False,2,0.5455,0.7451,0.5938,1.0,7,0,0.0
tabula_sapiens_stomach,mast cell,42,0.05,R1_rank1,R,1.7794,d796289a5b941ac3,legacy_pre_git_sha_recording,63fb5dc76059,False,1,0.5455,0.6383,0.4688,1.0,3,0,0.0
tabula_sapiens_stomach,mast cell,42,0.05,R2_rank2,R,1.7794,d796289a5b941ac3,legacy_pre_git_sha_recording,63fb5dc76059,False,2,0.5455,0.7451,0.5938,1.0,7,0,0.0
tabula_sapiens_stomach,mast cell,42,0.05,R3_rank3,R,1.7794,d796289a5b941ac3,legacy_pre_git_sha_recording,63fb5dc76059,False,3,0.5455,0.7308,0.5938,0.95,8,1,0.000105
tabula_sapiens_stomach,mast cell,42,0.05,R_adaptive,R,1.7794,d796289a5b941ac3,legacy_pre_git_sha_recording,63fb5dc76059,False,2,0.5455,0.7451,0.5938,1.0,7,0,0.0
tabula_sapiens_stomach,mast cell,42,0.10,A0_baseline,A,1.7794,d796289a5b941ac3,legacy_pre_git_sha_recording,63fb5dc76059,False,0,0.5455,0.5455,0.375,1.0,0,0,0.0
tabula_sapiens_stomach,mast cell,42,0.10,A1_minus_sep,A,1.7794,d796289a5b941ac3,legacy_pre_git_sha_recording,63fb5dc76059,False,2,0.5455,0.7451,0.5938,1.0,7,0,0.0
tabula_sapiens_stomach,mast cell,42,0.10,A2_minus_necessity,A,1.7794,d796289a5b941ac3,legacy_pre_git_sha_recording,63fb5dc76059,False,2,0.5455,0.7451,0.5938,1.0,7,0,0.0
tabula_sapiens_stomach,mast cell,42,0.10,A3_minus_adaptive_rank,A,1.7794,d796289a5b941ac3,legacy_pre_git_sha_recording,63fb5dc76059,False,1,0.5455,0.6383,0.4688,1.0,3,0,0.0
tabula_sapiens_stomach,mast cell,42,0.10,A4_minus_tau,A,1.7794,d796289a5b941ac3,legacy_pre_git_sha_recording,63fb5dc76059,False,2,0.5455,0.7451,0.5938,1.0,7,0,0.0
tabula_sapiens_stomach,mast cell,42,0.10,A5_full,A,1.7794,d796289a5b941ac3,legacy_pre_git_sha_recording,63fb5dc76059,False,2,0.5455,0.7451,0.5938,1.0,7,0,0.0
tabula_sapiens_stomach,mast cell,42,0.10,R1_rank1,R,1.7794,d796289a5b941ac3,legacy_pre_git_sha_recording,63fb5dc76059,False,1,0.5455,0.6383,0.4688,1.0,3,0,0.0
tabula_sapiens_stomach,mast cell,42,0.10,R2_rank2,R,1.7794,d796289a5b941ac3,legacy_pre_git_sha_recording,63fb5dc76059,False,2,0.5455,0.7451,0.5938,1.0,7,0,0.0
tabula_sapiens_stomach,mast cell,42,0.10,R3_rank3,R,1.7794,d796289a5b941ac3,legacy_pre_git_sha_recording,63fb5dc76059,False,3,0.5455,0.7308,0.5938,0.95,8,1,0.000105
tabula_sapiens_stomach,mast cell,42,0.10,R_adaptive,R,1.7794,d796289a5b941ac3,legacy_pre_git_sha_recording,63fb5dc76059,False,2,0.5455,0.7451,0.5938,1.0,7,0,0.0
tabula_sapiens_stomach,mast cell,42,all,A0_baseline,A,1.8181,d796289a5b941ac3,legacy_pre_git_sha_recording,63fb5dc76059,False,0,0.4,0.4,0.25,1.0,0,0,0.0
tabula_sapiens_stomach,mast cell,42,all,A1_minus_sep,A,1.8181,d796289a5b941ac3,legacy_pre_git_sha_recording,63fb5dc76059,False,2,0.4,0.6939,0.5312,1.0,9,0,0.0
tabula_sapiens_stomach,mast cell,42,all,A2_minus_necessity,A,1.8181,d796289a5b941ac3,legacy_pre_git_sha_recording,63fb5dc76059,False,2,0.4,0.6939,0.5312,1.0,9,0,0.0
tabula_sapiens_stomach,mast cell,42,all,A3_minus_adaptive_rank,A,1.8181,d796289a5b941ac3,legacy_pre_git_sha_recording,63fb5dc76059,False,1,0.4,0.6087,0.4375,1.0,6,0,0.0
tabula_sapiens_stomach,mast cell,42,all,A4_minus_tau,A,1.8181,d796289a5b941ac3,legacy_pre_git_sha_recording,63fb5dc76059,False,2,0.4,0.6939,0.5312,1.0,9,0,0.0
tabula_sapiens_stomach,mast cell,42,all,A5_full,A,1.8181,d796289a5b941ac3,legacy_pre_git_sha_recording,63fb5dc76059,False,2,0.4,0.6939,0.5312,1.0,9,0,0.0
tabula_sapiens_stomach,mast cell,42,all,R1_rank1,R,1.8181,d796289a5b941ac3,legacy_pre_git_sha_recording,63fb5dc76059,False,1,0.4,0.6087,0.4375,1.0,6,0,0.0
tabula_sapiens_stomach,mast cell,42,all,R2_rank2,R,1.8181,d796289a5b941ac3,legacy_pre_git_sha_recording,63fb5dc76059,False,2,0.4,0.6939,0.5312,1.0,9,0,0.0
tabula_sapiens_stomach,mast cell,42,all,R3_rank3,R,1.8181,d796289a5b941ac3,legacy_pre_git_sha_recording,63fb5dc76059,False,3,0.4,0.7059,0.5625,0.9474,11,1,0.000105
tabula_sapiens_stomach,mast cell,42,all,R_adaptive,R,1.8181,d796289a5b941ac3,legacy_pre_git_sha_recording,63fb5dc76059,False,2,0.4,0.6939,0.5312,1.0,9,0,0.0
tabula_sapiens_stomach,mast cell,43,0.01,A0_baseline,A,2.5124,d796289a5b941ac3,7a90a01,63fb5dc76059,False,0,0.6667,0.6667,0.5312,0.8947,0,0,0.0
tabula_sapiens_stomach,mast cell,43,0.01,A1_minus_sep,A,2.5124,d796289a5b941ac3,7a90a01,63fb5dc76059,False,3,0.6667,0.6923,0.5625,0.9,1,0,0.0
tabula_sapiens_stomach,mast cell,43,0.01,A2_minus_necessity,A,2.5124,d796289a5b941ac3,7a90a01,63fb5dc76059,False,3,0.6667,0.6923,0.5625,0.9,1,0,0.0
tabula_sapiens_stomach,mast cell,43,0.01,A3_minus_adaptive_rank,A,2.5124,d796289a5b941ac3,7a90a01,63fb5dc76059,False,1,0.6667,0.6667,0.5312,0.8947,0,0,0.0
tabula_sapiens_stomach,mast cell,43,0.01,A4_minus_tau,A,2.5124,d796289a5b941ac3,7a90a01,63fb5dc76059,False,3,0.6667,0.6923,0.5625,0.9,1,0,0.0
tabula_sapiens_stomach,mast cell,43,0.01,A5_full,A,2.5124,d796289a5b941ac3,7a90a01,63fb5dc76059,False,3,0.6667,0.6923,0.5625,0.9,1,0,0.0
tabula_sapiens_stomach,mast cell,43,0.01,R1_rank1,R,2.5124,d796289a5b941ac3,7a90a01,63fb5dc76059,False,1,0.6667,0.6667,0.5312,0.8947,0,0,0.0
tabula_sapiens_stomach,mast cell,43,0.01,R2_rank2,R,2.5124,d796289a5b941ac3,7a90a01,63fb5dc76059,False,2,0.6667,0.6667,0.5312,0.8947,0,0,0.0
tabula_sapiens_stomach,mast cell,43,0.01,R3_rank3,R,2.5124,d796289a5b941ac3,7a90a01,63fb5dc76059,False,3,0.6667,0.6923,0.5625,0.9,1,0,0.0
tabula_sapiens_stomach,mast cell,43,0.01,R_adaptive,R,2.5124,d796289a5b941ac3,7a90a01,63fb5dc76059,False,3,0.6667,0.6923,0.5625,0.9,1,0,0.0
tabula_sapiens_stomach,mast cell,43,0.05,A0_baseline,A,2.5124,d796289a5b941ac3,7a90a01,63fb5dc76059,False,0,0.6667,0.6667,0.5312,0.8947,0,0,0.0
tabula_sapiens_stomach,mast cell,43,0.05,A1_minus_sep,A,2.5124,d796289a5b941ac3,7a90a01,63fb5dc76059,False,3,0.6667,0.6923,0.5625,0.9,1,0,0.0
tabula_sapiens_stomach,mast cell,43,0.05,A2_minus_necessity,A,2.5124,d796289a5b941ac3,7a90a01,63fb5dc76059,False,3,0.6667,0.6923,0.5625,0.9,1,0,0.0
tabula_sapiens_stomach,mast cell,43,0.05,A3_minus_adaptive_rank,A,2.5124,d796289a5b941ac3,7a90a01,63fb5dc76059,False,1,0.6667,0.6667,0.5312,0.8947,0,0,0.0
tabula_sapiens_stomach,mast cell,43,0.05,A4_minus_tau,A,2.5124,d796289a5b941ac3,7a90a01,63fb5dc76059,False,3,0.6667,0.6923,0.5625,0.9,1,0,0.0
tabula_sapiens_stomach,mast cell,43,0.05,A5_full,A,2.5124,d796289a5b941ac3,7a90a01,63fb5dc76059,False,3,0.6667,0.6923,0.5625,0.9,1,0,0.0
tabula_sapiens_stomach,mast cell,43,0.05,R1_rank1,R,2.5124,d796289a5b941ac3,7a90a01,63fb5dc76059,False,1,0.6667,0.6667,0.5312,0.8947,0,0,0.0
tabula_sapiens_stomach,mast cell,43,0.05,R2_rank2,R,2.5124,d796289a5b941ac3,7a90a01,63fb5dc76059,False,2,0.6667,0.6667,0.5312,0.8947,0,0,0.0
tabula_sapiens_stomach,mast cell,43,0.05,R3_rank3,R,2.5124,d796289a5b941ac3,7a90a01,63fb5dc76059,False,3,0.6667,0.6923,0.5625,0.9,1,0,0.0
tabula_sapiens_stomach,mast cell,43,0.05,R_adaptive,R,2.5124,d796289a5b941ac3,7a90a01,63fb5dc76059,False,3,0.6667,0.6923,0.5625,0.9,1,0,0.0
tabula_sapiens_stomach,mast cell,43,0.10,A0_baseline,A,2.5124,d796289a5b941ac3,7a90a01,63fb5dc76059,False,0,0.6667,0.6667,0.5312,0.8947,0,0,0.0
tabula_sapiens_stomach,mast cell,43,0.10,A1_minus_sep,A,2.5124,d796289a5b941ac3,7a90a01,63fb5dc76059,False,3,0.6667,0.6923,0.5625,0.9,1,0,0.0
tabula_sapiens_stomach,mast cell,43,0.10,A2_minus_necessity,A,2.5124,d796289a5b941ac3,7a90a01,63fb5dc76059,False,3,0.6667,0.6923,0.5625,0.9,1,0,0.0
tabula_sapiens_stomach,mast cell,43,0.10,A3_minus_adaptive_rank,A,2.5124,d796289a5b941ac3,7a90a01,63fb5dc76059,False,1,0.6667,0.6667,0.5312,0.8947,0,0,0.0
tabula_sapiens_stomach,mast cell,43,0.10,A4_minus_tau,A,2.5124,d796289a5b941ac3,7a90a01,63fb5dc76059,False,3,0.6667,0.6923,0.5625,0.9,1,0,0.0
tabula_sapiens_stomach,mast cell,43,0.10,A5_full,A,2.5124,d796289a5b941ac3,7a90a01,63fb5dc76059,False,3,0.6667,0.6923,0.5625,0.9,1,0,0.0
tabula_sapiens_stomach,mast cell,43,0.10,R1_rank1,R,2.5124,d796289a5b941ac3,7a90a01,63fb5dc76059,False,1,0.6667,0.6667,0.5312,0.8947,0,0,0.0
tabula_sapiens_stomach,mast cell,43,0.10,R2_rank2,R,2.5124,d796289a5b941ac3,7a90a01,63fb5dc76059,False,2,0.6667,0.6667,0.5312,0.8947,0,0,0.0
tabula_sapiens_stomach,mast cell,43,0.10,R3_rank3,R,2.5124,d796289a5b941ac3,7a90a01,63fb5dc76059,False,3,0.6667,0.6923,0.5625,0.9,1,0,0.0
tabula_sapiens_stomach,mast cell,43,0.10,R_adaptive,R,2.5124,d796289a5b941ac3,7a90a01,63fb5dc76059,False,3,0.6667,0.6923,0.5625,0.9,1,0,0.0
tabula_sapiens_stomach,mast cell,43,all,A0_baseline,A,1.7546,d796289a5b941ac3,7a90a01,63fb5dc76059,False,0,0.6667,0.6667,0.5,1.0,0,0,0.0
tabula_sapiens_stomach,mast cell,43,all,A1_minus_sep,A,1.7546,d796289a5b941ac3,7a90a01,63fb5dc76059,False,1,0.6667,0.72,0.5625,1.0,2,0,0.0
tabula_sapiens_stomach,mast cell,43,all,A2_minus_necessity,A,1.7546,d796289a5b941ac3,7a90a01,63fb5dc76059,False,1,0.6667,0.72,0.5625,1.0,2,0,0.0
tabula_sapiens_stomach,mast cell,43,all,A3_minus_adaptive_rank,A,1.7546,d796289a5b941ac3,7a90a01,63fb5dc76059,False,1,0.6667,0.72,0.5625,1.0,2,0,0.0
tabula_sapiens_stomach,mast cell,43,all,A4_minus_tau,A,1.7546,d796289a5b941ac3,7a90a01,63fb5dc76059,False,1,0.6667,0.72,0.5625,1.0,2,0,0.0
tabula_sapiens_stomach,mast cell,43,all,A5_full,A,1.7546,d796289a5b941ac3,7a90a01,63fb5dc76059,False,1,0.6667,0.72,0.5625,1.0,2,0,0.0
tabula_sapiens_stomach,mast cell,43,all,R1_rank1,R,1.7546,d796289a5b941ac3,7a90a01,63fb5dc76059,False,1,0.6667,0.72,0.5625,1.0,2,0,0.0
tabula_sapiens_stomach,mast cell,43,all,R2_rank2,R,1.7546,d796289a5b941ac3,7a90a01,63fb5dc76059,False,2,0.6667,0.72,0.5625,1.0,2,0,0.0
tabula_sapiens_stomach,mast cell,43,all,R3_rank3,R,1.7546,d796289a5b941ac3,7a90a01,63fb5dc76059,False,3,0.6667,0.7451,0.5938,1.0,3,0,0.0
tabula_sapiens_stomach,mast cell,43,all,R_adaptive,R,1.7546,d796289a5b941ac3,7a90a01,63fb5dc76059,False,1,0.6667,0.72,0.5625,1.0,2,0,0.0
tabula_sapiens_stomach,mast cell,44,0.01,A0_baseline,A,1.8939,d796289a5b941ac3,7a90a01,63fb5dc76059,False,0,0.6087,0.6087,0.4375,1.0,0,0,0.0
tabula_sapiens_stomach,mast cell,44,0.01,A1_minus_sep,A,1.8939,d796289a5b941ac3,7a90a01,63fb5dc76059,False,1,0.6087,0.72,0.5625,1.0,4,0,0.0
tabula_sapiens_stomach,mast cell,44,0.01,A2_minus_necessity,A,1.8939,d796289a5b941ac3,7a90a01,63fb5dc76059,False,1,0.6087,0.72,0.5625,1.0,4,0,0.0
tabula_sapiens_stomach,mast cell,44,0.01,A3_minus_adaptive_rank,A,1.8939,d796289a5b941ac3,7a90a01,63fb5dc76059,False,1,0.6087,0.72,0.5625,1.0,4,0,0.0
tabula_sapiens_stomach,mast cell,44,0.01,A4_minus_tau,A,1.8939,d796289a5b941ac3,7a90a01,63fb5dc76059,False,1,0.6087,0.72,0.5625,1.0,4,0,0.0
tabula_sapiens_stomach,mast cell,44,0.01,A5_full,A,1.8939,d796289a5b941ac3,7a90a01,63fb5dc76059,False,1,0.6087,0.72,0.5625,1.0,4,0,0.0
tabula_sapiens_stomach,mast cell,44,0.01,R1_rank1,R,1.8939,d796289a5b941ac3,7a90a01,63fb5dc76059,False,1,0.6087,0.72,0.5625,1.0,4,0,0.0
tabula_sapiens_stomach,mast cell,44,0.01,R2_rank2,R,1.8939,d796289a5b941ac3,7a90a01,63fb5dc76059,False,2,0.6087,0.7692,0.625,1.0,6,0,0.0
tabula_sapiens_stomach,mast cell,44,0.01,R3_rank3,R,1.8939,d796289a5b941ac3,7a90a01,63fb5dc76059,False,3,0.6087,0.7692,0.625,1.0,6,0,0.0
tabula_sapiens_stomach,mast cell,44,0.01,R_adaptive,R,1.8939,d796289a5b941ac3,7a90a01,63fb5dc76059,False,1,0.6087,0.72,0.5625,1.0,4,0,0.0
tabula_sapiens_stomach,mast cell,44,0.05,A0_baseline,A,1.8939,d796289a5b941ac3,7a90a01,63fb5dc76059,False,0,0.6087,0.6087,0.4375,1.0,0,0,0.0
tabula_sapiens_stomach,mast cell,44,0.05,A1_minus_sep,A,1.8939,d796289a5b941ac3,7a90a01,63fb5dc76059,False,1,0.6087,0.72,0.5625,1.0,4,0,0.0
tabula_sapiens_stomach,mast cell,44,0.05,A2_minus_necessity,A,1.8939,d796289a5b941ac3,7a90a01,63fb5dc76059,False,1,0.6087,0.72,0.5625,1.0,4,0,0.0
tabula_sapiens_stomach,mast cell,44,0.05,A3_minus_adaptive_rank,A,1.8939,d796289a5b941ac3,7a90a01,63fb5dc76059,False,1,0.6087,0.72,0.5625,1.0,4,0,0.0
tabula_sapiens_stomach,mast cell,44,0.05,A4_minus_tau,A,1.8939,d796289a5b941ac3,7a90a01,63fb5dc76059,False,1,0.6087,0.72,0.5625,1.0,4,0,0.0
tabula_sapiens_stomach,mast cell,44,0.05,A5_full,A,1.8939,d796289a5b941ac3,7a90a01,63fb5dc76059,False,1,0.6087,0.72,0.5625,1.0,4,0,0.0
tabula_sapiens_stomach,mast cell,44,0.05,R1_rank1,R,1.8939,d796289a5b941ac3,7a90a01,63fb5dc76059,False,1,0.6087,0.72,0.5625,1.0,4,0,0.0
tabula_sapiens_stomach,mast cell,44,0.05,R2_rank2,R,1.8939,d796289a5b941ac3,7a90a01,63fb5dc76059,False,2,0.6087,0.7692,0.625,1.0,6,0,0.0
tabula_sapiens_stomach,mast cell,44,0.05,R3_rank3,R,1.8939,d796289a5b941ac3,7a90a01,63fb5dc76059,False,3,0.6087,0.7692,0.625,1.0,6,0,0.0
tabula_sapiens_stomach,mast cell,44,0.05,R_adaptive,R,1.8939,d796289a5b941ac3,7a90a01,63fb5dc76059,False,1,0.6087,0.72,0.5625,1.0,4,0,0.0
tabula_sapiens_stomach,mast cell,44,0.10,A0_baseline,A,1.8939,d796289a5b941ac3,7a90a01,63fb5dc76059,False,0,0.6087,0.6087,0.4375,1.0,0,0,0.0
tabula_sapiens_stomach,mast cell,44,0.10,A1_minus_sep,A,1.8939,d796289a5b941ac3,7a90a01,63fb5dc76059,False,1,0.6087,0.72,0.5625,1.0,4,0,0.0
tabula_sapiens_stomach,mast cell,44,0.10,A2_minus_necessity,A,1.8939,d796289a5b941ac3,7a90a01,63fb5dc76059,False,1,0.6087,0.72,0.5625,1.0,4,0,0.0
tabula_sapiens_stomach,mast cell,44,0.10,A3_minus_adaptive_rank,A,1.8939,d796289a5b941ac3,7a90a01,63fb5dc76059,False,1,0.6087,0.72,0.5625,1.0,4,0,0.0
tabula_sapiens_stomach,mast cell,44,0.10,A4_minus_tau,A,1.8939,d796289a5b941ac3,7a90a01,63fb5dc76059,False,1,0.6087,0.72,0.5625,1.0,4,0,0.0
tabula_sapiens_stomach,mast cell,44,0.10,A5_full,A,1.8939,d796289a5b941ac3,7a90a01,63fb5dc76059,False,1,0.6087,0.72,0.5625,1.0,4,0,0.0
tabula_sapiens_stomach,mast cell,44,0.10,R1_rank1,R,1.8939,d796289a5b941ac3,7a90a01,63fb5dc76059,False,1,0.6087,0.72,0.5625,1.0,4,0,0.0
tabula_sapiens_stomach,mast cell,44,0.10,R2_rank2,R,1.8939,d796289a5b941ac3,7a90a01,63fb5dc76059,False,2,0.6087,0.7692,0.625,1.0,6,0,0.0
tabula_sapiens_stomach,mast cell,44,0.10,R3_rank3,R,1.8939,d796289a5b941ac3,7a90a01,63fb5dc76059,False,3,0.6087,0.7692,0.625,1.0,6,0,0.0
tabula_sapiens_stomach,mast cell,44,0.10,R_adaptive,R,1.8939,d796289a5b941ac3,7a90a01,63fb5dc76059,False,1,0.6087,0.72,0.5625,1.0,4,0,0.0
tabula_sapiens_stomach,mast cell,44,all,A0_baseline,A,1.7388,d796289a5b941ac3,7a90a01,63fb5dc76059,False,0,0.6087,0.6087,0.4375,1.0,0,0,0.0
tabula_sapiens_stomach,mast cell,44,all,A1_minus_sep,A,1.7388,d796289a5b941ac3,7a90a01,63fb5dc76059,False,1,0.6087,0.7451,0.5938,1.0,5,0,0.0
tabula_sapiens_stomach,mast cell,44,all,A2_minus_necessity,A,1.7388,d796289a5b941ac3,7a90a01,63fb5dc76059,False,1,0.6087,0.7451,0.5938,1.0,5,0,0.0
tabula_sapiens_stomach,mast cell,44,all,A3_minus_adaptive_rank,A,1.7388,d796289a5b941ac3,7a90a01,63fb5dc76059,False,1,0.6087,0.7451,0.5938,1.0,5,0,0.0
tabula_sapiens_stomach,mast cell,44,all,A4_minus_tau,A,1.7388,d796289a5b941ac3,7a90a01,63fb5dc76059,False,1,0.6087,0.7451,0.5938,1.0,5,0,0.0
tabula_sapiens_stomach,mast cell,44,all,A5_full,A,1.7388,d796289a5b941ac3,7a90a01,63fb5dc76059,False,1,0.6087,0.7451,0.5938,1.0,5,0,0.0
tabula_sapiens_stomach,mast cell,44,all,R1_rank1,R,1.7388,d796289a5b941ac3,7a90a01,63fb5dc76059,False,1,0.6087,0.7451,0.5938,1.0,5,0,0.0
tabula_sapiens_stomach,mast cell,44,all,R2_rank2,R,1.7388,d796289a5b941ac3,7a90a01,63fb5dc76059,False,2,0.6087,0.7925,0.6562,1.0,7,0,0.0
tabula_sapiens_stomach,mast cell,44,all,R3_rank3,R,1.7388,d796289a5b941ac3,7a90a01,63fb5dc76059,False,3,0.6087,0.7925,0.6562,1.0,7,0,0.0
tabula_sapiens_stomach,mast cell,44,all,R_adaptive,R,1.7388,d796289a5b941ac3,7a90a01,63fb5dc76059,False,1,0.6087,0.7451,0.5938,1.0,5,0,0.0
tabula_small_intestine,intestinal tuft cell,42,0.01,A0_baseline,A,3.165,2d3d2e6d369f4cb5,67acaa3,dfe2b8e7cba8,False,0,0.9774,0.9774,1.0,0.9559,0,0,0.0
tabula_small_intestine,intestinal tuft cell,42,0.01,A1_minus_sep,A,3.165,2d3d2e6d369f4cb5,67acaa3,dfe2b8e7cba8,True,0,0.9774,0.9774,1.0,0.9559,0,0,0.0
tabula_small_intestine,intestinal tuft cell,42,0.01,A2_minus_necessity,A,3.165,2d3d2e6d369f4cb5,67acaa3,dfe2b8e7cba8,False,1,0.9774,0.9701,1.0,0.942,1,1,0.000159
tabula_small_intestine,intestinal tuft cell,42,0.01,A3_minus_adaptive_rank,A,3.165,2d3d2e6d369f4cb5,67acaa3,dfe2b8e7cba8,True,0,0.9774,0.9774,1.0,0.9559,0,0,0.0
tabula_small_intestine,intestinal tuft cell,42,0.01,A4_minus_tau,A,3.165,2d3d2e6d369f4cb5,67acaa3,dfe2b8e7cba8,True,0,0.9774,0.9774,1.0,0.9559,0,0,0.0
tabula_small_intestine,intestinal tuft cell,42,0.01,A5_full,A,3.165,2d3d2e6d369f4cb5,67acaa3,dfe2b8e7cba8,True,0,0.9774,0.9774,1.0,0.9559,0,0,0.0
tabula_small_intestine,intestinal tuft cell,42,0.01,R1_rank1,R,3.165,2d3d2e6d369f4cb5,67acaa3,dfe2b8e7cba8,True,0,0.9774,0.9774,1.0,0.9559,0,0,0.0
tabula_small_intestine,intestinal tuft cell,42,0.01,R2_rank2,R,3.165,2d3d2e6d369f4cb5,67acaa3,dfe2b8e7cba8,True,0,0.9774,0.9774,1.0,0.9559,0,0,0.0
tabula_small_intestine,intestinal tuft cell,42,0.01,R3_rank3,R,3.165,2d3d2e6d369f4cb5,67acaa3,dfe2b8e7cba8,True,0,0.9774,0.9774,1.0,0.9559,0,0,0.0
tabula_small_intestine,intestinal tuft cell,42,0.01,R_adaptive,R,3.165,2d3d2e6d369f4cb5,67acaa3,dfe2b8e7cba8,True,0,0.9774,0.9774,1.0,0.9559,0,0,0.0
tabula_small_intestine,intestinal tuft cell,42,0.05,A0_baseline,A,2.6237,2d3d2e6d369f4cb5,67acaa3,dfe2b8e7cba8,False,0,0.9774,0.9774,1.0,0.9559,0,0,0.0
tabula_small_intestine,intestinal tuft cell,42,0.05,A1_minus_sep,A,2.6237,2d3d2e6d369f4cb5,67acaa3,dfe2b8e7cba8,True,0,0.9774,0.9774,1.0,0.9559,0,0,0.0
tabula_small_intestine,intestinal tuft cell,42,0.05,A2_minus_necessity,A,2.6237,2d3d2e6d369f4cb5,67acaa3,dfe2b8e7cba8,False,1,0.9774,0.9701,1.0,0.942,1,1,0.000159
tabula_small_intestine,intestinal tuft cell,42,0.05,A3_minus_adaptive_rank,A,2.6237,2d3d2e6d369f4cb5,67acaa3,dfe2b8e7cba8,True,0,0.9774,0.9774,1.0,0.9559,0,0,0.0
tabula_small_intestine,intestinal tuft cell,42,0.05,A4_minus_tau,A,2.6237,2d3d2e6d369f4cb5,67acaa3,dfe2b8e7cba8,True,0,0.9774,0.9774,1.0,0.9559,0,0,0.0
tabula_small_intestine,intestinal tuft cell,42,0.05,A5_full,A,2.6237,2d3d2e6d369f4cb5,67acaa3,dfe2b8e7cba8,True,0,0.9774,0.9774,1.0,0.9559,0,0,0.0
tabula_small_intestine,intestinal tuft cell,42,0.05,R1_rank1,R,2.6237,2d3d2e6d369f4cb5,67acaa3,dfe2b8e7cba8,True,0,0.9774,0.9774,1.0,0.9559,0,0,0.0
tabula_small_intestine,intestinal tuft cell,42,0.05,R2_rank2,R,2.6237,2d3d2e6d369f4cb5,67acaa3,dfe2b8e7cba8,True,0,0.9774,0.9774,1.0,0.9559,0,0,0.0
tabula_small_intestine,intestinal tuft cell,42,0.05,R3_rank3,R,2.6237,2d3d2e6d369f4cb5,67acaa3,dfe2b8e7cba8,True,0,0.9774,0.9774,1.0,0.9559,0,0,0.0
tabula_small_intestine,intestinal tuft cell,42,0.05,R_adaptive,R,2.6237,2d3d2e6d369f4cb5,67acaa3,dfe2b8e7cba8,True,0,0.9774,0.9774,1.0,0.9559,0,0,0.0
tabula_small_intestine,intestinal tuft cell,42,0.10,A0_baseline,A,2.301,2d3d2e6d369f4cb5,67acaa3,dfe2b8e7cba8,False,0,0.9848,0.9848,1.0,0.9701,0,0,0.0
tabula_small_intestine,intestinal tuft cell,42,0.10,A1_minus_sep,A,2.301,2d3d2e6d369f4cb5,67acaa3,dfe2b8e7cba8,True,0,0.9848,0.9848,1.0,0.9701,0,0,0.0
tabula_small_intestine,intestinal tuft cell,42,0.10,A2_minus_necessity,A,2.301,2d3d2e6d369f4cb5,67acaa3,dfe2b8e7cba8,False,1,0.9848,0.9701,1.0,0.942,2,2,0.000318
tabula_small_intestine,intestinal tuft cell,42,0.10,A3_minus_adaptive_rank,A,2.301,2d3d2e6d369f4cb5,67acaa3,dfe2b8e7cba8,True,0,0.9848,0.9848,1.0,0.9701,0,0,0.0
tabula_small_intestine,intestinal tuft cell,42,0.10,A4_minus_tau,A,2.301,2d3d2e6d369f4cb5,67acaa3,dfe2b8e7cba8,True,0,0.9848,0.9848,1.0,0.9701,0,0,0.0
tabula_small_intestine,intestinal tuft cell,42,0.10,A5_full,A,2.301,2d3d2e6d369f4cb5,67acaa3,dfe2b8e7cba8,True,0,0.9848,0.9848,1.0,0.9701,0,0,0.0
tabula_small_intestine,intestinal tuft cell,42,0.10,R1_rank1,R,2.301,2d3d2e6d369f4cb5,67acaa3,dfe2b8e7cba8,True,0,0.9848,0.9848,1.0,0.9701,0,0,0.0
tabula_small_intestine,intestinal tuft cell,42,0.10,R2_rank2,R,2.301,2d3d2e6d369f4cb5,67acaa3,dfe2b8e7cba8,True,0,0.9848,0.9848,1.0,0.9701,0,0,0.0
tabula_small_intestine,intestinal tuft cell,42,0.10,R3_rank3,R,2.301,2d3d2e6d369f4cb5,67acaa3,dfe2b8e7cba8,True,0,0.9848,0.9848,1.0,0.9701,0,0,0.0
tabula_small_intestine,intestinal tuft cell,42,0.10,R_adaptive,R,2.301,2d3d2e6d369f4cb5,67acaa3,dfe2b8e7cba8,True,0,0.9848,0.9848,1.0,0.9701,0,0,0.0
tabula_small_intestine,intestinal tuft cell,42,all,A0_baseline,A,2.4477,2d3d2e6d369f4cb5,67acaa3,dfe2b8e7cba8,False,0,0.9701,0.9701,1.0,0.942,0,0,0.0
tabula_small_intestine,intestinal tuft cell,42,all,A1_minus_sep,A,2.4477,2d3d2e6d369f4cb5,67acaa3,dfe2b8e7cba8,True,0,0.9701,0.9701,1.0,0.942,0,0,0.0
tabula_small_intestine,intestinal tuft cell,42,all,A2_minus_necessity,A,2.4477,2d3d2e6d369f4cb5,67acaa3,dfe2b8e7cba8,False,1,0.9701,0.9701,1.0,0.942,0,0,0.0
tabula_small_intestine,intestinal tuft cell,42,all,A3_minus_adaptive_rank,A,2.4477,2d3d2e6d369f4cb5,67acaa3,dfe2b8e7cba8,True,0,0.9701,0.9701,1.0,0.942,0,0,0.0
tabula_small_intestine,intestinal tuft cell,42,all,A4_minus_tau,A,2.4477,2d3d2e6d369f4cb5,67acaa3,dfe2b8e7cba8,True,0,0.9701,0.9701,1.0,0.942,0,0,0.0
tabula_small_intestine,intestinal tuft cell,42,all,A5_full,A,2.4477,2d3d2e6d369f4cb5,67acaa3,dfe2b8e7cba8,True,0,0.9701,0.9701,1.0,0.942,0,0,0.0
tabula_small_intestine,intestinal tuft cell,42,all,R1_rank1,R,2.4477,2d3d2e6d369f4cb5,67acaa3,dfe2b8e7cba8,True,0,0.9701,0.9701,1.0,0.942,0,0,0.0
tabula_small_intestine,intestinal tuft cell,42,all,R2_rank2,R,2.4477,2d3d2e6d369f4cb5,67acaa3,dfe2b8e7cba8,True,0,0.9701,0.9701,1.0,0.942,0,0,0.0
tabula_small_intestine,intestinal tuft cell,42,all,R3_rank3,R,2.4477,2d3d2e6d369f4cb5,67acaa3,dfe2b8e7cba8,True,0,0.9701,0.9701,1.0,0.942,0,0,0.0
tabula_small_intestine,intestinal tuft cell,42,all,R_adaptive,R,2.4477,2d3d2e6d369f4cb5,67acaa3,dfe2b8e7cba8,True,0,0.9701,0.9701,1.0,0.942,0,0,0.0
tabula_small_intestine,intestinal tuft cell,43,0.01,A0_baseline,A,2.5937,2d3d2e6d369f4cb5,7a90a01,dfe2b8e7cba8,False,0,0.9774,0.9774,1.0,0.9559,0,0,0.0
tabula_small_intestine,intestinal tuft cell,43,0.01,A1_minus_sep,A,2.5937,2d3d2e6d369f4cb5,7a90a01,dfe2b8e7cba8,True,0,0.9774,0.9774,1.0,0.9559,0,0,0.0
tabula_small_intestine,intestinal tuft cell,43,0.01,A2_minus_necessity,A,2.5937,2d3d2e6d369f4cb5,7a90a01,dfe2b8e7cba8,False,1,0.9774,0.9774,1.0,0.9559,0,0,0.0
tabula_small_intestine,intestinal tuft cell,43,0.01,A3_minus_adaptive_rank,A,2.5937,2d3d2e6d369f4cb5,7a90a01,dfe2b8e7cba8,True,0,0.9774,0.9774,1.0,0.9559,0,0,0.0
tabula_small_intestine,intestinal tuft cell,43,0.01,A4_minus_tau,A,2.5937,2d3d2e6d369f4cb5,7a90a01,dfe2b8e7cba8,True,0,0.9774,0.9774,1.0,0.9559,0,0,0.0
tabula_small_intestine,intestinal tuft cell,43,0.01,A5_full,A,2.5937,2d3d2e6d369f4cb5,7a90a01,dfe2b8e7cba8,True,0,0.9774,0.9774,1.0,0.9559,0,0,0.0
tabula_small_intestine,intestinal tuft cell,43,0.01,R1_rank1,R,2.5937,2d3d2e6d369f4cb5,7a90a01,dfe2b8e7cba8,True,0,0.9774,0.9774,1.0,0.9559,0,0,0.0
tabula_small_intestine,intestinal tuft cell,43,0.01,R2_rank2,R,2.5937,2d3d2e6d369f4cb5,7a90a01,dfe2b8e7cba8,True,0,0.9774,0.9774,1.0,0.9559,0,0,0.0
tabula_small_intestine,intestinal tuft cell,43,0.01,R3_rank3,R,2.5937,2d3d2e6d369f4cb5,7a90a01,dfe2b8e7cba8,True,0,0.9774,0.9774,1.0,0.9559,0,0,0.0
tabula_small_intestine,intestinal tuft cell,43,0.01,R_adaptive,R,2.5937,2d3d2e6d369f4cb5,7a90a01,dfe2b8e7cba8,True,0,0.9774,0.9774,1.0,0.9559,0,0,0.0
tabula_small_intestine,intestinal tuft cell,43,0.05,A0_baseline,A,2.4086,2d3d2e6d369f4cb5,7a90a01,dfe2b8e7cba8,False,0,0.9774,0.9774,1.0,0.9559,0,0,0.0
tabula_small_intestine,intestinal tuft cell,43,0.05,A1_minus_sep,A,2.4086,2d3d2e6d369f4cb5,7a90a01,dfe2b8e7cba8,True,0,0.9774,0.9774,1.0,0.9559,0,0,0.0
tabula_small_intestine,intestinal tuft cell,43,0.05,A2_minus_necessity,A,2.4086,2d3d2e6d369f4cb5,7a90a01,dfe2b8e7cba8,False,1,0.9774,0.9774,1.0,0.9559,0,0,0.0
tabula_small_intestine,intestinal tuft cell,43,0.05,A3_minus_adaptive_rank,A,2.4086,2d3d2e6d369f4cb5,7a90a01,dfe2b8e7cba8,True,0,0.9774,0.9774,1.0,0.9559,0,0,0.0
tabula_small_intestine,intestinal tuft cell,43,0.05,A4_minus_tau,A,2.4086,2d3d2e6d369f4cb5,7a90a01,dfe2b8e7cba8,True,0,0.9774,0.9774,1.0,0.9559,0,0,0.0
tabula_small_intestine,intestinal tuft cell,43,0.05,A5_full,A,2.4086,2d3d2e6d369f4cb5,7a90a01,dfe2b8e7cba8,True,0,0.9774,0.9774,1.0,0.9559,0,0,0.0
tabula_small_intestine,intestinal tuft cell,43,0.05,R1_rank1,R,2.4086,2d3d2e6d369f4cb5,7a90a01,dfe2b8e7cba8,True,0,0.9774,0.9774,1.0,0.9559,0,0,0.0
tabula_small_intestine,intestinal tuft cell,43,0.05,R2_rank2,R,2.4086,2d3d2e6d369f4cb5,7a90a01,dfe2b8e7cba8,True,0,0.9774,0.9774,1.0,0.9559,0,0,0.0
tabula_small_intestine,intestinal tuft cell,43,0.05,R3_rank3,R,2.4086,2d3d2e6d369f4cb5,7a90a01,dfe2b8e7cba8,True,0,0.9774,0.9774,1.0,0.9559,0,0,0.0
tabula_small_intestine,intestinal tuft cell,43,0.05,R_adaptive,R,2.4086,2d3d2e6d369f4cb5,7a90a01,dfe2b8e7cba8,True,0,0.9774,0.9774,1.0,0.9559,0,0,0.0
tabula_small_intestine,intestinal tuft cell,43,0.10,A0_baseline,A,3.2691,2d3d2e6d369f4cb5,7a90a01,dfe2b8e7cba8,False,0,0.9774,0.9774,1.0,0.9559,0,0,0.0
tabula_small_intestine,intestinal tuft cell,43,0.10,A1_minus_sep,A,3.2691,2d3d2e6d369f4cb5,7a90a01,dfe2b8e7cba8,True,0,0.9774,0.9774,1.0,0.9559,0,0,0.0
tabula_small_intestine,intestinal tuft cell,43,0.10,A2_minus_necessity,A,3.2691,2d3d2e6d369f4cb5,7a90a01,dfe2b8e7cba8,False,1,0.9774,0.9774,1.0,0.9559,0,0,0.0
tabula_small_intestine,intestinal tuft cell,43,0.10,A3_minus_adaptive_rank,A,3.2691,2d3d2e6d369f4cb5,7a90a01,dfe2b8e7cba8,True,0,0.9774,0.9774,1.0,0.9559,0,0,0.0
tabula_small_intestine,intestinal tuft cell,43,0.10,A4_minus_tau,A,3.2691,2d3d2e6d369f4cb5,7a90a01,dfe2b8e7cba8,True,0,0.9774,0.9774,1.0,0.9559,0,0,0.0
tabula_small_intestine,intestinal tuft cell,43,0.10,A5_full,A,3.2691,2d3d2e6d369f4cb5,7a90a01,dfe2b8e7cba8,True,0,0.9774,0.9774,1.0,0.9559,0,0,0.0
tabula_small_intestine,intestinal tuft cell,43,0.10,R1_rank1,R,3.2691,2d3d2e6d369f4cb5,7a90a01,dfe2b8e7cba8,True,0,0.9774,0.9774,1.0,0.9559,0,0,0.0
tabula_small_intestine,intestinal tuft cell,43,0.10,R2_rank2,R,3.2691,2d3d2e6d369f4cb5,7a90a01,dfe2b8e7cba8,True,0,0.9774,0.9774,1.0,0.9559,0,0,0.0
tabula_small_intestine,intestinal tuft cell,43,0.10,R3_rank3,R,3.2691,2d3d2e6d369f4cb5,7a90a01,dfe2b8e7cba8,True,0,0.9774,0.9774,1.0,0.9559,0,0,0.0
tabula_small_intestine,intestinal tuft cell,43,0.10,R_adaptive,R,3.2691,2d3d2e6d369f4cb5,7a90a01,dfe2b8e7cba8,True,0,0.9774,0.9774,1.0,0.9559,0,0,0.0
tabula_small_intestine,intestinal tuft cell,43,all,A0_baseline,A,2.6232,2d3d2e6d369f4cb5,7a90a01,dfe2b8e7cba8,False,0,0.9774,0.9774,1.0,0.9559,0,0,0.0
tabula_small_intestine,intestinal tuft cell,43,all,A1_minus_sep,A,2.6232,2d3d2e6d369f4cb5,7a90a01,dfe2b8e7cba8,True,0,0.9774,0.9774,1.0,0.9559,0,0,0.0
tabula_small_intestine,intestinal tuft cell,43,all,A2_minus_necessity,A,2.6232,2d3d2e6d369f4cb5,7a90a01,dfe2b8e7cba8,False,1,0.9774,0.9774,1.0,0.9559,0,0,0.0
tabula_small_intestine,intestinal tuft cell,43,all,A3_minus_adaptive_rank,A,2.6232,2d3d2e6d369f4cb5,7a90a01,dfe2b8e7cba8,True,0,0.9774,0.9774,1.0,0.9559,0,0,0.0
tabula_small_intestine,intestinal tuft cell,43,all,A4_minus_tau,A,2.6232,2d3d2e6d369f4cb5,7a90a01,dfe2b8e7cba8,True,0,0.9774,0.9774,1.0,0.9559,0,0,0.0
tabula_small_intestine,intestinal tuft cell,43,all,A5_full,A,2.6232,2d3d2e6d369f4cb5,7a90a01,dfe2b8e7cba8,True,0,0.9774,0.9774,1.0,0.9559,0,0,0.0
tabula_small_intestine,intestinal tuft cell,43,all,R1_rank1,R,2.6232,2d3d2e6d369f4cb5,7a90a01,dfe2b8e7cba8,True,0,0.9774,0.9774,1.0,0.9559,0,0,0.0
tabula_small_intestine,intestinal tuft cell,43,all,R2_rank2,R,2.6232,2d3d2e6d369f4cb5,7a90a01,dfe2b8e7cba8,True,0,0.9774,0.9774,1.0,0.9559,0,0,0.0
tabula_small_intestine,intestinal tuft cell,43,all,R3_rank3,R,2.6232,2d3d2e6d369f4cb5,7a90a01,dfe2b8e7cba8,True,0,0.9774,0.9774,1.0,0.9559,0,0,0.0
tabula_small_intestine,intestinal tuft cell,43,all,R_adaptive,R,2.6232,2d3d2e6d369f4cb5,7a90a01,dfe2b8e7cba8,True,0,0.9774,0.9774,1.0,0.9559,0,0,0.0
tabula_small_intestine,intestinal tuft cell,44,0.01,A0_baseline,A,2.5892,2d3d2e6d369f4cb5,7a90a01,dfe2b8e7cba8,False,0,0.9774,0.9774,1.0,0.9559,0,0,0.0
tabula_small_intestine,intestinal tuft cell,44,0.01,A1_minus_sep,A,2.5892,2d3d2e6d369f4cb5,7a90a01,dfe2b8e7cba8,True,0,0.9774,0.9774,1.0,0.9559,0,0,0.0
tabula_small_intestine,intestinal tuft cell,44,0.01,A2_minus_necessity,A,2.5892,2d3d2e6d369f4cb5,7a90a01,dfe2b8e7cba8,False,1,0.9774,0.9774,1.0,0.9559,0,0,0.0
tabula_small_intestine,intestinal tuft cell,44,0.01,A3_minus_adaptive_rank,A,2.5892,2d3d2e6d369f4cb5,7a90a01,dfe2b8e7cba8,True,0,0.9774,0.9774,1.0,0.9559,0,0,0.0
tabula_small_intestine,intestinal tuft cell,44,0.01,A4_minus_tau,A,2.5892,2d3d2e6d369f4cb5,7a90a01,dfe2b8e7cba8,True,0,0.9774,0.9774,1.0,0.9559,0,0,0.0
tabula_small_intestine,intestinal tuft cell,44,0.01,A5_full,A,2.5892,2d3d2e6d369f4cb5,7a90a01,dfe2b8e7cba8,True,0,0.9774,0.9774,1.0,0.9559,0,0,0.0
tabula_small_intestine,intestinal tuft cell,44,0.01,R1_rank1,R,2.5892,2d3d2e6d369f4cb5,7a90a01,dfe2b8e7cba8,True,0,0.9774,0.9774,1.0,0.9559,0,0,0.0
tabula_small_intestine,intestinal tuft cell,44,0.01,R2_rank2,R,2.5892,2d3d2e6d369f4cb5,7a90a01,dfe2b8e7cba8,True,0,0.9774,0.9774,1.0,0.9559,0,0,0.0
tabula_small_intestine,intestinal tuft cell,44,0.01,R3_rank3,R,2.5892,2d3d2e6d369f4cb5,7a90a01,dfe2b8e7cba8,True,0,0.9774,0.9774,1.0,0.9559,0,0,0.0
tabula_small_intestine,intestinal tuft cell,44,0.01,R_adaptive,R,2.5892,2d3d2e6d369f4cb5,7a90a01,dfe2b8e7cba8,True,0,0.9774,0.9774,1.0,0.9559,0,0,0.0
tabula_small_intestine,intestinal tuft cell,44,0.05,A0_baseline,A,2.1813,2d3d2e6d369f4cb5,7a90a01,dfe2b8e7cba8,False,0,0.9848,0.9848,1.0,0.9701,0,0,0.0
tabula_small_intestine,intestinal tuft cell,44,0.05,A1_minus_sep,A,2.1813,2d3d2e6d369f4cb5,7a90a01,dfe2b8e7cba8,True,0,0.9848,0.9848,1.0,0.9701,0,0,0.0
tabula_small_intestine,intestinal tuft cell,44,0.05,A2_minus_necessity,A,2.1813,2d3d2e6d369f4cb5,7a90a01,dfe2b8e7cba8,False,1,0.9848,0.9774,1.0,0.9559,1,1,0.000159
tabula_small_intestine,intestinal tuft cell,44,0.05,A3_minus_adaptive_rank,A,2.1813,2d3d2e6d369f4cb5,7a90a01,dfe2b8e7cba8,True,0,0.9848,0.9848,1.0,0.9701,0,0,0.0
tabula_small_intestine,intestinal tuft cell,44,0.05,A4_minus_tau,A,2.1813,2d3d2e6d369f4cb5,7a90a01,dfe2b8e7cba8,True,0,0.9848,0.9848,1.0,0.9701,0,0,0.0
tabula_small_intestine,intestinal tuft cell,44,0.05,A5_full,A,2.1813,2d3d2e6d369f4cb5,7a90a01,dfe2b8e7cba8,True,0,0.9848,0.9848,1.0,0.9701,0,0,0.0
tabula_small_intestine,intestinal tuft cell,44,0.05,R1_rank1,R,2.1813,2d3d2e6d369f4cb5,7a90a01,dfe2b8e7cba8,True,0,0.9848,0.9848,1.0,0.9701,0,0,0.0
tabula_small_intestine,intestinal tuft cell,44,0.05,R2_rank2,R,2.1813,2d3d2e6d369f4cb5,7a90a01,dfe2b8e7cba8,True,0,0.9848,0.9848,1.0,0.9701,0,0,0.0
tabula_small_intestine,intestinal tuft cell,44,0.05,R3_rank3,R,2.1813,2d3d2e6d369f4cb5,7a90a01,dfe2b8e7cba8,True,0,0.9848,0.9848,1.0,0.9701,0,0,0.0
tabula_small_intestine,intestinal tuft cell,44,0.05,R_adaptive,R,2.1813,2d3d2e6d369f4cb5,7a90a01,dfe2b8e7cba8,True,0,0.9848,0.9848,1.0,0.9701,0,0,0.0
tabula_small_intestine,intestinal tuft cell,44,0.10,A0_baseline,A,2.6335,2d3d2e6d369f4cb5,7a90a01,dfe2b8e7cba8,False,0,0.9848,0.9848,1.0,0.9701,0,0,0.0
tabula_small_intestine,intestinal tuft cell,44,0.10,A1_minus_sep,A,2.6335,2d3d2e6d369f4cb5,7a90a01,dfe2b8e7cba8,True,0,0.9848,0.9848,1.0,0.9701,0,0,0.0
tabula_small_intestine,intestinal tuft cell,44,0.10,A2_minus_necessity,A,2.6335,2d3d2e6d369f4cb5,7a90a01,dfe2b8e7cba8,False,1,0.9848,0.9848,1.0,0.9701,0,0,0.0
tabula_small_intestine,intestinal tuft cell,44,0.10,A3_minus_adaptive_rank,A,2.6335,2d3d2e6d369f4cb5,7a90a01,dfe2b8e7cba8,True,0,0.9848,0.9848,1.0,0.9701,0,0,0.0
tabula_small_intestine,intestinal tuft cell,44,0.10,A4_minus_tau,A,2.6335,2d3d2e6d369f4cb5,7a90a01,dfe2b8e7cba8,True,0,0.9848,0.9848,1.0,0.9701,0,0,0.0
tabula_small_intestine,intestinal tuft cell,44,0.10,A5_full,A,2.6335,2d3d2e6d369f4cb5,7a90a01,dfe2b8e7cba8,True,0,0.9848,0.9848,1.0,0.9701,0,0,0.0
tabula_small_intestine,intestinal tuft cell,44,0.10,R1_rank1,R,2.6335,2d3d2e6d369f4cb5,7a90a01,dfe2b8e7cba8,True,0,0.9848,0.9848,1.0,0.9701,0,0,0.0
tabula_small_intestine,intestinal tuft cell,44,0.10,R2_rank2,R,2.6335,2d3d2e6d369f4cb5,7a90a01,dfe2b8e7cba8,True,0,0.9848,0.9848,1.0,0.9701,0,0,0.0
tabula_small_intestine,intestinal tuft cell,44,0.10,R3_rank3,R,2.6335,2d3d2e6d369f4cb5,7a90a01,dfe2b8e7cba8,True,0,0.9848,0.9848,1.0,0.9701,0,0,0.0
tabula_small_intestine,intestinal tuft cell,44,0.10,R_adaptive,R,2.6335,2d3d2e6d369f4cb5,7a90a01,dfe2b8e7cba8,True,0,0.9848,0.9848,1.0,0.9701,0,0,0.0
tabula_small_intestine,intestinal tuft cell,44,all,A0_baseline,A,2.3482,2d3d2e6d369f4cb5,7a90a01,dfe2b8e7cba8,False,0,0.9774,0.9774,1.0,0.9559,0,0,0.0
tabula_small_intestine,intestinal tuft cell,44,all,A1_minus_sep,A,2.3482,2d3d2e6d369f4cb5,7a90a01,dfe2b8e7cba8,True,0,0.9774,0.9774,1.0,0.9559,0,0,0.0
tabula_small_intestine,intestinal tuft cell,44,all,A2_minus_necessity,A,2.3482,2d3d2e6d369f4cb5,7a90a01,dfe2b8e7cba8,False,1,0.9774,0.9774,1.0,0.9559,0,0,0.0
tabula_small_intestine,intestinal tuft cell,44,all,A3_minus_adaptive_rank,A,2.3482,2d3d2e6d369f4cb5,7a90a01,dfe2b8e7cba8,True,0,0.9774,0.9774,1.0,0.9559,0,0,0.0
tabula_small_intestine,intestinal tuft cell,44,all,A4_minus_tau,A,2.3482,2d3d2e6d369f4cb5,7a90a01,dfe2b8e7cba8,True,0,0.9774,0.9774,1.0,0.9559,0,0,0.0
tabula_small_intestine,intestinal tuft cell,44,all,A5_full,A,2.3482,2d3d2e6d369f4cb5,7a90a01,dfe2b8e7cba8,True,0,0.9774,0.9774,1.0,0.9559,0,0,0.0
tabula_small_intestine,intestinal tuft cell,44,all,R1_rank1,R,2.3482,2d3d2e6d369f4cb5,7a90a01,dfe2b8e7cba8,True,0,0.9774,0.9774,1.0,0.9559,0,0,0.0
tabula_small_intestine,intestinal tuft cell,44,all,R2_rank2,R,2.3482,2d3d2e6d369f4cb5,7a90a01,dfe2b8e7cba8,True,0,0.9774,0.9774,1.0,0.9559,0,0,0.0
tabula_small_intestine,intestinal tuft cell,44,all,R3_rank3,R,2.3482,2d3d2e6d369f4cb5,7a90a01,dfe2b8e7cba8,True,0,0.9774,0.9774,1.0,0.9559,0,0,0.0
tabula_small_intestine,intestinal tuft cell,44,all,R_adaptive,R,2.3482,2d3d2e6d369f4cb5,7a90a01,dfe2b8e7cba8,True,0,0.9774,0.9774,1.0,0.9559,0,0,0.0
