dataset,rare_class,actual_training_labeled_rare_count,variant,variant_group,seed,n_identity_runs,rare_f1,rare_recall,rescue_precision,incremental_fpr,abstain,alpha_violation
immune_dc,ASDC,5,baseline,component,42,1,0.0,0.0,,0.0,0.0,0.0
immune_dc,ASDC,5,minus_separability_gate,component,42,1,0.9029535864978903,0.823076923076923,1.0,0.0,0.0,0.0
immune_dc,ASDC,5,minus_necessity_gate,component,42,1,0.9029535864978903,0.823076923076923,1.0,0.0,0.0,0.0
immune_dc,ASDC,5,fixed_rank_1,component,42,1,0.9029535864978903,0.823076923076923,1.0,0.0,0.0,0.0
immune_dc,ASDC,5,minus_conformal_tau,component,42,1,0.8916666666666667,0.823076923076923,0.9727272727272728,0.0004996668887408394,0.0,0.0
immune_dc,ASDC,5,full_method,component,42,1,0.9029535864978903,0.823076923076923,1.0,0.0,0.0,0.0
immune_dc,ASDC,5,rank_1,rank,42,1,0.9029535864978903,0.823076923076923,1.0,0.0,0.0,0.0
immune_dc,ASDC,5,rank_2,rank,42,1,0.8378378378378378,0.9538461538461539,0.7469879518072289,0.0069953364423717525,0.0,0.0
immune_dc,ASDC,5,rank_3,rank,42,1,0.8378378378378378,0.9538461538461539,0.7469879518072289,0.0069953364423717525,0.0,0.0
immune_dc,ASDC,5,adaptive_rank,rank,42,1,0.9029535864978903,0.823076923076923,1.0,0.0,0.0,0.0
immune_dc,ASDC,13,baseline,component,42,1,0.8392857142857143,0.7230769230769231,,0.0,0.0,0.0
immune_dc,ASDC,13,minus_separability_gate,component,42,1,0.9435483870967742,0.9,0.9583333333333334,0.00016655562958027982,0.0,0.0
immune_dc,ASDC,13,minus_necessity_gate,component,42,1,0.9435483870967742,0.9,0.9583333333333334,0.00016655562958027982,0.0,0.0
immune_dc,ASDC,13,fixed_rank_1,component,42,1,0.9435483870967742,0.9,0.9583333333333334,0.00016655562958027982,0.0,0.0
immune_dc,ASDC,13,minus_conformal_tau,component,42,1,0.9397590361445783,0.9,0.92,0.00033311125916055963,0.0,0.0
immune_dc,ASDC,13,full_method,component,42,1,0.9435483870967742,0.9,0.9583333333333334,0.00016655562958027982,0.0,0.0
immune_dc,ASDC,13,rank_1,rank,42,1,0.9435483870967742,0.9,0.9583333333333334,0.00016655562958027982,0.0,0.0
immune_dc,ASDC,13,rank_2,rank,42,1,0.8063492063492064,0.9769230769230769,0.3626373626373626,0.009660226515656229,0.0,0.0
immune_dc,ASDC,13,rank_3,rank,42,1,0.7962382445141066,0.9769230769230769,0.3473684210526316,0.010326449033977348,0.0,1.0
immune_dc,ASDC,13,adaptive_rank,rank,42,1,0.9435483870967742,0.9,0.9583333333333334,0.00016655562958027982,0.0,0.0
immune_dc,ASDC,27,baseline,component,42,1,0.8803418803418803,0.7923076923076923,,0.0,0.0,0.0
immune_dc,ASDC,27,minus_separability_gate,component,42,1,0.9274193548387096,0.8846153846153846,0.8571428571428571,0.00033311125916055963,0.0,0.0
immune_dc,ASDC,27,minus_necessity_gate,component,42,1,0.9274193548387096,0.8846153846153846,0.8571428571428571,0.00033311125916055963,0.0,0.0
immune_dc,ASDC,27,fixed_rank_1,component,42,1,0.9274193548387096,0.8846153846153846,0.8571428571428571,0.00033311125916055963,0.0,0.0
immune_dc,ASDC,27,minus_conformal_tau,component,42,1,0.9274193548387096,0.8846153846153846,0.8571428571428571,0.00033311125916055963,0.0,0.0
immune_dc,ASDC,27,full_method,component,42,1,0.9274193548387096,0.8846153846153846,0.8571428571428571,0.00033311125916055963,0.0,0.0
immune_dc,ASDC,27,rank_1,rank,42,1,0.9274193548387096,0.8846153846153846,0.8571428571428571,0.00033311125916055963,0.0,0.0
immune_dc,ASDC,27,rank_2,rank,42,1,0.8382838283828383,0.9769230769230769,0.34782608695652173,0.007495003331112591,0.0,0.0
immune_dc,ASDC,27,rank_3,rank,42,1,0.8167202572347267,0.9769230769230769,0.3116883116883117,0.00882744836775483,0.0,0.0
immune_dc,ASDC,27,adaptive_rank,rank,42,1,0.9274193548387096,0.8846153846153846,0.8571428571428571,0.00033311125916055963,0.0,0.0
immune_dc,ASDC,277,baseline,component,42,1,0.9397590361445783,0.9,,0.0,0.0,0.0
immune_dc,ASDC,277,minus_separability_gate,component,42,1,0.952755905511811,0.9307692307692308,0.8,0.00016655562958027982,0.0,0.0
immune_dc,ASDC,277,minus_necessity_gate,component,42,1,0.952755905511811,0.9307692307692308,0.8,0.00016655562958027982,0.0,0.0
immune_dc,ASDC,277,fixed_rank_1,component,42,1,0.952755905511811,0.9307692307692308,0.8,0.00016655562958027982,0.0,0.0
immune_dc,ASDC,277,minus_conformal_tau,component,42,1,0.952755905511811,0.9307692307692308,0.8,0.00016655562958027982,0.0,0.0
immune_dc,ASDC,277,full_method,component,42,1,0.952755905511811,0.9307692307692308,0.8,0.00016655562958027982,0.0,0.0
immune_dc,ASDC,277,rank_1,rank,42,1,0.952755905511811,0.9307692307692308,0.8,0.00016655562958027982,0.0,0.0
immune_dc,ASDC,277,rank_2,rank,42,1,0.807570977917981,0.9846153846153847,0.16176470588235295,0.00949367088607595,0.0,0.0
immune_dc,ASDC,277,rank_3,rank,42,1,0.8025078369905956,0.9846153846153847,0.15714285714285714,0.00982678214523651,0.0,0.0
immune_dc,ASDC,277,adaptive_rank,rank,42,1,0.952755905511811,0.9307692307692308,0.8,0.00016655562958027982,0.0,0.0
immune_dc,ASDC,5,baseline,component,43,1,0.0,0.0,,0.0,0.0,0.0
immune_dc,ASDC,5,minus_separability_gate,component,43,1,0.9306122448979591,0.8769230769230769,0.991304347826087,0.00016655562958027982,0.0,0.0
immune_dc,ASDC,5,minus_necessity_gate,component,43,1,0.9306122448979591,0.8769230769230769,0.991304347826087,0.00016655562958027982,0.0,0.0
immune_dc,ASDC,5,fixed_rank_1,component,43,1,0.9306122448979591,0.8769230769230769,0.991304347826087,0.00016655562958027982,0.0,0.0
immune_dc,ASDC,5,minus_conformal_tau,component,43,1,0.9306122448979591,0.8769230769230769,0.991304347826087,0.00016655562958027982,0.0,0.0
immune_dc,ASDC,5,full_method,component,43,1,0.9306122448979591,0.8769230769230769,0.991304347826087,0.00016655562958027982,0.0,0.0
immune_dc,ASDC,5,rank_1,rank,43,1,0.9306122448979591,0.8769230769230769,0.991304347826087,0.00016655562958027982,0.0,0.0
immune_dc,ASDC,5,rank_2,rank,43,1,0.8389261744966443,0.9615384615384616,0.7440476190476191,0.007161892071952032,0.0,0.0
immune_dc,ASDC,5,rank_3,rank,43,1,0.8076923076923077,0.9692307692307692,0.6923076923076923,0.009327115256495669,0.0,0.0
immune_dc,ASDC,5,adaptive_rank,rank,43,1,0.9306122448979591,0.8769230769230769,0.991304347826087,0.00016655562958027982,0.0,0.0
immune_dc,ASDC,13,baseline,component,43,1,0.8936170212765957,0.8076923076923077,,0.0,0.0,0.0
immune_dc,ASDC,13,minus_separability_gate,component,43,1,0.9397590361445783,0.9,0.8571428571428571,0.00033311125916055963,0.0,0.0
immune_dc,ASDC,13,minus_necessity_gate,component,43,1,0.9397590361445783,0.9,0.8571428571428571,0.00033311125916055963,0.0,0.0
immune_dc,ASDC,13,fixed_rank_1,component,43,1,0.9397590361445783,0.9,0.8571428571428571,0.00033311125916055963,0.0,0.0
immune_dc,ASDC,13,minus_conformal_tau,component,43,1,0.9397590361445783,0.9,0.8571428571428571,0.00033311125916055963,0.0,0.0
immune_dc,ASDC,13,full_method,component,43,1,0.9397590361445783,0.9,0.8571428571428571,0.00033311125916055963,0.0,0.0
immune_dc,ASDC,13,rank_1,rank,43,1,0.9397590361445783,0.9,0.8571428571428571,0.00033311125916055963,0.0,0.0
immune_dc,ASDC,13,rank_2,rank,43,1,0.8421052631578947,0.9846153846153847,0.3333333333333333,0.007661558960692871,0.0,0.0
immune_dc,ASDC,13,rank_3,rank,43,1,0.8231511254019293,0.9846153846153847,0.3026315789473684,0.00882744836775483,0.0,0.0
immune_dc,ASDC,13,adaptive_rank,rank,43,1,0.9397590361445783,0.9,0.8571428571428571,0.00033311125916055963,0.0,0.0
immune_dc,ASDC,27,baseline,component,43,1,0.9300411522633745,0.8692307692307693,,0.0,0.0,0.0
immune_dc,ASDC,27,minus_separability_gate,component,43,1,0.9565217391304348,0.9307692307692308,0.8,0.00033311125916055963,0.0,0.0
immune_dc,ASDC,27,minus_necessity_gate,component,43,1,0.9565217391304348,0.9307692307692308,0.8,0.00033311125916055963,0.0,0.0
immune_dc,ASDC,27,fixed_rank_1,component,43,1,0.9565217391304348,0.9307692307692308,0.8,0.00033311125916055963,0.0,0.0
immune_dc,ASDC,27,minus_conformal_tau,component,43,1,0.9565217391304348,0.9307692307692308,0.8,0.00033311125916055963,0.0,0.0
immune_dc,ASDC,27,full_method,component,43,1,0.9565217391304348,0.9307692307692308,0.8,0.00033311125916055963,0.0,0.0
immune_dc,ASDC,27,rank_1,rank,43,1,0.9565217391304348,0.9307692307692308,0.8,0.00033311125916055963,0.0,0.0
immune_dc,ASDC,27,rank_2,rank,43,1,0.8012618296529969,0.9769230769230769,0.1891891891891892,0.009993337774816789,0.0,0.0
immune_dc,ASDC,27,rank_3,rank,43,1,0.8050314465408805,0.9846153846153847,0.2,0.009993337774816789,0.0,0.0
immune_dc,ASDC,27,adaptive_rank,rank,43,1,0.9565217391304348,0.9307692307692308,0.8,0.00033311125916055963,0.0,0.0
immune_dc,ASDC,277,baseline,component,43,1,0.9444444444444444,0.9153846153846154,,0.0,0.0,0.0
immune_dc,ASDC,277,minus_separability_gate,component,43,1,0.952755905511811,0.9307692307692308,1.0,0.0,0.0,0.0
immune_dc,ASDC,277,minus_necessity_gate,component,43,1,0.952755905511811,0.9307692307692308,1.0,0.0,0.0,0.0
immune_dc,ASDC,277,fixed_rank_1,component,43,1,0.952755905511811,0.9307692307692308,1.0,0.0,0.0,0.0
immune_dc,ASDC,277,minus_conformal_tau,component,43,1,0.952755905511811,0.9307692307692308,1.0,0.0,0.0,0.0
immune_dc,ASDC,277,full_method,component,43,1,0.952755905511811,0.9307692307692308,1.0,0.0,0.0,0.0
immune_dc,ASDC,277,rank_1,rank,43,1,0.952755905511811,0.9307692307692308,1.0,0.0,0.0,0.0
immune_dc,ASDC,277,rank_2,rank,43,1,0.8300653594771242,0.9769230769230769,0.14814814814814814,0.007661558960692871,0.0,0.0
immune_dc,ASDC,277,rank_3,rank,43,1,0.8193548387096774,0.9769230769230769,0.13793103448275862,0.008327781479013991,0.0,0.0
immune_dc,ASDC,277,adaptive_rank,rank,43,1,0.952755905511811,0.9307692307692308,1.0,0.0,0.0,0.0
immune_dc,ASDC,5,baseline,component,44,1,0.0,0.0,,0.0,0.0,0.0
immune_dc,ASDC,5,minus_separability_gate,component,44,1,0.9473684210526315,0.9,1.0,0.0,0.0,0.0
immune_dc,ASDC,5,minus_necessity_gate,component,44,1,0.9473684210526315,0.9,1.0,0.0,0.0,0.0
immune_dc,ASDC,5,fixed_rank_1,component,44,1,0.9473684210526315,0.9,1.0,0.0,0.0,0.0
immune_dc,ASDC,5,minus_conformal_tau,component,44,1,0.9473684210526315,0.9,1.0,0.0,0.0,0.0
immune_dc,ASDC,5,full_method,component,44,1,0.9473684210526315,0.9,1.0,0.0,0.0,0.0
immune_dc,ASDC,5,rank_1,rank,44,1,0.9473684210526315,0.9,1.0,0.0,0.0,0.0
immune_dc,ASDC,5,rank_2,rank,44,1,0.8305647840531561,0.9615384615384616,0.7309941520467836,0.007661558960692871,0.0,0.0
immune_dc,ASDC,5,rank_3,rank,44,1,0.8012820512820513,0.9615384615384616,0.6868131868131868,0.00949367088607595,0.0,0.0
immune_dc,ASDC,5,adaptive_rank,rank,44,1,0.9473684210526315,0.9,1.0,0.0,0.0,0.0
immune_dc,ASDC,13,baseline,component,44,1,0.8803418803418803,0.7923076923076923,,0.0,0.0,0.0
immune_dc,ASDC,13,minus_separability_gate,component,44,1,0.9375,0.9230769230769231,0.7727272727272727,0.0008327781479013991,0.0,0.0
immune_dc,ASDC,13,minus_necessity_gate,component,44,1,0.9375,0.9230769230769231,0.7727272727272727,0.0008327781479013991,0.0,0.0
immune_dc,ASDC,13,fixed_rank_1,component,44,1,0.9375,0.9230769230769231,0.7727272727272727,0.0008327781479013991,0.0,0.0
immune_dc,ASDC,13,minus_conformal_tau,component,44,1,0.9375,0.9230769230769231,0.7727272727272727,0.0008327781479013991,0.0,0.0
immune_dc,ASDC,13,full_method,component,44,1,0.9375,0.9230769230769231,0.7727272727272727,0.0008327781479013991,0.0,0.0
immune_dc,ASDC,13,rank_1,rank,44,1,0.9375,0.9230769230769231,0.7727272727272727,0.0008327781479013991,0.0,0.0
immune_dc,ASDC,13,rank_2,rank,44,1,0.7974683544303798,0.9692307692307692,0.2804878048780488,0.00982678214523651,0.0,0.0
immune_dc,ASDC,13,rank_3,rank,44,1,0.7753846153846153,0.9692307692307692,0.25274725274725274,0.011325782811459028,0.0,1.0
immune_dc,ASDC,13,adaptive_rank,rank,44,1,0.9375,0.9230769230769231,0.7727272727272727,0.0008327781479013991,0.0,0.0
immune_dc,ASDC,27,baseline,component,44,1,0.921161825726141,0.8538461538461538,,0.0,0.0,0.0
immune_dc,ASDC,27,minus_separability_gate,component,44,1,0.9453125,0.9307692307692308,0.6666666666666666,0.0008327781479013991,0.0,0.0
immune_dc,ASDC,27,minus_necessity_gate,component,44,1,0.9453125,0.9307692307692308,0.6666666666666666,0.0008327781479013991,0.0,0.0
immune_dc,ASDC,27,fixed_rank_1,component,44,1,0.9453125,0.9307692307692308,0.6666666666666666,0.0008327781479013991,0.0,0.0
immune_dc,ASDC,27,minus_conformal_tau,component,44,1,0.9453125,0.9307692307692308,0.6666666666666666,0.0008327781479013991,0.0,0.0
immune_dc,ASDC,27,full_method,component,44,1,0.9453125,0.9307692307692308,0.6666666666666666,0.0008327781479013991,0.0,0.0
immune_dc,ASDC,27,rank_1,rank,44,1,0.9453125,0.9307692307692308,0.6666666666666666,0.0008327781479013991,0.0,0.0
immune_dc,ASDC,27,rank_2,rank,44,1,0.8155339805825242,0.9692307692307692,0.22058823529411764,0.00882744836775483,0.0,0.0
immune_dc,ASDC,27,rank_3,rank,44,1,0.802547770700637,0.9692307692307692,0.2054794520547945,0.009660226515656229,0.0,0.0
immune_dc,ASDC,27,adaptive_rank,rank,44,1,0.9453125,0.9307692307692308,0.6666666666666666,0.0008327781479013991,0.0,0.0
immune_dc,ASDC,277,baseline,component,44,1,0.9486166007905138,0.9230769230769231,,0.0,0.0,0.0
immune_dc,ASDC,277,minus_separability_gate,component,44,1,0.9348659003831418,0.9384615384615385,0.25,0.000999333777481679,0.0,0.0
immune_dc,ASDC,277,minus_necessity_gate,component,44,1,0.9348659003831418,0.9384615384615385,0.25,0.000999333777481679,0.0,0.0
immune_dc,ASDC,277,fixed_rank_1,component,44,1,0.9348659003831418,0.9384615384615385,0.25,0.000999333777481679,0.0,0.0
immune_dc,ASDC,277,minus_conformal_tau,component,44,1,0.9348659003831418,0.9384615384615385,0.25,0.000999333777481679,0.0,0.0
immune_dc,ASDC,277,full_method,component,44,1,0.9348659003831418,0.9384615384615385,0.25,0.000999333777481679,0.0,0.0
immune_dc,ASDC,277,rank_1,rank,44,1,0.9348659003831418,0.9384615384615385,0.25,0.000999333777481679,0.0,0.0
immune_dc,ASDC,277,rank_2,rank,44,1,0.8102893890675241,0.9692307692307692,0.10344827586206896,0.008660892738174551,0.0,0.0
immune_dc,ASDC,277,rank_3,rank,44,1,0.8076923076923077,0.9692307692307692,0.1016949152542373,0.00882744836775483,0.0,0.0
immune_dc,ASDC,277,adaptive_rank,rank,44,1,0.9348659003831418,0.9384615384615385,0.25,0.000999333777481679,0.0,0.0
pancreas_baron,gamma,5,baseline,component,42,1,0.2268041237113402,0.12790697674418605,,0.0,0.0,0.0
pancreas_baron,gamma,5,minus_separability_gate,component,42,1,0.7784431137724551,0.7558139534883721,0.7714285714285715,0.009768009768009768,0.0,0.0
pancreas_baron,gamma,5,minus_necessity_gate,component,42,1,0.7784431137724551,0.7558139534883721,0.7714285714285715,0.009768009768009768,0.0,0.0
pancreas_baron,gamma,5,fixed_rank_1,component,42,1,0.6567164179104478,0.5116279069767442,0.8918918918918919,0.002442002442002442,0.0,0.0
pancreas_baron,gamma,5,minus_conformal_tau,component,42,1,0.7428571428571429,0.7558139534883721,0.6923076923076923,0.014652014652014652,0.0,1.0
pancreas_baron,gamma,5,full_method,component,42,1,0.7784431137724551,0.7558139534883721,0.7714285714285715,0.009768009768009768,0.0,0.0
pancreas_baron,gamma,5,rank_1,rank,42,1,0.6567164179104478,0.5116279069767442,0.8918918918918919,0.002442002442002442,0.0,0.0
pancreas_baron,gamma,5,rank_2,rank,42,1,0.7784431137724551,0.7558139534883721,0.7714285714285715,0.009768009768009768,0.0,0.0
pancreas_baron,gamma,5,rank_3,rank,42,1,0.6329113924050633,0.872093023255814,0.45714285714285713,0.0463980463980464,0.0,1.0
pancreas_baron,gamma,5,adaptive_rank,rank,42,1,0.7784431137724551,0.7558139534883721,0.7714285714285715,0.009768009768009768,0.0,0.0
pancreas_baron,gamma,10,baseline,component,42,1,0.7916666666666666,0.6627906976744186,,0.0,0.0,0.0
pancreas_baron,gamma,10,minus_separability_gate,component,42,1,0.8157894736842105,0.7209302325581395,0.625,0.0018315018315018315,0.0,0.0
pancreas_baron,gamma,10,minus_necessity_gate,component,42,1,0.8157894736842105,0.7209302325581395,0.625,0.0018315018315018315,0.0,0.0
pancreas_baron,gamma,10,fixed_rank_1,component,42,1,0.8157894736842105,0.7209302325581395,0.625,0.0018315018315018315,0.0,0.0
pancreas_baron,gamma,10,minus_conformal_tau,component,42,1,0.8157894736842105,0.7209302325581395,0.625,0.0018315018315018315,0.0,0.0
pancreas_baron,gamma,10,full_method,component,42,1,0.8157894736842105,0.7209302325581395,0.625,0.0018315018315018315,0.0,0.0
pancreas_baron,gamma,10,rank_1,rank,42,1,0.8157894736842105,0.7209302325581395,0.625,0.0018315018315018315,0.0,0.0
pancreas_baron,gamma,10,rank_2,rank,42,1,0.8402366863905325,0.8255813953488372,0.56,0.006715506715506716,0.0,0.0
pancreas_baron,gamma,10,rank_3,rank,42,1,0.8210526315789474,0.9069767441860465,0.45652173913043476,0.015262515262515262,0.0,1.0
pancreas_baron,gamma,10,adaptive_rank,rank,42,1,0.8157894736842105,0.7209302325581395,0.625,0.0018315018315018315,0.0,0.0
pancreas_baron,gamma,106,baseline,component,42,1,0.9142857142857143,0.9302325581395349,,0.0,0.0,0.0
pancreas_baron,gamma,106,minus_separability_gate,component,42,1,0.9010989010989011,0.9534883720930233,0.2857142857142857,0.0030525030525030525,0.0,0.0
pancreas_baron,gamma,106,minus_necessity_gate,component,42,1,0.9142857142857143,0.9302325581395349,,0.0,1.0,0.0
pancreas_baron,gamma,106,fixed_rank_1,component,42,1,0.9142857142857143,0.9302325581395349,,0.0,1.0,0.0
pancreas_baron,gamma,106,minus_conformal_tau,component,42,1,0.9142857142857143,0.9302325581395349,,0.0,1.0,0.0
pancreas_baron,gamma,106,full_method,component,42,1,0.9142857142857143,0.9302325581395349,,0.0,1.0,0.0
pancreas_baron,gamma,106,rank_1,rank,42,1,0.9142857142857143,0.9302325581395349,,0.0,1.0,0.0
pancreas_baron,gamma,106,rank_2,rank,42,1,0.9142857142857143,0.9302325581395349,,0.0,1.0,0.0
pancreas_baron,gamma,106,rank_3,rank,42,1,0.9142857142857143,0.9302325581395349,,0.0,1.0,0.0
pancreas_baron,gamma,106,adaptive_rank,rank,42,1,0.9142857142857143,0.9302325581395349,,0.0,1.0,0.0
pancreas_baron,gamma,5,baseline,component,43,1,0.24489795918367346,0.13953488372093023,,0.0,0.0,0.0
pancreas_baron,gamma,5,minus_separability_gate,component,43,1,0.75,0.627906976744186,0.9130434782608695,0.002442002442002442,0.0,0.0
pancreas_baron,gamma,5,minus_necessity_gate,component,43,1,0.24489795918367346,0.13953488372093023,,0.0,1.0,0.0
pancreas_baron,gamma,5,fixed_rank_1,component,43,1,0.24489795918367346,0.13953488372093023,,0.0,1.0,0.0
pancreas_baron,gamma,5,minus_conformal_tau,component,43,1,0.24489795918367346,0.13953488372093023,,0.0,1.0,0.0
pancreas_baron,gamma,5,full_method,component,43,1,0.24489795918367346,0.13953488372093023,,0.0,1.0,0.0
pancreas_baron,gamma,5,rank_1,rank,43,1,0.24489795918367346,0.13953488372093023,,0.0,1.0,0.0
pancreas_baron,gamma,5,rank_2,rank,43,1,0.24489795918367346,0.13953488372093023,,0.0,1.0,0.0
pancreas_baron,gamma,5,rank_3,rank,43,1,0.24489795918367346,0.13953488372093023,,0.0,1.0,0.0
pancreas_baron,gamma,5,adaptive_rank,rank,43,1,0.24489795918367346,0.13953488372093023,,0.0,1.0,0.0
pancreas_baron,gamma,10,baseline,component,43,1,0.7808219178082192,0.6627906976744186,,0.0,0.0,0.0
pancreas_baron,gamma,10,minus_separability_gate,component,43,1,0.8242424242424242,0.7906976744186046,0.5789473684210527,0.004884004884004884,0.0,0.0
pancreas_baron,gamma,10,minus_necessity_gate,component,43,1,0.8242424242424242,0.7906976744186046,0.5789473684210527,0.004884004884004884,0.0,0.0
pancreas_baron,gamma,10,fixed_rank_1,component,43,1,0.8242424242424242,0.7906976744186046,0.5789473684210527,0.004884004884004884,0.0,0.0
pancreas_baron,gamma,10,minus_conformal_tau,component,43,1,0.7808219178082192,0.6627906976744186,,0.0,1.0,0.0
pancreas_baron,gamma,10,full_method,component,43,1,0.8242424242424242,0.7906976744186046,0.5789473684210527,0.004884004884004884,0.0,0.0
pancreas_baron,gamma,10,rank_1,rank,43,1,0.8242424242424242,0.7906976744186046,0.5789473684210527,0.004884004884004884,0.0,0.0
pancreas_baron,gamma,10,rank_2,rank,43,1,0.8117647058823529,0.8023255813953488,0.5,0.007326007326007326,0.0,0.0
pancreas_baron,gamma,10,rank_3,rank,43,1,0.8117647058823529,0.8023255813953488,0.5,0.007326007326007326,0.0,0.0
pancreas_baron,gamma,10,adaptive_rank,rank,43,1,0.8242424242424242,0.7906976744186046,0.5789473684210527,0.004884004884004884,0.0,0.0
pancreas_baron,gamma,106,baseline,component,43,1,0.9221556886227545,0.8953488372093024,,0.0,0.0,0.0
pancreas_baron,gamma,106,minus_separability_gate,component,43,1,0.9221556886227545,0.8953488372093024,,0.0,1.0,0.0
pancreas_baron,gamma,106,minus_necessity_gate,component,43,1,0.9221556886227545,0.8953488372093024,,0.0,1.0,0.0
pancreas_baron,gamma,106,fixed_rank_1,component,43,1,0.9221556886227545,0.8953488372093024,,0.0,1.0,0.0
pancreas_baron,gamma,106,minus_conformal_tau,component,43,1,0.9221556886227545,0.8953488372093024,,0.0,1.0,0.0
pancreas_baron,gamma,106,full_method,component,43,1,0.9221556886227545,0.8953488372093024,,0.0,1.0,0.0
pancreas_baron,gamma,106,rank_1,rank,43,1,0.9221556886227545,0.8953488372093024,,0.0,1.0,0.0
pancreas_baron,gamma,106,rank_2,rank,43,1,0.9221556886227545,0.8953488372093024,,0.0,1.0,0.0
pancreas_baron,gamma,106,rank_3,rank,43,1,0.9221556886227545,0.8953488372093024,,0.0,1.0,0.0
pancreas_baron,gamma,106,adaptive_rank,rank,43,1,0.9221556886227545,0.8953488372093024,,0.0,1.0,0.0
pancreas_baron,gamma,5,baseline,component,44,1,0.676923076923077,0.5116279069767442,,0.0,0.0,0.0
pancreas_baron,gamma,5,minus_separability_gate,component,44,1,0.8315789473684211,0.9186046511627907,0.5833333333333334,0.015262515262515262,0.0,1.0
pancreas_baron,gamma,5,minus_necessity_gate,component,44,1,0.676923076923077,0.5116279069767442,,0.0,1.0,0.0
pancreas_baron,gamma,5,fixed_rank_1,component,44,1,0.676923076923077,0.5116279069767442,,0.0,1.0,0.0
pancreas_baron,gamma,5,minus_conformal_tau,component,44,1,0.676923076923077,0.5116279069767442,,0.0,1.0,0.0
pancreas_baron,gamma,5,full_method,component,44,1,0.676923076923077,0.5116279069767442,,0.0,1.0,0.0
pancreas_baron,gamma,5,rank_1,rank,44,1,0.676923076923077,0.5116279069767442,,0.0,1.0,0.0
pancreas_baron,gamma,5,rank_2,rank,44,1,0.676923076923077,0.5116279069767442,,0.0,1.0,0.0
pancreas_baron,gamma,5,rank_3,rank,44,1,0.676923076923077,0.5116279069767442,,0.0,1.0,0.0
pancreas_baron,gamma,5,adaptive_rank,rank,44,1,0.676923076923077,0.5116279069767442,,0.0,1.0,0.0
pancreas_baron,gamma,10,baseline,component,44,1,0.8875,0.8255813953488372,,0.0,0.0,0.0
pancreas_baron,gamma,10,minus_separability_gate,component,44,1,0.8764044943820225,0.9069767441860465,0.3888888888888889,0.006715506715506716,0.0,0.0
pancreas_baron,gamma,10,minus_necessity_gate,component,44,1,0.8875,0.8255813953488372,,0.0,1.0,0.0
pancreas_baron,gamma,10,fixed_rank_1,component,44,1,0.8875,0.8255813953488372,,0.0,1.0,0.0
pancreas_baron,gamma,10,minus_conformal_tau,component,44,1,0.8875,0.8255813953488372,,0.0,1.0,0.0
pancreas_baron,gamma,10,full_method,component,44,1,0.8875,0.8255813953488372,,0.0,1.0,0.0
pancreas_baron,gamma,10,rank_1,rank,44,1,0.8875,0.8255813953488372,,0.0,1.0,0.0
pancreas_baron,gamma,10,rank_2,rank,44,1,0.8875,0.8255813953488372,,0.0,1.0,0.0
pancreas_baron,gamma,10,rank_3,rank,44,1,0.8875,0.8255813953488372,,0.0,1.0,0.0
pancreas_baron,gamma,10,adaptive_rank,rank,44,1,0.8875,0.8255813953488372,,0.0,1.0,0.0
pancreas_baron,gamma,106,baseline,component,44,1,0.896969696969697,0.8604651162790697,,0.0,0.0,0.0
pancreas_baron,gamma,106,minus_separability_gate,component,44,1,0.896969696969697,0.8604651162790697,,0.0,1.0,0.0
pancreas_baron,gamma,106,minus_necessity_gate,component,44,1,0.896969696969697,0.8604651162790697,,0.0,1.0,0.0
pancreas_baron,gamma,106,fixed_rank_1,component,44,1,0.896969696969697,0.8604651162790697,,0.0,1.0,0.0
pancreas_baron,gamma,106,minus_conformal_tau,component,44,1,0.896969696969697,0.8604651162790697,,0.0,1.0,0.0
pancreas_baron,gamma,106,full_method,component,44,1,0.896969696969697,0.8604651162790697,,0.0,1.0,0.0
pancreas_baron,gamma,106,rank_1,rank,44,1,0.896969696969697,0.8604651162790697,,0.0,1.0,0.0
pancreas_baron,gamma,106,rank_2,rank,44,1,0.896969696969697,0.8604651162790697,,0.0,1.0,0.0
pancreas_baron,gamma,106,rank_3,rank,44,1,0.896969696969697,0.8604651162790697,,0.0,1.0,0.0
pancreas_baron,gamma,106,adaptive_rank,rank,44,1,0.896969696969697,0.8604651162790697,,0.0,1.0,0.0
pancreas_integrated,endothelial,5,baseline,component,42,1,1.0,1.0,,0.0,0.0,0.0
pancreas_integrated,endothelial,5,minus_separability_gate,component,42,1,1.0,1.0,,0.0,1.0,0.0
pancreas_integrated,endothelial,5,minus_necessity_gate,component,42,1,0.9387755102040817,1.0,0.0,0.001763668430335097,0.0,0.0
pancreas_integrated,endothelial,5,fixed_rank_1,component,42,1,1.0,1.0,,0.0,1.0,0.0
pancreas_integrated,endothelial,5,minus_conformal_tau,component,42,1,1.0,1.0,,0.0,1.0,0.0
pancreas_integrated,endothelial,5,full_method,component,42,1,1.0,1.0,,0.0,1.0,0.0
pancreas_integrated,endothelial,5,rank_1,rank,42,1,1.0,1.0,,0.0,1.0,0.0
pancreas_integrated,endothelial,5,rank_2,rank,42,1,1.0,1.0,,0.0,1.0,0.0
pancreas_integrated,endothelial,5,rank_3,rank,42,1,1.0,1.0,,0.0,1.0,0.0
pancreas_integrated,endothelial,5,adaptive_rank,rank,42,1,1.0,1.0,,0.0,1.0,0.0
pancreas_integrated,endothelial,12,baseline,component,42,1,1.0,1.0,,0.0,0.0,0.0
pancreas_integrated,endothelial,12,minus_separability_gate,component,42,1,1.0,1.0,,0.0,1.0,0.0
pancreas_integrated,endothelial,12,minus_necessity_gate,component,42,1,0.9787234042553191,1.0,0.0,0.0005878894767783657,0.0,0.0
pancreas_integrated,endothelial,12,fixed_rank_1,component,42,1,1.0,1.0,,0.0,1.0,0.0
pancreas_integrated,endothelial,12,minus_conformal_tau,component,42,1,1.0,1.0,,0.0,1.0,0.0
pancreas_integrated,endothelial,12,full_method,component,42,1,1.0,1.0,,0.0,1.0,0.0
pancreas_integrated,endothelial,12,rank_1,rank,42,1,1.0,1.0,,0.0,1.0,0.0
pancreas_integrated,endothelial,12,rank_2,rank,42,1,1.0,1.0,,0.0,1.0,0.0
pancreas_integrated,endothelial,12,rank_3,rank,42,1,1.0,1.0,,0.0,1.0,0.0
pancreas_integrated,endothelial,12,adaptive_rank,rank,42,1,1.0,1.0,,0.0,1.0,0.0
pancreas_integrated,endothelial,24,baseline,component,42,1,0.9787234042553191,1.0,,0.0,0.0,0.0
pancreas_integrated,endothelial,24,minus_separability_gate,component,42,1,0.9787234042553191,1.0,,0.0,1.0,0.0
pancreas_integrated,endothelial,24,minus_necessity_gate,component,42,1,0.9787234042553191,1.0,,0.0,0.0,0.0
pancreas_integrated,endothelial,24,fixed_rank_1,component,42,1,0.9787234042553191,1.0,,0.0,1.0,0.0
pancreas_integrated,endothelial,24,minus_conformal_tau,component,42,1,0.9787234042553191,1.0,,0.0,1.0,0.0
pancreas_integrated,endothelial,24,full_method,component,42,1,0.9787234042553191,1.0,,0.0,1.0,0.0
pancreas_integrated,endothelial,24,rank_1,rank,42,1,0.9787234042553191,1.0,,0.0,1.0,0.0
pancreas_integrated,endothelial,24,rank_2,rank,42,1,0.9787234042553191,1.0,,0.0,1.0,0.0
pancreas_integrated,endothelial,24,rank_3,rank,42,1,0.9787234042553191,1.0,,0.0,1.0,0.0
pancreas_integrated,endothelial,24,adaptive_rank,rank,42,1,0.9787234042553191,1.0,,0.0,1.0,0.0
pancreas_integrated,endothelial,243,baseline,component,42,1,0.9583333333333334,1.0,,0.0,0.0,0.0
pancreas_integrated,endothelial,243,minus_separability_gate,component,42,1,0.9583333333333334,1.0,,0.0,1.0,0.0
pancreas_integrated,endothelial,243,minus_necessity_gate,component,42,1,0.9583333333333334,1.0,,0.0,0.0,0.0
pancreas_integrated,endothelial,243,fixed_rank_1,component,42,1,0.9583333333333334,1.0,,0.0,1.0,0.0
pancreas_integrated,endothelial,243,minus_conformal_tau,component,42,1,0.9583333333333334,1.0,,0.0,1.0,0.0
pancreas_integrated,endothelial,243,full_method,component,42,1,0.9583333333333334,1.0,,0.0,1.0,0.0
pancreas_integrated,endothelial,243,rank_1,rank,42,1,0.9583333333333334,1.0,,0.0,1.0,0.0
pancreas_integrated,endothelial,243,rank_2,rank,42,1,0.9583333333333334,1.0,,0.0,1.0,0.0
pancreas_integrated,endothelial,243,rank_3,rank,42,1,0.9583333333333334,1.0,,0.0,1.0,0.0
pancreas_integrated,endothelial,243,adaptive_rank,rank,42,1,0.9583333333333334,1.0,,0.0,1.0,0.0
pancreas_integrated,endothelial,5,baseline,component,43,1,1.0,1.0,,0.0,0.0,0.0
pancreas_integrated,endothelial,5,minus_separability_gate,component,43,1,1.0,1.0,,0.0,1.0,0.0
pancreas_integrated,endothelial,5,minus_necessity_gate,component,43,1,1.0,1.0,,0.0,0.0,0.0
pancreas_integrated,endothelial,5,fixed_rank_1,component,43,1,1.0,1.0,,0.0,1.0,0.0
pancreas_integrated,endothelial,5,minus_conformal_tau,component,43,1,1.0,1.0,,0.0,1.0,0.0
pancreas_integrated,endothelial,5,full_method,component,43,1,1.0,1.0,,0.0,1.0,0.0
pancreas_integrated,endothelial,5,rank_1,rank,43,1,1.0,1.0,,0.0,1.0,0.0
pancreas_integrated,endothelial,5,rank_2,rank,43,1,1.0,1.0,,0.0,1.0,0.0
pancreas_integrated,endothelial,5,rank_3,rank,43,1,1.0,1.0,,0.0,1.0,0.0
pancreas_integrated,endothelial,5,adaptive_rank,rank,43,1,1.0,1.0,,0.0,1.0,0.0
pancreas_integrated,endothelial,12,baseline,component,43,1,1.0,1.0,,0.0,0.0,0.0
pancreas_integrated,endothelial,12,minus_separability_gate,component,43,1,1.0,1.0,,0.0,1.0,0.0
pancreas_integrated,endothelial,12,minus_necessity_gate,component,43,1,0.9787234042553191,1.0,0.0,0.0005878894767783657,0.0,0.0
pancreas_integrated,endothelial,12,fixed_rank_1,component,43,1,1.0,1.0,,0.0,1.0,0.0
pancreas_integrated,endothelial,12,minus_conformal_tau,component,43,1,1.0,1.0,,0.0,1.0,0.0
pancreas_integrated,endothelial,12,full_method,component,43,1,1.0,1.0,,0.0,1.0,0.0
pancreas_integrated,endothelial,12,rank_1,rank,43,1,1.0,1.0,,0.0,1.0,0.0
pancreas_integrated,endothelial,12,rank_2,rank,43,1,1.0,1.0,,0.0,1.0,0.0
pancreas_integrated,endothelial,12,rank_3,rank,43,1,1.0,1.0,,0.0,1.0,0.0
pancreas_integrated,endothelial,12,adaptive_rank,rank,43,1,1.0,1.0,,0.0,1.0,0.0
pancreas_integrated,endothelial,24,baseline,component,43,1,1.0,1.0,,0.0,0.0,0.0
pancreas_integrated,endothelial,24,minus_separability_gate,component,43,1,1.0,1.0,,0.0,1.0,0.0
pancreas_integrated,endothelial,24,minus_necessity_gate,component,43,1,0.9583333333333334,1.0,0.0,0.0011757789535567313,0.0,0.0
pancreas_integrated,endothelial,24,fixed_rank_1,component,43,1,1.0,1.0,,0.0,1.0,0.0
pancreas_integrated,endothelial,24,minus_conformal_tau,component,43,1,1.0,1.0,,0.0,1.0,0.0
pancreas_integrated,endothelial,24,full_method,component,43,1,1.0,1.0,,0.0,1.0,0.0
pancreas_integrated,endothelial,24,rank_1,rank,43,1,1.0,1.0,,0.0,1.0,0.0
pancreas_integrated,endothelial,24,rank_2,rank,43,1,1.0,1.0,,0.0,1.0,0.0
pancreas_integrated,endothelial,24,rank_3,rank,43,1,1.0,1.0,,0.0,1.0,0.0
pancreas_integrated,endothelial,24,adaptive_rank,rank,43,1,1.0,1.0,,0.0,1.0,0.0
pancreas_integrated,endothelial,243,baseline,component,43,1,0.9583333333333334,1.0,,0.0,0.0,0.0
pancreas_integrated,endothelial,243,minus_separability_gate,component,43,1,0.9583333333333334,1.0,,0.0,1.0,0.0
pancreas_integrated,endothelial,243,minus_necessity_gate,component,43,1,0.9583333333333334,1.0,,0.0,0.0,0.0
pancreas_integrated,endothelial,243,fixed_rank_1,component,43,1,0.9583333333333334,1.0,,0.0,1.0,0.0
pancreas_integrated,endothelial,243,minus_conformal_tau,component,43,1,0.9583333333333334,1.0,,0.0,1.0,0.0
pancreas_integrated,endothelial,243,full_method,component,43,1,0.9583333333333334,1.0,,0.0,1.0,0.0
pancreas_integrated,endothelial,243,rank_1,rank,43,1,0.9583333333333334,1.0,,0.0,1.0,0.0
pancreas_integrated,endothelial,243,rank_2,rank,43,1,0.9583333333333334,1.0,,0.0,1.0,0.0
pancreas_integrated,endothelial,243,rank_3,rank,43,1,0.9583333333333334,1.0,,0.0,1.0,0.0
pancreas_integrated,endothelial,243,adaptive_rank,rank,43,1,0.9583333333333334,1.0,,0.0,1.0,0.0
pancreas_integrated,endothelial,5,baseline,component,44,1,0.0,0.0,,0.0,0.0,0.0
pancreas_integrated,endothelial,5,minus_separability_gate,component,44,1,1.0,1.0,1.0,0.0,0.0,0.0
pancreas_integrated,endothelial,5,minus_necessity_gate,component,44,1,1.0,1.0,1.0,0.0,0.0,0.0
pancreas_integrated,endothelial,5,fixed_rank_1,component,44,1,1.0,1.0,1.0,0.0,0.0,0.0
pancreas_integrated,endothelial,5,minus_conformal_tau,component,44,1,1.0,1.0,1.0,0.0,0.0,0.0
pancreas_integrated,endothelial,5,full_method,component,44,1,1.0,1.0,1.0,0.0,0.0,0.0
pancreas_integrated,endothelial,5,rank_1,rank,44,1,1.0,1.0,1.0,0.0,0.0,0.0
pancreas_integrated,endothelial,5,rank_2,rank,44,1,0.92,1.0,0.8518518518518519,0.0023515579071134627,0.0,0.0
pancreas_integrated,endothelial,5,rank_3,rank,44,1,0.7796610169491526,1.0,0.6388888888888888,0.007642563198118754,0.0,0.0
pancreas_integrated,endothelial,5,adaptive_rank,rank,44,1,1.0,1.0,1.0,0.0,0.0,0.0
pancreas_integrated,endothelial,12,baseline,component,44,1,1.0,1.0,,0.0,0.0,0.0
pancreas_integrated,endothelial,12,minus_separability_gate,component,44,1,1.0,1.0,,0.0,1.0,0.0
pancreas_integrated,endothelial,12,minus_necessity_gate,component,44,1,1.0,1.0,,0.0,0.0,0.0
pancreas_integrated,endothelial,12,fixed_rank_1,component,44,1,1.0,1.0,,0.0,1.0,0.0
pancreas_integrated,endothelial,12,minus_conformal_tau,component,44,1,1.0,1.0,,0.0,1.0,0.0
pancreas_integrated,endothelial,12,full_method,component,44,1,1.0,1.0,,0.0,1.0,0.0
pancreas_integrated,endothelial,12,rank_1,rank,44,1,1.0,1.0,,0.0,1.0,0.0
pancreas_integrated,endothelial,12,rank_2,rank,44,1,1.0,1.0,,0.0,1.0,0.0
pancreas_integrated,endothelial,12,rank_3,rank,44,1,1.0,1.0,,0.0,1.0,0.0
pancreas_integrated,endothelial,12,adaptive_rank,rank,44,1,1.0,1.0,,0.0,1.0,0.0
pancreas_integrated,endothelial,24,baseline,component,44,1,1.0,1.0,,0.0,0.0,0.0
pancreas_integrated,endothelial,24,minus_separability_gate,component,44,1,1.0,1.0,,0.0,1.0,0.0
pancreas_integrated,endothelial,24,minus_necessity_gate,component,44,1,1.0,1.0,,0.0,0.0,0.0
pancreas_integrated,endothelial,24,fixed_rank_1,component,44,1,1.0,1.0,,0.0,1.0,0.0
pancreas_integrated,endothelial,24,minus_conformal_tau,component,44,1,1.0,1.0,,0.0,1.0,0.0
pancreas_integrated,endothelial,24,full_method,component,44,1,1.0,1.0,,0.0,1.0,0.0
pancreas_integrated,endothelial,24,rank_1,rank,44,1,1.0,1.0,,0.0,1.0,0.0
pancreas_integrated,endothelial,24,rank_2,rank,44,1,1.0,1.0,,0.0,1.0,0.0
pancreas_integrated,endothelial,24,rank_3,rank,44,1,1.0,1.0,,0.0,1.0,0.0
pancreas_integrated,endothelial,24,adaptive_rank,rank,44,1,1.0,1.0,,0.0,1.0,0.0
pancreas_integrated,endothelial,243,baseline,component,44,1,0.9787234042553191,1.0,,0.0,0.0,0.0
pancreas_integrated,endothelial,243,minus_separability_gate,component,44,1,0.9787234042553191,1.0,,0.0,1.0,0.0
pancreas_integrated,endothelial,243,minus_necessity_gate,component,44,1,0.9787234042553191,1.0,,0.0,0.0,0.0
pancreas_integrated,endothelial,243,fixed_rank_1,component,44,1,0.9787234042553191,1.0,,0.0,1.0,0.0
pancreas_integrated,endothelial,243,minus_conformal_tau,component,44,1,0.9787234042553191,1.0,,0.0,1.0,0.0
pancreas_integrated,endothelial,243,full_method,component,44,1,0.9787234042553191,1.0,,0.0,1.0,0.0
pancreas_integrated,endothelial,243,rank_1,rank,44,1,0.9787234042553191,1.0,,0.0,1.0,0.0
pancreas_integrated,endothelial,243,rank_2,rank,44,1,0.9787234042553191,1.0,,0.0,1.0,0.0
pancreas_integrated,endothelial,243,rank_3,rank,44,1,0.9787234042553191,1.0,,0.0,1.0,0.0
pancreas_integrated,endothelial,243,adaptive_rank,rank,44,1,0.9787234042553191,1.0,,0.0,1.0,0.0
tabula_lung_endo,endothelial cell of lymphatic vessel,5,baseline,component,42,1,0.0,0.0,,0.0,0.0,0.0
tabula_lung_endo,endothelial cell of lymphatic vessel,5,minus_separability_gate,component,42,1,0.9848484848484849,1.0,0.9701492537313433,0.0011655011655011655,0.0,0.0
tabula_lung_endo,endothelial cell of lymphatic vessel,5,minus_necessity_gate,component,42,1,0.9848484848484849,1.0,0.9701492537313433,0.0011655011655011655,0.0,0.0
tabula_lung_endo,endothelial cell of lymphatic vessel,5,fixed_rank_1,component,42,1,0.9848484848484849,1.0,0.9701492537313433,0.0011655011655011655,0.0,0.0
tabula_lung_endo,endothelial cell of lymphatic vessel,5,minus_conformal_tau,component,42,1,0.9848484848484849,1.0,0.9701492537313433,0.0011655011655011655,0.0,0.0
tabula_lung_endo,endothelial cell of lymphatic vessel,5,full_method,component,42,1,0.9848484848484849,1.0,0.9701492537313433,0.0011655011655011655,0.0,0.0
tabula_lung_endo,endothelial cell of lymphatic vessel,5,rank_1,rank,42,1,0.9848484848484849,1.0,0.9701492537313433,0.0011655011655011655,0.0,0.0
tabula_lung_endo,endothelial cell of lymphatic vessel,5,rank_2,rank,42,1,0.9285714285714286,1.0,0.8666666666666667,0.005827505827505828,0.0,0.0
tabula_lung_endo,endothelial cell of lymphatic vessel,5,rank_3,rank,42,1,0.8783783783783784,1.0,0.7831325301204819,0.01048951048951049,0.0,1.0
tabula_lung_endo,endothelial cell of lymphatic vessel,5,adaptive_rank,rank,42,1,0.9848484848484849,1.0,0.9701492537313433,0.0011655011655011655,0.0,0.0
tabula_lung_endo,endothelial cell of lymphatic vessel,10,baseline,component,42,1,0.6666666666666666,0.5076923076923077,,0.0,0.0,0.0
tabula_lung_endo,endothelial cell of lymphatic vessel,10,minus_separability_gate,component,42,1,0.9629629629629629,1.0,0.8888888888888888,0.002331002331002331,0.0,0.0
tabula_lung_endo,endothelial cell of lymphatic vessel,10,minus_necessity_gate,component,42,1,0.9629629629629629,1.0,0.8888888888888888,0.002331002331002331,0.0,0.0
tabula_lung_endo,endothelial cell of lymphatic vessel,10,fixed_rank_1,component,42,1,0.9629629629629629,1.0,0.8888888888888888,0.002331002331002331,0.0,0.0
tabula_lung_endo,endothelial cell of lymphatic vessel,10,minus_conformal_tau,component,42,1,0.9629629629629629,1.0,0.8888888888888888,0.002331002331002331,0.0,0.0
tabula_lung_endo,endothelial cell of lymphatic vessel,10,full_method,component,42,1,0.9629629629629629,1.0,0.8888888888888888,0.002331002331002331,0.0,0.0
tabula_lung_endo,endothelial cell of lymphatic vessel,10,rank_1,rank,42,1,0.9629629629629629,1.0,0.8888888888888888,0.002331002331002331,0.0,0.0
tabula_lung_endo,endothelial cell of lymphatic vessel,10,rank_2,rank,42,1,0.9027777777777778,1.0,0.7111111111111111,0.007575757575757576,0.0,0.0
tabula_lung_endo,endothelial cell of lymphatic vessel,10,rank_3,rank,42,1,0.8387096774193549,1.0,0.5714285714285714,0.013986013986013986,0.0,1.0
tabula_lung_endo,endothelial cell of lymphatic vessel,10,adaptive_rank,rank,42,1,0.9629629629629629,1.0,0.8888888888888888,0.002331002331002331,0.0,0.0
tabula_lung_endo,endothelial cell of lymphatic vessel,20,baseline,component,42,1,0.9770992366412213,0.9846153846153847,,0.0,0.0,0.0
tabula_lung_endo,endothelial cell of lymphatic vessel,20,minus_separability_gate,component,42,1,0.9770992366412213,0.9846153846153847,,0.0,1.0,0.0
tabula_lung_endo,endothelial cell of lymphatic vessel,20,minus_necessity_gate,component,42,1,0.9774436090225563,1.0,0.5,0.0005827505827505828,0.0,0.0
tabula_lung_endo,endothelial cell of lymphatic vessel,20,fixed_rank_1,component,42,1,0.9770992366412213,0.9846153846153847,,0.0,1.0,0.0
tabula_lung_endo,endothelial cell of lymphatic vessel,20,minus_conformal_tau,component,42,1,0.9770992366412213,0.9846153846153847,,0.0,1.0,0.0
tabula_lung_endo,endothelial cell of lymphatic vessel,20,full_method,component,42,1,0.9770992366412213,0.9846153846153847,,0.0,1.0,0.0
tabula_lung_endo,endothelial cell of lymphatic vessel,20,rank_1,rank,42,1,0.9770992366412213,0.9846153846153847,,0.0,1.0,0.0
tabula_lung_endo,endothelial cell of lymphatic vessel,20,rank_2,rank,42,1,0.9770992366412213,0.9846153846153847,,0.0,1.0,0.0
tabula_lung_endo,endothelial cell of lymphatic vessel,20,rank_3,rank,42,1,0.9770992366412213,0.9846153846153847,,0.0,1.0,0.0
tabula_lung_endo,endothelial cell of lymphatic vessel,20,adaptive_rank,rank,42,1,0.9770992366412213,0.9846153846153847,,0.0,1.0,0.0
tabula_lung_endo,endothelial cell of lymphatic vessel,208,baseline,component,42,1,0.9774436090225563,1.0,,0.0,0.0,0.0
tabula_lung_endo,endothelial cell of lymphatic vessel,208,minus_separability_gate,component,42,1,0.9774436090225563,1.0,,0.0,1.0,0.0
tabula_lung_endo,endothelial cell of lymphatic vessel,208,minus_necessity_gate,component,42,1,0.9629629629629629,1.0,0.0,0.0011655011655011655,0.0,0.0
tabula_lung_endo,endothelial cell of lymphatic vessel,208,fixed_rank_1,component,42,1,0.9774436090225563,1.0,,0.0,1.0,0.0
tabula_lung_endo,endothelial cell of lymphatic vessel,208,minus_conformal_tau,component,42,1,0.9774436090225563,1.0,,0.0,1.0,0.0
tabula_lung_endo,endothelial cell of lymphatic vessel,208,full_method,component,42,1,0.9774436090225563,1.0,,0.0,1.0,0.0
tabula_lung_endo,endothelial cell of lymphatic vessel,208,rank_1,rank,42,1,0.9774436090225563,1.0,,0.0,1.0,0.0
tabula_lung_endo,endothelial cell of lymphatic vessel,208,rank_2,rank,42,1,0.9774436090225563,1.0,,0.0,1.0,0.0
tabula_lung_endo,endothelial cell of lymphatic vessel,208,rank_3,rank,42,1,0.9774436090225563,1.0,,0.0,1.0,0.0
tabula_lung_endo,endothelial cell of lymphatic vessel,208,adaptive_rank,rank,42,1,0.9774436090225563,1.0,,0.0,1.0,0.0
tabula_lung_endo,endothelial cell of lymphatic vessel,5,baseline,component,43,1,0.19444444444444445,0.1076923076923077,,0.0,0.0,0.0
tabula_lung_endo,endothelial cell of lymphatic vessel,5,minus_separability_gate,component,43,1,0.984375,0.9692307692307692,1.0,0.0,0.0,0.0
tabula_lung_endo,endothelial cell of lymphatic vessel,5,minus_necessity_gate,component,43,1,0.984375,0.9692307692307692,1.0,0.0,0.0,0.0
tabula_lung_endo,endothelial cell of lymphatic vessel,5,fixed_rank_1,component,43,1,0.984375,0.9692307692307692,1.0,0.0,0.0,0.0
tabula_lung_endo,endothelial cell of lymphatic vessel,5,minus_conformal_tau,component,43,1,0.9767441860465116,0.9692307692307692,0.9824561403508771,0.0005827505827505828,0.0,0.0
tabula_lung_endo,endothelial cell of lymphatic vessel,5,full_method,component,43,1,0.984375,0.9692307692307692,1.0,0.0,0.0,0.0
tabula_lung_endo,endothelial cell of lymphatic vessel,5,rank_1,rank,43,1,0.984375,0.9692307692307692,1.0,0.0,0.0,0.0
tabula_lung_endo,endothelial cell of lymphatic vessel,5,rank_2,rank,43,1,0.9848484848484849,1.0,0.9666666666666667,0.0011655011655011655,0.0,0.0
tabula_lung_endo,endothelial cell of lymphatic vessel,5,rank_3,rank,43,1,0.9701492537313433,1.0,0.9354838709677419,0.002331002331002331,0.0,0.0
tabula_lung_endo,endothelial cell of lymphatic vessel,5,adaptive_rank,rank,43,1,0.984375,0.9692307692307692,1.0,0.0,0.0,0.0
tabula_lung_endo,endothelial cell of lymphatic vessel,10,baseline,component,43,1,0.96,0.9230769230769231,,0.0,0.0,0.0
tabula_lung_endo,endothelial cell of lymphatic vessel,10,minus_separability_gate,component,43,1,0.9774436090225563,1.0,0.625,0.0017482517482517483,0.0,0.0
tabula_lung_endo,endothelial cell of lymphatic vessel,10,minus_necessity_gate,component,43,1,0.9774436090225563,1.0,0.625,0.0017482517482517483,0.0,0.0
tabula_lung_endo,endothelial cell of lymphatic vessel,10,fixed_rank_1,component,43,1,0.9774436090225563,1.0,0.625,0.0017482517482517483,0.0,0.0
tabula_lung_endo,endothelial cell of lymphatic vessel,10,minus_conformal_tau,component,43,1,0.9774436090225563,1.0,0.625,0.0017482517482517483,0.0,0.0
tabula_lung_endo,endothelial cell of lymphatic vessel,10,full_method,component,43,1,0.9774436090225563,1.0,0.625,0.0017482517482517483,0.0,0.0
tabula_lung_endo,endothelial cell of lymphatic vessel,10,rank_1,rank,43,1,0.9774436090225563,1.0,0.625,0.0017482517482517483,0.0,0.0
tabula_lung_endo,endothelial cell of lymphatic vessel,10,rank_2,rank,43,1,0.9420289855072463,1.0,0.38461538461538464,0.004662004662004662,0.0,0.0
tabula_lung_endo,endothelial cell of lymphatic vessel,10,rank_3,rank,43,1,0.9219858156028369,1.0,0.3125,0.00641025641025641,0.0,0.0
tabula_lung_endo,endothelial cell of lymphatic vessel,10,adaptive_rank,rank,43,1,0.9774436090225563,1.0,0.625,0.0017482517482517483,0.0,0.0
tabula_lung_endo,endothelial cell of lymphatic vessel,20,baseline,component,43,1,0.9618320610687023,0.9692307692307692,,0.0,0.0,0.0
tabula_lung_endo,endothelial cell of lymphatic vessel,20,minus_separability_gate,component,43,1,0.9618320610687023,0.9692307692307692,,0.0,1.0,0.0
tabula_lung_endo,endothelial cell of lymphatic vessel,20,minus_necessity_gate,component,43,1,0.9774436090225563,1.0,1.0,0.0,0.0,0.0
tabula_lung_endo,endothelial cell of lymphatic vessel,20,fixed_rank_1,component,43,1,0.9618320610687023,0.9692307692307692,,0.0,1.0,0.0
tabula_lung_endo,endothelial cell of lymphatic vessel,20,minus_conformal_tau,component,43,1,0.9618320610687023,0.9692307692307692,,0.0,1.0,0.0
tabula_lung_endo,endothelial cell of lymphatic vessel,20,full_method,component,43,1,0.9618320610687023,0.9692307692307692,,0.0,1.0,0.0
tabula_lung_endo,endothelial cell of lymphatic vessel,20,rank_1,rank,43,1,0.9618320610687023,0.9692307692307692,,0.0,1.0,0.0
tabula_lung_endo,endothelial cell of lymphatic vessel,20,rank_2,rank,43,1,0.9618320610687023,0.9692307692307692,,0.0,1.0,0.0
tabula_lung_endo,endothelial cell of lymphatic vessel,20,rank_3,rank,43,1,0.9618320610687023,0.9692307692307692,,0.0,1.0,0.0
tabula_lung_endo,endothelial cell of lymphatic vessel,20,adaptive_rank,rank,43,1,0.9618320610687023,0.9692307692307692,,0.0,1.0,0.0
tabula_lung_endo,endothelial cell of lymphatic vessel,208,baseline,component,43,1,0.9848484848484849,1.0,,0.0,0.0,0.0
tabula_lung_endo,endothelial cell of lymphatic vessel,208,minus_separability_gate,component,43,1,0.9848484848484849,1.0,,0.0,1.0,0.0
tabula_lung_endo,endothelial cell of lymphatic vessel,208,minus_necessity_gate,component,43,1,0.9774436090225563,1.0,0.0,0.0005827505827505828,0.0,0.0
tabula_lung_endo,endothelial cell of lymphatic vessel,208,fixed_rank_1,component,43,1,0.9848484848484849,1.0,,0.0,1.0,0.0
tabula_lung_endo,endothelial cell of lymphatic vessel,208,minus_conformal_tau,component,43,1,0.9848484848484849,1.0,,0.0,1.0,0.0
tabula_lung_endo,endothelial cell of lymphatic vessel,208,full_method,component,43,1,0.9848484848484849,1.0,,0.0,1.0,0.0
tabula_lung_endo,endothelial cell of lymphatic vessel,208,rank_1,rank,43,1,0.9848484848484849,1.0,,0.0,1.0,0.0
tabula_lung_endo,endothelial cell of lymphatic vessel,208,rank_2,rank,43,1,0.9848484848484849,1.0,,0.0,1.0,0.0
tabula_lung_endo,endothelial cell of lymphatic vessel,208,rank_3,rank,43,1,0.9848484848484849,1.0,,0.0,1.0,0.0
tabula_lung_endo,endothelial cell of lymphatic vessel,208,adaptive_rank,rank,43,1,0.9848484848484849,1.0,,0.0,1.0,0.0
tabula_lung_endo,endothelial cell of lymphatic vessel,5,baseline,component,44,1,0.7619047619047619,0.6153846153846154,,0.0,0.0,0.0
tabula_lung_endo,endothelial cell of lymphatic vessel,5,minus_separability_gate,component,44,1,0.9767441860465116,0.9692307692307692,0.9583333333333334,0.0005827505827505828,0.0,0.0
tabula_lung_endo,endothelial cell of lymphatic vessel,5,minus_necessity_gate,component,44,1,0.9767441860465116,0.9692307692307692,0.9583333333333334,0.0005827505827505828,0.0,0.0
tabula_lung_endo,endothelial cell of lymphatic vessel,5,fixed_rank_1,component,44,1,0.9767441860465116,0.9692307692307692,0.9583333333333334,0.0005827505827505828,0.0,0.0
tabula_lung_endo,endothelial cell of lymphatic vessel,5,minus_conformal_tau,component,44,1,0.9767441860465116,0.9692307692307692,0.9583333333333334,0.0005827505827505828,0.0,0.0
tabula_lung_endo,endothelial cell of lymphatic vessel,5,full_method,component,44,1,0.9767441860465116,0.9692307692307692,0.9583333333333334,0.0005827505827505828,0.0,0.0
tabula_lung_endo,endothelial cell of lymphatic vessel,5,rank_1,rank,44,1,0.9767441860465116,0.9692307692307692,0.9583333333333334,0.0005827505827505828,0.0,0.0
tabula_lung_endo,endothelial cell of lymphatic vessel,5,rank_2,rank,44,1,0.9333333333333333,0.9692307692307692,0.7666666666666667,0.004079254079254079,0.0,0.0
tabula_lung_endo,endothelial cell of lymphatic vessel,5,rank_3,rank,44,1,0.8609271523178808,1.0,0.5434782608695652,0.012237762237762238,0.0,1.0
tabula_lung_endo,endothelial cell of lymphatic vessel,5,adaptive_rank,rank,44,1,0.9767441860465116,0.9692307692307692,0.9583333333333334,0.0005827505827505828,0.0,0.0
tabula_lung_endo,endothelial cell of lymphatic vessel,10,baseline,component,44,1,0.944,0.9076923076923077,,0.0,0.0,0.0
tabula_lung_endo,endothelial cell of lymphatic vessel,10,minus_separability_gate,component,44,1,0.9923664122137404,1.0,1.0,0.0,0.0,0.0
tabula_lung_endo,endothelial cell of lymphatic vessel,10,minus_necessity_gate,component,44,1,0.9923664122137404,1.0,1.0,0.0,0.0,0.0
tabula_lung_endo,endothelial cell of lymphatic vessel,10,fixed_rank_1,component,44,1,0.9923664122137404,1.0,1.0,0.0,0.0,0.0
tabula_lung_endo,endothelial cell of lymphatic vessel,10,minus_conformal_tau,component,44,1,0.9923664122137404,1.0,1.0,0.0,0.0,0.0
tabula_lung_endo,endothelial cell of lymphatic vessel,10,full_method,component,44,1,0.9923664122137404,1.0,1.0,0.0,0.0,0.0
tabula_lung_endo,endothelial cell of lymphatic vessel,10,rank_1,rank,44,1,0.9923664122137404,1.0,1.0,0.0,0.0,0.0
tabula_lung_endo,endothelial cell of lymphatic vessel,10,rank_2,rank,44,1,0.9558823529411765,1.0,0.5454545454545454,0.002913752913752914,0.0,0.0
tabula_lung_endo,endothelial cell of lymphatic vessel,10,rank_3,rank,44,1,0.8125,1.0,0.17142857142857143,0.0168997668997669,0.0,1.0
tabula_lung_endo,endothelial cell of lymphatic vessel,10,adaptive_rank,rank,44,1,0.9923664122137404,1.0,1.0,0.0,0.0,0.0
tabula_lung_endo,endothelial cell of lymphatic vessel,20,baseline,component,44,1,0.9692307692307692,0.9692307692307692,,0.0,0.0,0.0
tabula_lung_endo,endothelial cell of lymphatic vessel,20,minus_separability_gate,component,44,1,0.9692307692307692,0.9692307692307692,,0.0,1.0,0.0
tabula_lung_endo,endothelial cell of lymphatic vessel,20,minus_necessity_gate,component,44,1,0.9848484848484849,1.0,1.0,0.0,0.0,0.0
tabula_lung_endo,endothelial cell of lymphatic vessel,20,fixed_rank_1,component,44,1,0.9692307692307692,0.9692307692307692,,0.0,1.0,0.0
tabula_lung_endo,endothelial cell of lymphatic vessel,20,minus_conformal_tau,component,44,1,0.9692307692307692,0.9692307692307692,,0.0,1.0,0.0
tabula_lung_endo,endothelial cell of lymphatic vessel,20,full_method,component,44,1,0.9692307692307692,0.9692307692307692,,0.0,1.0,0.0
tabula_lung_endo,endothelial cell of lymphatic vessel,20,rank_1,rank,44,1,0.9692307692307692,0.9692307692307692,,0.0,1.0,0.0
tabula_lung_endo,endothelial cell of lymphatic vessel,20,rank_2,rank,44,1,0.9692307692307692,0.9692307692307692,,0.0,1.0,0.0
tabula_lung_endo,endothelial cell of lymphatic vessel,20,rank_3,rank,44,1,0.9692307692307692,0.9692307692307692,,0.0,1.0,0.0
tabula_lung_endo,endothelial cell of lymphatic vessel,20,adaptive_rank,rank,44,1,0.9692307692307692,0.9692307692307692,,0.0,1.0,0.0
tabula_lung_endo,endothelial cell of lymphatic vessel,208,baseline,component,44,1,0.9692307692307692,0.9692307692307692,,0.0,0.0,0.0
tabula_lung_endo,endothelial cell of lymphatic vessel,208,minus_separability_gate,component,44,1,0.9692307692307692,0.9692307692307692,,0.0,1.0,0.0
tabula_lung_endo,endothelial cell of lymphatic vessel,208,minus_necessity_gate,component,44,1,0.9701492537313433,1.0,0.5,0.0011655011655011655,0.0,0.0
tabula_lung_endo,endothelial cell of lymphatic vessel,208,fixed_rank_1,component,44,1,0.9692307692307692,0.9692307692307692,,0.0,1.0,0.0
tabula_lung_endo,endothelial cell of lymphatic vessel,208,minus_conformal_tau,component,44,1,0.9692307692307692,0.9692307692307692,,0.0,1.0,0.0
tabula_lung_endo,endothelial cell of lymphatic vessel,208,full_method,component,44,1,0.9692307692307692,0.9692307692307692,,0.0,1.0,0.0
tabula_lung_endo,endothelial cell of lymphatic vessel,208,rank_1,rank,44,1,0.9692307692307692,0.9692307692307692,,0.0,1.0,0.0
tabula_lung_endo,endothelial cell of lymphatic vessel,208,rank_2,rank,44,1,0.9692307692307692,0.9692307692307692,,0.0,1.0,0.0
tabula_lung_endo,endothelial cell of lymphatic vessel,208,rank_3,rank,44,1,0.9692307692307692,0.9692307692307692,,0.0,1.0,0.0
tabula_lung_endo,endothelial cell of lymphatic vessel,208,adaptive_rank,rank,44,1,0.9692307692307692,0.9692307692307692,,0.0,1.0,0.0
tabula_sapiens_stomach,mast cell,5,baseline,component,42,1,0.5454545454545454,0.375,,0.0,0.0,0.0
tabula_sapiens_stomach,mast cell,5,minus_separability_gate,component,42,1,0.7450980392156863,0.59375,1.0,0.0,0.0,0.0
tabula_sapiens_stomach,mast cell,5,minus_necessity_gate,component,42,1,0.7450980392156863,0.59375,1.0,0.0,0.0,0.0
tabula_sapiens_stomach,mast cell,5,fixed_rank_1,component,42,1,0.6382978723404256,0.46875,1.0,0.0,0.0,0.0
tabula_sapiens_stomach,mast cell,5,minus_conformal_tau,component,42,1,0.7450980392156863,0.59375,1.0,0.0,0.0,0.0
tabula_sapiens_stomach,mast cell,5,full_method,component,42,1,0.7450980392156863,0.59375,1.0,0.0,0.0,0.0
tabula_sapiens_stomach,mast cell,5,rank_1,rank,42,1,0.6382978723404256,0.46875,1.0,0.0,0.0,0.0
tabula_sapiens_stomach,mast cell,5,rank_2,rank,42,1,0.7450980392156863,0.59375,1.0,0.0,0.0,0.0
tabula_sapiens_stomach,mast cell,5,rank_3,rank,42,1,0.7307692307692307,0.59375,0.875,0.00010478885046631039,0.0,0.0
tabula_sapiens_stomach,mast cell,5,adaptive_rank,rank,42,1,0.7450980392156863,0.59375,1.0,0.0,0.0,0.0
tabula_sapiens_stomach,mast cell,52,baseline,component,42,1,0.4,0.25,,0.0,0.0,0.0
tabula_sapiens_stomach,mast cell,52,minus_separability_gate,component,42,1,0.6938775510204082,0.53125,1.0,0.0,0.0,0.0
tabula_sapiens_stomach,mast cell,52,minus_necessity_gate,component,42,1,0.6938775510204082,0.53125,1.0,0.0,0.0,0.0
tabula_sapiens_stomach,mast cell,52,fixed_rank_1,component,42,1,0.6086956521739131,0.4375,1.0,0.0,0.0,0.0
tabula_sapiens_stomach,mast cell,52,minus_conformal_tau,component,42,1,0.6938775510204082,0.53125,1.0,0.0,0.0,0.0
tabula_sapiens_stomach,mast cell,52,full_method,component,42,1,0.6938775510204082,0.53125,1.0,0.0,0.0,0.0
tabula_sapiens_stomach,mast cell,52,rank_1,rank,42,1,0.6086956521739131,0.4375,1.0,0.0,0.0,0.0
tabula_sapiens_stomach,mast cell,52,rank_2,rank,42,1,0.6938775510204082,0.53125,1.0,0.0,0.0,0.0
tabula_sapiens_stomach,mast cell,52,rank_3,rank,42,1,0.7058823529411765,0.5625,0.9090909090909091,0.00010478885046631039,0.0,0.0
tabula_sapiens_stomach,mast cell,52,adaptive_rank,rank,42,1,0.6938775510204082,0.53125,1.0,0.0,0.0,0.0
tabula_sapiens_stomach,mast cell,5,baseline,component,43,1,0.6666666666666666,0.53125,,0.0,0.0,0.0
tabula_sapiens_stomach,mast cell,5,minus_separability_gate,component,43,1,0.6923076923076923,0.5625,1.0,0.0,0.0,0.0
tabula_sapiens_stomach,mast cell,5,minus_necessity_gate,component,43,1,0.6923076923076923,0.5625,1.0,0.0,0.0,0.0
tabula_sapiens_stomach,mast cell,5,fixed_rank_1,component,43,1,0.6666666666666666,0.53125,,0.0,0.0,0.0
tabula_sapiens_stomach,mast cell,5,minus_conformal_tau,component,43,1,0.6923076923076923,0.5625,1.0,0.0,0.0,0.0
tabula_sapiens_stomach,mast cell,5,full_method,component,43,1,0.6923076923076923,0.5625,1.0,0.0,0.0,0.0
tabula_sapiens_stomach,mast cell,5,rank_1,rank,43,1,0.6666666666666666,0.53125,,0.0,0.0,0.0
tabula_sapiens_stomach,mast cell,5,rank_2,rank,43,1,0.6666666666666666,0.53125,,0.0,0.0,0.0
tabula_sapiens_stomach,mast cell,5,rank_3,rank,43,1,0.6923076923076923,0.5625,1.0,0.0,0.0,0.0
tabula_sapiens_stomach,mast cell,5,adaptive_rank,rank,43,1,0.6923076923076923,0.5625,1.0,0.0,0.0,0.0
tabula_sapiens_stomach,mast cell,52,baseline,component,43,1,0.6666666666666666,0.5,,0.0,0.0,0.0
tabula_sapiens_stomach,mast cell,52,minus_separability_gate,component,43,1,0.72,0.5625,1.0,0.0,0.0,0.0
tabula_sapiens_stomach,mast cell,52,minus_necessity_gate,component,43,1,0.72,0.5625,1.0,0.0,0.0,0.0
tabula_sapiens_stomach,mast cell,52,fixed_rank_1,component,43,1,0.72,0.5625,1.0,0.0,0.0,0.0
tabula_sapiens_stomach,mast cell,52,minus_conformal_tau,component,43,1,0.72,0.5625,1.0,0.0,0.0,0.0
tabula_sapiens_stomach,mast cell,52,full_method,component,43,1,0.72,0.5625,1.0,0.0,0.0,0.0
tabula_sapiens_stomach,mast cell,52,rank_1,rank,43,1,0.72,0.5625,1.0,0.0,0.0,0.0
tabula_sapiens_stomach,mast cell,52,rank_2,rank,43,1,0.72,0.5625,1.0,0.0,0.0,0.0
tabula_sapiens_stomach,mast cell,52,rank_3,rank,43,1,0.7450980392156863,0.59375,1.0,0.0,0.0,0.0
tabula_sapiens_stomach,mast cell,52,adaptive_rank,rank,43,1,0.72,0.5625,1.0,0.0,0.0,0.0
tabula_sapiens_stomach,mast cell,5,baseline,component,44,1,0.6086956521739131,0.4375,,0.0,0.0,0.0
tabula_sapiens_stomach,mast cell,5,minus_separability_gate,component,44,1,0.72,0.5625,1.0,0.0,0.0,0.0
tabula_sapiens_stomach,mast cell,5,minus_necessity_gate,component,44,1,0.72,0.5625,1.0,0.0,0.0,0.0
tabula_sapiens_stomach,mast cell,5,fixed_rank_1,component,44,1,0.72,0.5625,1.0,0.0,0.0,0.0
tabula_sapiens_stomach,mast cell,5,minus_conformal_tau,component,44,1,0.72,0.5625,1.0,0.0,0.0,0.0
tabula_sapiens_stomach,mast cell,5,full_method,component,44,1,0.72,0.5625,1.0,0.0,0.0,0.0
tabula_sapiens_stomach,mast cell,5,rank_1,rank,44,1,0.72,0.5625,1.0,0.0,0.0,0.0
tabula_sapiens_stomach,mast cell,5,rank_2,rank,44,1,0.7692307692307693,0.625,1.0,0.0,0.0,0.0
tabula_sapiens_stomach,mast cell,5,rank_3,rank,44,1,0.7692307692307693,0.625,1.0,0.0,0.0,0.0
tabula_sapiens_stomach,mast cell,5,adaptive_rank,rank,44,1,0.72,0.5625,1.0,0.0,0.0,0.0
tabula_sapiens_stomach,mast cell,52,baseline,component,44,1,0.6086956521739131,0.4375,,0.0,0.0,0.0
tabula_sapiens_stomach,mast cell,52,minus_separability_gate,component,44,1,0.7450980392156863,0.59375,1.0,0.0,0.0,0.0
tabula_sapiens_stomach,mast cell,52,minus_necessity_gate,component,44,1,0.7450980392156863,0.59375,1.0,0.0,0.0,0.0
tabula_sapiens_stomach,mast cell,52,fixed_rank_1,component,44,1,0.7450980392156863,0.59375,1.0,0.0,0.0,0.0
tabula_sapiens_stomach,mast cell,52,minus_conformal_tau,component,44,1,0.7450980392156863,0.59375,1.0,0.0,0.0,0.0
tabula_sapiens_stomach,mast cell,52,full_method,component,44,1,0.7450980392156863,0.59375,1.0,0.0,0.0,0.0
tabula_sapiens_stomach,mast cell,52,rank_1,rank,44,1,0.7450980392156863,0.59375,1.0,0.0,0.0,0.0
tabula_sapiens_stomach,mast cell,52,rank_2,rank,44,1,0.7924528301886793,0.65625,1.0,0.0,0.0,0.0
tabula_sapiens_stomach,mast cell,52,rank_3,rank,44,1,0.7924528301886793,0.65625,1.0,0.0,0.0,0.0
tabula_sapiens_stomach,mast cell,52,adaptive_rank,rank,44,1,0.7450980392156863,0.59375,1.0,0.0,0.0,0.0
tabula_small_intestine,intestinal tuft cell,5,baseline,component,42,1,0.9774436090225563,1.0,,0.0,0.0,0.0
tabula_small_intestine,intestinal tuft cell,5,minus_separability_gate,component,42,1,0.9774436090225563,1.0,,0.0,1.0,0.0
tabula_small_intestine,intestinal tuft cell,5,minus_necessity_gate,component,42,1,0.9701492537313433,1.0,0.0,0.00015903307888040714,0.0,0.0
tabula_small_intestine,intestinal tuft cell,5,fixed_rank_1,component,42,1,0.9774436090225563,1.0,,0.0,1.0,0.0
tabula_small_intestine,intestinal tuft cell,5,minus_conformal_tau,component,42,1,0.9774436090225563,1.0,,0.0,1.0,0.0
tabula_small_intestine,intestinal tuft cell,5,full_method,component,42,1,0.9774436090225563,1.0,,0.0,1.0,0.0
tabula_small_intestine,intestinal tuft cell,5,rank_1,rank,42,1,0.9774436090225563,1.0,,0.0,1.0,0.0
tabula_small_intestine,intestinal tuft cell,5,rank_2,rank,42,1,0.9774436090225563,1.0,,0.0,1.0,0.0
tabula_small_intestine,intestinal tuft cell,5,rank_3,rank,42,1,0.9774436090225563,1.0,,0.0,1.0,0.0
tabula_small_intestine,intestinal tuft cell,5,adaptive_rank,rank,42,1,0.9774436090225563,1.0,,0.0,1.0,0.0
tabula_small_intestine,intestinal tuft cell,15,baseline,component,42,1,0.9774436090225563,1.0,,0.0,0.0,0.0
tabula_small_intestine,intestinal tuft cell,15,minus_separability_gate,component,42,1,0.9774436090225563,1.0,,0.0,1.0,0.0
tabula_small_intestine,intestinal tuft cell,15,minus_necessity_gate,component,42,1,0.9701492537313433,1.0,0.0,0.00015903307888040714,0.0,0.0
tabula_small_intestine,intestinal tuft cell,15,fixed_rank_1,component,42,1,0.9774436090225563,1.0,,0.0,1.0,0.0
tabula_small_intestine,intestinal tuft cell,15,minus_conformal_tau,component,42,1,0.9774436090225563,1.0,,0.0,1.0,0.0
tabula_small_intestine,intestinal tuft cell,15,full_method,component,42,1,0.9774436090225563,1.0,,0.0,1.0,0.0
tabula_small_intestine,intestinal tuft cell,15,rank_1,rank,42,1,0.9774436090225563,1.0,,0.0,1.0,0.0
tabula_small_intestine,intestinal tuft cell,15,rank_2,rank,42,1,0.9774436090225563,1.0,,0.0,1.0,0.0
tabula_small_intestine,intestinal tuft cell,15,rank_3,rank,42,1,0.9774436090225563,1.0,,0.0,1.0,0.0
tabula_small_intestine,intestinal tuft cell,15,adaptive_rank,rank,42,1,0.9774436090225563,1.0,,0.0,1.0,0.0
tabula_small_intestine,intestinal tuft cell,31,baseline,component,42,1,0.9848484848484849,1.0,,0.0,0.0,0.0
tabula_small_intestine,intestinal tuft cell,31,minus_separability_gate,component,42,1,0.9848484848484849,1.0,,0.0,1.0,0.0
tabula_small_intestine,intestinal tuft cell,31,minus_necessity_gate,component,42,1,0.9701492537313433,1.0,0.0,0.0003180661577608143,0.0,0.0
tabula_small_intestine,intestinal tuft cell,31,fixed_rank_1,component,42,1,0.9848484848484849,1.0,,0.0,1.0,0.0
tabula_small_intestine,intestinal tuft cell,31,minus_conformal_tau,component,42,1,0.9848484848484849,1.0,,0.0,1.0,0.0
tabula_small_intestine,intestinal tuft cell,31,full_method,component,42,1,0.9848484848484849,1.0,,0.0,1.0,0.0
tabula_small_intestine,intestinal tuft cell,31,rank_1,rank,42,1,0.9848484848484849,1.0,,0.0,1.0,0.0
tabula_small_intestine,intestinal tuft cell,31,rank_2,rank,42,1,0.9848484848484849,1.0,,0.0,1.0,0.0
tabula_small_intestine,intestinal tuft cell,31,rank_3,rank,42,1,0.9848484848484849,1.0,,0.0,1.0,0.0
tabula_small_intestine,intestinal tuft cell,31,adaptive_rank,rank,42,1,0.9848484848484849,1.0,,0.0,1.0,0.0
tabula_small_intestine,intestinal tuft cell,315,baseline,component,42,1,0.9701492537313433,1.0,,0.0,0.0,0.0
tabula_small_intestine,intestinal tuft cell,315,minus_separability_gate,component,42,1,0.9701492537313433,1.0,,0.0,1.0,0.0
tabula_small_intestine,intestinal tuft cell,315,minus_necessity_gate,component,42,1,0.9701492537313433,1.0,,0.0,0.0,0.0
tabula_small_intestine,intestinal tuft cell,315,fixed_rank_1,component,42,1,0.9701492537313433,1.0,,0.0,1.0,0.0
tabula_small_intestine,intestinal tuft cell,315,minus_conformal_tau,component,42,1,0.9701492537313433,1.0,,0.0,1.0,0.0
tabula_small_intestine,intestinal tuft cell,315,full_method,component,42,1,0.9701492537313433,1.0,,0.0,1.0,0.0
tabula_small_intestine,intestinal tuft cell,315,rank_1,rank,42,1,0.9701492537313433,1.0,,0.0,1.0,0.0
tabula_small_intestine,intestinal tuft cell,315,rank_2,rank,42,1,0.9701492537313433,1.0,,0.0,1.0,0.0
tabula_small_intestine,intestinal tuft cell,315,rank_3,rank,42,1,0.9701492537313433,1.0,,0.0,1.0,0.0
tabula_small_intestine,intestinal tuft cell,315,adaptive_rank,rank,42,1,0.9701492537313433,1.0,,0.0,1.0,0.0
tabula_small_intestine,intestinal tuft cell,5,baseline,component,43,1,0.9774436090225563,1.0,,0.0,0.0,0.0
tabula_small_intestine,intestinal tuft cell,5,minus_separability_gate,component,43,1,0.9774436090225563,1.0,,0.0,1.0,0.0
tabula_small_intestine,intestinal tuft cell,5,minus_necessity_gate,component,43,1,0.9774436090225563,1.0,,0.0,0.0,0.0
tabula_small_intestine,intestinal tuft cell,5,fixed_rank_1,component,43,1,0.9774436090225563,1.0,,0.0,1.0,0.0
tabula_small_intestine,intestinal tuft cell,5,minus_conformal_tau,component,43,1,0.9774436090225563,1.0,,0.0,1.0,0.0
tabula_small_intestine,intestinal tuft cell,5,full_method,component,43,1,0.9774436090225563,1.0,,0.0,1.0,0.0
tabula_small_intestine,intestinal tuft cell,5,rank_1,rank,43,1,0.9774436090225563,1.0,,0.0,1.0,0.0
tabula_small_intestine,intestinal tuft cell,5,rank_2,rank,43,1,0.9774436090225563,1.0,,0.0,1.0,0.0
tabula_small_intestine,intestinal tuft cell,5,rank_3,rank,43,1,0.9774436090225563,1.0,,0.0,1.0,0.0
tabula_small_intestine,intestinal tuft cell,5,adaptive_rank,rank,43,1,0.9774436090225563,1.0,,0.0,1.0,0.0
tabula_small_intestine,intestinal tuft cell,15,baseline,component,43,1,0.9774436090225563,1.0,,0.0,0.0,0.0
tabula_small_intestine,intestinal tuft cell,15,minus_separability_gate,component,43,1,0.9774436090225563,1.0,,0.0,1.0,0.0
tabula_small_intestine,intestinal tuft cell,15,minus_necessity_gate,component,43,1,0.9774436090225563,1.0,,0.0,0.0,0.0
tabula_small_intestine,intestinal tuft cell,15,fixed_rank_1,component,43,1,0.9774436090225563,1.0,,0.0,1.0,0.0
tabula_small_intestine,intestinal tuft cell,15,minus_conformal_tau,component,43,1,0.9774436090225563,1.0,,0.0,1.0,0.0
tabula_small_intestine,intestinal tuft cell,15,full_method,component,43,1,0.9774436090225563,1.0,,0.0,1.0,0.0
tabula_small_intestine,intestinal tuft cell,15,rank_1,rank,43,1,0.9774436090225563,1.0,,0.0,1.0,0.0
tabula_small_intestine,intestinal tuft cell,15,rank_2,rank,43,1,0.9774436090225563,1.0,,0.0,1.0,0.0
tabula_small_intestine,intestinal tuft cell,15,rank_3,rank,43,1,0.9774436090225563,1.0,,0.0,1.0,0.0
tabula_small_intestine,intestinal tuft cell,15,adaptive_rank,rank,43,1,0.9774436090225563,1.0,,0.0,1.0,0.0
tabula_small_intestine,intestinal tuft cell,31,baseline,component,43,1,0.9774436090225563,1.0,,0.0,0.0,0.0
tabula_small_intestine,intestinal tuft cell,31,minus_separability_gate,component,43,1,0.9774436090225563,1.0,,0.0,1.0,0.0
tabula_small_intestine,intestinal tuft cell,31,minus_necessity_gate,component,43,1,0.9774436090225563,1.0,,0.0,0.0,0.0
tabula_small_intestine,intestinal tuft cell,31,fixed_rank_1,component,43,1,0.9774436090225563,1.0,,0.0,1.0,0.0
tabula_small_intestine,intestinal tuft cell,31,minus_conformal_tau,component,43,1,0.9774436090225563,1.0,,0.0,1.0,0.0
tabula_small_intestine,intestinal tuft cell,31,full_method,component,43,1,0.9774436090225563,1.0,,0.0,1.0,0.0
tabula_small_intestine,intestinal tuft cell,31,rank_1,rank,43,1,0.9774436090225563,1.0,,0.0,1.0,0.0
tabula_small_intestine,intestinal tuft cell,31,rank_2,rank,43,1,0.9774436090225563,1.0,,0.0,1.0,0.0
tabula_small_intestine,intestinal tuft cell,31,rank_3,rank,43,1,0.9774436090225563,1.0,,0.0,1.0,0.0
tabula_small_intestine,intestinal tuft cell,31,adaptive_rank,rank,43,1,0.9774436090225563,1.0,,0.0,1.0,0.0
tabula_small_intestine,intestinal tuft cell,315,baseline,component,43,1,0.9774436090225563,1.0,,0.0,0.0,0.0
tabula_small_intestine,intestinal tuft cell,315,minus_separability_gate,component,43,1,0.9774436090225563,1.0,,0.0,1.0,0.0
tabula_small_intestine,intestinal tuft cell,315,minus_necessity_gate,component,43,1,0.9774436090225563,1.0,,0.0,0.0,0.0
tabula_small_intestine,intestinal tuft cell,315,fixed_rank_1,component,43,1,0.9774436090225563,1.0,,0.0,1.0,0.0
tabula_small_intestine,intestinal tuft cell,315,minus_conformal_tau,component,43,1,0.9774436090225563,1.0,,0.0,1.0,0.0
tabula_small_intestine,intestinal tuft cell,315,full_method,component,43,1,0.9774436090225563,1.0,,0.0,1.0,0.0
tabula_small_intestine,intestinal tuft cell,315,rank_1,rank,43,1,0.9774436090225563,1.0,,0.0,1.0,0.0
tabula_small_intestine,intestinal tuft cell,315,rank_2,rank,43,1,0.9774436090225563,1.0,,0.0,1.0,0.0
tabula_small_intestine,intestinal tuft cell,315,rank_3,rank,43,1,0.9774436090225563,1.0,,0.0,1.0,0.0
tabula_small_intestine,intestinal tuft cell,315,adaptive_rank,rank,43,1,0.9774436090225563,1.0,,0.0,1.0,0.0
tabula_small_intestine,intestinal tuft cell,5,baseline,component,44,1,0.9774436090225563,1.0,,0.0,0.0,0.0
tabula_small_intestine,intestinal tuft cell,5,minus_separability_gate,component,44,1,0.9774436090225563,1.0,,0.0,1.0,0.0
tabula_small_intestine,intestinal tuft cell,5,minus_necessity_gate,component,44,1,0.9774436090225563,1.0,,0.0,0.0,0.0
tabula_small_intestine,intestinal tuft cell,5,fixed_rank_1,component,44,1,0.9774436090225563,1.0,,0.0,1.0,0.0
tabula_small_intestine,intestinal tuft cell,5,minus_conformal_tau,component,44,1,0.9774436090225563,1.0,,0.0,1.0,0.0
tabula_small_intestine,intestinal tuft cell,5,full_method,component,44,1,0.9774436090225563,1.0,,0.0,1.0,0.0
tabula_small_intestine,intestinal tuft cell,5,rank_1,rank,44,1,0.9774436090225563,1.0,,0.0,1.0,0.0
tabula_small_intestine,intestinal tuft cell,5,rank_2,rank,44,1,0.9774436090225563,1.0,,0.0,1.0,0.0
tabula_small_intestine,intestinal tuft cell,5,rank_3,rank,44,1,0.9774436090225563,1.0,,0.0,1.0,0.0
tabula_small_intestine,intestinal tuft cell,5,adaptive_rank,rank,44,1,0.9774436090225563,1.0,,0.0,1.0,0.0
tabula_small_intestine,intestinal tuft cell,15,baseline,component,44,1,0.9848484848484849,1.0,,0.0,0.0,0.0
tabula_small_intestine,intestinal tuft cell,15,minus_separability_gate,component,44,1,0.9848484848484849,1.0,,0.0,1.0,0.0
tabula_small_intestine,intestinal tuft cell,15,minus_necessity_gate,component,44,1,0.9774436090225563,1.0,0.0,0.00015903307888040714,0.0,0.0
tabula_small_intestine,intestinal tuft cell,15,fixed_rank_1,component,44,1,0.9848484848484849,1.0,,0.0,1.0,0.0
tabula_small_intestine,intestinal tuft cell,15,minus_conformal_tau,component,44,1,0.9848484848484849,1.0,,0.0,1.0,0.0
tabula_small_intestine,intestinal tuft cell,15,full_method,component,44,1,0.9848484848484849,1.0,,0.0,1.0,0.0
tabula_small_intestine,intestinal tuft cell,15,rank_1,rank,44,1,0.9848484848484849,1.0,,0.0,1.0,0.0
tabula_small_intestine,intestinal tuft cell,15,rank_2,rank,44,1,0.9848484848484849,1.0,,0.0,1.0,0.0
tabula_small_intestine,intestinal tuft cell,15,rank_3,rank,44,1,0.9848484848484849,1.0,,0.0,1.0,0.0
tabula_small_intestine,intestinal tuft cell,15,adaptive_rank,rank,44,1,0.9848484848484849,1.0,,0.0,1.0,0.0
tabula_small_intestine,intestinal tuft cell,31,baseline,component,44,1,0.9848484848484849,1.0,,0.0,0.0,0.0
tabula_small_intestine,intestinal tuft cell,31,minus_separability_gate,component,44,1,0.9848484848484849,1.0,,0.0,1.0,0.0
tabula_small_intestine,intestinal tuft cell,31,minus_necessity_gate,component,44,1,0.9848484848484849,1.0,,0.0,0.0,0.0
tabula_small_intestine,intestinal tuft cell,31,fixed_rank_1,component,44,1,0.9848484848484849,1.0,,0.0,1.0,0.0
tabula_small_intestine,intestinal tuft cell,31,minus_conformal_tau,component,44,1,0.9848484848484849,1.0,,0.0,1.0,0.0
tabula_small_intestine,intestinal tuft cell,31,full_method,component,44,1,0.9848484848484849,1.0,,0.0,1.0,0.0
tabula_small_intestine,intestinal tuft cell,31,rank_1,rank,44,1,0.9848484848484849,1.0,,0.0,1.0,0.0
tabula_small_intestine,intestinal tuft cell,31,rank_2,rank,44,1,0.9848484848484849,1.0,,0.0,1.0,0.0
tabula_small_intestine,intestinal tuft cell,31,rank_3,rank,44,1,0.9848484848484849,1.0,,0.0,1.0,0.0
tabula_small_intestine,intestinal tuft cell,31,adaptive_rank,rank,44,1,0.9848484848484849,1.0,,0.0,1.0,0.0
tabula_small_intestine,intestinal tuft cell,315,baseline,component,44,1,0.9774436090225563,1.0,,0.0,0.0,0.0
tabula_small_intestine,intestinal tuft cell,315,minus_separability_gate,component,44,1,0.9774436090225563,1.0,,0.0,1.0,0.0
tabula_small_intestine,intestinal tuft cell,315,minus_necessity_gate,component,44,1,0.9774436090225563,1.0,,0.0,0.0,0.0
tabula_small_intestine,intestinal tuft cell,315,fixed_rank_1,component,44,1,0.9774436090225563,1.0,,0.0,1.0,0.0
tabula_small_intestine,intestinal tuft cell,315,minus_conformal_tau,component,44,1,0.9774436090225563,1.0,,0.0,1.0,0.0
tabula_small_intestine,intestinal tuft cell,315,full_method,component,44,1,0.9774436090225563,1.0,,0.0,1.0,0.0
tabula_small_intestine,intestinal tuft cell,315,rank_1,rank,44,1,0.9774436090225563,1.0,,0.0,1.0,0.0
tabula_small_intestine,intestinal tuft cell,315,rank_2,rank,44,1,0.9774436090225563,1.0,,0.0,1.0,0.0
tabula_small_intestine,intestinal tuft cell,315,rank_3,rank,44,1,0.9774436090225563,1.0,,0.0,1.0,0.0
tabula_small_intestine,intestinal tuft cell,315,adaptive_rank,rank,44,1,0.9774436090225563,1.0,,0.0,1.0,0.0
mouse_lung_tms_10x,vein endothelial cell,5,baseline,component,42,1,0.0,0.0,,0.0,0.0,0.0
mouse_lung_tms_10x,vein endothelial cell,5,minus_separability_gate,component,42,1,0.2413793103448276,0.13725490196078433,1.0,0.0,0.0,0.0
mouse_lung_tms_10x,vein endothelial cell,5,minus_necessity_gate,component,42,1,0.2413793103448276,0.13725490196078433,1.0,0.0,0.0,0.0
mouse_lung_tms_10x,vein endothelial cell,5,fixed_rank_1,component,42,1,0.2413793103448276,0.13725490196078433,1.0,0.0,0.0,0.0
mouse_lung_tms_10x,vein endothelial cell,5,minus_conformal_tau,component,42,1,0.2711864406779661,0.1568627450980392,1.0,0.0,0.0,0.0
mouse_lung_tms_10x,vein endothelial cell,5,full_method,component,42,1,0.2413793103448276,0.13725490196078433,1.0,0.0,0.0,0.0
mouse_lung_tms_10x,vein endothelial cell,5,rank_1,rank,42,1,0.2413793103448276,0.13725490196078433,1.0,0.0,0.0,0.0
mouse_lung_tms_10x,vein endothelial cell,5,rank_2,rank,42,1,0.35051546391752575,0.3333333333333333,0.3695652173913043,0.022036474164133738,0.0,1.0
mouse_lung_tms_10x,vein endothelial cell,5,rank_3,rank,42,1,0.3838383838383838,0.37254901960784315,0.3958333333333333,0.022036474164133738,0.0,1.0
mouse_lung_tms_10x,vein endothelial cell,5,adaptive_rank,rank,42,1,0.2413793103448276,0.13725490196078433,1.0,0.0,0.0,0.0
mouse_lung_tms_10x,vein endothelial cell,10,baseline,component,42,1,0.0,0.0,,0.0,0.0,0.0
mouse_lung_tms_10x,vein endothelial cell,10,minus_separability_gate,component,42,1,0.547945205479452,0.39215686274509803,0.9090909090909091,0.001519756838905775,0.0,0.0
mouse_lung_tms_10x,vein endothelial cell,10,minus_necessity_gate,component,42,1,0.0,0.0,,0.0,1.0,0.0
mouse_lung_tms_10x,vein endothelial cell,10,fixed_rank_1,component,42,1,0.0,0.0,,0.0,1.0,0.0
mouse_lung_tms_10x,vein endothelial cell,10,minus_conformal_tau,component,42,1,0.0,0.0,,0.0,1.0,0.0
mouse_lung_tms_10x,vein endothelial cell,10,full_method,component,42,1,0.0,0.0,,0.0,1.0,0.0
mouse_lung_tms_10x,vein endothelial cell,10,rank_1,rank,42,1,0.0,0.0,,0.0,1.0,0.0
mouse_lung_tms_10x,vein endothelial cell,10,rank_2,rank,42,1,0.0,0.0,,0.0,1.0,0.0
mouse_lung_tms_10x,vein endothelial cell,10,rank_3,rank,42,1,0.0,0.0,,0.0,1.0,0.0
mouse_lung_tms_10x,vein endothelial cell,10,adaptive_rank,rank,42,1,0.0,0.0,,0.0,1.0,0.0
mouse_lung_tms_10x,vein endothelial cell,21,baseline,component,42,1,0.42424242424242425,0.27450980392156865,,0.0,0.0,0.0
mouse_lung_tms_10x,vein endothelial cell,21,minus_separability_gate,component,42,1,0.7073170731707317,0.5686274509803921,0.9375,0.0007598784194528875,0.0,0.0
mouse_lung_tms_10x,vein endothelial cell,21,minus_necessity_gate,component,42,1,0.7073170731707317,0.5686274509803921,0.9375,0.0007598784194528875,0.0,0.0
mouse_lung_tms_10x,vein endothelial cell,21,fixed_rank_1,component,42,1,0.7073170731707317,0.5686274509803921,0.9375,0.0007598784194528875,0.0,0.0
mouse_lung_tms_10x,vein endothelial cell,21,minus_conformal_tau,component,42,1,0.7058823529411765,0.5882352941176471,0.8421052631578947,0.0022796352583586625,0.0,0.0
mouse_lung_tms_10x,vein endothelial cell,21,full_method,component,42,1,0.7073170731707317,0.5686274509803921,0.9375,0.0007598784194528875,0.0,0.0
mouse_lung_tms_10x,vein endothelial cell,21,rank_1,rank,42,1,0.7073170731707317,0.5686274509803921,0.9375,0.0007598784194528875,0.0,0.0
mouse_lung_tms_10x,vein endothelial cell,21,rank_2,rank,42,1,0.7102803738317757,0.7450980392156863,0.5853658536585366,0.012917933130699088,0.0,1.0
mouse_lung_tms_10x,vein endothelial cell,21,rank_3,rank,42,1,0.7155963302752294,0.7647058823529411,0.5813953488372093,0.013677811550151976,0.0,1.0
mouse_lung_tms_10x,vein endothelial cell,21,adaptive_rank,rank,42,1,0.7073170731707317,0.5686274509803921,0.9375,0.0007598784194528875,0.0,0.0
mouse_lung_tms_10x,vein endothelial cell,213,baseline,component,42,1,0.7816091954022989,0.6666666666666666,,0.0,0.0,0.0
mouse_lung_tms_10x,vein endothelial cell,213,minus_separability_gate,component,42,1,0.7816091954022989,0.6666666666666666,,0.0,1.0,0.0
mouse_lung_tms_10x,vein endothelial cell,213,minus_necessity_gate,component,42,1,0.7816091954022989,0.6666666666666666,,0.0,1.0,0.0
mouse_lung_tms_10x,vein endothelial cell,213,fixed_rank_1,component,42,1,0.7816091954022989,0.6666666666666666,,0.0,1.0,0.0
mouse_lung_tms_10x,vein endothelial cell,213,minus_conformal_tau,component,42,1,0.7816091954022989,0.6666666666666666,,0.0,1.0,0.0
mouse_lung_tms_10x,vein endothelial cell,213,full_method,component,42,1,0.7816091954022989,0.6666666666666666,,0.0,1.0,0.0
mouse_lung_tms_10x,vein endothelial cell,213,rank_1,rank,42,1,0.7816091954022989,0.6666666666666666,,0.0,1.0,0.0
mouse_lung_tms_10x,vein endothelial cell,213,rank_2,rank,42,1,0.7816091954022989,0.6666666666666666,,0.0,1.0,0.0
mouse_lung_tms_10x,vein endothelial cell,213,rank_3,rank,42,1,0.7816091954022989,0.6666666666666666,,0.0,1.0,0.0
mouse_lung_tms_10x,vein endothelial cell,213,adaptive_rank,rank,42,1,0.7816091954022989,0.6666666666666666,,0.0,1.0,0.0
mouse_lung_tms_10x,vein endothelial cell,5,baseline,component,43,1,0.0,0.0,,0.0,0.0,0.0
mouse_lung_tms_10x,vein endothelial cell,5,minus_separability_gate,component,43,1,0.43478260869565216,0.29411764705882354,0.8333333333333334,0.0022796352583586625,0.0,0.0
mouse_lung_tms_10x,vein endothelial cell,5,minus_necessity_gate,component,43,1,0.0,0.0,,0.0,1.0,0.0
mouse_lung_tms_10x,vein endothelial cell,5,fixed_rank_1,component,43,1,0.0,0.0,,0.0,1.0,0.0
mouse_lung_tms_10x,vein endothelial cell,5,minus_conformal_tau,component,43,1,0.0,0.0,,0.0,1.0,0.0
mouse_lung_tms_10x,vein endothelial cell,5,full_method,component,43,1,0.0,0.0,,0.0,1.0,0.0
mouse_lung_tms_10x,vein endothelial cell,5,rank_1,rank,43,1,0.0,0.0,,0.0,1.0,0.0
mouse_lung_tms_10x,vein endothelial cell,5,rank_2,rank,43,1,0.0,0.0,,0.0,1.0,0.0
mouse_lung_tms_10x,vein endothelial cell,5,rank_3,rank,43,1,0.0,0.0,,0.0,1.0,0.0
mouse_lung_tms_10x,vein endothelial cell,5,adaptive_rank,rank,43,1,0.0,0.0,,0.0,1.0,0.0
mouse_lung_tms_10x,vein endothelial cell,10,baseline,component,43,1,0.0,0.0,,0.0,0.0,0.0
mouse_lung_tms_10x,vein endothelial cell,10,minus_separability_gate,component,43,1,0.5945945945945946,0.43137254901960786,0.9565217391304348,0.0007598784194528875,0.0,0.0
mouse_lung_tms_10x,vein endothelial cell,10,minus_necessity_gate,component,43,1,0.0,0.0,,0.0,1.0,0.0
mouse_lung_tms_10x,vein endothelial cell,10,fixed_rank_1,component,43,1,0.0,0.0,,0.0,1.0,0.0
mouse_lung_tms_10x,vein endothelial cell,10,minus_conformal_tau,component,43,1,0.0,0.0,,0.0,1.0,0.0
mouse_lung_tms_10x,vein endothelial cell,10,full_method,component,43,1,0.0,0.0,,0.0,1.0,0.0
mouse_lung_tms_10x,vein endothelial cell,10,rank_1,rank,43,1,0.0,0.0,,0.0,1.0,0.0
mouse_lung_tms_10x,vein endothelial cell,10,rank_2,rank,43,1,0.0,0.0,,0.0,1.0,0.0
mouse_lung_tms_10x,vein endothelial cell,10,rank_3,rank,43,1,0.0,0.0,,0.0,1.0,0.0
mouse_lung_tms_10x,vein endothelial cell,10,adaptive_rank,rank,43,1,0.0,0.0,,0.0,1.0,0.0
mouse_lung_tms_10x,vein endothelial cell,21,baseline,component,43,1,0.0,0.0,,0.0,0.0,0.0
mouse_lung_tms_10x,vein endothelial cell,21,minus_separability_gate,component,43,1,0.7441860465116279,0.6274509803921569,0.9142857142857143,0.0022796352583586625,0.0,0.0
mouse_lung_tms_10x,vein endothelial cell,21,minus_necessity_gate,component,43,1,0.0,0.0,,0.0,1.0,0.0
mouse_lung_tms_10x,vein endothelial cell,21,fixed_rank_1,component,43,1,0.0,0.0,,0.0,1.0,0.0
mouse_lung_tms_10x,vein endothelial cell,21,minus_conformal_tau,component,43,1,0.0,0.0,,0.0,1.0,0.0
mouse_lung_tms_10x,vein endothelial cell,21,full_method,component,43,1,0.0,0.0,,0.0,1.0,0.0
mouse_lung_tms_10x,vein endothelial cell,21,rank_1,rank,43,1,0.0,0.0,,0.0,1.0,0.0
mouse_lung_tms_10x,vein endothelial cell,21,rank_2,rank,43,1,0.0,0.0,,0.0,1.0,0.0
mouse_lung_tms_10x,vein endothelial cell,21,rank_3,rank,43,1,0.0,0.0,,0.0,1.0,0.0
mouse_lung_tms_10x,vein endothelial cell,21,adaptive_rank,rank,43,1,0.0,0.0,,0.0,1.0,0.0
mouse_lung_tms_10x,vein endothelial cell,213,baseline,component,43,1,0.7872340425531915,0.7254901960784313,,0.0,0.0,0.0
mouse_lung_tms_10x,vein endothelial cell,213,minus_separability_gate,component,43,1,0.7959183673469388,0.7647058823529411,0.5,0.001519756838905775,0.0,0.0
mouse_lung_tms_10x,vein endothelial cell,213,minus_necessity_gate,component,43,1,0.7872340425531915,0.7254901960784313,,0.0,1.0,0.0
mouse_lung_tms_10x,vein endothelial cell,213,fixed_rank_1,component,43,1,0.7872340425531915,0.7254901960784313,,0.0,1.0,0.0
mouse_lung_tms_10x,vein endothelial cell,213,minus_conformal_tau,component,43,1,0.7872340425531915,0.7254901960784313,,0.0,1.0,0.0
mouse_lung_tms_10x,vein endothelial cell,213,full_method,component,43,1,0.7872340425531915,0.7254901960784313,,0.0,1.0,0.0
mouse_lung_tms_10x,vein endothelial cell,213,rank_1,rank,43,1,0.7872340425531915,0.7254901960784313,,0.0,1.0,0.0
mouse_lung_tms_10x,vein endothelial cell,213,rank_2,rank,43,1,0.7872340425531915,0.7254901960784313,,0.0,1.0,0.0
mouse_lung_tms_10x,vein endothelial cell,213,rank_3,rank,43,1,0.7872340425531915,0.7254901960784313,,0.0,1.0,0.0
mouse_lung_tms_10x,vein endothelial cell,213,adaptive_rank,rank,43,1,0.7872340425531915,0.7254901960784313,,0.0,1.0,0.0
mouse_lung_tms_10x,vein endothelial cell,5,baseline,component,44,1,0.0,0.0,,0.0,0.0,0.0
mouse_lung_tms_10x,vein endothelial cell,5,minus_separability_gate,component,44,1,0.3492063492063492,0.21568627450980393,0.9166666666666666,0.0007598784194528875,0.0,0.0
mouse_lung_tms_10x,vein endothelial cell,5,minus_necessity_gate,component,44,1,0.3492063492063492,0.21568627450980393,0.9166666666666666,0.0007598784194528875,0.0,0.0
mouse_lung_tms_10x,vein endothelial cell,5,fixed_rank_1,component,44,1,0.3492063492063492,0.21568627450980393,0.9166666666666666,0.0007598784194528875,0.0,0.0
mouse_lung_tms_10x,vein endothelial cell,5,minus_conformal_tau,component,44,1,0.375,0.23529411764705882,0.9230769230769231,0.0007598784194528875,0.0,0.0
mouse_lung_tms_10x,vein endothelial cell,5,full_method,component,44,1,0.3492063492063492,0.21568627450980393,0.9166666666666666,0.0007598784194528875,0.0,0.0
mouse_lung_tms_10x,vein endothelial cell,5,rank_1,rank,44,1,0.3492063492063492,0.21568627450980393,0.9166666666666666,0.0007598784194528875,0.0,0.0
mouse_lung_tms_10x,vein endothelial cell,5,rank_2,rank,44,1,0.5858585858585859,0.5686274509803921,0.6041666666666666,0.014437689969604863,0.0,1.0
mouse_lung_tms_10x,vein endothelial cell,5,rank_3,rank,44,1,0.6,0.5882352941176471,0.6122448979591837,0.014437689969604863,0.0,1.0
mouse_lung_tms_10x,vein endothelial cell,5,adaptive_rank,rank,44,1,0.3492063492063492,0.21568627450980393,0.9166666666666666,0.0007598784194528875,0.0,0.0
mouse_lung_tms_10x,vein endothelial cell,10,baseline,component,44,1,0.038461538461538464,0.0196078431372549,,0.0,0.0,0.0
mouse_lung_tms_10x,vein endothelial cell,10,minus_separability_gate,component,44,1,0.4927536231884058,0.3333333333333333,0.9411764705882353,0.0007598784194528875,0.0,0.0
mouse_lung_tms_10x,vein endothelial cell,10,minus_necessity_gate,component,44,1,0.4927536231884058,0.3333333333333333,0.9411764705882353,0.0007598784194528875,0.0,0.0
mouse_lung_tms_10x,vein endothelial cell,10,fixed_rank_1,component,44,1,0.4927536231884058,0.3333333333333333,0.9411764705882353,0.0007598784194528875,0.0,0.0
mouse_lung_tms_10x,vein endothelial cell,10,minus_conformal_tau,component,44,1,0.5945945945945946,0.43137254901960786,0.9545454545454546,0.0007598784194528875,0.0,0.0
mouse_lung_tms_10x,vein endothelial cell,10,full_method,component,44,1,0.4927536231884058,0.3333333333333333,0.9411764705882353,0.0007598784194528875,0.0,0.0
mouse_lung_tms_10x,vein endothelial cell,10,rank_1,rank,44,1,0.4927536231884058,0.3333333333333333,0.9411764705882353,0.0007598784194528875,0.0,0.0
mouse_lung_tms_10x,vein endothelial cell,10,rank_2,rank,44,1,0.5825242718446602,0.5882352941176471,0.5686274509803921,0.016717325227963525,0.0,1.0
mouse_lung_tms_10x,vein endothelial cell,10,rank_3,rank,44,1,0.5825242718446602,0.5882352941176471,0.5686274509803921,0.016717325227963525,0.0,1.0
mouse_lung_tms_10x,vein endothelial cell,10,adaptive_rank,rank,44,1,0.4927536231884058,0.3333333333333333,0.9411764705882353,0.0007598784194528875,0.0,0.0
mouse_lung_tms_10x,vein endothelial cell,21,baseline,component,44,1,0.5217391304347826,0.35294117647058826,,0.0,0.0,0.0
mouse_lung_tms_10x,vein endothelial cell,21,minus_separability_gate,component,44,1,0.7380952380952381,0.6078431372549019,0.8666666666666667,0.001519756838905775,0.0,0.0
mouse_lung_tms_10x,vein endothelial cell,21,minus_necessity_gate,component,44,1,0.5217391304347826,0.35294117647058826,,0.0,1.0,0.0
mouse_lung_tms_10x,vein endothelial cell,21,fixed_rank_1,component,44,1,0.5217391304347826,0.35294117647058826,,0.0,1.0,0.0
mouse_lung_tms_10x,vein endothelial cell,21,minus_conformal_tau,component,44,1,0.5217391304347826,0.35294117647058826,,0.0,1.0,0.0
mouse_lung_tms_10x,vein endothelial cell,21,full_method,component,44,1,0.5217391304347826,0.35294117647058826,,0.0,1.0,0.0
mouse_lung_tms_10x,vein endothelial cell,21,rank_1,rank,44,1,0.5217391304347826,0.35294117647058826,,0.0,1.0,0.0
mouse_lung_tms_10x,vein endothelial cell,21,rank_2,rank,44,1,0.5217391304347826,0.35294117647058826,,0.0,1.0,0.0
mouse_lung_tms_10x,vein endothelial cell,21,rank_3,rank,44,1,0.5217391304347826,0.35294117647058826,,0.0,1.0,0.0
mouse_lung_tms_10x,vein endothelial cell,21,adaptive_rank,rank,44,1,0.5217391304347826,0.35294117647058826,,0.0,1.0,0.0
mouse_lung_tms_10x,vein endothelial cell,213,baseline,component,44,1,0.8076923076923077,0.8235294117647058,,0.0,0.0,0.0
mouse_lung_tms_10x,vein endothelial cell,213,minus_separability_gate,component,44,1,0.8037383177570093,0.8431372549019608,0.3333333333333333,0.001519756838905775,0.0,0.0
mouse_lung_tms_10x,vein endothelial cell,213,minus_necessity_gate,component,44,1,0.8037383177570093,0.8431372549019608,0.3333333333333333,0.001519756838905775,0.0,0.0
mouse_lung_tms_10x,vein endothelial cell,213,fixed_rank_1,component,44,1,0.8037383177570093,0.8431372549019608,0.3333333333333333,0.001519756838905775,0.0,0.0
mouse_lung_tms_10x,vein endothelial cell,213,minus_conformal_tau,component,44,1,0.8037383177570093,0.8431372549019608,0.3333333333333333,0.001519756838905775,0.0,0.0
mouse_lung_tms_10x,vein endothelial cell,213,full_method,component,44,1,0.8037383177570093,0.8431372549019608,0.3333333333333333,0.001519756838905775,0.0,0.0
mouse_lung_tms_10x,vein endothelial cell,213,rank_1,rank,44,1,0.8037383177570093,0.8431372549019608,0.3333333333333333,0.001519756838905775,0.0,0.0
mouse_lung_tms_10x,vein endothelial cell,213,rank_2,rank,44,1,0.7317073170731707,0.8823529411764706,0.15789473684210525,0.0121580547112462,0.0,1.0
mouse_lung_tms_10x,vein endothelial cell,213,rank_3,rank,44,1,0.7317073170731707,0.8823529411764706,0.15789473684210525,0.0121580547112462,0.0,1.0
mouse_lung_tms_10x,vein endothelial cell,213,adaptive_rank,rank,44,1,0.8037383177570093,0.8431372549019608,0.3333333333333333,0.001519756838905775,0.0,0.0
mouse_pancreas_tms_10x,pancreatic D cell,5,baseline,component,42,1,0.10666666666666667,0.056338028169014086,,0.0,0.0,0.0
mouse_pancreas_tms_10x,pancreatic D cell,5,minus_separability_gate,component,42,1,0.10666666666666667,0.056338028169014086,,0.0,1.0,0.0
mouse_pancreas_tms_10x,pancreatic D cell,5,minus_necessity_gate,component,42,1,0.10666666666666667,0.056338028169014086,,0.0,1.0,0.0
mouse_pancreas_tms_10x,pancreatic D cell,5,fixed_rank_1,component,42,1,0.6728971962616822,0.5070422535211268,1.0,0.0,0.0,0.0
mouse_pancreas_tms_10x,pancreatic D cell,5,minus_conformal_tau,component,42,1,0.10666666666666667,0.056338028169014086,,0.0,1.0,0.0
mouse_pancreas_tms_10x,pancreatic D cell,5,full_method,component,42,1,0.10666666666666667,0.056338028169014086,,0.0,1.0,0.0
mouse_pancreas_tms_10x,pancreatic D cell,5,rank_1,rank,42,1,0.6728971962616822,0.5070422535211268,1.0,0.0,0.0,0.0
mouse_pancreas_tms_10x,pancreatic D cell,5,rank_2,rank,42,1,0.6851851851851852,0.5211267605633803,1.0,0.0,0.0,0.0
mouse_pancreas_tms_10x,pancreatic D cell,5,rank_3,rank,42,1,0.6851851851851852,0.5211267605633803,1.0,0.0,0.0,0.0
mouse_pancreas_tms_10x,pancreatic D cell,5,adaptive_rank,rank,42,1,0.10666666666666667,0.056338028169014086,,0.0,1.0,0.0
mouse_pancreas_tms_10x,pancreatic D cell,8,baseline,component,42,1,0.9007633587786259,0.8309859154929577,,0.0,0.0,0.0
mouse_pancreas_tms_10x,pancreatic D cell,8,minus_separability_gate,component,42,1,0.9007633587786259,0.8309859154929577,,0.0,1.0,0.0
mouse_pancreas_tms_10x,pancreatic D cell,8,minus_necessity_gate,component,42,1,0.9007633587786259,0.8309859154929577,,0.0,1.0,0.0
mouse_pancreas_tms_10x,pancreatic D cell,8,fixed_rank_1,component,42,1,0.9104477611940298,0.8591549295774648,0.6666666666666666,0.0011574074074074073,0.0,0.0
mouse_pancreas_tms_10x,pancreatic D cell,8,minus_conformal_tau,component,42,1,0.9007633587786259,0.8309859154929577,,0.0,1.0,0.0
mouse_pancreas_tms_10x,pancreatic D cell,8,full_method,component,42,1,0.9007633587786259,0.8309859154929577,,0.0,1.0,0.0
mouse_pancreas_tms_10x,pancreatic D cell,8,rank_1,rank,42,1,0.9104477611940298,0.8591549295774648,0.6666666666666666,0.0011574074074074073,0.0,0.0
mouse_pancreas_tms_10x,pancreatic D cell,8,rank_2,rank,42,1,0.9420289855072463,0.9154929577464789,0.8571428571428571,0.0011574074074074073,0.0,0.0
mouse_pancreas_tms_10x,pancreatic D cell,8,rank_3,rank,42,1,0.9420289855072463,0.9154929577464789,0.8571428571428571,0.0011574074074074073,0.0,0.0
mouse_pancreas_tms_10x,pancreatic D cell,8,adaptive_rank,rank,42,1,0.9007633587786259,0.8309859154929577,,0.0,1.0,0.0
mouse_pancreas_tms_10x,pancreatic D cell,17,baseline,component,42,1,0.9104477611940298,0.8591549295774648,,0.0,0.0,0.0
mouse_pancreas_tms_10x,pancreatic D cell,17,minus_separability_gate,component,42,1,0.9104477611940298,0.8591549295774648,,0.0,1.0,0.0
mouse_pancreas_tms_10x,pancreatic D cell,17,minus_necessity_gate,component,42,1,0.9104477611940298,0.8591549295774648,,0.0,1.0,0.0
mouse_pancreas_tms_10x,pancreatic D cell,17,fixed_rank_1,component,42,1,0.9264705882352942,0.8873239436619719,1.0,0.0,0.0,0.0
mouse_pancreas_tms_10x,pancreatic D cell,17,minus_conformal_tau,component,42,1,0.9104477611940298,0.8591549295774648,,0.0,1.0,0.0
mouse_pancreas_tms_10x,pancreatic D cell,17,full_method,component,42,1,0.9104477611940298,0.8591549295774648,,0.0,1.0,0.0
mouse_pancreas_tms_10x,pancreatic D cell,17,rank_1,rank,42,1,0.9264705882352942,0.8873239436619719,1.0,0.0,0.0,0.0
mouse_pancreas_tms_10x,pancreatic D cell,17,rank_2,rank,42,1,0.9264705882352942,0.8873239436619719,1.0,0.0,0.0,0.0
mouse_pancreas_tms_10x,pancreatic D cell,17,rank_3,rank,42,1,0.9264705882352942,0.8873239436619719,1.0,0.0,0.0,0.0
mouse_pancreas_tms_10x,pancreatic D cell,17,adaptive_rank,rank,42,1,0.9104477611940298,0.8591549295774648,,0.0,1.0,0.0
mouse_pancreas_tms_10x,pancreatic D cell,174,baseline,component,42,1,0.9571428571428572,0.9436619718309859,,0.0,0.0,0.0
mouse_pancreas_tms_10x,pancreatic D cell,174,minus_separability_gate,component,42,1,0.9571428571428572,0.9436619718309859,,0.0,1.0,0.0
mouse_pancreas_tms_10x,pancreatic D cell,174,minus_necessity_gate,component,42,1,0.9571428571428572,0.9436619718309859,,0.0,1.0,0.0
mouse_pancreas_tms_10x,pancreatic D cell,174,fixed_rank_1,component,42,1,0.9571428571428572,0.9436619718309859,,0.0,0.0,0.0
mouse_pancreas_tms_10x,pancreatic D cell,174,minus_conformal_tau,component,42,1,0.9571428571428572,0.9436619718309859,,0.0,1.0,0.0
mouse_pancreas_tms_10x,pancreatic D cell,174,full_method,component,42,1,0.9571428571428572,0.9436619718309859,,0.0,1.0,0.0
mouse_pancreas_tms_10x,pancreatic D cell,174,rank_1,rank,42,1,0.9571428571428572,0.9436619718309859,,0.0,0.0,0.0
mouse_pancreas_tms_10x,pancreatic D cell,174,rank_2,rank,42,1,0.950354609929078,0.9436619718309859,0.0,0.0011574074074074073,0.0,0.0
mouse_pancreas_tms_10x,pancreatic D cell,174,rank_3,rank,42,1,0.950354609929078,0.9436619718309859,0.0,0.0011574074074074073,0.0,0.0
mouse_pancreas_tms_10x,pancreatic D cell,174,adaptive_rank,rank,42,1,0.9571428571428572,0.9436619718309859,,0.0,1.0,0.0
mouse_pancreas_tms_10x,pancreatic D cell,5,baseline,component,43,1,0.5510204081632653,0.38028169014084506,,0.0,0.0,0.0
mouse_pancreas_tms_10x,pancreatic D cell,5,minus_separability_gate,component,43,1,0.5510204081632653,0.38028169014084506,,0.0,1.0,0.0
mouse_pancreas_tms_10x,pancreatic D cell,5,minus_necessity_gate,component,43,1,0.5510204081632653,0.38028169014084506,,0.0,1.0,0.0
mouse_pancreas_tms_10x,pancreatic D cell,5,fixed_rank_1,component,43,1,0.8721804511278195,0.8169014084507042,0.8857142857142857,0.004629629629629629,0.0,0.0
mouse_pancreas_tms_10x,pancreatic D cell,5,minus_conformal_tau,component,43,1,0.5510204081632653,0.38028169014084506,,0.0,1.0,0.0
mouse_pancreas_tms_10x,pancreatic D cell,5,full_method,component,43,1,0.5510204081632653,0.38028169014084506,,0.0,1.0,0.0
mouse_pancreas_tms_10x,pancreatic D cell,5,rank_1,rank,43,1,0.8721804511278195,0.8169014084507042,0.8857142857142857,0.004629629629629629,0.0,0.0
mouse_pancreas_tms_10x,pancreatic D cell,5,rank_2,rank,43,1,0.8905109489051095,0.8591549295774648,0.8717948717948718,0.005787037037037037,0.0,0.0
mouse_pancreas_tms_10x,pancreatic D cell,5,rank_3,rank,43,1,0.8905109489051095,0.8591549295774648,0.8717948717948718,0.005787037037037037,0.0,0.0
mouse_pancreas_tms_10x,pancreatic D cell,5,adaptive_rank,rank,43,1,0.5510204081632653,0.38028169014084506,,0.0,1.0,0.0
mouse_pancreas_tms_10x,pancreatic D cell,8,baseline,component,43,1,0.8360655737704918,0.7183098591549296,,0.0,0.0,0.0
mouse_pancreas_tms_10x,pancreatic D cell,8,minus_separability_gate,component,43,1,0.8360655737704918,0.7183098591549296,,0.0,1.0,0.0
mouse_pancreas_tms_10x,pancreatic D cell,8,minus_necessity_gate,component,43,1,0.8360655737704918,0.7183098591549296,,0.0,1.0,0.0
mouse_pancreas_tms_10x,pancreatic D cell,8,fixed_rank_1,component,43,1,0.8787878787878788,0.8169014084507042,0.7,0.003472222222222222,0.0,0.0
mouse_pancreas_tms_10x,pancreatic D cell,8,minus_conformal_tau,component,43,1,0.8360655737704918,0.7183098591549296,,0.0,1.0,0.0
mouse_pancreas_tms_10x,pancreatic D cell,8,full_method,component,43,1,0.8360655737704918,0.7183098591549296,,0.0,1.0,0.0
mouse_pancreas_tms_10x,pancreatic D cell,8,rank_1,rank,43,1,0.8787878787878788,0.8169014084507042,0.7,0.003472222222222222,0.0,0.0
mouse_pancreas_tms_10x,pancreatic D cell,8,rank_2,rank,43,1,0.8970588235294118,0.8591549295774648,0.7142857142857143,0.004629629629629629,0.0,0.0
mouse_pancreas_tms_10x,pancreatic D cell,8,rank_3,rank,43,1,0.8970588235294118,0.8591549295774648,0.7142857142857143,0.004629629629629629,0.0,0.0
mouse_pancreas_tms_10x,pancreatic D cell,8,adaptive_rank,rank,43,1,0.8360655737704918,0.7183098591549296,,0.0,1.0,0.0
mouse_pancreas_tms_10x,pancreatic D cell,17,baseline,component,43,1,0.9104477611940298,0.8591549295774648,,0.0,0.0,0.0
mouse_pancreas_tms_10x,pancreatic D cell,17,minus_separability_gate,component,43,1,0.9104477611940298,0.8591549295774648,,0.0,1.0,0.0
mouse_pancreas_tms_10x,pancreatic D cell,17,minus_necessity_gate,component,43,1,0.9104477611940298,0.8591549295774648,,0.0,1.0,0.0
mouse_pancreas_tms_10x,pancreatic D cell,17,fixed_rank_1,component,43,1,0.9064748201438849,0.8873239436619719,0.4,0.003472222222222222,0.0,0.0
mouse_pancreas_tms_10x,pancreatic D cell,17,minus_conformal_tau,component,43,1,0.9104477611940298,0.8591549295774648,,0.0,1.0,0.0
mouse_pancreas_tms_10x,pancreatic D cell,17,full_method,component,43,1,0.9104477611940298,0.8591549295774648,,0.0,1.0,0.0
mouse_pancreas_tms_10x,pancreatic D cell,17,rank_1,rank,43,1,0.9064748201438849,0.8873239436619719,0.4,0.003472222222222222,0.0,0.0
mouse_pancreas_tms_10x,pancreatic D cell,17,rank_2,rank,43,1,0.9142857142857143,0.9014084507042254,0.5,0.003472222222222222,0.0,0.0
mouse_pancreas_tms_10x,pancreatic D cell,17,rank_3,rank,43,1,0.9142857142857143,0.9014084507042254,0.5,0.003472222222222222,0.0,0.0
mouse_pancreas_tms_10x,pancreatic D cell,17,adaptive_rank,rank,43,1,0.9104477611940298,0.8591549295774648,,0.0,1.0,0.0
mouse_pancreas_tms_10x,pancreatic D cell,174,baseline,component,43,1,0.950354609929078,0.9436619718309859,,0.0,0.0,0.0
mouse_pancreas_tms_10x,pancreatic D cell,174,minus_separability_gate,component,43,1,0.950354609929078,0.9436619718309859,,0.0,1.0,0.0
mouse_pancreas_tms_10x,pancreatic D cell,174,minus_necessity_gate,component,43,1,0.950354609929078,0.9436619718309859,,0.0,1.0,0.0
mouse_pancreas_tms_10x,pancreatic D cell,174,fixed_rank_1,component,43,1,0.9315068493150684,0.9577464788732394,0.2,0.004629629629629629,0.0,0.0
mouse_pancreas_tms_10x,pancreatic D cell,174,minus_conformal_tau,component,43,1,0.950354609929078,0.9436619718309859,,0.0,1.0,0.0
mouse_pancreas_tms_10x,pancreatic D cell,174,full_method,component,43,1,0.950354609929078,0.9436619718309859,,0.0,1.0,0.0
mouse_pancreas_tms_10x,pancreatic D cell,174,rank_1,rank,43,1,0.9315068493150684,0.9577464788732394,0.2,0.004629629629629629,0.0,0.0
mouse_pancreas_tms_10x,pancreatic D cell,174,rank_2,rank,43,1,0.9251700680272109,0.9577464788732394,0.16666666666666666,0.005787037037037037,0.0,0.0
mouse_pancreas_tms_10x,pancreatic D cell,174,rank_3,rank,43,1,0.9251700680272109,0.9577464788732394,0.16666666666666666,0.005787037037037037,0.0,0.0
mouse_pancreas_tms_10x,pancreatic D cell,174,adaptive_rank,rank,43,1,0.950354609929078,0.9436619718309859,,0.0,1.0,0.0
mouse_pancreas_tms_10x,pancreatic D cell,5,baseline,component,44,1,0.7090909090909091,0.5492957746478874,,0.0,0.0,0.0
mouse_pancreas_tms_10x,pancreatic D cell,5,minus_separability_gate,component,44,1,0.7090909090909091,0.5492957746478874,,0.0,1.0,0.0
mouse_pancreas_tms_10x,pancreatic D cell,5,minus_necessity_gate,component,44,1,0.7090909090909091,0.5492957746478874,,0.0,1.0,0.0
mouse_pancreas_tms_10x,pancreatic D cell,5,fixed_rank_1,component,44,1,0.8857142857142857,0.8732394366197183,0.7666666666666667,0.008101851851851851,0.0,0.0
mouse_pancreas_tms_10x,pancreatic D cell,5,minus_conformal_tau,component,44,1,0.7090909090909091,0.5492957746478874,,0.0,1.0,0.0
mouse_pancreas_tms_10x,pancreatic D cell,5,full_method,component,44,1,0.7090909090909091,0.5492957746478874,,0.0,1.0,0.0
mouse_pancreas_tms_10x,pancreatic D cell,5,rank_1,rank,44,1,0.8857142857142857,0.8732394366197183,0.7666666666666667,0.008101851851851851,0.0,0.0
mouse_pancreas_tms_10x,pancreatic D cell,5,rank_2,rank,44,1,0.8589743589743589,0.9436619718309859,0.6086956521739131,0.020833333333333332,0.0,1.0
mouse_pancreas_tms_10x,pancreatic D cell,5,rank_3,rank,44,1,0.8535031847133758,0.9436619718309859,0.5957446808510638,0.02199074074074074,0.0,1.0
mouse_pancreas_tms_10x,pancreatic D cell,5,adaptive_rank,rank,44,1,0.7090909090909091,0.5492957746478874,,0.0,1.0,0.0
mouse_pancreas_tms_10x,pancreatic D cell,8,baseline,component,44,1,0.9076923076923077,0.8309859154929577,,0.0,0.0,0.0
mouse_pancreas_tms_10x,pancreatic D cell,8,minus_separability_gate,component,44,1,0.9076923076923077,0.8309859154929577,,0.0,1.0,0.0
mouse_pancreas_tms_10x,pancreatic D cell,8,minus_necessity_gate,component,44,1,0.9076923076923077,0.8309859154929577,,0.0,1.0,0.0
mouse_pancreas_tms_10x,pancreatic D cell,8,fixed_rank_1,component,44,1,0.948905109489051,0.9154929577464789,0.8571428571428571,0.0011574074074074073,0.0,0.0
mouse_pancreas_tms_10x,pancreatic D cell,8,minus_conformal_tau,component,44,1,0.9076923076923077,0.8309859154929577,,0.0,1.0,0.0
mouse_pancreas_tms_10x,pancreatic D cell,8,full_method,component,44,1,0.9076923076923077,0.8309859154929577,,0.0,1.0,0.0
mouse_pancreas_tms_10x,pancreatic D cell,8,rank_1,rank,44,1,0.948905109489051,0.9154929577464789,0.8571428571428571,0.0011574074074074073,0.0,0.0
mouse_pancreas_tms_10x,pancreatic D cell,8,rank_2,rank,44,1,0.9565217391304348,0.9295774647887324,0.875,0.0011574074074074073,0.0,0.0
mouse_pancreas_tms_10x,pancreatic D cell,8,rank_3,rank,44,1,0.9565217391304348,0.9295774647887324,0.875,0.0011574074074074073,0.0,0.0
mouse_pancreas_tms_10x,pancreatic D cell,8,adaptive_rank,rank,44,1,0.9076923076923077,0.8309859154929577,,0.0,1.0,0.0
mouse_pancreas_tms_10x,pancreatic D cell,17,baseline,component,44,1,0.9172932330827067,0.8591549295774648,,0.0,0.0,0.0
mouse_pancreas_tms_10x,pancreatic D cell,17,minus_separability_gate,component,44,1,0.9172932330827067,0.8591549295774648,,0.0,1.0,0.0
mouse_pancreas_tms_10x,pancreatic D cell,17,minus_necessity_gate,component,44,1,0.9172932330827067,0.8591549295774648,,0.0,1.0,0.0
mouse_pancreas_tms_10x,pancreatic D cell,17,fixed_rank_1,component,44,1,0.927536231884058,0.9014084507042254,0.6,0.0023148148148148147,0.0,0.0
mouse_pancreas_tms_10x,pancreatic D cell,17,minus_conformal_tau,component,44,1,0.9172932330827067,0.8591549295774648,,0.0,1.0,0.0
mouse_pancreas_tms_10x,pancreatic D cell,17,full_method,component,44,1,0.9172932330827067,0.8591549295774648,,0.0,1.0,0.0
mouse_pancreas_tms_10x,pancreatic D cell,17,rank_1,rank,44,1,0.927536231884058,0.9014084507042254,0.6,0.0023148148148148147,0.0,0.0
mouse_pancreas_tms_10x,pancreatic D cell,17,rank_2,rank,44,1,0.9361702127659575,0.9295774647887324,0.625,0.003472222222222222,0.0,0.0
mouse_pancreas_tms_10x,pancreatic D cell,17,rank_3,rank,44,1,0.9305555555555556,0.9436619718309859,0.5454545454545454,0.005787037037037037,0.0,0.0
mouse_pancreas_tms_10x,pancreatic D cell,17,adaptive_rank,rank,44,1,0.9172932330827067,0.8591549295774648,,0.0,1.0,0.0
mouse_pancreas_tms_10x,pancreatic D cell,174,baseline,component,44,1,0.9640287769784173,0.9436619718309859,,0.0,0.0,0.0
mouse_pancreas_tms_10x,pancreatic D cell,174,minus_separability_gate,component,44,1,0.9640287769784173,0.9436619718309859,,0.0,1.0,0.0
mouse_pancreas_tms_10x,pancreatic D cell,174,minus_necessity_gate,component,44,1,0.9640287769784173,0.9436619718309859,,0.0,1.0,0.0
mouse_pancreas_tms_10x,pancreatic D cell,174,fixed_rank_1,component,44,1,0.9583333333333334,0.971830985915493,0.4,0.003472222222222222,0.0,0.0
mouse_pancreas_tms_10x,pancreatic D cell,174,minus_conformal_tau,component,44,1,0.9640287769784173,0.9436619718309859,,0.0,1.0,0.0
mouse_pancreas_tms_10x,pancreatic D cell,174,full_method,component,44,1,0.9640287769784173,0.9436619718309859,,0.0,1.0,0.0
mouse_pancreas_tms_10x,pancreatic D cell,174,rank_1,rank,44,1,0.9583333333333334,0.971830985915493,0.4,0.003472222222222222,0.0,0.0
mouse_pancreas_tms_10x,pancreatic D cell,174,rank_2,rank,44,1,0.9583333333333334,0.971830985915493,0.4,0.003472222222222222,0.0,0.0
mouse_pancreas_tms_10x,pancreatic D cell,174,rank_3,rank,44,1,0.9583333333333334,0.971830985915493,0.4,0.003472222222222222,0.0,0.0
mouse_pancreas_tms_10x,pancreatic D cell,174,adaptive_rank,rank,44,1,0.9640287769784173,0.9436619718309859,,0.0,1.0,0.0
