method,seed,rare_class,rare_train_size,split_mode,overall_accuracy,macro_f1,rare_precision,rare_recall,rare_f1,n_candidates,n_marker_verified,rescued_rare_errors,false_rescues,modification_rate,major_to_rare_false_rescue_rate,k,gate_name,candidate_precision_for_rare_error,rare_error_recall,n_changed,dataset,separability_ratio,nearest_majority_class
baseline,42,ASDC,10,batch_heldout,0.8816432996413434,0.7383821969624317,1.0,0.0153846153846153,0.0303030303030303,0.0,0.0,0.0,0.0,0.0,0.0,,,,,,immune_dc,1.7924,pDC
knn_k15,42,ASDC,10,batch_heldout,0.8906097163351809,0.7922993750786732,1.0,0.2307692307692307,0.375,,,,,,,15.0,,,,,immune_dc,1.7924,pDC
prototype,42,ASDC,10,batch_heldout,0.8914248451255299,0.8455394892999167,0.9558823529411764,0.5,0.6565656565656566,66.0,0.0,63.0,3.0,0.0107597000326051,0.0004996668887408,,,,,,immune_dc,1.7924,pDC
prototype_gate,42,ASDC,10,batch_heldout,0.8989240299967395,0.8892140608851683,0.990909090909091,0.8384615384615385,0.9083333333333332,108.0,,107.0,1.0,0.0176067818715357,0.0001665556295802,,rank1,0.9907407407407408,0.8359375,,immune_dc,1.7924,pDC
prototype_gate_best,42,ASDC,10,batch_heldout,0.8989240299967395,0.8892140608851683,0.990909090909091,0.8384615384615385,0.9083333333333332,108.0,,107.0,1.0,0.0176067818715357,0.0001665556295802,,rank1,0.9907407407407408,0.8359375,,immune_dc,1.7924,pDC
prototype_gate_marker,42,ASDC,10,batch_heldout,0.8989240299967395,0.8892140608851683,0.990909090909091,0.8384615384615385,0.9083333333333332,108.0,108.0,107.0,1.0,0.0176067818715357,0.0001665556295802,,,,,,immune_dc,1.7924,pDC
fusion,42,ASDC,10,batch_heldout,0.8889794587544833,0.8118466811544051,1.0,0.2846153846153846,0.4431137724550898,,,35.0,0.0,0.0197261167264427,0.0,,,,0.2734375,121.0,immune_dc,1.7924,pDC
fusion_gated,42,ASDC,10,batch_heldout,0.8989240299967395,0.8892140608851683,0.990909090909091,0.8384615384615385,0.9083333333333332,,,107.0,1.0,0.0176067818715357,0.0001665556295802,,,,0.8359375,108.0,immune_dc,1.7924,pDC
baseline,42,ASDC,20,batch_heldout,0.8783827844799479,0.8008254620132781,1.0,0.3230769230769231,0.4883720930232558,0.0,0.0,0.0,0.0,0.0,0.0,,,,,,immune_dc,1.7924,pDC
knn_k15,42,ASDC,20,batch_heldout,0.892729051190088,0.827931533924367,1.0,0.4384615384615384,0.6096256684491979,,,,,,,15.0,,,,,immune_dc,1.7924,pDC
prototype,42,ASDC,20,batch_heldout,0.8868601238995761,0.8621578515212622,0.9607843137254902,0.7538461538461538,0.8448275862068966,60.0,0.0,56.0,4.0,0.0097815454841865,0.0006662225183211,,,,,,immune_dc,1.7924,pDC
prototype_gate,42,ASDC,20,batch_heldout,0.8901206390609716,0.8777982516388795,1.0,0.8769230769230769,0.9344262295081968,72.0,,72.0,0.0,0.0117378545810238,0.0,,rank1,1.0,0.8181818181818182,,immune_dc,1.7924,pDC
prototype_gate_best,42,ASDC,20,batch_heldout,0.8901206390609716,0.8777982516388795,1.0,0.8769230769230769,0.9344262295081968,72.0,,72.0,0.0,0.0117378545810238,0.0,,rank1,1.0,0.8181818181818182,,immune_dc,1.7924,pDC
prototype_gate_marker,42,ASDC,20,batch_heldout,0.8901206390609716,0.8777982516388795,1.0,0.8769230769230769,0.9344262295081968,72.0,72.0,72.0,0.0,0.0117378545810238,0.0,,,,,,immune_dc,1.7924,pDC
fusion,42,ASDC,20,batch_heldout,0.8893055102706228,0.8444442699403462,1.0,0.5230769230769231,0.6868686868686869,,,26.0,0.0,0.0203782197587218,0.0,,,,0.2954545454545454,125.0,immune_dc,1.7924,pDC
fusion_gated,42,ASDC,20,batch_heldout,0.8901206390609716,0.8777982516388795,1.0,0.8769230769230769,0.9344262295081968,,,72.0,0.0,0.0117378545810238,0.0,,,,0.8181818181818182,72.0,immune_dc,1.7924,pDC
baseline,42,ASDC,5,batch_heldout,0.8624062601891099,0.7283938948756941,1.0,0.0307692307692307,0.0597014925373134,0.0,0.0,0.0,0.0,0.0,0.0,,,,,,immune_dc,1.7924,pDC
knn_k15,42,ASDC,5,batch_heldout,0.8806651450929247,0.7261487149744084,0.0,0.0,0.0,,,,,,,15.0,,,,,immune_dc,1.7924,pDC
prototype,42,ASDC,5,batch_heldout,0.8718617541571568,0.8321132973757314,0.9305555555555556,0.5153846153846153,0.6633663366336634,68.0,0.0,63.0,5.0,0.0110857515487447,0.0008327781479013,,,,,,immune_dc,1.7924,pDC
prototype_gate,42,ASDC,5,batch_heldout,0.8798500163025758,0.8772795399632711,0.982608695652174,0.8692307692307693,0.9224489795918368,111.0,,109.0,2.0,0.018095859145745,0.0003331112591605,,rank1,0.981981981981982,0.8650793650793651,,immune_dc,1.7924,pDC
prototype_gate_best,42,ASDC,5,batch_heldout,0.8798500163025758,0.8772795399632711,0.982608695652174,0.8692307692307693,0.9224489795918368,111.0,,109.0,2.0,0.018095859145745,0.0003331112591605,,rank1,0.981981981981982,0.8650793650793651,,immune_dc,1.7924,pDC
prototype_gate_marker,42,ASDC,5,batch_heldout,0.879686990544506,0.8764091064822775,0.9910714285714286,0.8538461538461538,0.9173553719008264,111.0,108.0,107.0,1.0,0.0176067818715357,0.0001665556295802,,,,,,immune_dc,1.7924,pDC
fusion,42,ASDC,5,batch_heldout,0.8788718617541571,0.8170034949789106,1.0,0.3538461538461538,0.5227272727272727,,,42.0,0.0,0.0239647864362569,0.0,,,,0.3333333333333333,147.0,immune_dc,1.7924,pDC
fusion_gated,42,ASDC,5,batch_heldout,0.879686990544506,0.8765044639195803,0.9824561403508772,0.8615384615384616,0.918032786885246,,,108.0,2.0,0.0179328333876752,0.0003331112591605,,,,0.8571428571428571,110.0,immune_dc,1.7924,pDC
baseline,42,ASDC,50,batch_heldout,0.8878382784479948,0.8628292275728092,1.0,0.7076923076923077,0.8288288288288288,0.0,0.0,0.0,0.0,0.0,0.0,,,,,,immune_dc,1.7924,pDC
knn_k15,42,ASDC,50,batch_heldout,0.897130746657972,0.8635660605083076,1.0,0.6615384615384615,0.7962962962962963,,,,,,,15.0,,,,,immune_dc,1.7924,pDC
prototype,42,ASDC,50,batch_heldout,0.8920769481578089,0.8846238751917933,0.9609375,0.946153846153846,0.9534883720930232,36.0,0.0,31.0,5.0,0.0058689272905119,0.0008327781479013,,,,,,immune_dc,1.7924,pDC
prototype_gate,42,ASDC,50,batch_heldout,0.8922399739158787,0.8852128656177679,0.976,0.9384615384615383,0.9568627450980391,33.0,,30.0,3.0,0.0053798500163025,0.0004996668887408,,rank1,0.9090909090909092,0.7894736842105263,,immune_dc,1.7924,pDC
prototype_gate_best,42,ASDC,50,batch_heldout,0.8922399739158787,0.8852128656177679,0.976,0.9384615384615383,0.9568627450980391,33.0,,30.0,3.0,0.0053798500163025,0.0004996668887408,,rank1,0.9090909090909092,0.7894736842105263,,immune_dc,1.7924,pDC
prototype_gate_marker,42,ASDC,50,batch_heldout,0.8909357678513206,0.8792023352589019,0.982608695652174,0.8692307692307693,0.9224489795918368,33.0,23.0,21.0,2.0,0.0037495924356048,0.0003331112591605,,,,,,immune_dc,1.7924,pDC
fusion,42,ASDC,50,batch_heldout,0.8966416693837627,0.8861142027318194,1.0,0.8307692307692308,0.907563025210084,,,16.0,0.0,0.0198891424845125,0.0,,,,0.4210526315789473,122.0,immune_dc,1.7924,pDC
fusion_gated,42,ASDC,50,batch_heldout,0.8912618193674601,0.880503029196872,1.0,0.8692307692307693,0.9300411522633744,,,21.0,0.0,0.0034235409194652,0.0,,,,0.5526315789473685,21.0,immune_dc,1.7924,pDC
baseline,42,ASDC,all,batch_heldout,0.897130746657972,0.8964376632356322,0.9915254237288136,0.9,0.9435483870967742,0.0,0.0,0.0,0.0,0.0,0.0,,,,,,immune_dc,1.7924,pDC
knn_k15,42,ASDC,all,batch_heldout,0.9025105966742746,0.8871509158257392,1.0,0.8692307692307693,0.9300411522633744,,,,,,,15.0,,,,,immune_dc,1.7924,pDC
prototype,42,ASDC,all,batch_heldout,0.8950114118030649,0.8893100060143548,0.8366013071895425,0.9846153846153848,0.9045936395759716,35.0,0.0,11.0,24.0,0.0057059015324421,0.0039973351099267,,,,,,immune_dc,1.7924,pDC
prototype_gate,42,ASDC,all,batch_heldout,0.8972937724160417,0.8972453411436438,0.9834710743801652,0.9153846153846154,0.9482071713147412,3.0,,2.0,1.0,0.0004890772742093,0.0001665556295802,,rank1,0.6666666666666666,0.1538461538461538,,immune_dc,1.7924,pDC
prototype_gate_best,42,ASDC,all,batch_heldout,0.8972937724160417,0.8972453411436438,0.9834710743801652,0.9153846153846154,0.9482071713147412,3.0,,2.0,1.0,0.0004890772742093,0.0001665556295802,,rank1,0.6666666666666666,0.1538461538461538,,immune_dc,1.7924,pDC
prototype_gate_marker,42,ASDC,all,batch_heldout,0.897130746657972,0.8965081165460118,0.9833333333333332,0.9076923076923076,0.944,3.0,2.0,1.0,1.0,0.0003260515161395,0.0001665556295802,,,,,,immune_dc,1.7924,pDC
fusion,42,ASDC,all,batch_heldout,0.9012063906097164,0.90154822526774,0.9915966386554622,0.9076923076923076,0.9477911646586346,,,1.0,0.0,0.0145092924682099,0.0,,,,0.0769230769230769,89.0,immune_dc,1.7924,pDC
fusion_gated,42,ASDC,all,batch_heldout,0.8972937724160417,0.8971808252851323,0.9915966386554622,0.9076923076923076,0.9477911646586346,,,1.0,0.0,0.0001630257580697,0.0,,,,0.0769230769230769,1.0,immune_dc,1.7924,pDC
baseline,42,cDC1,10,batch_heldout,0.8439843495272253,0.7074037015203821,1.0,0.0283400809716599,0.0551181102362204,0.0,0.0,0.0,0.0,0.0,0.0,,,,,,immune_dc,1.6994,HLA-DRhi cDC2
knn_k15,42,cDC1,10,batch_heldout,0.8708835996087382,0.7801473365043967,1.0,0.242914979757085,0.3908794788273615,,,,,,,15.0,,,,,immune_dc,1.6994,HLA-DRhi cDC2
prototype,42,cDC1,10,batch_heldout,0.8597978480599935,0.8035183848698867,1.0,0.4210526315789473,0.5925925925925926,97.0,0.0,97.0,0.0,0.0158134985327681,0.0,,,,,,immune_dc,1.6994,HLA-DRhi cDC2
prototype_gate,42,cDC1,10,batch_heldout,0.8824584284316922,0.8748235957155209,0.9959183673469388,0.9878542510121456,0.991869918699187,238.0,,237.0,1.0,0.0388001304206064,0.0001698658060132,,rank1,0.9957983193277312,0.9875,,immune_dc,1.6994,HLA-DRhi cDC2
prototype_gate_best,42,cDC1,10,batch_heldout,0.8821323769155527,0.8746211663273717,0.9800796812749004,0.9959514170040484,0.9879518072289156,244.0,,239.0,5.0,0.0397782849690251,0.0008493290300662,,rank2_dscore_q90,0.9795081967213116,0.9958333333333332,,immune_dc,1.6994,HLA-DRhi cDC2
prototype_gate_marker,42,cDC1,10,batch_heldout,0.8824584284316922,0.8748235957155209,0.9959183673469388,0.9878542510121456,0.991869918699187,238.0,238.0,237.0,1.0,0.0388001304206064,0.0001698658060132,,,,,,immune_dc,1.6994,HLA-DRhi cDC2
fusion,42,cDC1,10,batch_heldout,0.8643625692859471,0.7989709554740824,1.0,0.3360323886639676,0.503030303030303,,,76.0,0.0,0.0290185849364199,0.0,,,,0.3166666666666666,178.0,immune_dc,1.6994,HLA-DRhi cDC2
fusion_gated,42,cDC1,10,batch_heldout,0.8822954026736224,0.8738548866767264,0.9959016393442623,0.9838056680161944,0.989816700610998,,,236.0,1.0,0.0386371046625366,0.0001698658060132,,,,0.9833333333333332,237.0,immune_dc,1.6994,HLA-DRhi cDC2
baseline,42,cDC1,20,batch_heldout,0.8697424193022497,0.8057214231618811,1.0,0.3198380566801619,0.4846625766871165,0.0,0.0,0.0,0.0,0.0,0.0,,,,,,immune_dc,1.6994,HLA-DRhi cDC2
knn_k15,42,cDC1,20,batch_heldout,0.8945223345288555,0.8667081391623164,1.0,0.7813765182186235,0.8772727272727273,,,,,,,15.0,,,,,immune_dc,1.6994,HLA-DRhi cDC2
prototype,42,cDC1,20,batch_heldout,0.8920769481578089,0.8868495775996171,0.990909090909091,0.8825910931174089,0.9336188436830836,141.0,0.0,139.0,2.0,0.0229866318878382,0.0003397316120264,,,,,,immune_dc,1.6994,HLA-DRhi cDC2
prototype_gate,42,cDC1,20,batch_heldout,0.895663514835344,0.8957135549144528,0.9917355371900828,0.97165991902834,0.98159509202454,163.0,,161.0,2.0,0.0265731985653733,0.0003397316120264,,rank1,0.9877300613496932,0.9583333333333334,,immune_dc,1.6994,HLA-DRhi cDC2
prototype_gate_best,42,cDC1,20,batch_heldout,0.895663514835344,0.8957135549144528,0.9917355371900828,0.97165991902834,0.98159509202454,163.0,,161.0,2.0,0.0265731985653733,0.0003397316120264,,rank1,0.9877300613496932,0.9583333333333334,,immune_dc,1.6994,HLA-DRhi cDC2
prototype_gate_marker,42,cDC1,20,batch_heldout,0.8958265405934137,0.89610726100338,1.0,0.9676113360323888,0.9835390946502056,163.0,160.0,160.0,0.0,0.026084121291164,0.0,,,,,,immune_dc,1.6994,HLA-DRhi cDC2
fusion,42,cDC1,20,batch_heldout,0.8897945875448321,0.8766816165415839,1.0,0.7530364372469636,0.859122401847575,,,107.0,0.0,0.0283664819041408,0.0,,,,0.6369047619047619,174.0,immune_dc,1.6994,HLA-DRhi cDC2
fusion_gated,42,cDC1,20,batch_heldout,0.895663514835344,0.8957135549144528,0.9917355371900828,0.97165991902834,0.98159509202454,,,161.0,2.0,0.0265731985653733,0.0003397316120264,,,,0.9583333333333334,163.0,immune_dc,1.6994,HLA-DRhi cDC2
baseline,42,cDC1,5,batch_heldout,0.8544179980436909,0.7215054134632054,0.0,0.0,0.0,0.0,0.0,0.0,0.0,0.0,0.0,,,,,,immune_dc,1.6994,HLA-DRhi cDC2
knn_k15,42,cDC1,5,batch_heldout,0.8622432344310401,0.7123176645490945,0.0,0.0,0.0,,,,,,,15.0,,,,,immune_dc,1.6994,HLA-DRhi cDC2
prototype,42,cDC1,5,batch_heldout,0.8576785132050864,0.7499992149217807,0.8461538461538461,0.0890688259109311,0.1611721611721611,26.0,0.0,22.0,4.0,0.0042386697098141,0.0006794632240529,,,,,,immune_dc,1.6994,HLA-DRhi cDC2
prototype_gate,42,cDC1,5,batch_heldout,0.8932181284642974,0.8969451710513887,0.9877049180327868,0.9757085020242916,0.9816700610997964,244.0,,241.0,3.0,0.0397782849690251,0.0005095974180397,,rank1,0.9877049180327868,0.9757085020242916,,immune_dc,1.6994,HLA-DRhi cDC2
prototype_gate_best,42,cDC1,5,batch_heldout,0.8932181284642974,0.8969451710513887,0.9877049180327868,0.9757085020242916,0.9816700610997964,244.0,,241.0,3.0,0.0397782849690251,0.0005095974180397,,rank1,0.9877049180327868,0.9757085020242916,,immune_dc,1.6994,HLA-DRhi cDC2
prototype_gate_marker,42,cDC1,5,batch_heldout,0.8932181284642974,0.8969451710513887,0.9877049180327868,0.9757085020242916,0.9816700610997964,244.0,244.0,241.0,3.0,0.0397782849690251,0.0005095974180397,,,,,,immune_dc,1.6994,HLA-DRhi cDC2
fusion,42,cDC1,5,batch_heldout,0.8593087707857842,0.7419740461656471,1.0,0.0566801619433198,0.10727969348659,,,14.0,0.0,0.0167916530811868,0.0,,,,0.0566801619433198,103.0,immune_dc,1.6994,HLA-DRhi cDC2
fusion_gated,42,cDC1,5,batch_heldout,0.8932181284642974,0.8969451710513887,0.9877049180327868,0.9757085020242916,0.9816700610997964,,,241.0,3.0,0.0397782849690251,0.0005095974180397,,,,0.9757085020242916,244.0,immune_dc,1.6994,HLA-DRhi cDC2
baseline,42,cDC1,50,batch_heldout,0.8880013042060646,0.8877616655096544,0.9959349593495936,0.9919028340080972,0.9939148073022313,0.0,0.0,0.0,0.0,0.0,0.0,,,,,,immune_dc,1.6994,HLA-DRhi cDC2
knn_k15,42,cDC1,50,batch_heldout,0.901369416367786,0.8849815586716702,1.0,0.951417004048583,0.975103734439834,,,,,,,15.0,,,,,immune_dc,1.6994,HLA-DRhi cDC2
prototype,42,cDC1,50,batch_heldout,0.8875122269318553,0.8865964684714623,0.9800796812749004,0.9959514170040484,0.9879518072289156,5.0,0.0,1.0,4.0,0.0008151287903488,0.0006794632240529,,,,,,immune_dc,1.6994,HLA-DRhi cDC2
prototype_gate,42,cDC1,50,batch_heldout,0.887675252689925,0.886991480263037,0.984,0.9959514170040484,0.9899396378269618,4.0,,1.0,3.0,0.0006521030322791,0.0005095974180397,,rank1,0.25,0.5,,immune_dc,1.6994,HLA-DRhi cDC2
prototype_gate_best,42,cDC1,50,batch_heldout,0.887675252689925,0.886991480263037,0.984,0.9959514170040484,0.9899396378269618,4.0,,1.0,3.0,0.0006521030322791,0.0005095974180397,,rank1,0.25,0.5,,immune_dc,1.6994,HLA-DRhi cDC2
prototype_gate_marker,42,cDC1,50,batch_heldout,0.8881643299641343,0.888135858402806,0.9959514170040484,0.9959514170040484,0.9959514170040484,4.0,1.0,1.0,0.0,0.0001630257580697,0.0,,,,,,immune_dc,1.6994,HLA-DRhi cDC2
fusion,42,cDC1,50,batch_heldout,0.8964786436256929,0.8957775626486354,0.9959349593495936,0.9919028340080972,0.9939148073022313,,,0.0,0.0,0.0148353439843495,0.0,,,,0.0,91.0,immune_dc,1.6994,HLA-DRhi cDC2
fusion_gated,42,cDC1,50,batch_heldout,0.8878382784479948,0.8873788915286348,0.9919028340080972,0.9919028340080972,0.9919028340080972,,,0.0,1.0,0.0001630257580697,0.0001698658060132,,,,0.0,1.0,immune_dc,1.6994,HLA-DRhi cDC2
baseline,42,cDC1,all,batch_heldout,0.897130746657972,0.8964376632356322,0.9959183673469388,0.9878542510121456,0.991869918699187,0.0,0.0,0.0,0.0,0.0,0.0,,,,,,immune_dc,1.6994,HLA-DRhi cDC2
knn_k15,42,cDC1,all,batch_heldout,0.9025105966742746,0.8871509158257392,1.0,0.9959514170040484,0.9979716024340772,,,,,,,15.0,,,,,immune_dc,1.6994,HLA-DRhi cDC2
prototype,42,cDC1,all,batch_heldout,0.8969677208999022,0.896249664463752,0.984,0.9959514170040484,0.9899396378269618,5.0,0.0,2.0,3.0,0.0008151287903488,0.0005095974180397,,,,,,immune_dc,1.6994,HLA-DRhi cDC2
prototype_gate,42,cDC1,all,batch_heldout,0.8972937724160417,0.8970127826840967,0.9919354838709676,0.9959514170040484,0.993939393939394,3.0,,2.0,1.0,0.0004890772742093,0.0001698658060132,,rank1,0.6666666666666666,0.6666666666666666,,immune_dc,1.6994,HLA-DRhi cDC2
prototype_gate_best,42,cDC1,all,batch_heldout,0.8972937724160417,0.8970127826840967,0.9919354838709676,0.9959514170040484,0.993939393939394,3.0,,2.0,1.0,0.0004890772742093,0.0001698658060132,,rank1,0.6666666666666666,0.6666666666666666,,immune_dc,1.6994,HLA-DRhi cDC2
prototype_gate_marker,42,cDC1,all,batch_heldout,0.8972937724160417,0.8970127826840967,0.9919354838709676,0.9959514170040484,0.993939393939394,3.0,3.0,2.0,1.0,0.0004890772742093,0.0001698658060132,,,,,,immune_dc,1.6994,HLA-DRhi cDC2
fusion,42,cDC1,all,batch_heldout,0.9012063906097164,0.90154822526774,0.9919354838709676,0.9959514170040484,0.993939393939394,,,2.0,1.0,0.0145092924682099,0.0001698658060132,,,,0.6666666666666666,89.0,immune_dc,1.6994,HLA-DRhi cDC2
fusion_gated,42,cDC1,all,batch_heldout,0.897130746657972,0.8964376632356322,0.9959183673469388,0.9878542510121456,0.991869918699187,,,0.0,0.0,0.0,0.0,,,,0.0,0.0,immune_dc,1.6994,HLA-DRhi cDC2
baseline,43,ASDC,10,batch_heldout,0.8787088359960874,0.7924172709513556,1.0,0.2692307692307692,0.4242424242424242,0.0,0.0,0.0,0.0,0.0,0.0,,,,,,immune_dc,1.4675,HLA-DRhi cDC2
knn_k15,43,ASDC,10,batch_heldout,0.8809911966090642,0.7495628230467782,1.0,0.1153846153846153,0.2068965517241379,,,,,,,15.0,,,,,immune_dc,1.4675,HLA-DRhi cDC2
prototype,43,ASDC,10,batch_heldout,0.8899576133029019,0.8729779033541681,0.9905660377358492,0.8076923076923077,0.8898305084745762,71.0,0.0,70.0,1.0,0.011574828822954,0.0001665556295802,,,,,,immune_dc,1.4675,HLA-DRhi cDC2
prototype_gate,43,ASDC,10,batch_heldout,0.8910987936093903,0.878939978156153,0.9586776859504132,0.8923076923076924,0.9243027888446216,86.0,,81.0,5.0,0.0140202151940006,0.0008327781479013,,rank1,0.9418604651162792,0.8526315789473684,,immune_dc,1.4675,HLA-DRhi cDC2
prototype_gate_best,43,ASDC,10,batch_heldout,0.8910987936093903,0.878939978156153,0.9586776859504132,0.8923076923076924,0.9243027888446216,86.0,,81.0,5.0,0.0140202151940006,0.0008327781479013,,rank1,0.9418604651162792,0.8526315789473684,,immune_dc,1.4675,HLA-DRhi cDC2
prototype_gate_marker,43,ASDC,10,batch_heldout,0.8915878708835996,0.8808772676008596,0.9913793103448276,0.8846153846153846,0.934959349593496,86.0,81.0,80.0,1.0,0.0132050864036517,0.0001665556295802,,,,,,immune_dc,1.4675,HLA-DRhi cDC2
fusion,43,ASDC,10,batch_heldout,0.8868601238995761,0.8482348536797394,1.0,0.5461538461538461,0.7064676616915423,,,36.0,0.0,0.0179328333876752,0.0,,,,0.3789473684210526,110.0,immune_dc,1.4675,HLA-DRhi cDC2
fusion_gated,43,ASDC,10,batch_heldout,0.8914248451255299,0.8800202530646812,1.0,0.8692307692307693,0.9300411522633744,,,78.0,0.0,0.0127160091294424,0.0,,,,0.8210526315789474,78.0,immune_dc,1.4675,HLA-DRhi cDC2
baseline,43,ASDC,20,batch_heldout,0.8863710466253668,0.864075183016798,1.0,0.6153846153846154,0.7619047619047619,0.0,0.0,0.0,0.0,0.0,0.0,,,,,,immune_dc,1.4675,HLA-DRhi cDC2
knn_k15,43,ASDC,20,batch_heldout,0.8920769481578089,0.8259636383107193,1.0,0.4307692307692308,0.6021505376344086,,,,,,,15.0,,,,,immune_dc,1.4675,HLA-DRhi cDC2
prototype,43,ASDC,20,batch_heldout,0.8912618193674601,0.8915854231045954,0.9583333333333334,0.8846153846153846,0.92,40.0,0.0,35.0,5.0,0.006521030322791,0.0008327781479013,,,,,,immune_dc,1.4675,HLA-DRhi cDC2
prototype_gate,43,ASDC,20,batch_heldout,0.8925660254320182,0.8973022490758193,0.9916666666666668,0.9153846153846154,0.952,40.0,,39.0,1.0,0.006521030322791,0.0001665556295802,,rank1,0.975,0.78,,immune_dc,1.4675,HLA-DRhi cDC2
prototype_gate_best,43,ASDC,20,batch_heldout,0.8925660254320182,0.8973022490758193,0.9916666666666668,0.9153846153846154,0.952,40.0,,39.0,1.0,0.006521030322791,0.0001665556295802,,rank1,0.975,0.78,,immune_dc,1.4675,HLA-DRhi cDC2
prototype_gate_marker,43,ASDC,20,batch_heldout,0.8925660254320182,0.8973022490758193,0.9916666666666668,0.9153846153846154,0.952,40.0,40.0,39.0,1.0,0.006521030322791,0.0001665556295802,,,,,,immune_dc,1.4675,HLA-DRhi cDC2
fusion,43,ASDC,20,batch_heldout,0.8925660254320182,0.8838055283048867,1.0,0.7615384615384615,0.8646288209606987,,,19.0,0.0,0.013042060645582,0.0,,,,0.38,80.0,immune_dc,1.4675,HLA-DRhi cDC2
fusion_gated,43,ASDC,20,batch_heldout,0.8925660254320182,0.8973022490758193,0.9916666666666668,0.9153846153846154,0.952,,,39.0,1.0,0.006521030322791,0.0001665556295802,,,,0.78,40.0,immune_dc,1.4675,HLA-DRhi cDC2
baseline,43,ASDC,5,batch_heldout,0.8788718617541571,0.7361050258753848,1.0,0.0076923076923076,0.015267175572519,0.0,0.0,0.0,0.0,0.0,0.0,,,,,,immune_dc,1.4675,HLA-DRhi cDC2
knn_k15,43,ASDC,5,batch_heldout,0.8808281708509944,0.7232716067284585,0.0,0.0,0.0,,,,,,,15.0,,,,,immune_dc,1.4675,HLA-DRhi cDC2
prototype,43,ASDC,5,batch_heldout,0.8881643299641343,0.8436045901205801,0.8918918918918919,0.5076923076923077,0.6470588235294118,73.0,0.0,65.0,8.0,0.0119008803390935,0.0013324450366422,,,,,,immune_dc,1.4675,HLA-DRhi cDC2
prototype_gate,43,ASDC,5,batch_heldout,0.895663514835344,0.8868076457060661,0.956140350877193,0.8384615384615385,0.8934426229508197,113.0,,108.0,5.0,0.0184219106618845,0.0008327781479013,,rank1,0.9557522123893806,0.8372093023255814,,immune_dc,1.4675,HLA-DRhi cDC2
prototype_gate_best,43,ASDC,5,batch_heldout,0.895663514835344,0.8868076457060661,0.956140350877193,0.8384615384615385,0.8934426229508197,113.0,,108.0,5.0,0.0184219106618845,0.0008327781479013,,rank1,0.9557522123893806,0.8372093023255814,,immune_dc,1.4675,HLA-DRhi cDC2
prototype_gate_marker,43,ASDC,5,batch_heldout,0.8958265405934137,0.8874689981645708,0.9646017699115044,0.8384615384615385,0.897119341563786,113.0,112.0,108.0,4.0,0.0182588849038148,0.0006662225183211,,,,,,immune_dc,1.4675,HLA-DRhi cDC2
fusion,43,ASDC,5,batch_heldout,0.8888164329964134,0.8324666920117433,1.0,0.3923076923076923,0.56353591160221,,,50.0,0.0,0.0210303227910009,0.0,,,,0.3875968992248062,129.0,immune_dc,1.4675,HLA-DRhi cDC2
fusion_gated,43,ASDC,5,batch_heldout,0.8955004890772742,0.8860055024320301,0.9557522123893806,0.8307692307692308,0.8888888888888888,,,107.0,5.0,0.0182588849038148,0.0008327781479013,,,,0.8294573643410853,112.0,immune_dc,1.4675,HLA-DRhi cDC2
baseline,43,ASDC,50,batch_heldout,0.8914248451255299,0.8711659693317477,1.0,0.823076923076923,0.9029535864978904,0.0,0.0,0.0,0.0,0.0,0.0,,,,,,immune_dc,1.4675,HLA-DRhi cDC2
knn_k15,43,ASDC,50,batch_heldout,0.8943593087707857,0.8559953280263017,1.0,0.6461538461538462,0.7850467289719626,,,,,,,15.0,,,,,immune_dc,1.4675,HLA-DRhi cDC2
prototype,43,ASDC,50,batch_heldout,0.8919139223997392,0.8751615528568587,0.8873239436619719,0.9692307692307692,0.9264705882352942,35.0,0.0,19.0,16.0,0.0057059015324421,0.0026648900732844,,,,,,immune_dc,1.4675,HLA-DRhi cDC2
prototype_gate,43,ASDC,50,batch_heldout,0.8920769481578089,0.8751244657268854,0.937007874015748,0.9153846153846154,0.926070038910506,20.0,,12.0,8.0,0.0032605151613955,0.0013324450366422,,rank1,0.6,0.5217391304347826,,immune_dc,1.4675,HLA-DRhi cDC2
prototype_gate_best,43,ASDC,50,batch_heldout,0.8920769481578089,0.8751244657268854,0.937007874015748,0.9153846153846154,0.926070038910506,20.0,,12.0,8.0,0.0032605151613955,0.0013324450366422,,rank1,0.6,0.5217391304347826,,immune_dc,1.4675,HLA-DRhi cDC2
prototype_gate_marker,43,ASDC,50,batch_heldout,0.8920769481578089,0.8751244657268854,0.937007874015748,0.9153846153846154,0.926070038910506,20.0,20.0,12.0,8.0,0.0032605151613955,0.0013324450366422,,,,,,immune_dc,1.4675,HLA-DRhi cDC2
fusion,43,ASDC,50,batch_heldout,0.8930551027062276,0.8776628146040019,1.0,0.8307692307692308,0.907563025210084,,,1.0,0.0,0.0078252363873492,0.0,,,,0.0434782608695652,48.0,immune_dc,1.4675,HLA-DRhi cDC2
fusion_gated,43,ASDC,50,batch_heldout,0.8922399739158787,0.8757757502075313,0.9444444444444444,0.9153846153846154,0.9296875,,,12.0,7.0,0.0030974894033257,0.0011658894070619,,,,0.5217391304347826,19.0,immune_dc,1.4675,HLA-DRhi cDC2
baseline,43,ASDC,all,batch_heldout,0.8997391587870883,0.900094337662323,0.9834710743801652,0.9153846153846154,0.9482071713147412,0.0,0.0,0.0,0.0,0.0,0.0,,,,,,immune_dc,1.4675,HLA-DRhi cDC2
knn_k15,43,ASDC,all,batch_heldout,0.8999021845451581,0.8780759708037754,1.0,0.8461538461538461,0.9166666666666666,,,,,,,15.0,,,,,immune_dc,1.4675,HLA-DRhi cDC2
prototype,43,ASDC,all,batch_heldout,0.8951744375611347,0.8843687392173756,0.7664670658682635,0.9846153846153848,0.8619528619528619,46.0,0.0,9.0,37.0,0.0074991848712096,0.0061625582944703,,,,,,immune_dc,1.4675,HLA-DRhi cDC2
prototype_gate,43,ASDC,all,batch_heldout,0.8997391587870883,0.9003173037240403,0.9534883720930232,0.946153846153846,0.9498069498069498,8.0,,4.0,4.0,0.0013042060645582,0.0006662225183211,,rank1,0.5,0.3636363636363636,,immune_dc,1.4675,HLA-DRhi cDC2
prototype_gate_best,43,ASDC,all,batch_heldout,0.8997391587870883,0.9003173037240403,0.9534883720930232,0.946153846153846,0.9498069498069498,8.0,,4.0,4.0,0.0013042060645582,0.0006662225183211,,rank1,0.5,0.3636363636363636,,immune_dc,1.4675,HLA-DRhi cDC2
prototype_gate_marker,43,ASDC,all,batch_heldout,0.900065210303228,0.9016490365265528,0.968503937007874,0.946153846153846,0.9571984435797666,8.0,6.0,4.0,2.0,0.0009781545484186,0.0003331112591605,,,,,,immune_dc,1.4675,HLA-DRhi cDC2
fusion,43,ASDC,all,batch_heldout,0.901532442125856,0.9022408371329508,0.9834710743801652,0.9153846153846154,0.9482071713147412,,,0.0,0.0,0.0037495924356048,0.0,,,,0.0,23.0,immune_dc,1.4675,HLA-DRhi cDC2
fusion_gated,43,ASDC,all,batch_heldout,0.8999021845451581,0.9008274172239492,0.9836065573770492,0.9230769230769232,0.9523809523809524,,,1.0,0.0,0.0001630257580697,0.0,,,,0.0909090909090909,1.0,immune_dc,1.4675,HLA-DRhi cDC2
baseline,43,cDC1,10,batch_heldout,0.8599608738180633,0.7212189285075157,0.0,0.0,0.0,0.0,0.0,0.0,0.0,0.0,0.0,,,,,,immune_dc,1.7247,HLA-DRhi cDC2
knn_k15,43,cDC1,10,batch_heldout,0.8743071405282035,0.7866920419889919,1.0,0.2874493927125506,0.4465408805031446,,,,,,,15.0,,,,,immune_dc,1.7247,HLA-DRhi cDC2
prototype,43,cDC1,10,batch_heldout,0.868112161721552,0.7789937290348415,1.0,0.2024291497975708,0.3367003367003367,50.0,0.0,50.0,0.0,0.0081512879034887,0.0,,,,,,immune_dc,1.7247,HLA-DRhi cDC2
prototype_gate,43,cDC1,10,batch_heldout,0.8976198239321813,0.8903362941499515,0.979253112033195,0.9554655870445344,0.9672131147540984,241.0,,236.0,5.0,0.0392892076948157,0.0008493290300662,,rank1,0.979253112033195,0.9554655870445344,,immune_dc,1.7247,HLA-DRhi cDC2
prototype_gate_best,43,cDC1,10,batch_heldout,0.8982719269644603,0.8919026640224303,0.9607843137254902,0.9919028340080972,0.9760956175298804,255.0,,245.0,10.0,0.0415715683077926,0.0016986580601324,,rank2_dscore_q90,0.9607843137254902,0.9919028340080972,,immune_dc,1.7247,HLA-DRhi cDC2
prototype_gate_marker,43,cDC1,10,batch_heldout,0.897782849690251,0.8907160355001315,0.9833333333333332,0.9554655870445344,0.969199178644764,241.0,240.0,236.0,4.0,0.039126181936746,0.0006794632240529,,,,,,immune_dc,1.7247,HLA-DRhi cDC2
fusion,43,cDC1,10,batch_heldout,0.8715357026410173,0.7712367701082671,1.0,0.1376518218623481,0.2419928825622775,,,35.0,0.0,0.0176067818715357,0.0,,,,0.1417004048582996,108.0,immune_dc,1.7247,HLA-DRhi cDC2
fusion_gated,43,cDC1,10,batch_heldout,0.8976198239321813,0.8903362941499515,0.979253112033195,0.9554655870445344,0.9672131147540984,,,236.0,5.0,0.0392892076948157,0.0008493290300662,,,,0.9554655870445344,241.0,immune_dc,1.7247,HLA-DRhi cDC2
baseline,43,cDC1,20,batch_heldout,0.8373002934463645,0.7195951810242457,1.0,0.0404858299595141,0.0778210116731517,0.0,0.0,0.0,0.0,0.0,0.0,,,,,,immune_dc,1.7247,HLA-DRhi cDC2
knn_k15,43,cDC1,20,batch_heldout,0.8906097163351809,0.8529904967108713,1.0,0.7125506072874493,0.8321513002364066,,,,,,,15.0,,,,,immune_dc,1.7247,HLA-DRhi cDC2
prototype,43,cDC1,20,batch_heldout,0.8573524616889469,0.8272224084967524,1.0,0.5384615384615384,0.7,123.0,0.0,123.0,0.0,0.0200521682425823,0.0,,,,,,immune_dc,1.7247,HLA-DRhi cDC2
prototype_gate,43,cDC1,20,batch_heldout,0.8743071405282035,0.8770978810409892,0.979757085020243,0.979757085020243,0.979757085020243,237.0,,232.0,5.0,0.0386371046625366,0.0008493290300662,,rank1,0.978902953586498,0.978902953586498,,immune_dc,1.7247,HLA-DRhi cDC2
prototype_gate_best,43,cDC1,20,batch_heldout,0.8743071405282035,0.8770978810409892,0.979757085020243,0.979757085020243,0.979757085020243,237.0,,232.0,5.0,0.0386371046625366,0.0008493290300662,,rank1,0.978902953586498,0.978902953586498,,immune_dc,1.7247,HLA-DRhi cDC2
prototype_gate_marker,43,cDC1,20,batch_heldout,0.874633192044343,0.8778528695662802,0.9877551020408164,0.979757085020243,0.983739837398374,237.0,235.0,232.0,3.0,0.0383110531463971,0.0005095974180397,,,,,,immune_dc,1.7247,HLA-DRhi cDC2
fusion,43,cDC1,20,batch_heldout,0.8635474404955983,0.823229769648152,1.0,0.4493927125506073,0.6201117318435754,,,101.0,0.0,0.0350505379850016,0.0,,,,0.4261603375527426,215.0,immune_dc,1.7247,HLA-DRhi cDC2
fusion_gated,43,cDC1,20,batch_heldout,0.8743071405282035,0.8770978810409892,0.979757085020243,0.979757085020243,0.979757085020243,,,232.0,5.0,0.0386371046625366,0.0008493290300662,,,,0.978902953586498,237.0,immune_dc,1.7247,HLA-DRhi cDC2
baseline,43,cDC1,5,batch_heldout,0.857189435930877,0.7186102999513101,1.0,0.0040485829959514,0.0080645161290322,0.0,0.0,0.0,0.0,0.0,0.0,,,,,,immune_dc,1.7247,HLA-DRhi cDC2
knn_k15,43,cDC1,5,batch_heldout,0.8593087707857842,0.7087046836359533,0.0,0.0,0.0,,,,,,,15.0,,,,,immune_dc,1.7247,HLA-DRhi cDC2
prototype,43,cDC1,5,batch_heldout,0.8627323117052494,0.7598143142164213,1.0,0.1417004048582996,0.2482269503546099,34.0,0.0,34.0,0.0,0.0055428757743723,0.0,,,,,,immune_dc,1.7247,HLA-DRhi cDC2
prototype_gate,43,cDC1,5,batch_heldout,0.8961525921095533,0.8901981115954608,1.0,0.97165991902834,0.9856262833675564,239.0,,239.0,0.0,0.0389631561786762,0.0,,rank1,1.0,0.9715447154471544,,immune_dc,1.7247,HLA-DRhi cDC2
prototype_gate_best,43,cDC1,5,batch_heldout,0.8958265405934137,0.8894124162172136,0.9722222222222222,0.9919028340080972,0.9819639278557114,251.0,,244.0,7.0,0.0409194652755135,0.0011890606420927,,rank2_dscore_q90,0.9721115537848606,0.991869918699187,,immune_dc,1.7247,HLA-DRhi cDC2
prototype_gate_marker,43,cDC1,5,batch_heldout,0.8961525921095533,0.8901981115954608,1.0,0.97165991902834,0.9856262833675564,239.0,239.0,239.0,0.0,0.0389631561786762,0.0,,,,,,immune_dc,1.7247,HLA-DRhi cDC2
fusion,43,cDC1,5,batch_heldout,0.8628953374633193,0.7547071967416948,1.0,0.1093117408906882,0.1970802919708029,,,26.0,0.0,0.0176067818715357,0.0,,,,0.1056910569105691,108.0,immune_dc,1.7247,HLA-DRhi cDC2
fusion_gated,43,cDC1,5,batch_heldout,0.8961525921095533,0.8901981115954608,1.0,0.97165991902834,0.9856262833675564,,,239.0,0.0,0.0389631561786762,0.0,,,,0.9715447154471544,239.0,immune_dc,1.7247,HLA-DRhi cDC2
baseline,43,cDC1,50,batch_heldout,0.8726768829475057,0.8739030149900032,1.0,0.9757085020242916,0.9877049180327868,0.0,0.0,0.0,0.0,0.0,0.0,,,,,,immune_dc,1.7247,HLA-DRhi cDC2
knn_k15,43,cDC1,50,batch_heldout,0.902184545158135,0.8804688173094665,1.0,0.9352226720647774,0.9665271966527196,,,,,,,15.0,,,,,immune_dc,1.7247,HLA-DRhi cDC2
prototype,43,cDC1,50,batch_heldout,0.873165960221715,0.8752220964372498,0.9919354838709676,0.9959514170040484,0.993939393939394,7.0,0.0,5.0,2.0,0.0011411803064884,0.0003397316120264,,,,,,immune_dc,1.7247,HLA-DRhi cDC2
prototype_gate,43,cDC1,50,batch_heldout,0.8726768829475057,0.8740468953980529,0.9800796812749004,0.9959514170040484,0.9879518072289156,10.0,,5.0,5.0,0.0016302575806977,0.0008493290300662,,rank1,0.5,0.8333333333333334,,immune_dc,1.7247,HLA-DRhi cDC2
prototype_gate_best,43,cDC1,50,batch_heldout,0.8728399087055755,0.8742833505549154,1.0,0.979757085020243,0.9897750511247444,1.0,,1.0,0.0,0.0001630257580697,0.0,,rank2_margin_q25_neighbor_major,1.0,0.1666666666666666,,immune_dc,1.7247,HLA-DRhi cDC2
prototype_gate_marker,43,cDC1,50,batch_heldout,0.8734920117378546,0.8760121365693769,1.0,0.9959514170040484,0.9979716024340772,10.0,5.0,5.0,0.0,0.0008151287903488,0.0,,,,,,immune_dc,1.7247,HLA-DRhi cDC2
fusion,43,cDC1,50,batch_heldout,0.8790348875122269,0.8841212187100638,1.0,0.9838056680161944,0.9918367346938776,,,2.0,0.0,0.0133681121617215,0.0,,,,0.3333333333333333,82.0,immune_dc,1.7247,HLA-DRhi cDC2
fusion_gated,43,cDC1,50,batch_heldout,0.8726768829475057,0.8739030149900032,1.0,0.9757085020242916,0.9877049180327868,,,0.0,0.0,0.0,0.0,,,,0.0,0.0,immune_dc,1.7247,HLA-DRhi cDC2
baseline,43,cDC1,all,batch_heldout,0.8997391587870883,0.900094337662323,0.9959183673469388,0.9878542510121456,0.991869918699187,0.0,0.0,0.0,0.0,0.0,0.0,,,,,,immune_dc,1.7247,HLA-DRhi cDC2
knn_k15,43,cDC1,all,batch_heldout,0.8999021845451581,0.8780759708037754,1.0,0.9919028340080972,0.9959349593495936,,,,,,,15.0,,,,,immune_dc,1.7247,HLA-DRhi cDC2
prototype,43,cDC1,all,batch_heldout,0.8979458754483208,0.8961257360429506,0.946153846153846,0.9959514170040484,0.970414201183432,15.0,0.0,2.0,13.0,0.0024453863710466,0.0022082554781722,,,,,,immune_dc,1.7247,HLA-DRhi cDC2
prototype_gate,43,cDC1,all,batch_heldout,0.8990870557548093,0.8987485942643576,0.9723320158102768,0.9959514170040484,0.984,8.0,,2.0,6.0,0.0013042060645582,0.0010191948360794,,rank1,0.25,0.6666666666666666,,immune_dc,1.7247,HLA-DRhi cDC2
prototype_gate_best,43,cDC1,all,batch_heldout,0.8990870557548093,0.8987485942643576,0.9723320158102768,0.9959514170040484,0.984,8.0,,2.0,6.0,0.0013042060645582,0.0010191948360794,,rank1,0.25,0.6666666666666666,,immune_dc,1.7247,HLA-DRhi cDC2
prototype_gate_marker,43,cDC1,all,batch_heldout,0.8995761330290186,0.899888357879629,0.984,0.9959514170040484,0.9899396378269618,8.0,5.0,2.0,3.0,0.0008151287903488,0.0005095974180397,,,,,,immune_dc,1.7247,HLA-DRhi cDC2
fusion,43,cDC1,all,batch_heldout,0.901532442125856,0.9022408371329508,0.9959349593495936,0.9919028340080972,0.9939148073022313,,,1.0,0.0,0.0037495924356048,0.0,,,,0.3333333333333333,23.0,immune_dc,1.7247,HLA-DRhi cDC2
fusion_gated,43,cDC1,all,batch_heldout,0.8990870557548093,0.8987485942643576,0.9723320158102768,0.9959514170040484,0.984,,,2.0,6.0,0.0013042060645582,0.0010191948360794,,,,0.6666666666666666,8.0,immune_dc,1.7247,HLA-DRhi cDC2
baseline,44,ASDC,10,batch_heldout,0.8718617541571568,0.7236308031006412,1.0,0.0153846153846153,0.0303030303030303,0.0,0.0,0.0,0.0,0.0,0.0,,,,,,immune_dc,1.169,pDC
knn_k15,44,ASDC,10,batch_heldout,0.8845777632865993,0.7544760994864977,1.0,0.0923076923076923,0.1690140845070422,,,,,,,15.0,,,,,immune_dc,1.169,pDC
prototype,44,ASDC,10,batch_heldout,0.8821323769155527,0.8369936385024296,0.8823529411764706,0.5769230769230769,0.6976744186046512,83.0,0.0,73.0,10.0,0.0135311379197913,0.0016655562958027,,,,,,immune_dc,1.169,pDC
prototype_gate,44,ASDC,10,batch_heldout,0.8886534072383436,0.8722529278664141,0.9565217391304348,0.8461538461538461,0.8979591836734694,113.0,,108.0,5.0,0.0184219106618845,0.0008327781479013,,rank1,0.9557522123893806,0.84375,,immune_dc,1.169,pDC
prototype_gate_best,44,ASDC,10,batch_heldout,0.8886534072383436,0.8722529278664141,0.9565217391304348,0.8461538461538461,0.8979591836734694,113.0,,108.0,5.0,0.0184219106618845,0.0008327781479013,,rank1,0.9557522123893806,0.84375,,immune_dc,1.169,pDC
prototype_gate_marker,44,ASDC,10,batch_heldout,0.8845777632865993,0.8493768691104332,0.9761904761904762,0.6307692307692307,0.7663551401869159,113.0,82.0,80.0,2.0,0.0133681121617215,0.0003331112591605,,,,,,immune_dc,1.169,pDC
fusion,44,ASDC,10,batch_heldout,0.8798500163025758,0.8117436634099954,1.0,0.3461538461538461,0.5142857142857142,,,43.0,0.0,0.019563090968373,0.0,,,,0.3359375,120.0,immune_dc,1.169,pDC
fusion_gated,44,ASDC,10,batch_heldout,0.8888164329964134,0.8726464026790981,0.9818181818181818,0.8307692307692308,0.9,,,106.0,2.0,0.0176067818715357,0.0003331112591605,,,,0.828125,108.0,immune_dc,1.169,pDC
baseline,44,ASDC,20,batch_heldout,0.8803390935767851,0.8296802888494321,1.0,0.5615384615384615,0.7192118226600985,0.0,0.0,0.0,0.0,0.0,0.0,,,,,,immune_dc,1.169,pDC
knn_k15,44,ASDC,20,batch_heldout,0.8925660254320182,0.8264382318414841,1.0,0.4615384615384615,0.631578947368421,,,,,,,15.0,,,,,immune_dc,1.169,pDC
prototype,44,ASDC,20,batch_heldout,0.8863710466253668,0.8644955976333666,0.9661016949152542,0.8769230769230769,0.9193548387096774,45.0,0.0,41.0,4.0,0.0073361591131398,0.0006662225183211,,,,,,immune_dc,1.169,pDC
prototype_gate,44,ASDC,20,batch_heldout,0.8858819693511575,0.862148692554141,0.9652173913043478,0.8538461538461538,0.9061224489795918,42.0,,38.0,4.0,0.0068470818389305,0.0006662225183211,,rank1,0.9047619047619048,0.6666666666666666,,immune_dc,1.169,pDC
prototype_gate_best,44,ASDC,20,batch_heldout,0.8858819693511575,0.862148692554141,0.9652173913043478,0.8538461538461538,0.9061224489795918,42.0,,38.0,4.0,0.0068470818389305,0.0006662225183211,,rank1,0.9047619047619048,0.6666666666666666,,immune_dc,1.169,pDC
prototype_gate_marker,44,ASDC,20,batch_heldout,0.886208020867297,0.8634869288793389,0.9823008849557522,0.8538461538461538,0.9135802469135802,42.0,40.0,38.0,2.0,0.006521030322791,0.0003331112591605,,,,,,immune_dc,1.169,pDC
fusion,44,ASDC,20,batch_heldout,0.8888164329964134,0.8592460297731194,1.0,0.7384615384615385,0.8495575221238938,,,23.0,0.0,0.0215194000652103,0.0,,,,0.4035087719298245,132.0,immune_dc,1.169,pDC
fusion_gated,44,ASDC,20,batch_heldout,0.8858819693511575,0.862148692554141,0.9652173913043478,0.8538461538461538,0.9061224489795918,,,38.0,4.0,0.0068470818389305,0.0006662225183211,,,,0.6666666666666666,42.0,immune_dc,1.169,pDC
baseline,44,ASDC,5,batch_heldout,0.8798500163025758,0.7281877927777747,0.0,0.0,0.0,0.0,0.0,0.0,0.0,0.0,0.0,,,,,,immune_dc,1.169,pDC
knn_k15,44,ASDC,5,batch_heldout,0.887023149657646,0.7231371880308811,0.0,0.0,0.0,,,,,,,15.0,,,,,immune_dc,1.169,pDC
prototype,44,ASDC,5,batch_heldout,0.8894685360286926,0.8358143309854119,0.9682539682539684,0.4692307692307692,0.6321243523316062,63.0,0.0,61.0,2.0,0.0102706227583958,0.0003331112591605,,,,,,immune_dc,1.169,pDC
prototype_gate,44,ASDC,5,batch_heldout,0.8968046951418324,0.8806314969460657,0.9814814814814816,0.8153846153846154,0.8907563025210085,108.0,,106.0,2.0,0.0176067818715357,0.0003331112591605,,rank1,0.9814814814814816,0.8153846153846154,,immune_dc,1.169,pDC
prototype_gate_best,44,ASDC,5,batch_heldout,0.8968046951418324,0.8806314969460657,0.9814814814814816,0.8153846153846154,0.8907563025210085,108.0,,106.0,2.0,0.0176067818715357,0.0003331112591605,,rank1,0.9814814814814816,0.8153846153846154,,immune_dc,1.169,pDC
prototype_gate_marker,44,ASDC,5,batch_heldout,0.897130746657972,0.8819855870540553,1.0,0.8153846153846154,0.8983050847457628,108.0,106.0,106.0,0.0,0.0172807303553961,0.0,,,,,,immune_dc,1.169,pDC
fusion,44,ASDC,5,batch_heldout,0.8910987936093903,0.8078616304121983,1.0,0.2923076923076923,0.4523809523809524,,,38.0,0.0,0.0213563743071405,0.0,,,,0.2923076923076923,131.0,immune_dc,1.169,pDC
fusion_gated,44,ASDC,5,batch_heldout,0.8968046951418324,0.8804886625339948,0.9905660377358492,0.8076923076923077,0.8898305084745762,,,105.0,1.0,0.0172807303553961,0.0001665556295802,,,,0.8076923076923077,106.0,immune_dc,1.169,pDC
baseline,44,ASDC,50,batch_heldout,0.8924029996739485,0.8851810773721418,0.9908256880733946,0.8307692307692308,0.9037656903765692,0.0,0.0,0.0,0.0,0.0,0.0,,,,,,immune_dc,1.169,pDC
knn_k15,44,ASDC,50,batch_heldout,0.8987610042386697,0.8612338526816911,1.0,0.7153846153846154,0.8340807174887892,,,,,,,15.0,,,,,immune_dc,1.169,pDC
prototype,44,ASDC,50,batch_heldout,0.8922399739158787,0.8864512005567856,0.8680555555555556,0.9615384615384616,0.9124087591240876,35.0,0.0,17.0,18.0,0.0057059015324421,0.002998001332445,,,,,,immune_dc,1.169,pDC
prototype_gate,44,ASDC,50,batch_heldout,0.8928920769481578,0.8880637036107681,0.9508196721311476,0.8923076923076924,0.9206349206349206,13.0,,8.0,5.0,0.002119334854907,0.0008327781479013,,rank1,0.6153846153846154,0.3636363636363636,,immune_dc,1.169,pDC
prototype_gate_best,44,ASDC,50,batch_heldout,0.8928920769481578,0.8880637036107681,0.9508196721311476,0.8923076923076924,0.9206349206349206,13.0,,8.0,5.0,0.002119334854907,0.0008327781479013,,rank1,0.6153846153846154,0.3636363636363636,,immune_dc,1.169,pDC
prototype_gate_marker,44,ASDC,50,batch_heldout,0.8930551027062276,0.8887292605947087,0.9586776859504132,0.8923076923076924,0.9243027888446216,13.0,12.0,8.0,4.0,0.0019563090968373,0.0006662225183211,,,,,,immune_dc,1.169,pDC
fusion,44,ASDC,50,batch_heldout,0.8945223345288555,0.8900834176964182,1.0,0.8461538461538461,0.9166666666666666,,,2.0,0.0,0.013042060645582,0.0,,,,0.0909090909090909,80.0,immune_dc,1.169,pDC
fusion_gated,44,ASDC,50,batch_heldout,0.8933811542223671,0.8899978114147884,0.9829059829059827,0.8846153846153846,0.931174089068826,,,7.0,1.0,0.0013042060645582,0.0001665556295802,,,,0.3181818181818182,8.0,immune_dc,1.169,pDC
baseline,44,ASDC,all,batch_heldout,0.8912618193674601,0.884866602668232,0.9834710743801652,0.9153846153846154,0.9482071713147412,0.0,0.0,0.0,0.0,0.0,0.0,,,,,,immune_dc,1.169,pDC
knn_k15,44,ASDC,all,batch_heldout,0.9041408542549724,0.8853403924585342,0.9912280701754386,0.8692307692307693,0.9262295081967212,,,,,,,15.0,,,,,immune_dc,1.169,pDC
prototype,44,ASDC,all,batch_heldout,0.8899576133029019,0.8804480338665829,0.8707482993197279,0.9846153846153848,0.924187725631769,26.0,0.0,9.0,17.0,0.0042386697098141,0.0028314457028647,,,,,,immune_dc,1.169,pDC
prototype_gate,44,ASDC,all,batch_heldout,0.8917508966416694,0.8870674379295153,0.9838709677419356,0.9384615384615383,0.9606299212598424,3.0,,3.0,0.0,0.0004890772742093,0.0,,rank1,1.0,0.2727272727272727,,immune_dc,1.169,pDC
prototype_gate_best,44,ASDC,all,batch_heldout,0.8917508966416694,0.8870674379295153,0.9838709677419356,0.9384615384615383,0.9606299212598424,3.0,,3.0,0.0,0.0004890772742093,0.0,,rank1,1.0,0.2727272727272727,,immune_dc,1.169,pDC
prototype_gate_marker,44,ASDC,all,batch_heldout,0.8914248451255299,0.8856056690953756,0.9836065573770492,0.9230769230769232,0.9523809523809524,3.0,1.0,1.0,0.0,0.0001630257580697,0.0,,,,,,immune_dc,1.169,pDC
fusion,44,ASDC,all,batch_heldout,0.8951744375611347,0.8896087824219593,0.9834710743801652,0.9153846153846154,0.9482071713147412,,,1.0,0.0,0.0140202151940006,0.0,,,,0.0909090909090909,86.0,immune_dc,1.169,pDC
fusion_gated,44,ASDC,all,batch_heldout,0.8914248451255299,0.8856056690953756,0.9836065573770492,0.9230769230769232,0.9523809523809524,,,1.0,0.0,0.0001630257580697,0.0,,,,0.0909090909090909,1.0,immune_dc,1.169,pDC
baseline,44,cDC1,10,batch_heldout,0.8519726116726443,0.716448063213766,1.0,0.0242914979757085,0.0474308300395256,0.0,0.0,0.0,0.0,0.0,0.0,,,,,,immune_dc,1.1379,HLA-DRhi cDC2
knn_k15,44,cDC1,10,batch_heldout,0.8611020541245517,0.7164673181326368,1.0,0.020242914979757,0.0396825396825396,,,,,,,15.0,,,,,immune_dc,1.1379,HLA-DRhi cDC2
prototype,44,cDC1,10,batch_heldout,0.8567003586566677,0.7528127850528468,0.9487179487179488,0.1497975708502024,0.2587412587412587,33.0,0.0,31.0,2.0,0.0053798500163025,0.0003397316120264,,,,,,immune_dc,1.1379,HLA-DRhi cDC2
prototype_gate,44,cDC1,10,batch_heldout,0.8893055102706228,0.8794450970296296,0.9875518672199172,0.9635627530364372,0.9754098360655736,235.0,,232.0,3.0,0.0383110531463971,0.0005095974180397,,rank1,0.9872340425531916,0.9626556016597512,,immune_dc,1.1379,HLA-DRhi cDC2
prototype_gate_best,44,cDC1,10,batch_heldout,0.8893055102706228,0.8794450970296296,0.9875518672199172,0.9635627530364372,0.9754098360655736,235.0,,232.0,3.0,0.0383110531463971,0.0005095974180397,,rank1,0.9872340425531916,0.9626556016597512,,immune_dc,1.1379,HLA-DRhi cDC2
prototype_gate_marker,44,cDC1,10,batch_heldout,0.8893055102706228,0.8794450970296296,0.9875518672199172,0.9635627530364372,0.9754098360655736,235.0,235.0,232.0,3.0,0.0383110531463971,0.0005095974180397,,,,,,immune_dc,1.1379,HLA-DRhi cDC2
fusion,44,cDC1,10,batch_heldout,0.8596348223019237,0.7428743244434693,1.0,0.0850202429149797,0.1567164179104477,,,15.0,0.0,0.0154874470166286,0.0,,,,0.0622406639004149,95.0,immune_dc,1.1379,HLA-DRhi cDC2
fusion_gated,44,cDC1,10,batch_heldout,0.8893055102706228,0.8794450970296296,0.9875518672199172,0.9635627530364372,0.9754098360655736,,,232.0,3.0,0.0383110531463971,0.0005095974180397,,,,0.9626556016597512,235.0,immune_dc,1.1379,HLA-DRhi cDC2
baseline,44,cDC1,20,batch_heldout,0.8505053798500163,0.7088176661146561,1.0,0.0323886639676113,0.0627450980392156,0.0,0.0,0.0,0.0,0.0,0.0,,,,,,immune_dc,1.1379,HLA-DRhi cDC2
knn_k15,44,cDC1,20,batch_heldout,0.883273557222041,0.8262258893467753,1.0,0.5506072874493927,0.7101827676240209,,,,,,,15.0,,,,,immune_dc,1.1379,HLA-DRhi cDC2
prototype,44,cDC1,20,batch_heldout,0.8743071405282035,0.8328196441269601,0.9935897435897436,0.6275303643724697,0.7692307692307693,148.0,0.0,147.0,1.0,0.0241278121943267,0.0001698658060132,,,,,,immune_dc,1.1379,HLA-DRhi cDC2
prototype_gate,44,cDC1,20,batch_heldout,0.8883273557222041,0.8722532847764848,0.9878048780487804,0.9838056680161944,0.9858012170385396,238.0,,235.0,3.0,0.0388001304206064,0.0005095974180397,,rank1,0.9873949579831932,0.9832635983263598,,immune_dc,1.1379,HLA-DRhi cDC2
prototype_gate_best,44,cDC1,20,batch_heldout,0.8883273557222041,0.8722532847764848,0.9878048780487804,0.9838056680161944,0.9858012170385396,238.0,,235.0,3.0,0.0388001304206064,0.0005095974180397,,rank1,0.9873949579831932,0.9832635983263598,,immune_dc,1.1379,HLA-DRhi cDC2
prototype_gate_marker,44,cDC1,20,batch_heldout,0.8884903814802739,0.8726490158908974,1.0,0.9757085020242916,0.9877049180327868,238.0,233.0,233.0,0.0,0.0379850016302575,0.0,,,,,,immune_dc,1.1379,HLA-DRhi cDC2
fusion,44,cDC1,20,batch_heldout,0.871046625366808,0.80909455796832,1.0,0.4008097165991903,0.5722543352601156,,,91.0,0.0,0.0278774046299315,0.0,,,,0.3807531380753138,171.0,immune_dc,1.1379,HLA-DRhi cDC2
fusion_gated,44,cDC1,20,batch_heldout,0.8883273557222041,0.8722532847764848,0.9878048780487804,0.9838056680161944,0.9858012170385396,,,235.0,3.0,0.0388001304206064,0.0005095974180397,,,,0.9832635983263598,238.0,immune_dc,1.1379,HLA-DRhi cDC2
baseline,44,cDC1,5,batch_heldout,0.8539289207694816,0.7199356541395713,0.0,0.0,0.0,0.0,0.0,0.0,0.0,0.0,0.0,,,,,,immune_dc,1.1379,HLA-DRhi cDC2
knn_k15,44,cDC1,5,batch_heldout,0.8635474404955983,0.7094543777616056,0.0,0.0,0.0,,,,,,,15.0,,,,,immune_dc,1.1379,HLA-DRhi cDC2
prototype,44,cDC1,5,batch_heldout,0.8567003586566677,0.7466832117330102,0.9047619047619048,0.0769230769230769,0.1417910447761194,21.0,0.0,19.0,2.0,0.0034235409194652,0.0003397316120264,,,,,,immune_dc,1.1379,HLA-DRhi cDC2
prototype_gate,44,cDC1,5,batch_heldout,0.8932181284642974,0.8952314974604597,0.9878542510121456,0.9878542510121456,0.9878542510121456,247.0,,244.0,3.0,0.0402673622432344,0.0005095974180397,,rank1,0.9878542510121456,0.9878542510121456,,immune_dc,1.1379,HLA-DRhi cDC2
prototype_gate_best,44,cDC1,5,batch_heldout,0.8932181284642974,0.8952314974604597,0.9878542510121456,0.9878542510121456,0.9878542510121456,247.0,,244.0,3.0,0.0402673622432344,0.0005095974180397,,rank1,0.9878542510121456,0.9878542510121456,,immune_dc,1.1379,HLA-DRhi cDC2
prototype_gate_marker,44,cDC1,5,batch_heldout,0.8933811542223671,0.8956133965028793,0.991869918699187,0.9878542510121456,0.9898580121703854,247.0,246.0,244.0,2.0,0.0401043364851646,0.0003397316120264,,,,,,immune_dc,1.1379,HLA-DRhi cDC2
fusion,44,cDC1,5,batch_heldout,0.8607760026084121,0.73515664780429,1.0,0.0364372469635627,0.0703125,,,9.0,0.0,0.0210303227910009,0.0,,,,0.0364372469635627,129.0,immune_dc,1.1379,HLA-DRhi cDC2
fusion_gated,44,cDC1,5,batch_heldout,0.8932181284642974,0.8952314974604597,0.9878542510121456,0.9878542510121456,0.9878542510121456,,,244.0,3.0,0.0402673622432344,0.0005095974180397,,,,0.9878542510121456,247.0,immune_dc,1.1379,HLA-DRhi cDC2
baseline,44,cDC1,50,batch_heldout,0.8968046951418324,0.8909382413574806,1.0,0.9878542510121456,0.9938900203665988,0.0,0.0,0.0,0.0,0.0,0.0,,,,,,immune_dc,1.1379,HLA-DRhi cDC2
knn_k15,44,cDC1,50,batch_heldout,0.8989240299967395,0.8798507485723923,1.0,0.9271255060728744,0.96218487394958,,,,,,,15.0,,,,,immune_dc,1.1379,HLA-DRhi cDC2
prototype,44,cDC1,50,batch_heldout,0.8961525921095533,0.889391816584348,0.9761904761904762,0.9959514170040484,0.9859719438877756,8.0,0.0,2.0,6.0,0.0013042060645582,0.0010191948360794,,,,,,immune_dc,1.1379,HLA-DRhi cDC2
prototype_gate,44,cDC1,50,batch_heldout,0.8968046951418324,0.8909207517092373,0.9919354838709676,0.9959514170040484,0.993939393939394,4.0,,2.0,2.0,0.0006521030322791,0.0003397316120264,,rank1,0.5,0.6666666666666666,,immune_dc,1.1379,HLA-DRhi cDC2
prototype_gate_best,44,cDC1,50,batch_heldout,0.8968046951418324,0.8909207517092373,0.9919354838709676,0.9959514170040484,0.993939393939394,4.0,,2.0,2.0,0.0006521030322791,0.0003397316120264,,rank1,0.5,0.6666666666666666,,immune_dc,1.1379,HLA-DRhi cDC2
prototype_gate_marker,44,cDC1,50,batch_heldout,0.8969677208999022,0.8913062796114338,0.9959514170040484,0.9959514170040484,0.9959514170040484,4.0,3.0,2.0,1.0,0.0004890772742093,0.0001698658060132,,,,,,immune_dc,1.1379,HLA-DRhi cDC2
fusion,44,cDC1,50,batch_heldout,0.899250081512879,0.8932431254754101,1.0,0.9878542510121456,0.9938900203665988,,,0.0,0.0,0.0091294424519074,0.0,,,,0.0,56.0,immune_dc,1.1379,HLA-DRhi cDC2
fusion_gated,44,cDC1,50,batch_heldout,0.8969677208999022,0.8913163729918777,1.0,0.9919028340080972,0.9959349593495936,,,1.0,0.0,0.0001630257580697,0.0,,,,0.3333333333333333,1.0,immune_dc,1.1379,HLA-DRhi cDC2
baseline,44,cDC1,all,batch_heldout,0.8912618193674601,0.884866602668232,0.9959183673469388,0.9878542510121456,0.991869918699187,0.0,0.0,0.0,0.0,0.0,0.0,,,,,,immune_dc,1.1379,HLA-DRhi cDC2
knn_k15,44,cDC1,all,batch_heldout,0.9041408542549724,0.8853403924585342,1.0,0.9878542510121456,0.9938900203665988,,,,,,,15.0,,,,,immune_dc,1.1379,HLA-DRhi cDC2
prototype,44,cDC1,all,batch_heldout,0.8902836648190414,0.8825525963143331,0.9647058823529412,0.9959514170040484,0.9800796812749004,10.0,0.0,2.0,8.0,0.0016302575806977,0.0013589264481059,,,,,,immune_dc,1.1379,HLA-DRhi cDC2
prototype_gate,44,cDC1,all,batch_heldout,0.8910987936093903,0.8844706381924943,0.9879032258064516,0.9919028340080972,0.98989898989899,3.0,,1.0,2.0,0.0004890772742093,0.0003397316120264,,rank1,0.3333333333333333,0.3333333333333333,,immune_dc,1.1379,HLA-DRhi cDC2
prototype_gate_best,44,cDC1,all,batch_heldout,0.8910987936093903,0.8844706381924943,0.9879032258064516,0.9919028340080972,0.98989898989899,3.0,,1.0,2.0,0.0004890772742093,0.0003397316120264,,rank1,0.3333333333333333,0.3333333333333333,,immune_dc,1.1379,HLA-DRhi cDC2
prototype_gate_marker,44,cDC1,all,batch_heldout,0.8910987936093903,0.8844706381924943,0.9879032258064516,0.9919028340080972,0.98989898989899,3.0,3.0,1.0,2.0,0.0004890772742093,0.0003397316120264,,,,,,immune_dc,1.1379,HLA-DRhi cDC2
fusion,44,cDC1,all,batch_heldout,0.8953374633192044,0.8887839373510501,0.9959349593495936,0.9919028340080972,0.9939148073022313,,,1.0,0.0,0.0122269318552331,0.0,,,,0.3333333333333333,75.0,immune_dc,1.1379,HLA-DRhi cDC2
fusion_gated,44,cDC1,all,batch_heldout,0.8912618193674601,0.884866602668232,0.9959183673469388,0.9878542510121456,0.991869918699187,,,0.0,0.0,0.0,0.0,,,,0.0,0.0,immune_dc,1.1379,HLA-DRhi cDC2
baseline,42,epsilon,10,batch_heldout,0.980278422273782,0.879549501574039,1.0,0.5,0.6666666666666666,0.0,0.0,0.0,0.0,0.0,0.0,,,,,,pancreas,1.1924,gamma
knn_k15,42,epsilon,10,batch_heldout,0.9460556844547564,0.6673184679696987,0.0,0.0,0.0,,,,,,,15.0,,,,,pancreas,1.1924,gamma
prototype,42,epsilon,10,batch_heldout,0.8863109048723898,0.7989459346459064,0.0119760479041916,1.0,0.0236686390532544,166.0,0.0,1.0,165.0,0.0962877030162413,0.0958188153310104,,,,,,pancreas,1.1924,gamma
prototype_gate,42,epsilon,10,batch_heldout,0.9779582366589328,0.8497031248061929,0.1666666666666666,0.5,0.25,5.0,,0.0,5.0,0.0029002320185614,0.002903600464576,,rank1,0.0,0.0,,pancreas,1.1924,gamma
prototype_gate_best,42,epsilon,10,batch_heldout,0.9779582366589328,0.8497031248061929,0.1666666666666666,0.5,0.25,5.0,,0.0,5.0,0.0029002320185614,0.002903600464576,,rank1,0.0,0.0,,pancreas,1.1924,gamma
prototype_gate_marker,42,epsilon,10,batch_heldout,0.980278422273782,0.879549501574039,1.0,0.5,0.6666666666666666,5.0,0.0,0.0,0.0,0.0,0.0,,,,,,pancreas,1.1924,gamma
fusion,42,epsilon,10,batch_heldout,0.978538283062645,0.8432133103647124,1.0,0.5,0.6666666666666666,,,0.0,0.0,0.0029002320185614,0.0,,,,0.0,5.0,pancreas,1.1924,gamma
fusion_gated,42,epsilon,10,batch_heldout,0.980278422273782,0.8680576215850492,0.5,0.5,0.5,,,0.0,1.0,0.0005800464037122,0.0005807200929152,,,,0.0,1.0,pancreas,1.1924,gamma
baseline,42,epsilon,20,batch_heldout,0.9773781902552204,0.8576703806859995,1.0,0.5,0.6666666666666666,0.0,0.0,0.0,0.0,0.0,0.0,,,,,,pancreas,1.1924,gamma
knn_k15,42,epsilon,20,batch_heldout,0.94953596287703,0.7175499951108455,1.0,0.5,0.6666666666666666,,,,,,,15.0,,,,,pancreas,1.1924,gamma
prototype,42,epsilon,20,batch_heldout,0.8642691415313225,0.7575191044393396,0.0097560975609756,1.0,0.0193236714975845,204.0,0.0,1.0,203.0,0.1183294663573085,0.1178861788617886,,,,,,pancreas,1.1924,gamma
prototype_gate,42,epsilon,20,batch_heldout,0.9709976798143852,0.8233123658845036,0.1176470588235294,1.0,0.2105263157894736,16.0,,1.0,15.0,0.0092807424593967,0.0087108013937282,,rank1,0.0625,1.0,,pancreas,1.1924,gamma
prototype_gate_best,42,epsilon,20,batch_heldout,0.9709976798143852,0.8233123658845036,0.1176470588235294,1.0,0.2105263157894736,16.0,,1.0,15.0,0.0092807424593967,0.0087108013937282,,rank1,0.0625,1.0,,pancreas,1.1924,gamma
prototype_gate_marker,42,epsilon,20,batch_heldout,0.9773781902552204,0.8576703806859995,1.0,0.5,0.6666666666666666,16.0,0.0,0.0,0.0,0.0,0.0,,,,,,pancreas,1.1924,gamma
fusion,42,epsilon,20,batch_heldout,0.9675174013921114,0.8127961641862976,1.0,0.5,0.6666666666666666,,,0.0,0.0,0.0150812064965197,0.0,,,,0.0,26.0,pancreas,1.1924,gamma
fusion_gated,42,epsilon,20,batch_heldout,0.9773781902552204,0.858240609334031,0.5,1.0,0.6666666666666666,,,1.0,2.0,0.0017401392111368,0.0011614401858304,,,,1.0,3.0,pancreas,1.1924,gamma
baseline,42,epsilon,5,batch_heldout,0.9814385150812064,0.8146630049479485,0.0,0.0,0.0,0.0,0.0,0.0,0.0,0.0,0.0,,,,,,pancreas,1.1924,gamma
knn_k15,42,epsilon,5,batch_heldout,0.9535962877030162,0.6752991636432203,0.0,0.0,0.0,,,,,,,15.0,,,,,pancreas,1.1924,gamma
prototype,42,epsilon,5,batch_heldout,0.857308584686775,0.745782268730492,0.0089285714285714,1.0,0.0176991150442477,224.0,0.0,2.0,222.0,0.1299303944315545,0.1289198606271777,,,,,,pancreas,1.1924,gamma
prototype_gate,42,epsilon,5,batch_heldout,0.9622969837587008,0.809764302790518,0.05,1.0,0.0952380952380952,40.0,,2.0,38.0,0.0232018561484918,0.0220673635307781,,rank1,0.05,1.0,,pancreas,1.1924,gamma
prototype_gate_best,42,epsilon,5,batch_heldout,0.9622969837587008,0.809764302790518,0.05,1.0,0.0952380952380952,40.0,,2.0,38.0,0.0232018561484918,0.0220673635307781,,rank1,0.05,1.0,,pancreas,1.1924,gamma
prototype_gate_marker,42,epsilon,5,batch_heldout,0.965197215777262,0.8129625533965584,0.0571428571428571,1.0,0.1081081081081081,40.0,35.0,2.0,33.0,0.0203016241299303,0.019163763066202,,,,,,pancreas,1.1924,gamma
fusion,42,epsilon,5,batch_heldout,0.9750580046403712,0.8335373123506541,1.0,0.5,0.6666666666666666,,,1.0,0.0,0.0121809744779582,0.0,,,,0.5,21.0,pancreas,1.1924,gamma
fusion_gated,42,epsilon,5,batch_heldout,0.9634570765661252,0.8108433586723215,0.054054054054054,1.0,0.1025641025641025,,,2.0,35.0,0.0214617169373549,0.0203252032520325,,,,1.0,37.0,pancreas,1.1924,gamma
baseline,42,epsilon,50,batch_heldout,0.9820185614849188,0.8956480334439405,1.0,1.0,1.0,0.0,0.0,0.0,0.0,0.0,0.0,,,,,,pancreas,1.1924,gamma
knn_k15,42,epsilon,50,batch_heldout,0.9518561484918794,0.7226538987898161,1.0,0.5,0.6666666666666666,,,,,,,15.0,,,,,pancreas,1.1924,gamma
prototype,42,epsilon,50,batch_heldout,0.877030162412993,0.7741594227744449,0.0108108108108108,1.0,0.0213903743315508,183.0,0.0,0.0,183.0,0.1061484918793503,0.1062717770034843,,,,,,pancreas,1.1924,gamma
prototype_gate,42,epsilon,50,batch_heldout,0.9791183294663574,0.8519805697976055,0.25,1.0,0.4,6.0,,0.0,6.0,0.0034802784222737,0.0034843205574912,,rank1,0.0,0.0,,pancreas,1.1924,gamma
prototype_gate_best,42,epsilon,50,batch_heldout,0.9791183294663574,0.8519805697976055,0.25,1.0,0.4,6.0,,0.0,6.0,0.0034802784222737,0.0034843205574912,,rank1,0.0,0.0,,pancreas,1.1924,gamma
prototype_gate_marker,42,epsilon,50,batch_heldout,0.9820185614849188,0.8956480334439405,1.0,1.0,1.0,6.0,0.0,0.0,0.0,0.0,0.0,,,,,,pancreas,1.1924,gamma
fusion,42,epsilon,50,batch_heldout,0.9796983758700696,0.876656700733169,1.0,1.0,1.0,,,0.0,0.0,0.0046403712296983,0.0,,,,0.0,8.0,pancreas,1.1924,gamma
fusion_gated,42,epsilon,50,batch_heldout,0.9791183294663574,0.8519805697976055,0.25,1.0,0.4,,,0.0,6.0,0.0034802784222737,0.0034843205574912,,,,0.0,6.0,pancreas,1.1924,gamma
baseline,42,gamma,10,batch_heldout,0.9582366589327146,0.8290605734474541,1.0,0.4534883720930232,0.624,0.0,0.0,0.0,0.0,0.0,0.0,,,,,,pancreas,0.9252,epsilon
knn_k15,42,gamma,10,batch_heldout,0.8990719257540604,0.5951350447682192,0.0,0.0,0.0,,,,,,,15.0,,,,,pancreas,0.9252,epsilon
prototype,42,gamma,10,batch_heldout,0.980278422273782,0.8872081149912887,0.9873417721518988,0.9069767441860463,0.9454545454545454,40.0,0.0,39.0,1.0,0.0232018561484918,0.0006105006105006,,,,,,pancreas,0.9252,epsilon
prototype_gate,42,gamma,10,batch_heldout,0.9663573085846868,0.8418232392346784,1.0,0.6162790697674418,0.762589928057554,14.0,,14.0,0.0,0.0081206496519721,0.0,,rank1,1.0,0.2978723404255319,,pancreas,0.9252,epsilon
prototype_gate_best,42,gamma,10,batch_heldout,0.980278422273782,0.8872081149912887,0.9873417721518988,0.9069767441860463,0.9454545454545454,40.0,,39.0,1.0,0.0232018561484918,0.0006105006105006,,rank2_margin_q25,0.975,0.8297872340425532,,pancreas,0.9252,epsilon
prototype_gate_marker,42,gamma,10,batch_heldout,0.9663573085846868,0.8418232392346784,1.0,0.6162790697674418,0.762589928057554,14.0,14.0,14.0,0.0,0.0081206496519721,0.0,,,,,,pancreas,0.9252,epsilon
fusion,42,gamma,10,batch_heldout,0.951276102088167,0.7748356848912827,1.0,0.5465116279069767,0.706766917293233,,,15.0,0.0,0.0249419953596287,0.0,,,,0.3191489361702128,43.0,pancreas,0.9252,epsilon
fusion_gated,42,gamma,10,batch_heldout,0.965197215777262,0.8403866401649652,1.0,0.5930232558139535,0.7445255474452555,,,12.0,0.0,0.0069605568445475,0.0,,,,0.2553191489361702,12.0,pancreas,0.9252,epsilon
baseline,42,gamma,20,batch_heldout,0.9854988399071926,0.8959720253870334,1.0,1.0,1.0,0.0,0.0,0.0,0.0,0.0,0.0,,,,,,pancreas,0.9252,epsilon
knn_k15,42,gamma,20,batch_heldout,0.941415313225058,0.6830928795358643,1.0,0.7674418604651163,0.868421052631579,,,,,,,15.0,,,,,pancreas,0.9252,epsilon
prototype,42,gamma,20,batch_heldout,0.9837587006960556,0.8708321925415804,0.9662921348314608,1.0,0.9828571428571428,3.0,0.0,0.0,3.0,0.0017401392111368,0.0018315018315018,,,,,,pancreas,0.9252,epsilon
prototype_gate,42,gamma,20,batch_heldout,0.9854988399071926,0.8959720253870334,1.0,1.0,1.0,0.0,,0.0,0.0,0.0,0.0,,rank1,0.0,0.0,,pancreas,0.9252,epsilon
prototype_gate_best,42,gamma,20,batch_heldout,0.9854988399071926,0.8959720253870334,1.0,1.0,1.0,0.0,,0.0,0.0,0.0,0.0,,rank1,0.0,0.0,,pancreas,0.9252,epsilon
prototype_gate_marker,42,gamma,20,batch_heldout,0.9854988399071926,0.8959720253870334,1.0,1.0,1.0,0.0,0.0,0.0,0.0,0.0,0.0,,,,,,pancreas,0.9252,epsilon
fusion,42,gamma,20,batch_heldout,0.9779582366589328,0.8358071610893434,1.0,0.9883720930232558,0.9941520467836256,,,0.0,0.0,0.0110208816705336,0.0,,,,0.0,19.0,pancreas,0.9252,epsilon
fusion_gated,42,gamma,20,batch_heldout,0.9854988399071926,0.8959720253870334,1.0,1.0,1.0,,,0.0,0.0,0.0,0.0,,,,0.0,0.0,pancreas,0.9252,epsilon
baseline,42,gamma,5,batch_heldout,0.933294663573086,0.7946838431492934,1.0,0.0232558139534883,0.0454545454545454,0.0,0.0,0.0,0.0,0.0,0.0,,,,,,pancreas,0.9252,epsilon
knn_k15,42,gamma,5,batch_heldout,0.9002320185614849,0.6001848971532179,0.0,0.0,0.0,,,,,,,15.0,,,,,pancreas,0.9252,epsilon
prototype,42,gamma,5,batch_heldout,0.961136890951276,0.8528855343702364,1.0,0.5813953488372093,0.7352941176470589,48.0,0.0,48.0,0.0,0.0278422273781902,0.0,,,,,,pancreas,0.9252,epsilon
prototype_gate,42,gamma,5,batch_heldout,0.9390951276102087,0.8104487468925125,1.0,0.1395348837209302,0.2448979591836734,10.0,,10.0,0.0,0.0058004640371229,0.0,,rank1,1.0,0.119047619047619,,pancreas,0.9252,epsilon
prototype_gate_best,42,gamma,5,batch_heldout,0.961136890951276,0.8528855343702364,1.0,0.5813953488372093,0.7352941176470589,48.0,,48.0,0.0,0.0278422273781902,0.0,,rank2_margin_q25,1.0,0.5714285714285714,,pancreas,0.9252,epsilon
prototype_gate_marker,42,gamma,5,batch_heldout,0.9390951276102087,0.8104487468925125,1.0,0.1395348837209302,0.2448979591836734,10.0,10.0,10.0,0.0,0.0058004640371229,0.0,,,,,,pancreas,0.9252,epsilon
fusion,42,gamma,5,batch_heldout,0.9274941995359628,0.7246408911577789,1.0,0.1046511627906976,0.1894736842105263,,,40.0,0.0,0.0377030162412993,0.0,,,,0.4761904761904761,65.0,pancreas,0.9252,epsilon
fusion_gated,42,gamma,5,batch_heldout,0.9385150812064964,0.8090612312142982,1.0,0.127906976744186,0.2268041237113402,,,9.0,0.0,0.0052204176334106,0.0,,,,0.1071428571428571,9.0,pancreas,0.9252,epsilon
baseline,42,gamma,50,batch_heldout,0.9849187935034804,0.899410616861296,0.9882352941176472,0.9767441860465116,0.9824561403508772,0.0,0.0,0.0,0.0,0.0,0.0,,,,,,pancreas,0.9252,epsilon
knn_k15,42,gamma,50,batch_heldout,0.9483758700696056,0.7033031528777773,1.0,0.9534883720930232,0.9761904761904762,,,,,,,15.0,,,,,pancreas,0.9252,epsilon
prototype,42,gamma,50,batch_heldout,0.9837587006960556,0.8740180124626862,0.9347826086956522,1.0,0.9662921348314608,7.0,0.0,2.0,5.0,0.004060324825986,0.003052503052503,,,,,,pancreas,0.9252,epsilon
prototype_gate,42,gamma,50,batch_heldout,0.9854988399071926,0.8998857437038208,0.9883720930232558,0.9883720930232558,0.9883720930232558,1.0,,1.0,0.0,0.0005800464037122,0.0,,rank1,1.0,0.5,,pancreas,0.9252,epsilon
prototype_gate_best,42,gamma,50,batch_heldout,0.9854988399071926,0.8995867879975467,0.9662921348314608,1.0,0.9828571428571428,4.0,,2.0,2.0,0.0023201856148491,0.0012210012210012,,rank2_margin_q25_neighbor_major,0.5,1.0,,pancreas,0.9252,epsilon
prototype_gate_marker,42,gamma,50,batch_heldout,0.9854988399071926,0.8998857437038208,0.9883720930232558,0.9883720930232558,0.9883720930232558,1.0,1.0,1.0,0.0,0.0005800464037122,0.0,,,,,,pancreas,0.9252,epsilon
fusion,42,gamma,50,batch_heldout,0.9814385150812064,0.8507606265068304,0.9885057471264368,1.0,0.9942196531791908,,,2.0,0.0,0.0087006960556844,0.0,,,,1.0,15.0,pancreas,0.9252,epsilon
fusion_gated,42,gamma,50,batch_heldout,0.9854988399071926,0.8998857437038208,0.9883720930232558,0.9883720930232558,0.9883720930232558,,,1.0,0.0,0.0005800464037122,0.0,,,,0.5,1.0,pancreas,0.9252,epsilon
baseline,43,epsilon,10,batch_heldout,0.9680974477958236,0.8517609341501516,1.0,0.5,0.6666666666666666,0.0,0.0,0.0,0.0,0.0,0.0,,,,,,pancreas,1.1031,gamma
knn_k15,43,epsilon,10,batch_heldout,0.937354988399072,0.6798080215811583,0.0,0.0,0.0,,,,,,,15.0,,,,,pancreas,1.1031,gamma
prototype,43,epsilon,10,batch_heldout,0.8735498839907193,0.7505161175125884,0.0118343195266272,1.0,0.023391812865497,168.0,0.0,1.0,167.0,0.0974477958236658,0.0969802555168408,,,,,,pancreas,1.1031,gamma
prototype_gate,43,epsilon,10,batch_heldout,0.965197215777262,0.8292245735773939,0.2222222222222222,1.0,0.3636363636363636,8.0,,1.0,7.0,0.0046403712296983,0.0040650406504065,,rank1,0.125,1.0,,pancreas,1.1031,gamma
prototype_gate_best,43,epsilon,10,batch_heldout,0.965197215777262,0.8292245735773939,0.2222222222222222,1.0,0.3636363636363636,8.0,,1.0,7.0,0.0046403712296983,0.0040650406504065,,rank1,0.125,1.0,,pancreas,1.1031,gamma
prototype_gate_marker,43,epsilon,10,batch_heldout,0.9669373549883992,0.8395785327186535,0.3333333333333333,1.0,0.5,8.0,5.0,1.0,4.0,0.0029002320185614,0.0023228803716608,,,,,,pancreas,1.1031,gamma
fusion,43,epsilon,10,batch_heldout,0.9622969837587008,0.8002616367441594,1.0,0.5,0.6666666666666666,,,0.0,0.0,0.0081206496519721,0.0,,,,0.0,14.0,pancreas,1.1031,gamma
fusion_gated,43,epsilon,10,batch_heldout,0.968677494199536,0.8619799430319823,0.6666666666666666,1.0,0.8,,,1.0,1.0,0.0011600928074245,0.0005807200929152,,,,1.0,2.0,pancreas,1.1031,gamma
baseline,43,epsilon,20,batch_heldout,0.961136890951276,0.896604534329097,1.0,1.0,1.0,0.0,0.0,0.0,0.0,0.0,0.0,,,,,,pancreas,1.1031,gamma
knn_k15,43,epsilon,20,batch_heldout,0.9344547563805105,0.7371924648419573,1.0,0.5,0.6666666666666666,,,,,,,15.0,,,,,pancreas,1.1031,gamma
prototype,43,epsilon,20,batch_heldout,0.8509280742459396,0.771540464645806,0.0102564102564102,1.0,0.0203045685279187,193.0,0.0,0.0,193.0,0.1119489559164733,0.1120789779326364,,,,,,pancreas,1.1031,gamma
prototype_gate,43,epsilon,20,batch_heldout,0.9576566125290024,0.8504734104617332,0.2222222222222222,1.0,0.3636363636363636,7.0,,0.0,7.0,0.004060324825986,0.0040650406504065,,rank1,0.0,0.0,,pancreas,1.1031,gamma
prototype_gate_best,43,epsilon,20,batch_heldout,0.910092807424594,0.8228730866779405,0.0217391304347826,1.0,0.0425531914893617,90.0,,0.0,90.0,0.0522041763341067,0.0522648083623693,,rank2_margin_q25_neighbor_major,0.0,0.0,,pancreas,1.1031,gamma
prototype_gate_marker,43,epsilon,20,batch_heldout,0.961136890951276,0.896604534329097,1.0,1.0,1.0,7.0,0.0,0.0,0.0,0.0,0.0,,,,,,pancreas,1.1031,gamma
fusion,43,epsilon,20,batch_heldout,0.9559164733178654,0.8327699912883261,1.0,1.0,1.0,,,0.0,0.0,0.015661252900232,0.0,,,,0.0,27.0,pancreas,1.1031,gamma
fusion_gated,43,epsilon,20,batch_heldout,0.961136890951276,0.896604534329097,1.0,1.0,1.0,,,0.0,0.0,0.0,0.0,,,,0.0,0.0,pancreas,1.1031,gamma
baseline,43,epsilon,5,batch_heldout,0.9680974477958236,0.8103947433581181,0.0,0.0,0.0,0.0,0.0,0.0,0.0,0.0,0.0,,,,,,pancreas,1.1031,gamma
knn_k15,43,epsilon,5,batch_heldout,0.9379350348027842,0.6914843230995277,0.0,0.0,0.0,,,,,,,15.0,,,,,pancreas,1.1031,gamma
prototype,43,epsilon,5,batch_heldout,0.8810904872389791,0.7513718362994474,0.0127388535031847,1.0,0.0251572327044025,157.0,0.0,2.0,155.0,0.0910672853828306,0.0900116144018583,,,,,,pancreas,1.1031,gamma
prototype_gate,43,epsilon,5,batch_heldout,0.9669373549883992,0.8309407441334804,0.2,0.5,0.2857142857142857,5.0,,1.0,4.0,0.0029002320185614,0.0023228803716608,,rank1,0.2,0.5,,pancreas,1.1031,gamma
prototype_gate_best,43,epsilon,5,batch_heldout,0.9669373549883992,0.8309407441334804,0.2,0.5,0.2857142857142857,5.0,,1.0,4.0,0.0029002320185614,0.0023228803716608,,rank1,0.2,0.5,,pancreas,1.1031,gamma
prototype_gate_marker,43,epsilon,5,batch_heldout,0.9675174013921114,0.8344750715357089,0.25,0.5,0.3333333333333333,5.0,4.0,1.0,3.0,0.0023201856148491,0.0017421602787456,,,,,,pancreas,1.1031,gamma
fusion,43,epsilon,5,batch_heldout,0.9675174013921114,0.8071309234844677,0.0,0.0,0.0,,,0.0,0.0,0.0005800464037122,0.0,,,,0.0,1.0,pancreas,1.1031,gamma
fusion_gated,43,epsilon,5,batch_heldout,0.9669373549883992,0.8309407441334804,0.2,0.5,0.2857142857142857,,,1.0,4.0,0.0029002320185614,0.0023228803716608,,,,0.5,5.0,pancreas,1.1031,gamma
baseline,43,epsilon,50,batch_heldout,0.962877030162413,0.8652029807475066,1.0,1.0,1.0,0.0,0.0,0.0,0.0,0.0,0.0,,,,,,pancreas,1.1031,gamma
knn_k15,43,epsilon,50,batch_heldout,0.9379350348027842,0.7209958899731151,1.0,0.5,0.6666666666666666,,,,,,,15.0,,,,,pancreas,1.1031,gamma
prototype,43,epsilon,50,batch_heldout,0.87122969837587,0.7413874126708409,0.0121951219512195,1.0,0.0240963855421686,162.0,0.0,0.0,162.0,0.0939675174013921,0.0940766550522648,,,,,,pancreas,1.1031,gamma
prototype_gate,43,epsilon,50,batch_heldout,0.9593967517401392,0.81847566488485,0.2222222222222222,1.0,0.3636363636363636,7.0,,0.0,7.0,0.004060324825986,0.0040650406504065,,rank1,0.0,0.0,,pancreas,1.1031,gamma
prototype_gate_best,43,epsilon,50,batch_heldout,0.9593967517401392,0.81847566488485,0.2222222222222222,1.0,0.3636363636363636,7.0,,0.0,7.0,0.004060324825986,0.0040650406504065,,rank1,0.0,0.0,,pancreas,1.1031,gamma
prototype_gate_marker,43,epsilon,50,batch_heldout,0.962877030162413,0.8652029807475066,1.0,1.0,1.0,7.0,0.0,0.0,0.0,0.0,0.0,,,,,,pancreas,1.1031,gamma
fusion,43,epsilon,50,batch_heldout,0.9588167053364268,0.8310611776174698,1.0,1.0,1.0,,,0.0,0.0,0.0069605568445475,0.0,,,,0.0,12.0,pancreas,1.1031,gamma
fusion_gated,43,epsilon,50,batch_heldout,0.962877030162413,0.8513301483775643,0.6666666666666666,1.0,0.8,,,0.0,1.0,0.0005800464037122,0.0005807200929152,,,,0.0,1.0,pancreas,1.1031,gamma
baseline,43,gamma,10,batch_heldout,0.9280742459396752,0.7825985397246613,0.0,0.0,0.0,0.0,0.0,0.0,0.0,0.0,0.0,,,,,,pancreas,0.8016,epsilon
knn_k15,43,gamma,10,batch_heldout,0.8880510440835266,0.6197618916290448,1.0,0.0116279069767441,0.0229885057471264,,,,,,,15.0,,,,,pancreas,0.8016,epsilon
prototype,43,gamma,10,batch_heldout,0.9704176334106728,0.8166654184959791,0.8673469387755102,0.9883720930232558,0.9239130434782608,98.0,0.0,85.0,13.0,0.0568445475638051,0.0079365079365079,,,,,,pancreas,0.8016,epsilon
prototype_gate,43,gamma,10,batch_heldout,0.9721577726218096,0.8642162502807548,1.0,0.8837209302325582,0.9382716049382716,76.0,,76.0,0.0,0.0440835266821345,0.0,,rank1,1.0,0.8837209302325582,,pancreas,0.8016,epsilon
prototype_gate_best,43,gamma,10,batch_heldout,0.9721577726218096,0.8642162502807548,1.0,0.8837209302325582,0.9382716049382716,76.0,,76.0,0.0,0.0440835266821345,0.0,,rank1,1.0,0.8837209302325582,,pancreas,0.8016,epsilon
prototype_gate_marker,43,gamma,10,batch_heldout,0.968677494199536,0.8609861430358593,1.0,0.813953488372093,0.8974358974358975,76.0,70.0,70.0,0.0,0.0406032482598607,0.0,,,,,,pancreas,0.8016,epsilon
fusion,43,gamma,10,batch_heldout,0.9379350348027842,0.72729093460645,1.0,0.3604651162790697,0.5299145299145299,,,36.0,0.0,0.0336426914153132,0.0,,,,0.4186046511627907,58.0,pancreas,0.8016,epsilon
fusion_gated,43,gamma,10,batch_heldout,0.9477958236658932,0.829297475216704,1.0,0.3953488372093023,0.5666666666666667,,,34.0,0.0,0.019721577726218,0.0,,,,0.3953488372093023,34.0,pancreas,0.8016,epsilon
baseline,43,gamma,20,batch_heldout,0.9692575406032484,0.8620474974769252,0.9885057471264368,1.0,0.9942196531791908,0.0,0.0,0.0,0.0,0.0,0.0,,,,,,pancreas,0.8016,epsilon
knn_k15,43,gamma,20,batch_heldout,0.9112529002320184,0.6680102882365623,1.0,0.4883720930232558,0.65625,,,,,,,15.0,,,,,pancreas,0.8016,epsilon
prototype,43,gamma,20,batch_heldout,0.9680974477958236,0.8371395040546102,0.9662921348314608,1.0,0.9828571428571428,2.0,0.0,0.0,2.0,0.0011600928074245,0.0012210012210012,,,,,,pancreas,0.8016,epsilon
prototype_gate,43,gamma,20,batch_heldout,0.9692575406032484,0.8620474974769252,0.9885057471264368,1.0,0.9942196531791908,0.0,,0.0,0.0,0.0,0.0,,rank1,0.0,0.0,,pancreas,0.8016,epsilon
prototype_gate_best,43,gamma,20,batch_heldout,0.9692575406032484,0.8620474974769252,0.9885057471264368,1.0,0.9942196531791908,0.0,,0.0,0.0,0.0,0.0,,rank1,0.0,0.0,,pancreas,0.8016,epsilon
prototype_gate_marker,43,gamma,20,batch_heldout,0.9692575406032484,0.8620474974769252,0.9885057471264368,1.0,0.9942196531791908,0.0,0.0,0.0,0.0,0.0,0.0,,,,,,pancreas,0.8016,epsilon
fusion,43,gamma,20,batch_heldout,0.9657772621809744,0.8270817310966078,0.9885057471264368,1.0,0.9942196531791908,,,0.0,0.0,0.0104408352668213,0.0,,,,0.0,18.0,pancreas,0.8016,epsilon
fusion_gated,43,gamma,20,batch_heldout,0.9692575406032484,0.8620474974769252,0.9885057471264368,1.0,0.9942196531791908,,,0.0,0.0,0.0,0.0,,,,0.0,0.0,pancreas,0.8016,epsilon
baseline,43,gamma,5,batch_heldout,0.9089327146171694,0.7823107384418478,0.0,0.0,0.0,0.0,0.0,0.0,0.0,0.0,0.0,,,,,,pancreas,0.8016,epsilon
knn_k15,43,gamma,5,batch_heldout,0.8863109048723898,0.5929508041729445,0.0,0.0,0.0,,,,,,,15.0,,,,,pancreas,0.8016,epsilon
prototype,43,gamma,5,batch_heldout,0.9541763341067284,0.8562519422881599,0.8865979381443299,1.0,0.9398907103825136,97.0,0.0,86.0,11.0,0.0562645011600928,0.0067155067155067,,,,,,pancreas,0.8016,epsilon
prototype_gate,43,gamma,5,batch_heldout,0.95707656612529,0.8832538879489158,0.9659090909090908,0.9883720930232558,0.9770114942528736,88.0,,85.0,3.0,0.0510440835266821,0.0018315018315018,,rank1,0.9659090909090908,0.9883720930232558,,pancreas,0.8016,epsilon
prototype_gate_best,43,gamma,5,batch_heldout,0.95707656612529,0.8832538879489158,0.9659090909090908,0.9883720930232558,0.9770114942528736,88.0,,85.0,3.0,0.0510440835266821,0.0018315018315018,,rank1,0.9659090909090908,0.9883720930232558,,pancreas,0.8016,epsilon
prototype_gate_marker,43,gamma,5,batch_heldout,0.95707656612529,0.8832538879489158,0.9659090909090908,0.9883720930232558,0.9770114942528736,88.0,88.0,85.0,3.0,0.0510440835266821,0.0018315018315018,,,,,,pancreas,0.8016,epsilon
fusion,43,gamma,5,batch_heldout,0.9193735498839908,0.7594564411086637,1.0,0.2790697674418604,0.4363636363636363,,,25.0,0.0,0.0266821345707656,0.0,,,,0.2906976744186046,46.0,pancreas,0.8016,epsilon
fusion_gated,43,gamma,5,batch_heldout,0.95707656612529,0.8832538879489158,0.9659090909090908,0.9883720930232558,0.9770114942528736,,,85.0,3.0,0.0510440835266821,0.0018315018315018,,,,0.9883720930232558,88.0,pancreas,0.8016,epsilon
baseline,43,gamma,50,batch_heldout,0.9721577726218096,0.8808300115776098,0.9882352941176472,0.9767441860465116,0.9824561403508772,0.0,0.0,0.0,0.0,0.0,0.0,,,,,,pancreas,0.8016,epsilon
knn_k15,43,gamma,50,batch_heldout,0.9367749419953596,0.7182006154908451,1.0,0.9651162790697676,0.9822485207100592,,,,,,,15.0,,,,,pancreas,0.8016,epsilon
prototype,43,gamma,50,batch_heldout,0.9721577726218096,0.8570875336473477,0.9770114942528736,0.9883720930232558,0.9826589595375722,2.0,0.0,1.0,1.0,0.0011600928074245,0.0006105006105006,,,,,,pancreas,0.8016,epsilon
prototype_gate,43,gamma,50,batch_heldout,0.972737819025522,0.8813051384201346,0.9883720930232558,0.9883720930232558,0.9883720930232558,1.0,,1.0,0.0,0.0005800464037122,0.0,,rank1,1.0,0.5,,pancreas,0.8016,epsilon
prototype_gate_best,43,gamma,50,batch_heldout,0.972737819025522,0.8813051384201346,0.9883720930232558,0.9883720930232558,0.9883720930232558,1.0,,1.0,0.0,0.0005800464037122,0.0,,rank1,1.0,0.5,,pancreas,0.8016,epsilon
prototype_gate_marker,43,gamma,50,batch_heldout,0.9721577726218096,0.8808300115776098,0.9882352941176472,0.9767441860465116,0.9824561403508772,1.0,0.0,0.0,0.0,0.0,0.0,,,,,,pancreas,0.8016,epsilon
fusion,43,gamma,50,batch_heldout,0.9640371229698376,0.8133391630450414,1.0,0.9883720930232558,0.9941520467836256,,,1.0,0.0,0.015661252900232,0.0,,,,0.5,27.0,pancreas,0.8016,epsilon
fusion_gated,43,gamma,50,batch_heldout,0.972737819025522,0.8813051384201346,0.9883720930232558,0.9883720930232558,0.9883720930232558,,,1.0,0.0,0.0005800464037122,0.0,,,,0.5,1.0,pancreas,0.8016,epsilon
baseline,44,epsilon,10,batch_heldout,0.9715777262180976,0.8748668119603027,1.0,0.5,0.6666666666666666,0.0,0.0,0.0,0.0,0.0,0.0,,,,,,pancreas,1.0208,gamma
knn_k15,44,epsilon,10,batch_heldout,0.9443155452436196,0.7164074517614104,0.0,0.0,0.0,,,,,,,15.0,,,,,pancreas,1.0208,gamma
prototype,44,epsilon,10,batch_heldout,0.8660092807424594,0.7765760152255157,0.0105820105820105,1.0,0.0209424083769633,188.0,0.0,1.0,187.0,0.1090487238979118,0.1085946573751451,,,,,,pancreas,1.0208,gamma
prototype_gate,44,epsilon,10,batch_heldout,0.9657772621809744,0.8359184425755622,0.0769230769230769,0.5,0.1333333333333333,12.0,,0.0,12.0,0.0069605568445475,0.0069686411149825,,rank1,0.0,0.0,,pancreas,1.0208,gamma
prototype_gate_best,44,epsilon,10,batch_heldout,0.9657772621809744,0.8359184425755622,0.0769230769230769,0.5,0.1333333333333333,12.0,,0.0,12.0,0.0069605568445475,0.0069686411149825,,rank1,0.0,0.0,,pancreas,1.0208,gamma
prototype_gate_marker,44,epsilon,10,batch_heldout,0.968677494199536,0.8412312017411345,0.125,0.5,0.2,12.0,7.0,0.0,7.0,0.004060324825986,0.0040650406504065,,,,,,pancreas,1.0208,gamma
fusion,44,epsilon,10,batch_heldout,0.9657772621809744,0.8138982530414787,1.0,0.5,0.6666666666666666,,,0.0,0.0,0.0081206496519721,0.0,,,,0.0,14.0,pancreas,1.0208,gamma
fusion_gated,44,epsilon,10,batch_heldout,0.9663573085846868,0.83673264657098,0.0833333333333333,0.5,0.1428571428571428,,,0.0,11.0,0.0063805104408352,0.0063879210220673,,,,0.0,11.0,pancreas,1.0208,gamma
baseline,44,epsilon,20,batch_heldout,0.9773781902552204,0.8772400534516144,1.0,1.0,1.0,0.0,0.0,0.0,0.0,0.0,0.0,,,,,,pancreas,1.0208,gamma
knn_k15,44,epsilon,20,batch_heldout,0.9419953596287703,0.7239275524137835,0.0,0.0,0.0,,,,,,,15.0,,,,,pancreas,1.0208,gamma
prototype,44,epsilon,20,batch_heldout,0.867169373549884,0.7701594330708711,0.0102564102564102,1.0,0.0203045685279187,193.0,0.0,0.0,193.0,0.1119489559164733,0.1120789779326364,,,,,,pancreas,1.0208,gamma
prototype_gate,44,epsilon,20,batch_heldout,0.974477958236659,0.8338878608556036,0.25,1.0,0.4,6.0,,0.0,6.0,0.0034802784222737,0.0034843205574912,,rank1,0.0,0.0,,pancreas,1.0208,gamma
prototype_gate_best,44,epsilon,20,batch_heldout,0.974477958236659,0.8338878608556036,0.25,1.0,0.4,6.0,,0.0,6.0,0.0034802784222737,0.0034843205574912,,rank1,0.0,0.0,,pancreas,1.0208,gamma
prototype_gate_marker,44,epsilon,20,batch_heldout,0.9773781902552204,0.8772400534516144,1.0,1.0,1.0,6.0,0.0,0.0,0.0,0.0,0.0,,,,,,pancreas,1.0208,gamma
fusion,44,epsilon,20,batch_heldout,0.976798143851508,0.9013875476552156,1.0,1.0,1.0,,,0.0,0.0,0.0017401392111368,0.0,,,,0.0,3.0,pancreas,1.0208,gamma
fusion_gated,44,epsilon,20,batch_heldout,0.9756380510440836,0.8412560654210778,0.3333333333333333,1.0,0.5,,,0.0,4.0,0.0023201856148491,0.0023228803716608,,,,0.0,4.0,pancreas,1.0208,gamma
baseline,44,epsilon,5,batch_heldout,0.978538283062645,0.883533057609596,1.0,0.5,0.6666666666666666,0.0,0.0,0.0,0.0,0.0,0.0,,,,,,pancreas,1.0208,gamma
knn_k15,44,epsilon,5,batch_heldout,0.9425754060324826,0.7315702918578968,0.0,0.0,0.0,,,,,,,15.0,,,,,pancreas,1.0208,gamma
prototype,44,epsilon,5,batch_heldout,0.9240139211136892,0.8096809634193515,0.02,1.0,0.0392156862745098,99.0,0.0,1.0,98.0,0.0574245939675174,0.056910569105691,,,,,,pancreas,1.0208,gamma
prototype_gate,44,epsilon,5,batch_heldout,0.978538283062645,0.8716808544993319,0.5,0.5,0.5,1.0,,0.0,1.0,0.0005800464037122,0.0005807200929152,,rank1,0.0,0.0,,pancreas,1.0208,gamma
prototype_gate_best,44,epsilon,5,batch_heldout,0.9240139211136892,0.8096809634193515,0.02,1.0,0.0392156862745098,99.0,,1.0,98.0,0.0574245939675174,0.056910569105691,,rank2_margin_q25,0.0101010101010101,1.0,,pancreas,1.0208,gamma
prototype_gate_marker,44,epsilon,5,batch_heldout,0.978538283062645,0.883533057609596,1.0,0.5,0.6666666666666666,1.0,0.0,0.0,0.0,0.0,0.0,,,,,,pancreas,1.0208,gamma
fusion,44,epsilon,5,batch_heldout,0.9738979118329466,0.8372213371360624,1.0,0.5,0.6666666666666666,,,0.0,0.0,0.0052204176334106,0.0,,,,0.0,9.0,pancreas,1.0208,gamma
fusion_gated,44,epsilon,5,batch_heldout,0.978538283062645,0.8716808544993319,0.5,0.5,0.5,,,0.0,1.0,0.0005800464037122,0.0005807200929152,,,,0.0,1.0,pancreas,1.0208,gamma
baseline,44,epsilon,50,batch_heldout,0.9576566125290024,0.8962167575503825,1.0,1.0,1.0,0.0,0.0,0.0,0.0,0.0,0.0,,,,,,pancreas,1.0208,gamma
knn_k15,44,epsilon,50,batch_heldout,0.9402552204176334,0.7705034555734321,1.0,0.5,0.6666666666666666,,,,,,,15.0,,,,,pancreas,1.0208,gamma
prototype,44,epsilon,50,batch_heldout,0.867169373549884,0.7801565035062821,0.0124223602484472,1.0,0.0245398773006134,159.0,0.0,0.0,159.0,0.0922273781902552,0.0923344947735191,,,,,,pancreas,1.0208,gamma
prototype_gate,44,epsilon,50,batch_heldout,0.9547563805104408,0.8501524640123712,0.2222222222222222,1.0,0.3636363636363636,7.0,,0.0,7.0,0.004060324825986,0.0040650406504065,,rank1,0.0,0.0,,pancreas,1.0208,gamma
prototype_gate_best,44,epsilon,50,batch_heldout,0.9547563805104408,0.8501524640123712,0.2222222222222222,1.0,0.3636363636363636,7.0,,0.0,7.0,0.004060324825986,0.0040650406504065,,rank1,0.0,0.0,,pancreas,1.0208,gamma
prototype_gate_marker,44,epsilon,50,batch_heldout,0.9576566125290024,0.8962167575503825,1.0,1.0,1.0,7.0,0.0,0.0,0.0,0.0,0.0,,,,,,pancreas,1.0208,gamma
fusion,44,epsilon,50,batch_heldout,0.9588167053364268,0.9022057914297026,1.0,1.0,1.0,,,0.0,0.0,0.0023201856148491,0.0,,,,0.0,4.0,pancreas,1.0208,gamma
fusion_gated,44,epsilon,50,batch_heldout,0.9553364269141532,0.8559046732590276,0.2857142857142857,1.0,0.4444444444444444,,,0.0,5.0,0.0029002320185614,0.002903600464576,,,,0.0,5.0,pancreas,1.0208,gamma
baseline,44,gamma,10,batch_heldout,0.9779582366589328,0.8202860851403122,0.9770114942528736,0.9883720930232558,0.9826589595375722,0.0,0.0,0.0,0.0,0.0,0.0,,,,,,pancreas,0.9772,epsilon
knn_k15,44,gamma,10,batch_heldout,0.8950116009280742,0.6494907096216075,1.0,0.0116279069767441,0.0229885057471264,,,,,,,15.0,,,,,pancreas,0.9772,epsilon
prototype,44,gamma,10,batch_heldout,0.9773781902552204,0.79607317095331,0.9659090909090908,0.9883720930232558,0.9770114942528736,1.0,0.0,0.0,1.0,0.0005800464037122,0.0006105006105006,,,,,,pancreas,0.9772,epsilon
prototype_gate,44,gamma,10,batch_heldout,0.9779582366589328,0.8202860851403122,0.9770114942528736,0.9883720930232558,0.9826589595375722,0.0,,0.0,0.0,0.0,0.0,,rank1,0.0,0.0,,pancreas,0.9772,epsilon
prototype_gate_best,44,gamma,10,batch_heldout,0.9779582366589328,0.8202860851403122,0.9770114942528736,0.9883720930232558,0.9826589595375722,0.0,,0.0,0.0,0.0,0.0,,rank1,0.0,0.0,,pancreas,0.9772,epsilon
prototype_gate_marker,44,gamma,10,batch_heldout,0.9779582366589328,0.8202860851403122,0.9770114942528736,0.9883720930232558,0.9826589595375722,0.0,0.0,0.0,0.0,0.0,0.0,,,,,,pancreas,0.9772,epsilon
fusion,44,gamma,10,batch_heldout,0.9779582366589328,0.8163312633663417,0.9770114942528736,0.9883720930232558,0.9826589595375722,,,0.0,0.0,0.0005800464037122,0.0,,,,0.0,1.0,pancreas,0.9772,epsilon
fusion_gated,44,gamma,10,batch_heldout,0.9779582366589328,0.8202860851403122,0.9770114942528736,0.9883720930232558,0.9826589595375722,,,0.0,0.0,0.0,0.0,,,,0.0,0.0,pancreas,0.9772,epsilon
baseline,44,gamma,20,batch_heldout,0.9756380510440836,0.9027074708436588,0.9885057471264368,1.0,0.9942196531791908,0.0,0.0,0.0,0.0,0.0,0.0,,,,,,pancreas,0.9772,epsilon
knn_k15,44,gamma,20,batch_heldout,0.9309744779582366,0.7212623836166394,1.0,0.8023255813953488,0.8903225806451613,,,,,,,15.0,,,,,pancreas,0.9772,epsilon
prototype,44,gamma,20,batch_heldout,0.9704176334106728,0.8743315639896289,0.8775510204081632,1.0,0.9347826086956522,11.0,0.0,0.0,11.0,0.0063805104408352,0.0067155067155067,,,,,,pancreas,0.9772,epsilon
prototype_gate,44,gamma,20,batch_heldout,0.974477958236659,0.9017898867242294,0.9662921348314608,1.0,0.9828571428571428,2.0,,0.0,2.0,0.0011600928074245,0.0012210012210012,,rank1,0.0,0.0,,pancreas,0.9772,epsilon
prototype_gate_best,44,gamma,20,batch_heldout,0.974477958236659,0.9017898867242294,0.9662921348314608,1.0,0.9828571428571428,2.0,,0.0,2.0,0.0011600928074245,0.0012210012210012,,rank1,0.0,0.0,,pancreas,0.9772,epsilon
prototype_gate_marker,44,gamma,20,batch_heldout,0.974477958236659,0.9017898867242294,0.9662921348314608,1.0,0.9828571428571428,2.0,2.0,0.0,2.0,0.0011600928074245,0.0012210012210012,,,,,,pancreas,0.9772,epsilon
fusion,44,gamma,20,batch_heldout,0.974477958236659,0.8686545830389586,0.9885057471264368,1.0,0.9942196531791908,,,0.0,0.0,0.0046403712296983,0.0,,,,0.0,8.0,pancreas,0.9772,epsilon
fusion_gated,44,gamma,20,batch_heldout,0.9750580046403712,0.9022463857697882,0.9772727272727272,1.0,0.9885057471264368,,,0.0,1.0,0.0005800464037122,0.0006105006105006,,,,0.0,1.0,pancreas,0.9772,epsilon
baseline,44,gamma,5,batch_heldout,0.9292343387470998,0.8183366100339001,1.0,0.0813953488372093,0.1505376344086021,0.0,0.0,0.0,0.0,0.0,0.0,,,,,,pancreas,0.9772,epsilon
knn_k15,44,gamma,5,batch_heldout,0.8950116009280742,0.6562124064279455,0.0,0.0,0.0,,,,,,,15.0,,,,,pancreas,0.9772,epsilon
prototype,44,gamma,5,batch_heldout,0.972737819025522,0.8898065030906938,0.9347826086956522,1.0,0.9662921348314608,85.0,0.0,79.0,6.0,0.0493039443155452,0.0036630036630036,,,,,,pancreas,0.9772,epsilon
prototype_gate,44,gamma,5,batch_heldout,0.9698375870069604,0.8874644313376471,1.0,0.8953488372093024,0.9447852760736196,70.0,,70.0,0.0,0.0406032482598607,0.0,,rank1,1.0,0.8860759493670886,,pancreas,0.9772,epsilon
prototype_gate_best,44,gamma,5,batch_heldout,0.972737819025522,0.8898065030906938,0.9347826086956522,1.0,0.9662921348314608,85.0,,79.0,6.0,0.0493039443155452,0.0036630036630036,,rank2_margin_q25,0.9294117647058824,1.0,,pancreas,0.9772,epsilon
prototype_gate_marker,44,gamma,5,batch_heldout,0.9698375870069604,0.8874644313376471,1.0,0.8953488372093024,0.9447852760736196,70.0,70.0,70.0,0.0,0.0406032482598607,0.0,,,,,,pancreas,0.9772,epsilon
fusion,44,gamma,5,batch_heldout,0.9483758700696056,0.7870000169181942,1.0,0.6162790697674418,0.762589928057554,,,52.0,0.0,0.0406032482598607,0.0,,,,0.6582278481012658,70.0,pancreas,0.9772,epsilon
fusion_gated,44,gamma,5,batch_heldout,0.9698375870069604,0.8874644313376471,1.0,0.8953488372093024,0.9447852760736196,,,70.0,0.0,0.0406032482598607,0.0,,,,0.8860759493670886,70.0,pancreas,0.9772,epsilon
baseline,44,gamma,50,batch_heldout,0.9796983758700696,0.8330937485187455,0.9885057471264368,1.0,0.9942196531791908,0.0,0.0,0.0,0.0,0.0,0.0,,,,,,pancreas,0.9772,epsilon
knn_k15,44,gamma,50,batch_heldout,0.9448955916473318,0.7411199218477658,1.0,0.9534883720930232,0.9761904761904762,,,,,,,15.0,,,,,pancreas,0.9772,epsilon
prototype,44,gamma,50,batch_heldout,0.976798143851508,0.8067871062596875,0.9247311827956988,1.0,0.9608938547486032,6.0,0.0,0.0,6.0,0.0034802784222737,0.0036630036630036,,,,,,pancreas,0.9772,epsilon
prototype_gate,44,gamma,50,batch_heldout,0.978538283062645,0.8321760088428867,0.9662921348314608,1.0,0.9828571428571428,2.0,,0.0,2.0,0.0011600928074245,0.0012210012210012,,rank1,0.0,0.0,,pancreas,0.9772,epsilon
prototype_gate_best,44,gamma,50,batch_heldout,0.978538283062645,0.8321760088428867,0.9662921348314608,1.0,0.9828571428571428,2.0,,0.0,2.0,0.0011600928074245,0.0012210012210012,,rank1,0.0,0.0,,pancreas,0.9772,epsilon
prototype_gate_marker,44,gamma,50,batch_heldout,0.978538283062645,0.8321760088428867,0.9662921348314608,1.0,0.9828571428571428,2.0,2.0,0.0,2.0,0.0011600928074245,0.0012210012210012,,,,,,pancreas,0.9772,epsilon
fusion,44,gamma,50,batch_heldout,0.9808584686774942,0.8911642494463893,0.9885057471264368,1.0,0.9942196531791908,,,0.0,0.0,0.0011600928074245,0.0,,,,0.0,2.0,pancreas,0.9772,epsilon
fusion_gated,44,gamma,50,batch_heldout,0.9791183294663574,0.8326325856951788,0.9772727272727272,1.0,0.9885057471264368,,,0.0,1.0,0.0005800464037122,0.0006105006105006,,,,0.0,1.0,pancreas,0.9772,epsilon
baseline,42,endothelial cell,10,cell_stratified,0.9689513766842414,0.8178917081191974,1.0,0.7333333333333333,0.8461538461538461,0.0,0.0,0.0,0.0,0.0,0.0,,,,,,tabula_kidney,1.2682,macrophage
prototype,42,endothelial cell,10,cell_stratified,0.954305799648506,0.7043596478769089,0.3260869565217391,1.0,0.4918032786885246,35.0,0.0,4.0,31.0,0.0205038078500292,0.018321513002364,,,,,,tabula_kidney,1.2682,macrophage
prototype_gate,42,endothelial cell,10,cell_stratified,0.9619214997070884,0.7958271487533121,0.4615384615384615,0.8,0.5853658536585366,15.0,,1.0,14.0,0.0087873462214411,0.0082742316784869,,rank1,0.0666666666666666,0.25,,tabula_kidney,1.2682,macrophage
prototype_gate_best,42,endothelial cell,10,cell_stratified,0.9619214997070884,0.7958271487533121,0.4615384615384615,0.8,0.5853658536585366,15.0,,1.0,14.0,0.0087873462214411,0.0082742316784869,,rank1,0.0666666666666666,0.25,,tabula_kidney,1.2682,macrophage
prototype_gate_marker,42,endothelial cell,10,cell_stratified,0.9689513766842414,0.8178917081191974,1.0,0.7333333333333333,0.8461538461538461,15.0,0.0,0.0,0.0,0.0,0.0,,,,,,tabula_kidney,1.2682,macrophage
fusion,42,endothelial cell,10,cell_stratified,0.9689513766842414,0.825478181052205,1.0,0.7333333333333333,0.8461538461538461,,,0.0,0.0,0.0011716461628588,0.0,,,,0.0,2.0,tabula_kidney,1.2682,macrophage
fusion_gated,42,endothelial cell,10,cell_stratified,0.9689513766842414,0.8178917081191974,1.0,0.7333333333333333,0.8461538461538461,,,0.0,0.0,0.0,0.0,,,,0.0,0.0,tabula_kidney,1.2682,macrophage
baseline,42,endothelial cell,20,cell_stratified,0.9701230228471002,0.8228896417580988,1.0,0.8,0.8888888888888888,0.0,0.0,0.0,0.0,0.0,0.0,,,,,,tabula_kidney,1.2682,macrophage
prototype,42,endothelial cell,20,cell_stratified,0.9560632688927944,0.7036967368428879,0.325,0.8666666666666667,0.4727272727272727,28.0,0.0,1.0,27.0,0.0164030462800234,0.0159574468085106,,,,,,tabula_kidney,1.2682,macrophage
prototype_gate,42,endothelial cell,20,cell_stratified,0.962507322788518,0.7972346198690308,0.4615384615384615,0.8,0.5853658536585366,14.0,,0.0,14.0,0.0082015231400117,0.0082742316784869,,rank1,0.0,0.0,,tabula_kidney,1.2682,macrophage
prototype_gate_best,42,endothelial cell,20,cell_stratified,0.9560632688927944,0.7036967368428879,0.325,0.8666666666666667,0.4727272727272727,28.0,,1.0,27.0,0.0164030462800234,0.0159574468085106,,rank2_margin_q25,0.0357142857142857,0.3333333333333333,,tabula_kidney,1.2682,macrophage
prototype_gate_marker,42,endothelial cell,20,cell_stratified,0.9695371997656708,0.8202141741495415,0.9230769230769232,0.8,0.8571428571428571,14.0,1.0,0.0,1.0,0.0005858230814294,0.0005910165484633,,,,,,tabula_kidney,1.2682,macrophage
fusion,42,endothelial cell,20,cell_stratified,0.9677797305213826,0.8144246090168664,0.9230769230769232,0.8,0.8571428571428571,,,0.0,1.0,0.0134739308728763,0.0005910165484633,,,,0.0,23.0,tabula_kidney,1.2682,macrophage
fusion_gated,42,endothelial cell,20,cell_stratified,0.9701230228471002,0.8228896417580988,1.0,0.8,0.8888888888888888,,,0.0,0.0,0.0,0.0,,,,0.0,0.0,tabula_kidney,1.2682,macrophage
baseline,42,endothelial cell,5,cell_stratified,0.9707088459285296,0.82249762050043,1.0,0.7333333333333333,0.8461538461538461,0.0,0.0,0.0,0.0,0.0,0.0,,,,,,tabula_kidney,1.2682,macrophage
prototype,42,endothelial cell,5,cell_stratified,0.9619214997070884,0.8015049829447732,0.4137931034482758,0.8,0.5454545454545454,18.0,0.0,1.0,17.0,0.0105448154657293,0.010047281323877,,,,,,tabula_kidney,1.2682,macrophage
prototype_gate,42,endothelial cell,5,cell_stratified,0.9648506151142356,0.8043151328793773,0.5217391304347826,0.8,0.631578947368421,12.0,,1.0,11.0,0.0070298769771528,0.0065011820330969,,rank1,0.0833333333333333,0.25,,tabula_kidney,1.2682,macrophage
prototype_gate_best,42,endothelial cell,5,cell_stratified,0.9648506151142356,0.8043151328793773,0.5217391304347826,0.8,0.631578947368421,12.0,,1.0,11.0,0.0070298769771528,0.0065011820330969,,rank1,0.0833333333333333,0.25,,tabula_kidney,1.2682,macrophage
prototype_gate_marker,42,endothelial cell,5,cell_stratified,0.9695371997656708,0.8174009960275441,0.8461538461538461,0.7333333333333333,0.7857142857142857,12.0,2.0,0.0,2.0,0.0011716461628588,0.0011820330969267,,,,,,tabula_kidney,1.2682,macrophage
fusion,42,endothelial cell,5,cell_stratified,0.9701230228471002,0.8173849637023798,1.0,0.7333333333333333,0.8461538461538461,,,0.0,0.0,0.0005858230814294,0.0,,,,0.0,1.0,tabula_kidney,1.2682,macrophage
fusion_gated,42,endothelial cell,5,cell_stratified,0.9707088459285296,0.82249762050043,1.0,0.7333333333333333,0.8461538461538461,,,0.0,0.0,0.0,0.0,,,,0.0,0.0,tabula_kidney,1.2682,macrophage
baseline,43,endothelial cell,5,cell_stratified,0.9724663151728178,0.7978961894442813,1.0,0.8,0.8888888888888888,0.0,0.0,0.0,0.0,0.0,0.0,,,,,,tabula_kidney,1.9012,macrophage
prototype,43,endothelial cell,5,cell_stratified,0.9560632688927944,0.7639569332480058,0.3260869565217391,1.0,0.4918032786885246,34.0,0.0,3.0,31.0,0.0199179847685998,0.018321513002364,,,,,,tabula_kidney,1.9012,macrophage
prototype_gate,43,endothelial cell,5,cell_stratified,0.9677797305213826,0.7845567311743035,0.5769230769230769,1.0,0.7317073170731707,14.0,,3.0,11.0,0.0082015231400117,0.0065011820330969,,rank1,0.2142857142857142,1.0,,tabula_kidney,1.9012,macrophage
prototype_gate_best,43,endothelial cell,5,cell_stratified,0.9677797305213826,0.7845567311743035,0.5769230769230769,1.0,0.7317073170731707,14.0,,3.0,11.0,0.0082015231400117,0.0065011820330969,,rank1,0.2142857142857142,1.0,,tabula_kidney,1.9012,macrophage
prototype_gate_marker,43,endothelial cell,5,cell_stratified,0.974223784417106,0.8072450222177849,1.0,1.0,1.0,14.0,3.0,3.0,0.0,0.0017574692442882,0.0,,,,,,tabula_kidney,1.9012,macrophage
fusion,43,endothelial cell,5,cell_stratified,0.9753954305799648,0.8343700950563538,1.0,0.8666666666666667,0.9285714285714286,,,1.0,0.0,0.0064440538957234,0.0,,,,0.3333333333333333,11.0,tabula_kidney,1.9012,macrophage
fusion_gated,43,endothelial cell,5,cell_stratified,0.9730521382542472,0.801232904170419,1.0,0.8666666666666667,0.9285714285714286,,,1.0,0.0,0.0005858230814294,0.0,,,,0.3333333333333333,1.0,tabula_kidney,1.9012,macrophage
baseline,42,non-classical monocyte,10,cell_stratified,0.8943894389438944,0.7179569513845595,1.0,0.1176470588235294,0.2105263157894736,0.0,0.0,0.0,0.0,0.0,0.0,,,,,,tabula_liver,1.8318,intermediate monocyte
knn_k15,42,non-classical monocyte,10,cell_stratified,0.901890189018902,0.706948195040162,0.0,0.0,0.0,,,,,,,15.0,,,,,tabula_liver,1.8318,intermediate monocyte
prototype,42,non-classical monocyte,10,cell_stratified,0.8961896189618962,0.7348352240789581,0.425,1.0,0.5964912280701754,38.0,0.0,15.0,23.0,0.0114011401140114,0.0069360675512665,,,,,,tabula_liver,1.8318,intermediate monocyte
prototype_gate,42,non-classical monocyte,10,cell_stratified,0.8961896189618962,0.7347572681271183,0.4358974358974359,1.0,0.6071428571428571,37.0,,15.0,22.0,0.0111011101110111,0.0066344993968636,,rank1,0.4054054054054054,1.0,,tabula_liver,1.8318,intermediate monocyte
prototype_gate_best,42,non-classical monocyte,10,cell_stratified,0.8961896189618962,0.7347572681271183,0.4358974358974359,1.0,0.6071428571428571,37.0,,15.0,22.0,0.0111011101110111,0.0066344993968636,,rank1,0.4054054054054054,1.0,,tabula_liver,1.8318,intermediate monocyte
prototype_gate_marker,42,non-classical monocyte,10,cell_stratified,0.8958895889588959,0.7320266059717858,0.7777777777777778,0.4117647058823529,0.5384615384615384,37.0,7.0,5.0,2.0,0.0021002100210021,0.0006031363088057,,,,,,tabula_liver,1.8318,intermediate monocyte
fusion,42,non-classical monocyte,10,cell_stratified,0.894989498949895,0.7365759407226286,0.5882352941176471,0.5882352941176471,0.5882352941176471,,,8.0,7.0,0.021002100210021,0.0021109770808202,,,,0.5333333333333333,70.0,tabula_liver,1.8318,intermediate monocyte
fusion_gated,42,non-classical monocyte,10,cell_stratified,0.8970897089708971,0.7382321873733783,0.5333333333333333,0.9411764705882352,0.6808510638297872,,,14.0,14.0,0.0084008400840084,0.0042219541616405,,,,0.9333333333333332,28.0,tabula_liver,1.8318,intermediate monocyte
baseline,42,non-classical monocyte,20,cell_stratified,0.8913891389138914,0.7287171660462491,0.6666666666666666,0.2352941176470588,0.3478260869565217,0.0,0.0,0.0,0.0,0.0,0.0,,,,,,tabula_liver,1.8318,intermediate monocyte
knn_k15,42,non-classical monocyte,20,cell_stratified,0.9027902790279028,0.7417243285591283,0.8571428571428571,0.3529411764705882,0.5,,,,,,,15.0,,,,,tabula_liver,1.8318,intermediate monocyte
prototype,42,non-classical monocyte,20,cell_stratified,0.8931893189318932,0.7435018683006613,0.53125,1.0,0.6938775510204082,26.0,0.0,13.0,13.0,0.0078007800780078,0.0039203860072376,,,,,,tabula_liver,1.8318,intermediate monocyte
prototype_gate,42,non-classical monocyte,20,cell_stratified,0.8925892589258926,0.7418691487186964,0.5,1.0,0.6666666666666666,28.0,,13.0,15.0,0.0084008400840084,0.0045235223160434,,rank1,0.4642857142857143,1.0,,tabula_liver,1.8318,intermediate monocyte
prototype_gate_best,42,non-classical monocyte,20,cell_stratified,0.8925892589258926,0.7418691487186964,0.5,1.0,0.6666666666666666,28.0,,13.0,15.0,0.0084008400840084,0.0045235223160434,,rank1,0.4642857142857143,1.0,,tabula_liver,1.8318,intermediate monocyte
prototype_gate_marker,42,non-classical monocyte,20,cell_stratified,0.8928892889288929,0.7416987427763752,0.6470588235294118,0.6470588235294118,0.6470588235294118,28.0,11.0,7.0,4.0,0.0033003300330033,0.0012062726176115,,,,,,tabula_liver,1.8318,intermediate monocyte
fusion,42,non-classical monocyte,20,cell_stratified,0.891989198919892,0.7729175527806742,0.6923076923076923,0.5294117647058824,0.6,,,5.0,2.0,0.0177017701770177,0.0006031363088057,,,,0.3846153846153846,59.0,tabula_liver,1.8318,intermediate monocyte
fusion_gated,42,non-classical monocyte,20,cell_stratified,0.8922892289228923,0.7384626623815903,0.5,0.7058823529411765,0.5853658536585366,,,8.0,10.0,0.0054005400540054,0.0030156815440289,,,,0.6153846153846154,18.0,tabula_liver,1.8318,intermediate monocyte
baseline,42,non-classical monocyte,5,cell_stratified,0.8946894689468947,0.7278815162953848,1.0,0.0588235294117647,0.1111111111111111,0.0,0.0,0.0,0.0,0.0,0.0,,,,,,tabula_liver,1.8318,intermediate monocyte
knn_k15,42,non-classical monocyte,5,cell_stratified,0.9006900690069007,0.7155550850434373,0.0,0.0,0.0,,,,,,,15.0,,,,,tabula_liver,1.8318,intermediate monocyte
prototype,42,non-classical monocyte,5,cell_stratified,0.8967896789678967,0.749943356026777,0.5,0.8823529411764706,0.6382978723404256,29.0,0.0,14.0,15.0,0.0087008700870087,0.0045235223160434,,,,,,tabula_liver,1.8318,intermediate monocyte
prototype_gate,42,non-classical monocyte,5,cell_stratified,0.8970897089708971,0.7515406025675541,0.5,1.0,0.6666666666666666,33.0,,16.0,17.0,0.0099009900990099,0.0051266586248492,,rank1,0.4848484848484848,1.0,,tabula_liver,1.8318,intermediate monocyte
prototype_gate_best,42,non-classical monocyte,5,cell_stratified,0.8970897089708971,0.7515406025675541,0.5,1.0,0.6666666666666666,33.0,,16.0,17.0,0.0099009900990099,0.0051266586248492,,rank1,0.4848484848484848,1.0,,tabula_liver,1.8318,intermediate monocyte
prototype_gate_marker,42,non-classical monocyte,5,cell_stratified,0.8952895289528953,0.73482132343466,0.6,0.1764705882352941,0.2727272727272727,33.0,4.0,2.0,2.0,0.0012001200120012,0.0006031363088057,,,,,,tabula_liver,1.8318,intermediate monocyte
fusion,42,non-classical monocyte,5,cell_stratified,0.8937893789378938,0.7671537023516937,0.7777777777777778,0.4117647058823529,0.5384615384615384,,,6.0,2.0,0.0174017401740174,0.0006031363088057,,,,0.375,58.0,tabula_liver,1.8318,intermediate monocyte
fusion_gated,42,non-classical monocyte,5,cell_stratified,0.8967896789678967,0.749022332758731,0.5789473684210527,0.6470588235294118,0.6111111111111112,,,10.0,8.0,0.0054005400540054,0.0024125452352231,,,,0.625,18.0,tabula_liver,1.8318,intermediate monocyte
baseline,42,non-classical monocyte,50,cell_stratified,0.8976897689768977,0.7389799946460046,0.631578947368421,0.7058823529411765,0.6666666666666666,0.0,0.0,0.0,0.0,0.0,0.0,,,,,,tabula_liver,1.8318,intermediate monocyte
knn_k15,42,non-classical monocyte,50,cell_stratified,0.9033903390339034,0.7419221999549412,0.6,0.5294117647058824,0.5625,,,,,,,15.0,,,,,tabula_liver,1.8318,intermediate monocyte
prototype,42,non-classical monocyte,50,cell_stratified,0.8961896189618962,0.7330895037000961,0.425,1.0,0.5964912280701754,21.0,0.0,5.0,16.0,0.0063006300630063,0.0048250904704463,,,,,,tabula_liver,1.8318,intermediate monocyte
prototype_gate,42,non-classical monocyte,50,cell_stratified,0.8964896489648965,0.7361344020885939,0.4358974358974359,1.0,0.6071428571428571,20.0,,5.0,15.0,0.006000600060006,0.0045235223160434,,rank1,0.25,1.0,,tabula_liver,1.8318,intermediate monocyte
prototype_gate_best,42,non-classical monocyte,50,cell_stratified,0.8964896489648965,0.7361344020885939,0.4358974358974359,1.0,0.6071428571428571,20.0,,5.0,15.0,0.006000600060006,0.0045235223160434,,rank1,0.25,1.0,,tabula_liver,1.8318,intermediate monocyte
prototype_gate_marker,42,non-classical monocyte,50,cell_stratified,0.897989798979898,0.74043201038451,0.6086956521739131,0.8235294117647058,0.7,20.0,4.0,2.0,2.0,0.0012001200120012,0.0006031363088057,,,,,,tabula_liver,1.8318,intermediate monocyte
fusion,42,non-classical monocyte,50,cell_stratified,0.8964896489648965,0.7446249800401356,0.65,0.7647058823529411,0.7027027027027027,,,1.0,0.0,0.0096009600960096,0.0,,,,0.2,32.0,tabula_liver,1.8318,intermediate monocyte
fusion_gated,42,non-classical monocyte,50,cell_stratified,0.8982898289828983,0.7405579868303865,0.5769230769230769,0.8823529411764706,0.6976744186046512,,,3.0,4.0,0.0021002100210021,0.0012062726176115,,,,0.6,7.0,tabula_liver,1.8318,intermediate monocyte
baseline,43,non-classical monocyte,10,cell_stratified,0.8901890189018902,0.7032743318687462,0.6666666666666666,0.1176470588235294,0.2,0.0,0.0,0.0,0.0,0.0,0.0,,,,,,tabula_liver,2.075,monocyte
knn_k15,43,non-classical monocyte,10,cell_stratified,0.897989798979898,0.6889663918430114,0.0,0.0,0.0,,,,,,,15.0,,,,,tabula_liver,2.075,monocyte
prototype,43,non-classical monocyte,10,cell_stratified,0.891989198919892,0.7242716897574356,0.5666666666666667,1.0,0.723404255319149,27.0,0.0,15.0,12.0,0.0081008100810081,0.0036188178528347,,,,,,tabula_liver,2.075,monocyte
prototype_gate,43,non-classical monocyte,10,cell_stratified,0.891989198919892,0.7252313986481226,0.5862068965517241,1.0,0.7391304347826086,26.0,,15.0,11.0,0.0078007800780078,0.0033172496984318,,rank1,0.5769230769230769,1.0,,tabula_liver,2.075,monocyte
prototype_gate_best,43,non-classical monocyte,10,cell_stratified,0.891989198919892,0.7252313986481226,0.5862068965517241,1.0,0.7391304347826086,26.0,,15.0,11.0,0.0078007800780078,0.0033172496984318,,rank1,0.5769230769230769,1.0,,tabula_liver,2.075,monocyte
prototype_gate_marker,43,non-classical monocyte,10,cell_stratified,0.8910891089108911,0.7150212690922619,0.75,0.3529411764705882,0.48,26.0,5.0,4.0,1.0,0.0015001500150015,0.0003015681544028,,,,,,tabula_liver,2.075,monocyte
fusion,43,non-classical monocyte,10,cell_stratified,0.8898889888988899,0.7484733856494058,0.6666666666666666,0.7058823529411765,0.6857142857142857,,,10.0,5.0,0.0219021902190219,0.0015078407720144,,,,0.6666666666666666,73.0,tabula_liver,2.075,monocyte
fusion_gated,43,non-classical monocyte,10,cell_stratified,0.8931893189318932,0.7283714711201273,0.8125,0.7647058823529411,0.7878787878787878,,,11.0,2.0,0.0039003900390039,0.0006031363088057,,,,0.7333333333333333,13.0,tabula_liver,2.075,monocyte
baseline,43,non-classical monocyte,20,cell_stratified,0.8991899189918992,0.7065551757528706,0.6,0.1764705882352941,0.2727272727272727,0.0,0.0,0.0,0.0,0.0,0.0,,,,,,tabula_liver,2.075,monocyte
knn_k15,43,non-classical monocyte,20,cell_stratified,0.903090309030903,0.7041833043566429,1.0,0.1176470588235294,0.2105263157894736,,,,,,,15.0,,,,,tabula_liver,2.075,monocyte
prototype,43,non-classical monocyte,20,cell_stratified,0.9006900690069007,0.7217748218392175,0.53125,1.0,0.6938775510204082,27.0,0.0,14.0,13.0,0.0081008100810081,0.0039203860072376,,,,,,tabula_liver,2.075,monocyte
prototype_gate,43,non-classical monocyte,20,cell_stratified,0.9021902190219022,0.7290588554712941,0.68,1.0,0.8095238095238095,20.0,,14.0,6.0,0.006000600060006,0.0018094089264173,,rank1,0.7,1.0,,tabula_liver,2.075,monocyte
prototype_gate_best,43,non-classical monocyte,20,cell_stratified,0.9021902190219022,0.7290588554712941,0.68,1.0,0.8095238095238095,20.0,,14.0,6.0,0.006000600060006,0.0018094089264173,,rank1,0.7,1.0,,tabula_liver,2.075,monocyte
prototype_gate_marker,43,non-classical monocyte,20,cell_stratified,0.9012901290129012,0.7257475802167622,0.75,0.7058823529411765,0.7272727272727273,20.0,11.0,9.0,2.0,0.0033003300330033,0.0006031363088057,,,,,,tabula_liver,2.075,monocyte
fusion,43,non-classical monocyte,20,cell_stratified,0.8982898289828983,0.7400782592880345,0.75,0.7058823529411765,0.7272727272727273,,,9.0,2.0,0.0141014101410141,0.0006031363088057,,,,0.6428571428571429,47.0,tabula_liver,2.075,monocyte
fusion_gated,43,non-classical monocyte,20,cell_stratified,0.9021902190219022,0.7299465116073821,0.8235294117647058,0.8235294117647058,0.8235294117647058,,,11.0,1.0,0.0036003600360036,0.0003015681544028,,,,0.7857142857142857,12.0,tabula_liver,2.075,monocyte
baseline,43,non-classical monocyte,5,cell_stratified,0.891989198919892,0.6913925075554156,0.0,0.0,0.0,0.0,0.0,0.0,0.0,0.0,0.0,,,,,,tabula_liver,2.075,monocyte
knn_k15,43,non-classical monocyte,5,cell_stratified,0.8997899789978998,0.6883392685449067,0.0,0.0,0.0,,,,,,,15.0,,,,,tabula_liver,2.075,monocyte
prototype,43,non-classical monocyte,5,cell_stratified,0.8943894389438944,0.7195970855909525,0.6470588235294118,0.6470588235294118,0.6470588235294118,17.0,0.0,11.0,6.0,0.0051005100510051,0.0018094089264173,,,,,,tabula_liver,2.075,monocyte
prototype_gate,43,non-classical monocyte,5,cell_stratified,0.8958895889588959,0.7272130359733092,0.7619047619047619,0.9411764705882352,0.8421052631578947,21.0,,16.0,5.0,0.0063006300630063,0.0015078407720144,,rank1,0.7619047619047619,0.9411764705882352,,tabula_liver,2.075,monocyte
prototype_gate_best,43,non-classical monocyte,5,cell_stratified,0.8943894389438944,0.7195970855909525,0.6470588235294118,0.6470588235294118,0.6470588235294118,17.0,,11.0,6.0,0.0051005100510051,0.0018094089264173,,rank2_margin_q25,0.6470588235294118,0.6470588235294118,,tabula_liver,2.075,monocyte
prototype_gate_marker,43,non-classical monocyte,5,cell_stratified,0.8931893189318932,0.7074273854564193,1.0,0.2352941176470588,0.3809523809523809,21.0,4.0,4.0,0.0,0.0012001200120012,0.0,,,,,,tabula_liver,2.075,monocyte
fusion,43,non-classical monocyte,5,cell_stratified,0.888988898889889,0.716495850320948,0.8333333333333334,0.2941176470588235,0.4347826086956521,,,5.0,1.0,0.0156015601560156,0.0003015681544028,,,,0.2941176470588235,52.0,tabula_liver,2.075,monocyte
fusion_gated,43,non-classical monocyte,5,cell_stratified,0.8937893789378938,0.7162443616390283,0.8,0.4705882352941176,0.5925925925925926,,,8.0,2.0,0.003000300030003,0.0006031363088057,,,,0.4705882352941176,10.0,tabula_liver,2.075,monocyte
baseline,43,non-classical monocyte,50,cell_stratified,0.9021902190219022,0.7339635812397421,0.8333333333333334,0.5882352941176471,0.6896551724137931,0.0,0.0,0.0,0.0,0.0,0.0,,,,,,tabula_liver,2.075,monocyte
knn_k15,43,non-classical monocyte,50,cell_stratified,0.900990099009901,0.7175362395912046,0.8461538461538461,0.6470588235294118,0.7333333333333333,,,,,,,15.0,,,,,tabula_liver,2.075,monocyte
prototype,43,non-classical monocyte,50,cell_stratified,0.9021902190219022,0.7326957027786215,0.5483870967741935,1.0,0.7083333333333334,19.0,0.0,7.0,12.0,0.0057005700570057,0.0036188178528347,,,,,,tabula_liver,2.075,monocyte
prototype_gate,43,non-classical monocyte,50,cell_stratified,0.903090309030903,0.7375933869434849,0.6296296296296297,1.0,0.7727272727272727,15.0,,7.0,8.0,0.0045004500450045,0.0024125452352231,,rank1,0.4666666666666667,1.0,,tabula_liver,2.075,monocyte
prototype_gate_best,43,non-classical monocyte,50,cell_stratified,0.9021902190219022,0.7330835578244722,0.6875,0.6470588235294118,0.6666666666666666,4.0,,1.0,3.0,0.0012001200120012,0.0009047044632086,,rank2_margin_q25_neighbor_major,0.25,0.1428571428571428,,tabula_liver,2.075,monocyte
prototype_gate_marker,43,non-classical monocyte,50,cell_stratified,0.9027902790279028,0.7375902801170726,0.8571428571428571,0.7058823529411765,0.7741935483870968,15.0,2.0,2.0,0.0,0.0006000600060006,0.0,,,,,,tabula_liver,2.075,monocyte
fusion,43,non-classical monocyte,50,cell_stratified,0.9021902190219022,0.7347867276350021,0.7857142857142857,0.6470588235294118,0.7096774193548387,,,1.0,1.0,0.003000300030003,0.0003015681544028,,,,0.1428571428571428,10.0,tabula_liver,2.075,monocyte
fusion_gated,43,non-classical monocyte,50,cell_stratified,0.901890189018902,0.7329100135341703,0.7692307692307693,0.5882352941176471,0.6666666666666666,,,0.0,1.0,0.0003000300030003,0.0003015681544028,,,,0.0,1.0,tabula_liver,2.075,monocyte
baseline,44,non-classical monocyte,10,cell_stratified,0.885988598859886,0.7067964090278614,0.0,0.0,0.0,0.0,0.0,0.0,0.0,0.0,0.0,,,,,,tabula_liver,1.822,intermediate monocyte
knn_k15,44,non-classical monocyte,10,cell_stratified,0.8955895589558955,0.7014120676071025,1.0,0.1176470588235294,0.2105263157894736,,,,,,,15.0,,,,,tabula_liver,1.822,intermediate monocyte
prototype,44,non-classical monocyte,10,cell_stratified,0.8853885388538854,0.725243094801363,0.3409090909090909,0.8823529411764706,0.4918032786885246,43.0,0.0,15.0,28.0,0.0129012901290129,0.008443908323281,,,,,,tabula_liver,1.822,intermediate monocyte
prototype_gate,44,non-classical monocyte,10,cell_stratified,0.8856885688568857,0.7274324760527905,0.3777777777777777,1.0,0.5483870967741935,44.0,,17.0,27.0,0.0132013201320132,0.0081423401688781,,rank1,0.3863636363636363,1.0,,tabula_liver,1.822,intermediate monocyte
prototype_gate_best,44,non-classical monocyte,10,cell_stratified,0.8856885688568857,0.7274324760527905,0.3777777777777777,1.0,0.5483870967741935,44.0,,17.0,27.0,0.0132013201320132,0.0081423401688781,,rank1,0.3863636363636363,1.0,,tabula_liver,1.822,intermediate monocyte
prototype_gate_marker,44,non-classical monocyte,10,cell_stratified,0.8865886588658866,0.7152094685138365,0.6666666666666666,0.1176470588235294,0.2,44.0,2.0,2.0,0.0,0.0006000600060006,0.0,,,,,,tabula_liver,1.822,intermediate monocyte
fusion,44,non-classical monocyte,10,cell_stratified,0.8871887188718872,0.737177292487235,0.4736842105263157,0.5294117647058824,0.5,,,9.0,9.0,0.021002100210021,0.002714113389626,,,,0.5294117647058824,70.0,tabula_liver,1.822,intermediate monocyte
fusion_gated,44,non-classical monocyte,10,cell_stratified,0.8883888388838884,0.7366657480019304,0.6,0.8823529411764706,0.7142857142857143,,,15.0,9.0,0.0072007200720072,0.002714113389626,,,,0.8823529411764706,24.0,tabula_liver,1.822,intermediate monocyte
baseline,44,non-classical monocyte,20,cell_stratified,0.8985898589858986,0.7733481916561464,0.8571428571428571,0.3529411764705882,0.5,0.0,0.0,0.0,0.0,0.0,0.0,,,,,,tabula_liver,1.822,intermediate monocyte
knn_k15,44,non-classical monocyte,20,cell_stratified,0.897989798979898,0.7192108517375065,0.7777777777777778,0.4117647058823529,0.5384615384615384,,,,,,,15.0,,,,,tabula_liver,1.822,intermediate monocyte
prototype,44,non-classical monocyte,20,cell_stratified,0.8973897389738974,0.7736231732291906,0.3809523809523809,0.9411764705882352,0.5423728813559322,35.0,0.0,10.0,25.0,0.0105010501050105,0.0075392038600723,,,,,,tabula_liver,1.822,intermediate monocyte
prototype_gate,44,non-classical monocyte,20,cell_stratified,0.8973897389738974,0.7745678180307215,0.3863636363636363,1.0,0.5573770491803278,37.0,,11.0,26.0,0.0111011101110111,0.0078407720144752,,rank1,0.2972972972972973,1.0,,tabula_liver,1.822,intermediate monocyte
prototype_gate_best,44,non-classical monocyte,20,cell_stratified,0.8973897389738974,0.7745678180307215,0.3863636363636363,1.0,0.5573770491803278,37.0,,11.0,26.0,0.0111011101110111,0.0078407720144752,,rank1,0.2972972972972973,1.0,,tabula_liver,1.822,intermediate monocyte
prototype_gate_marker,44,non-classical monocyte,20,cell_stratified,0.8985898589858986,0.7733481916561464,0.8571428571428571,0.3529411764705882,0.5,37.0,0.0,0.0,0.0,0.0,0.0,,,,,,tabula_liver,1.822,intermediate monocyte
fusion,44,non-classical monocyte,20,cell_stratified,0.8955895589558955,0.7508729631149661,0.6111111111111112,0.6470588235294118,0.6285714285714286,,,5.0,6.0,0.0177017701770177,0.0018094089264173,,,,0.4545454545454545,59.0,tabula_liver,1.822,intermediate monocyte
fusion_gated,44,non-classical monocyte,20,cell_stratified,0.8997899789978998,0.7823622107778426,0.65,0.7647058823529411,0.7027027027027027,,,7.0,6.0,0.0039003900390039,0.0018094089264173,,,,0.6363636363636364,13.0,tabula_liver,1.822,intermediate monocyte
baseline,44,non-classical monocyte,5,cell_stratified,0.8937893789378938,0.7422827369107811,0.0,0.0,0.0,0.0,0.0,0.0,0.0,0.0,0.0,,,,,,tabula_liver,1.822,intermediate monocyte
knn_k15,44,non-classical monocyte,5,cell_stratified,0.8943894389438944,0.6919877137100574,0.0,0.0,0.0,,,,,,,15.0,,,,,tabula_liver,1.822,intermediate monocyte
prototype,44,non-classical monocyte,5,cell_stratified,0.8934893489348935,0.7628980858650491,0.3658536585365853,0.8823529411764706,0.5172413793103449,41.0,0.0,15.0,26.0,0.0123012301230123,0.0078407720144752,,,,,,tabula_liver,1.822,intermediate monocyte
prototype_gate,44,non-classical monocyte,5,cell_stratified,0.8943894389438944,0.766209622184255,0.4047619047619047,1.0,0.576271186440678,42.0,,17.0,25.0,0.0126012601260126,0.0075392038600723,,rank1,0.4047619047619047,1.0,,tabula_liver,1.822,intermediate monocyte
prototype_gate_best,44,non-classical monocyte,5,cell_stratified,0.8943894389438944,0.766209622184255,0.4047619047619047,1.0,0.576271186440678,42.0,,17.0,25.0,0.0126012601260126,0.0075392038600723,,rank1,0.4047619047619047,1.0,,tabula_liver,1.822,intermediate monocyte
prototype_gate_marker,44,non-classical monocyte,5,cell_stratified,0.8958895889588959,0.7689389975165065,0.6666666666666666,0.5882352941176471,0.625,42.0,15.0,10.0,5.0,0.0045004500450045,0.0015078407720144,,,,,,tabula_liver,1.822,intermediate monocyte
fusion,44,non-classical monocyte,5,cell_stratified,0.8898889888988899,0.7333814330427378,0.4,0.3529411764705882,0.375,,,6.0,9.0,0.0246024602460246,0.002714113389626,,,,0.3529411764705882,82.0,tabula_liver,1.822,intermediate monocyte
fusion_gated,44,non-classical monocyte,5,cell_stratified,0.8961896189618962,0.7680254224936323,0.55,0.6470588235294118,0.5945945945945946,,,11.0,9.0,0.006000600060006,0.002714113389626,,,,0.6470588235294118,20.0,tabula_liver,1.822,intermediate monocyte
baseline,44,non-classical monocyte,50,cell_stratified,0.8874887488748875,0.7588700240741911,0.5238095238095238,0.6470588235294118,0.5789473684210527,0.0,0.0,0.0,0.0,0.0,0.0,,,,,,tabula_liver,1.822,intermediate monocyte
knn_k15,44,non-classical monocyte,50,cell_stratified,0.8934893489348935,0.7146580467414677,0.5789473684210527,0.6470588235294118,0.6111111111111112,,,,,,,15.0,,,,,tabula_liver,1.822,intermediate monocyte
prototype,44,non-classical monocyte,50,cell_stratified,0.885988598859886,0.7555660850065543,0.3777777777777777,1.0,0.5483870967741935,24.0,0.0,6.0,18.0,0.0072007200720072,0.0054282267792521,,,,,,tabula_liver,1.822,intermediate monocyte
prototype_gate,44,non-classical monocyte,50,cell_stratified,0.8856885688568857,0.7553129526845713,0.3777777777777777,1.0,0.5483870967741935,24.0,,6.0,18.0,0.0072007200720072,0.0054282267792521,,rank1,0.25,1.0,,tabula_liver,1.822,intermediate monocyte
prototype_gate_best,44,non-classical monocyte,50,cell_stratified,0.888088808880888,0.7619112278998439,0.5652173913043478,0.7647058823529411,0.65,2.0,,2.0,0.0,0.0006000600060006,0.0,,rank2_margin_q25_neighbor_major,1.0,0.3333333333333333,,tabula_liver,1.822,intermediate monocyte
prototype_gate_marker,44,non-classical monocyte,50,cell_stratified,0.8874887488748875,0.7588700240741911,0.5238095238095238,0.6470588235294118,0.5789473684210527,24.0,0.0,0.0,0.0,0.0,0.0,,,,,,tabula_liver,1.822,intermediate monocyte
fusion,44,non-classical monocyte,50,cell_stratified,0.8871887188718872,0.7527142569997132,0.5357142857142857,0.8823529411764706,0.6666666666666666,,,4.0,3.0,0.0216021602160216,0.0009047044632086,,,,0.6666666666666666,72.0,tabula_liver,1.822,intermediate monocyte
fusion_gated,44,non-classical monocyte,50,cell_stratified,0.8883888388838884,0.7631144623419552,0.5333333333333333,0.9411764705882352,0.6808510638297872,,,5.0,4.0,0.0027002700270027,0.0012062726176115,,,,0.8333333333333334,9.0,tabula_liver,1.822,intermediate monocyte
baseline,42,type B pancreatic cell,20,cell_stratified,0.9717114568599716,0.7183851341589003,0.9285714285714286,0.8666666666666667,0.896551724137931,0.0,0.0,0.0,0.0,0.0,0.0,,,,,,tabula_pancreas,0.8076,pancreatic D cell
knn_k15,42,type B pancreatic cell,20,cell_stratified,0.9707685054219708,0.6507440168313725,0.9333333333333332,0.9333333333333332,0.9333333333333332,,,,,,,15.0,,,,,tabula_pancreas,0.8076,pancreatic D cell
prototype,42,type B pancreatic cell,20,cell_stratified,0.9726544082979728,0.722131987387634,0.9375,1.0,0.967741935483871,2.0,0.0,2.0,0.0,0.0009429514380009,0.0,,,,,,tabula_pancreas,0.8076,pancreatic D cell
prototype_gate,42,type B pancreatic cell,20,cell_stratified,0.9717114568599716,0.7183851341589003,0.9285714285714286,0.8666666666666667,0.896551724137931,0.0,,0.0,0.0,0.0,0.0,,rank1,0.0,0.0,,tabula_pancreas,0.8076,pancreatic D cell
prototype_gate_best,42,type B pancreatic cell,20,cell_stratified,0.9717114568599716,0.7183851341589003,0.9285714285714286,0.8666666666666667,0.896551724137931,0.0,,0.0,0.0,0.0,0.0,,rank1,0.0,0.0,,tabula_pancreas,0.8076,pancreatic D cell
prototype_gate_marker,42,type B pancreatic cell,20,cell_stratified,0.9717114568599716,0.7183851341589003,0.9285714285714286,0.8666666666666667,0.896551724137931,0.0,0.0,0.0,0.0,0.0,0.0,,,,,,tabula_pancreas,0.8076,pancreatic D cell
fusion,42,type B pancreatic cell,20,cell_stratified,0.9717114568599716,0.7183851341589003,0.9285714285714286,0.8666666666666667,0.896551724137931,,,0.0,0.0,0.0,0.0,,,,0.0,0.0,tabula_pancreas,0.8076,pancreatic D cell
fusion_gated,42,type B pancreatic cell,20,cell_stratified,0.9717114568599716,0.7183851341589003,0.9285714285714286,0.8666666666666667,0.896551724137931,,,0.0,0.0,0.0,0.0,,,,0.0,0.0,tabula_pancreas,0.8076,pancreatic D cell
baseline,43,type B pancreatic cell,20,cell_stratified,0.9702970297029704,0.7717924402118334,0.9375,1.0,0.967741935483871,0.0,0.0,0.0,0.0,0.0,0.0,,,,,,tabula_pancreas,0.7554,pancreatic D cell
knn_k15,43,type B pancreatic cell,20,cell_stratified,0.9674681753889676,0.6675588948730136,0.9375,1.0,0.967741935483871,,,,,,,15.0,,,,,tabula_pancreas,0.7554,pancreatic D cell
prototype,43,type B pancreatic cell,20,cell_stratified,0.96982555398397,0.75265689974777,0.8823529411764706,1.0,0.9375,1.0,0.0,0.0,1.0,0.0004714757190004,0.0004748338081671,,,,,,tabula_pancreas,0.7554,pancreatic D cell
prototype_gate,43,type B pancreatic cell,20,cell_stratified,0.9702970297029704,0.7717924402118334,0.9375,1.0,0.967741935483871,0.0,,0.0,0.0,0.0,0.0,,rank1,0.0,0.0,,tabula_pancreas,0.7554,pancreatic D cell
prototype_gate_best,43,type B pancreatic cell,20,cell_stratified,0.96982555398397,0.75265689974777,0.8823529411764706,1.0,0.9375,1.0,,0.0,1.0,0.0004714757190004,0.0004748338081671,,rank2_margin_q25,0.0,0.0,,tabula_pancreas,0.7554,pancreatic D cell
prototype_gate_marker,43,type B pancreatic cell,20,cell_stratified,0.9702970297029704,0.7717924402118334,0.9375,1.0,0.967741935483871,0.0,0.0,0.0,0.0,0.0,0.0,,,,,,tabula_pancreas,0.7554,pancreatic D cell
fusion,43,type B pancreatic cell,20,cell_stratified,0.9707685054219708,0.8261218120284717,1.0,1.0,1.0,,,0.0,0.0,0.0004714757190004,0.0,,,,0.0,1.0,tabula_pancreas,0.7554,pancreatic D cell
fusion_gated,43,type B pancreatic cell,20,cell_stratified,0.9702970297029704,0.7717924402118334,0.9375,1.0,0.967741935483871,,,0.0,0.0,0.0,0.0,,,,0.0,0.0,tabula_pancreas,0.7554,pancreatic D cell
baseline,44,type B pancreatic cell,20,cell_stratified,0.9632248939179632,0.6860206697811033,0.9230769230769232,0.75,0.8275862068965517,0.0,0.0,0.0,0.0,0.0,0.0,,,,,,tabula_pancreas,0.8497,pancreatic D cell
knn_k15,44,type B pancreatic cell,20,cell_stratified,0.966053748231966,0.6971180210013732,0.8666666666666667,0.8125,0.8387096774193549,,,,,,,15.0,,,,,tabula_pancreas,0.8497,pancreatic D cell
prototype,44,type B pancreatic cell,20,cell_stratified,0.964167845355964,0.6727665313001046,0.8823529411764706,0.9375,0.9090909090909092,4.0,0.0,3.0,1.0,0.0018859028760018,0.0004750593824228,,,,,,tabula_pancreas,0.8497,pancreatic D cell
prototype_gate,44,type B pancreatic cell,20,cell_stratified,0.9632248939179632,0.6860206697811033,0.9230769230769232,0.75,0.8275862068965517,0.0,,0.0,0.0,0.0,0.0,,rank1,0.0,0.0,,tabula_pancreas,0.8497,pancreatic D cell
prototype_gate_best,44,type B pancreatic cell,20,cell_stratified,0.964167845355964,0.6727665313001046,0.8823529411764706,0.9375,0.9090909090909092,4.0,,3.0,1.0,0.0018859028760018,0.0004750593824228,,rank2_margin_q25,0.75,0.75,,tabula_pancreas,0.8497,pancreatic D cell
prototype_gate_marker,44,type B pancreatic cell,20,cell_stratified,0.9632248939179632,0.6860206697811033,0.9230769230769232,0.75,0.8275862068965517,0.0,0.0,0.0,0.0,0.0,0.0,,,,,,tabula_pancreas,0.8497,pancreatic D cell
fusion,44,type B pancreatic cell,20,cell_stratified,0.9632248939179632,0.7357832553435506,0.9166666666666666,0.6875,0.7857142857142857,,,0.0,0.0,0.0018859028760018,0.0,,,,0.0,4.0,tabula_pancreas,0.8497,pancreatic D cell
fusion_gated,44,type B pancreatic cell,20,cell_stratified,0.9632248939179632,0.6860206697811033,0.9230769230769232,0.75,0.8275862068965517,,,0.0,0.0,0.0,0.0,,,,0.0,0.0,tabula_pancreas,0.8497,pancreatic D cell
baseline,42,innate lymphoid cell,20,batch_heldout,0.921258157697657,0.6926796751044684,0.8333333333333334,0.5,0.625,0.0,0.0,0.0,0.0,0.0,0.0,,,,,,tabula_spleen,1.6536,mature NK T cell
prototype,42,innate lymphoid cell,20,batch_heldout,0.9205092543061943,0.6583497021913692,0.5,0.9,0.6428571428571429,36.0,0.0,12.0,24.0,0.0038515031560928,0.0025759364602339,,,,,,tabula_spleen,1.6536,mature NK T cell
prototype_gate,42,innate lymphoid cell,20,batch_heldout,0.9222210334866802,0.7022475214563196,0.7714285714285715,0.9,0.8307692307692308,17.0,,12.0,5.0,0.001818765379266,0.0005366534292154,,rank1,0.7058823529411765,0.8,,tabula_spleen,1.6536,mature NK T cell
prototype_gate_best,42,innate lymphoid cell,20,batch_heldout,0.9222210334866802,0.7022475214563196,0.7714285714285715,0.9,0.8307692307692308,17.0,,12.0,5.0,0.001818765379266,0.0005366534292154,,rank1,0.7058823529411765,0.8,,tabula_spleen,1.6536,mature NK T cell
prototype_gate_marker,42,innate lymphoid cell,20,batch_heldout,0.922435005884241,0.7034150633683887,0.8181818181818182,0.9,0.8571428571428571,17.0,15.0,12.0,3.0,0.0016047929817053,0.0003219920575292,,,,,,tabula_spleen,1.6536,mature NK T cell
fusion,42,innate lymphoid cell,20,batch_heldout,0.9244677436610678,0.6566436345372538,0.8888888888888888,0.8,0.8421052631578947,,,11.0,0.0,0.0202203915694875,0.0,,,,0.7333333333333333,189.0,tabula_spleen,1.6536,mature NK T cell
fusion_gated,42,innate lymphoid cell,20,batch_heldout,0.9217930886915588,0.6988395390213015,0.84,0.7,0.7636363636363637,,,6.0,1.0,0.0007489033914625,0.000107330685843,,,,0.4,7.0,tabula_spleen,1.6536,mature NK T cell
