dataset,seed,rare_train_size,contrast,left_group,right_group,metric,n_left,n_right,median_left,median_right,raw_median_difference,raw_cliffs_delta,hypothesis_direction,oriented_median_difference,oriented_cliffs_delta
immune_dc,42,0.01,H1_baseline_correct_vs_true_rescued,baseline_correct_rare,true_rescued_rare,rare_membership_score,0,107,,0.19526996753816903,,,1.0,,
immune_dc,42,0.01,H1_baseline_correct_vs_true_rescued,baseline_correct_rare,true_rescued_rare,rare_rank,0,107,,1.0,,,-1.0,,
immune_dc,42,0.01,H1_baseline_correct_vs_true_rescued,baseline_correct_rare,true_rescued_rare,rare_standardized_distance,0,107,,1.8508681534403657,,,-1.0,,
immune_dc,42,0.01,H1_baseline_correct_vs_true_rescued,baseline_correct_rare,true_rescued_rare,standardized_prototype_margin,0,107,,-0.2232853977410425,,,1.0,,
immune_dc,42,0.01,H1_baseline_correct_vs_true_rescued,baseline_correct_rare,true_rescued_rare,rare_prototype_distance,0,107,,3.949102538133904,,,-1.0,,
immune_dc,42,0.01,H1_baseline_correct_vs_true_rescued,baseline_correct_rare,true_rescued_rare,nearest_nonrare_distance,0,107,,5.22764014307912,,,1.0,,
immune_dc,42,0.01,H1_baseline_correct_vs_true_rescued,baseline_correct_rare,true_rescued_rare,prototype_margin,0,107,,1.3614321322002763,,,1.0,,
immune_dc,42,0.01,H1_baseline_correct_vs_true_rescued,baseline_correct_rare,true_rescued_rare,scANVI_rare_probability,0,107,,1.1591596e-05,,,,,
immune_dc,42,0.01,H2_true_rescued_vs_unrescued,true_rescued_rare,unrescued_rare,rare_membership_score,107,23,0.19526996753816903,0.13058132525398278,0.06468864228418625,0.9544900446972775,1.0,0.06468864228418625,0.9544900446972775
immune_dc,42,0.01,H2_true_rescued_vs_unrescued,true_rescued_rare,unrescued_rare,rare_rank,107,23,1.0,2.0,-1.0,-1.0,-1.0,1.0,1.0
immune_dc,42,0.01,H2_true_rescued_vs_unrescued,true_rescued_rare,unrescued_rare,rare_standardized_distance,107,23,1.8508681534403657,2.215760983762991,-0.3648928303226253,-0.6245428687525396,-1.0,0.3648928303226253,0.6245428687525396
immune_dc,42,0.01,H2_true_rescued_vs_unrescued,true_rescued_rare,unrescued_rare,standardized_prototype_margin,107,23,-0.2232853977410425,-0.9519032422062651,0.7286178444652226,0.9886225111743194,1.0,0.7286178444652226,0.9886225111743194
immune_dc,42,0.01,H2_true_rescued_vs_unrescued,true_rescued_rare,unrescued_rare,rare_prototype_distance,107,23,3.949102538133904,4.7276556726159225,-0.7785531344820185,-0.6245428687525396,-1.0,0.7785531344820185,0.6245428687525396
immune_dc,42,0.01,H2_true_rescued_vs_unrescued,true_rescued_rare,unrescued_rare,nearest_nonrare_distance,107,23,5.22764014307912,3.831388443856505,1.3962516992226153,0.8496546119463633,1.0,1.3962516992226153,0.8496546119463633
immune_dc,42,0.01,H2_true_rescued_vs_unrescued,true_rescued_rare,unrescued_rare,prototype_margin,107,23,1.3614321322002763,-0.618354146421618,1.9797862786218943,1.0,1.0,1.9797862786218943,1.0
immune_dc,42,0.01,H2_true_rescued_vs_unrescued,true_rescued_rare,unrescued_rare,scANVI_rare_probability,107,23,1.1591596e-05,1.0475214e-07,1.148684386e-05,0.6180414465664363,,,
immune_dc,42,0.01,H3a_true_rescued_vs_non_target,true_rescued_rare,non_target,rare_membership_score,107,6004,0.19526996753816903,0.04479266524439046,0.15047730229377856,0.9998941515625097,1.0,0.15047730229377856,0.9998941515625097
immune_dc,42,0.01,H3a_true_rescued_vs_non_target,true_rescued_rare,non_target,rare_rank,107,6004,1.0,5.0,-4.0,-0.9995003331112592,-1.0,4.0,0.9995003331112592
immune_dc,42,0.01,H3a_true_rescued_vs_non_target,true_rescued_rare,non_target,rare_standardized_distance,107,6004,1.8508681534403657,2.9640893306188394,-1.1132211771784737,-0.986466965947935,-1.0,1.1132211771784737,0.986466965947935
immune_dc,42,0.01,H3a_true_rescued_vs_non_target,true_rescued_rare,non_target,standardized_prototype_margin,107,6004,-0.2232853977410425,-2.0394642442625788,1.8161788465215363,0.9999782076746344,1.0,1.8161788465215363,0.9999782076746344
immune_dc,42,0.01,H3a_true_rescued_vs_non_target,true_rescued_rare,non_target,rare_prototype_distance,107,6004,3.949102538133904,6.324325520996453,-2.375222982862549,-0.986466965947935,-1.0,2.375222982862549,0.986466965947935
immune_dc,42,0.01,H3a_true_rescued_vs_non_target,true_rescued_rare,non_target,nearest_nonrare_distance,107,6004,5.22764014307912,2.9113321626870308,2.3163079803920894,0.9415934548307359,1.0,2.3163079803920894,0.9415934548307359
immune_dc,42,0.01,H3a_true_rescued_vs_non_target,true_rescued_rare,non_target,prototype_margin,107,6004,1.3614321322002763,-3.384397484738687,4.745829616938963,0.9999719812959584,1.0,4.745829616938963,0.9999719812959584
immune_dc,42,0.01,H3a_true_rescued_vs_non_target,true_rescued_rare,non_target,scANVI_rare_probability,107,6004,1.1591596e-05,9.2152833e-10,1.159067447167e-05,0.8105001649990349,,,
immune_dc,42,0.01,H3b_true_rescued_vs_closest_competitor,true_rescued_rare,closest_competitor,rare_membership_score,107,1908,0.19526996753816903,0.060442956048365026,0.134827011489804,0.9996865142342131,1.0,0.134827011489804,0.9996865142342131
immune_dc,42,0.01,H3b_true_rescued_vs_closest_competitor,true_rescued_rare,closest_competitor,rare_rank,107,1908,1.0,4.0,-3.0,-0.9984276729559748,-1.0,3.0,0.9984276729559748
immune_dc,42,0.01,H3b_true_rescued_vs_closest_competitor,true_rescued_rare,closest_competitor,rare_standardized_distance,107,1908,1.8508681534403657,2.803165536178894,-0.9522973827385284,-0.9755970924195223,-1.0,0.9522973827385284,0.9755970924195223
immune_dc,42,0.01,H3b_true_rescued_vs_closest_competitor,true_rescued_rare,closest_competitor,standardized_prototype_margin,107,1908,-0.2232853977410425,-1.9323925419307675,1.709107144189725,0.9999902035698192,1.0,1.709107144189725,0.9999902035698192
immune_dc,42,0.01,H3b_true_rescued_vs_closest_competitor,true_rescued_rare,closest_competitor,rare_prototype_distance,107,1908,3.949102538133904,5.980970666741889,-2.0318681286079854,-0.9755970924195223,-1.0,2.0318681286079854,0.9755970924195223
immune_dc,42,0.01,H3b_true_rescued_vs_closest_competitor,true_rescued_rare,closest_competitor,nearest_nonrare_distance,107,1908,5.22764014307912,2.9049045822479678,2.3227355608311524,0.9277513274162894,1.0,2.3227355608311524,0.9277513274162894
immune_dc,42,0.01,H3b_true_rescued_vs_closest_competitor,true_rescued_rare,closest_competitor,prototype_margin,107,1908,1.3614321322002763,-3.0198625117343227,4.3812946439345986,0.9999118321283724,1.0,4.3812946439345986,0.9999118321283724
immune_dc,42,0.01,H3b_true_rescued_vs_closest_competitor,true_rescued_rare,closest_competitor,scANVI_rare_probability,107,1908,1.1591596e-05,1.82097245e-10,1.1591413902755e-05,0.9359705323380161,,,
immune_dc,42,0.05,H1_baseline_correct_vs_true_rescued,baseline_correct_rare,true_rescued_rare,rare_membership_score,94,23,0.3862942053362315,0.2792456253569517,0.1070485799792798,0.8640148011100832,1.0,0.1070485799792798,0.8640148011100832
immune_dc,42,0.05,H1_baseline_correct_vs_true_rescued,baseline_correct_rare,true_rescued_rare,rare_rank,94,23,1.0,1.0,0.0,0.0,-1.0,-0.0,-0.0
immune_dc,42,0.05,H1_baseline_correct_vs_true_rescued,baseline_correct_rare,true_rescued_rare,rare_standardized_distance,94,23,0.9712843319113648,1.3118563145270232,-0.34057198261565846,-0.7363552266419982,-1.0,0.34057198261565846,0.7363552266419982
immune_dc,42,0.05,H1_baseline_correct_vs_true_rescued,baseline_correct_rare,true_rescued_rare,standardized_prototype_margin,94,23,0.7788207346109213,0.10877421560714762,0.6700465190037737,0.8945420906567993,1.0,0.6700465190037737,0.8945420906567993
immune_dc,42,0.05,H1_baseline_correct_vs_true_rescued,baseline_correct_rare,true_rescued_rare,rare_prototype_distance,94,23,2.4989561340784716,3.375192285626247,-0.8762361515477752,-0.7363552266419982,-1.0,0.8762361515477752,0.7363552266419982
immune_dc,42,0.05,H1_baseline_correct_vs_true_rescued,baseline_correct_rare,true_rescued_rare,nearest_nonrare_distance,94,23,5.287317502976336,4.419256183459451,0.8680613195168849,0.7345050878815911,1.0,0.8680613195168849,0.7345050878815911
immune_dc,42,0.05,H1_baseline_correct_vs_true_rescued,baseline_correct_rare,true_rescued_rare,prototype_margin,94,23,2.9118129498673344,1.2385841065706602,1.6732288432966742,0.912118408880666,1.0,1.6732288432966742,0.912118408880666
immune_dc,42,0.05,H1_baseline_correct_vs_true_rescued,baseline_correct_rare,true_rescued_rare,scANVI_rare_probability,94,23,0.99911773,0.07931366,0.9198040700000001,1.0,,,
immune_dc,42,0.05,H2_true_rescued_vs_unrescued,true_rescued_rare,unrescued_rare,rare_membership_score,23,13,0.2792456253569517,0.17660173857263425,0.10264388678431743,0.9933110367892977,1.0,0.10264388678431743,0.9933110367892977
immune_dc,42,0.05,H2_true_rescued_vs_unrescued,true_rescued_rare,unrescued_rare,rare_rank,23,13,1.0,2.0,-1.0,-1.0,-1.0,1.0,1.0
immune_dc,42,0.05,H2_true_rescued_vs_unrescued,true_rescued_rare,unrescued_rare,rare_standardized_distance,23,13,1.3118563145270232,1.771934823881054,-0.4600785093540307,-0.8327759197324415,-1.0,0.4600785093540307,0.8327759197324415
immune_dc,42,0.05,H2_true_rescued_vs_unrescued,true_rescued_rare,unrescued_rare,standardized_prototype_margin,23,13,0.10877421560714762,-0.6650768990523714,0.7738511146595191,1.0,1.0,0.7738511146595191,1.0
immune_dc,42,0.05,H2_true_rescued_vs_unrescued,true_rescued_rare,unrescued_rare,rare_prototype_distance,23,13,3.375192285626247,4.558899234594978,-1.1837069489687315,-0.8327759197324415,-1.0,1.1837069489687315,0.8327759197324415
immune_dc,42,0.05,H2_true_rescued_vs_unrescued,true_rescued_rare,unrescued_rare,nearest_nonrare_distance,23,13,4.419256183459451,3.614411818867094,0.8048443645923569,0.7391304347826086,1.0,0.8048443645923569,0.7391304347826086
immune_dc,42,0.05,H2_true_rescued_vs_unrescued,true_rescued_rare,unrescued_rare,prototype_margin,23,13,1.2385841065706602,-0.7685850402642389,2.007169146834899,1.0,1.0,2.007169146834899,1.0
immune_dc,42,0.05,H2_true_rescued_vs_unrescued,true_rescued_rare,unrescued_rare,scANVI_rare_probability,23,13,0.07931366,1.9441046e-05,0.07929421895399999,0.9130434782608696,,,
immune_dc,42,0.05,H3a_true_rescued_vs_non_target,true_rescued_rare,non_target,rare_membership_score,23,6004,0.2792456253569517,0.07235053806981152,0.20689508728714018,0.9999710338035512,1.0,0.20689508728714018,0.9999710338035512
immune_dc,42,0.05,H3a_true_rescued_vs_non_target,true_rescued_rare,non_target,rare_rank,23,6004,1.0,6.0,-5.0,-0.9996668887408394,-1.0,5.0,0.9996668887408394
immune_dc,42,0.05,H3a_true_rescued_vs_non_target,true_rescued_rare,non_target,rare_standardized_distance,23,6004,1.3118563145270232,2.4935270347794942,-1.181670720252471,-0.9983054775077485,-1.0,1.181670720252471,0.9983054775077485
immune_dc,42,0.05,H3a_true_rescued_vs_non_target,true_rescued_rare,non_target,standardized_prototype_margin,23,6004,0.10877421560714762,-1.5598235605282769,1.6685977761354245,1.0,1.0,1.6685977761354245,1.0
immune_dc,42,0.05,H3a_true_rescued_vs_non_target,true_rescued_rare,non_target,rare_prototype_distance,23,6004,3.375192285626247,6.4154382752066805,-3.0402459895804337,-0.9983054775077485,-1.0,3.0402459895804337,0.9983054775077485
immune_dc,42,0.05,H3a_true_rescued_vs_non_target,true_rescued_rare,non_target,nearest_nonrare_distance,23,6004,4.419256183459451,2.790561813277624,1.6286943701818268,0.9027025461286677,1.0,1.6286943701818268,0.9027025461286677
immune_dc,42,0.05,H3a_true_rescued_vs_non_target,true_rescued_rare,non_target,prototype_margin,23,6004,1.2385841065706602,-3.602742604606978,4.841326711177638,0.9998841352142049,1.0,4.841326711177638,0.9998841352142049
immune_dc,42,0.05,H3a_true_rescued_vs_non_target,true_rescued_rare,non_target,scANVI_rare_probability,23,6004,0.07931366,6.0162382000000006e-09,0.07931365398376179,0.9970744141586769,,,
immune_dc,42,0.05,H3b_true_rescued_vs_closest_competitor,true_rescued_rare,closest_competitor,rare_membership_score,23,1893,0.2792456253569517,0.07062516394337665,0.20862046141357504,1.0,1.0,0.20862046141357504,1.0
immune_dc,42,0.05,H3b_true_rescued_vs_closest_competitor,true_rescued_rare,closest_competitor,rare_rank,23,1893,1.0,6.0,-5.0,-1.0,-1.0,5.0,1.0
immune_dc,42,0.05,H3b_true_rescued_vs_closest_competitor,true_rescued_rare,closest_competitor,rare_standardized_distance,23,1893,1.3118563145270232,2.403769582430207,-1.091913267903184,-0.9960495188222054,-1.0,1.091913267903184,0.9960495188222054
immune_dc,42,0.05,H3b_true_rescued_vs_closest_competitor,true_rescued_rare,closest_competitor,standardized_prototype_margin,23,1893,0.10877421560714762,-1.4519986866547008,1.5607729022618484,1.0,1.0,1.5607729022618484,1.0
immune_dc,42,0.05,H3b_true_rescued_vs_closest_competitor,true_rescued_rare,closest_competitor,rare_prototype_distance,23,1893,3.375192285626247,6.184506993028872,-2.8093147074026255,-0.9960495188222054,-1.0,2.8093147074026255,0.9960495188222054
immune_dc,42,0.05,H3b_true_rescued_vs_closest_competitor,true_rescued_rare,closest_competitor,nearest_nonrare_distance,23,1893,4.419256183459451,2.7852723715291408,1.6339838119303103,0.9006867406233492,1.0,1.6339838119303103,0.9006867406233492
immune_dc,42,0.05,H3b_true_rescued_vs_closest_competitor,true_rescued_rare,closest_competitor,prototype_margin,23,1893,1.2385841065706602,-3.4013650448181223,4.639949151388782,1.0,1.0,4.639949151388782,1.0
immune_dc,42,0.05,H3b_true_rescued_vs_closest_competitor,true_rescued_rare,closest_competitor,scANVI_rare_probability,23,1893,0.07931366,8.76631e-07,0.079312783369,0.9945336365097959,,,
immune_dc,42,0.10,H1_baseline_correct_vs_true_rescued,baseline_correct_rare,true_rescued_rare,rare_membership_score,103,12,0.36844039521827254,0.23392076902061482,0.13451962619765773,0.9271844660194175,1.0,0.13451962619765773,0.9271844660194175
immune_dc,42,0.10,H1_baseline_correct_vs_true_rescued,baseline_correct_rare,true_rescued_rare,rare_rank,103,12,1.0,1.0,0.0,0.0,-1.0,-0.0,-0.0
immune_dc,42,0.10,H1_baseline_correct_vs_true_rescued,baseline_correct_rare,true_rescued_rare,rare_standardized_distance,103,12,1.0479490826521853,1.405944045779877,-0.35799496312769175,-0.7686084142394822,-1.0,0.35799496312769175,0.7686084142394822
immune_dc,42,0.10,H1_baseline_correct_vs_true_rescued,baseline_correct_rare,true_rescued_rare,standardized_prototype_margin,103,12,0.7423740826902137,-0.170283599221695,0.9126576819119087,0.970873786407767,1.0,0.9126576819119087,0.970873786407767
immune_dc,42,0.10,H1_baseline_correct_vs_true_rescued,baseline_correct_rare,true_rescued_rare,rare_prototype_distance,103,12,2.66877209113789,3.5804642546017336,-0.9116921634638437,-0.7686084142394822,-1.0,0.9116921634638437,0.7686084142394822
immune_dc,42,0.10,H1_baseline_correct_vs_true_rescued,baseline_correct_rare,true_rescued_rare,nearest_nonrare_distance,103,12,5.721816963598769,4.425848338760946,1.2959686248378235,0.9514563106796117,1.0,1.2959686248378235,0.9514563106796117
immune_dc,42,0.10,H1_baseline_correct_vs_true_rescued,baseline_correct_rare,true_rescued_rare,prototype_margin,103,12,3.102578900709554,0.5657912597175585,2.5367876409919954,0.9822006472491909,1.0,2.5367876409919954,0.9822006472491909
immune_dc,42,0.10,H1_baseline_correct_vs_true_rescued,baseline_correct_rare,true_rescued_rare,scANVI_rare_probability,103,12,0.99998605,0.037752657999999994,0.9622333919999999,1.0,,,
immune_dc,42,0.10,H2_true_rescued_vs_unrescued,true_rescued_rare,unrescued_rare,rare_membership_score,12,15,0.23392076902061482,0.16073056400746188,0.07319020501315293,0.9777777777777779,1.0,0.07319020501315293,0.9777777777777779
immune_dc,42,0.10,H2_true_rescued_vs_unrescued,true_rescued_rare,unrescued_rare,rare_rank,12,15,1.0,2.0,-1.0,-1.0,-1.0,1.0,1.0
immune_dc,42,0.10,H2_true_rescued_vs_unrescued,true_rescued_rare,unrescued_rare,rare_standardized_distance,12,15,1.405944045779877,1.8373215417857431,-0.43137749600586606,-0.9333333333333333,-1.0,0.43137749600586606,0.9333333333333333
immune_dc,42,0.10,H2_true_rescued_vs_unrescued,true_rescued_rare,unrescued_rare,standardized_prototype_margin,12,15,-0.170283599221695,-0.6793551146213557,0.5090715153996607,1.0,1.0,0.5090715153996607,1.0
immune_dc,42,0.10,H2_true_rescued_vs_unrescued,true_rescued_rare,unrescued_rare,rare_prototype_distance,12,15,3.5804642546017336,4.679036924918677,-1.0985726703169432,-0.9333333333333333,-1.0,1.0985726703169432,0.9333333333333333
immune_dc,42,0.10,H2_true_rescued_vs_unrescued,true_rescued_rare,unrescued_rare,nearest_nonrare_distance,12,15,4.425848338760946,3.8125033197942653,0.6133450189666805,0.6777777777777778,1.0,0.6133450189666805,0.6777777777777778
immune_dc,42,0.10,H2_true_rescued_vs_unrescued,true_rescued_rare,unrescued_rare,prototype_margin,12,15,0.5657912597175585,-0.7476919930583699,1.3134832527759284,1.0,1.0,1.3134832527759284,1.0
immune_dc,42,0.10,H2_true_rescued_vs_unrescued,true_rescued_rare,unrescued_rare,scANVI_rare_probability,12,15,0.037752657999999994,9.083181e-06,0.037743574818999995,0.8555555555555556,,,
immune_dc,42,0.10,H3a_true_rescued_vs_non_target,true_rescued_rare,non_target,rare_membership_score,12,6004,0.23392076902061482,0.06824666506679693,0.16567410395381788,0.9999444814568066,1.0,0.16567410395381788,0.9999444814568066
immune_dc,42,0.10,H3a_true_rescued_vs_non_target,true_rescued_rare,non_target,rare_rank,12,6004,1.0,5.0,-4.0,-0.9995003331112592,-1.0,4.0,0.9995003331112592
immune_dc,42,0.10,H3a_true_rescued_vs_non_target,true_rescued_rare,non_target,rare_standardized_distance,12,6004,1.405944045779877,2.572989508556611,-1.1670454627767337,-0.9990006662225184,-1.0,1.1670454627767337,0.9990006662225184
immune_dc,42,0.10,H3a_true_rescued_vs_non_target,true_rescued_rare,non_target,standardized_prototype_margin,12,6004,-0.170283599221695,-1.6310961913028326,1.4608125920811377,0.9998889629136132,1.0,1.4608125920811377,0.9998889629136132
immune_dc,42,0.10,H3a_true_rescued_vs_non_target,true_rescued_rare,non_target,rare_prototype_distance,12,6004,3.5804642546017336,6.552534569568916,-2.9720703149671825,-0.9990006662225184,-1.0,2.9720703149671825,0.9990006662225184
immune_dc,42,0.10,H3a_true_rescued_vs_non_target,true_rescued_rare,non_target,nearest_nonrare_distance,12,6004,4.425848338760946,2.947757692185777,1.4780906465751689,0.8639240506329113,1.0,1.4780906465751689,0.8639240506329113
immune_dc,42,0.10,H3a_true_rescued_vs_non_target,true_rescued_rare,non_target,prototype_margin,12,6004,0.5657912597175585,-3.5509908374220327,4.116782097139591,1.0,1.0,4.116782097139591,1.0
immune_dc,42,0.10,H3a_true_rescued_vs_non_target,true_rescued_rare,non_target,scANVI_rare_probability,12,6004,0.037752657999999994,1.7210653499999999e-09,0.03775265627893464,0.9992782589384854,,,
immune_dc,42,0.10,H3b_true_rescued_vs_closest_competitor,true_rescued_rare,closest_competitor,rare_membership_score,12,1893,0.23392076902061482,0.06843837631432308,0.16548239270629173,0.9998239126606796,1.0,0.16548239270629173,0.9998239126606796
immune_dc,42,0.10,H3b_true_rescued_vs_closest_competitor,true_rescued_rare,closest_competitor,rare_rank,12,1893,1.0,4.0,-3.0,-0.9989434759640782,-1.0,3.0,0.9989434759640782
immune_dc,42,0.10,H3b_true_rescued_vs_closest_competitor,true_rescued_rare,closest_competitor,rare_standardized_distance,12,1893,1.405944045779877,2.464647378156475,-1.0587033323765977,-0.9970065152315548,-1.0,1.0587033323765977,0.9970065152315548
immune_dc,42,0.10,H3b_true_rescued_vs_closest_competitor,true_rescued_rare,closest_competitor,standardized_prototype_margin,12,1893,-0.170283599221695,-1.5087157843883556,1.3384321851666607,0.9996478253213594,1.0,1.3384321851666607,0.9996478253213594
immune_dc,42,0.10,H3b_true_rescued_vs_closest_competitor,true_rescued_rare,closest_competitor,rare_prototype_distance,12,1893,3.5804642546017336,6.276623784691336,-2.696159530089602,-0.9970065152315548,-1.0,2.696159530089602,0.9970065152315548
immune_dc,42,0.10,H3b_true_rescued_vs_closest_competitor,true_rescued_rare,closest_competitor,nearest_nonrare_distance,12,1893,4.425848338760946,3.034611218982785,1.3912371197781606,0.8508540235957034,1.0,1.3912371197781606,0.8508540235957034
immune_dc,42,0.10,H3b_true_rescued_vs_closest_competitor,true_rescued_rare,closest_competitor,prototype_margin,12,1893,0.5657912597175585,-3.238866541792388,3.8046578015099466,1.0,1.0,3.8046578015099466,1.0
immune_dc,42,0.10,H3b_true_rescued_vs_closest_competitor,true_rescued_rare,closest_competitor,scANVI_rare_probability,12,1893,0.037752657999999994,6.636158e-08,0.03775259163841999,0.9979749955978165,,,
immune_dc,42,all,H1_baseline_correct_vs_true_rescued,baseline_correct_rare,true_rescued_rare,rare_membership_score,117,4,0.39189137443556815,0.2424968142949893,0.14939456014057886,0.9615384615384615,1.0,0.14939456014057886,0.9615384615384615
immune_dc,42,all,H1_baseline_correct_vs_true_rescued,baseline_correct_rare,true_rescued_rare,rare_rank,117,4,1.0,1.0,0.0,0.008547008547008517,-1.0,-0.0,-0.008547008547008517
immune_dc,42,all,H1_baseline_correct_vs_true_rescued,baseline_correct_rare,true_rescued_rare,rare_standardized_distance,117,4,0.9256681566682096,1.3292590221434013,-0.40359086547519174,-0.8931623931623932,-1.0,0.40359086547519174,0.8931623931623932
immune_dc,42,all,H1_baseline_correct_vs_true_rescued,baseline_correct_rare,true_rescued_rare,standardized_prototype_margin,117,4,0.8426504541271547,-0.17925407082386113,1.0219045249510157,0.982905982905983,1.0,1.0219045249510157,0.982905982905983
immune_dc,42,all,H1_baseline_correct_vs_true_rescued,baseline_correct_rare,true_rescued_rare,rare_prototype_distance,117,4,2.5362801792770684,3.6420971021864146,-1.1058169229093462,-0.8931623931623932,-1.0,1.1058169229093462,0.8931623931623932
immune_dc,42,all,H1_baseline_correct_vs_true_rescued,baseline_correct_rare,true_rescued_rare,nearest_nonrare_distance,117,4,5.468542709947205,4.00660404692084,1.4619386630263653,0.7179487179487178,1.0,1.4619386630263653,0.7179487179487178
immune_dc,42,all,H1_baseline_correct_vs_true_rescued,baseline_correct_rare,true_rescued_rare,prototype_margin,117,4,3.0399919916363216,0.23419202524569482,2.8057999663906266,0.982905982905983,1.0,2.8057999663906266,0.982905982905983
immune_dc,42,all,H1_baseline_correct_vs_true_rescued,baseline_correct_rare,true_rescued_rare,scANVI_rare_probability,117,4,0.9999993,0.051834023,0.9481652770000001,1.0,,,
immune_dc,42,all,H2_true_rescued_vs_unrescued,true_rescued_rare,unrescued_rare,rare_membership_score,4,9,0.2424968142949893,0.18946541544802437,0.05303139884696492,0.8333333333333333,1.0,0.05303139884696492,0.8333333333333333
immune_dc,42,all,H2_true_rescued_vs_unrescued,true_rescued_rare,unrescued_rare,rare_rank,4,9,1.0,2.0,-1.0,-1.0,-1.0,1.0,1.0
immune_dc,42,all,H2_true_rescued_vs_unrescued,true_rescued_rare,unrescued_rare,rare_standardized_distance,4,9,1.3292590221434013,1.680340547079834,-0.35108152493643274,-0.5555555555555556,-1.0,0.35108152493643274,0.5555555555555556
immune_dc,42,all,H2_true_rescued_vs_unrescued,true_rescued_rare,unrescued_rare,standardized_prototype_margin,4,9,-0.17925407082386113,-0.6157236054108426,0.43646953458698146,0.9444444444444444,1.0,0.43646953458698146,0.9444444444444444
immune_dc,42,all,H2_true_rescued_vs_unrescued,true_rescued_rare,unrescued_rare,rare_prototype_distance,4,9,3.6420971021864146,4.6040413006469505,-0.9619441984605359,-0.5555555555555556,-1.0,0.9619441984605359,0.5555555555555556
immune_dc,42,all,H2_true_rescued_vs_unrescued,true_rescued_rare,unrescued_rare,nearest_nonrare_distance,4,9,4.00660404692084,3.6389361639098863,0.36766788301095366,0.6111111111111112,1.0,0.36766788301095366,0.6111111111111112
immune_dc,42,all,H2_true_rescued_vs_unrescued,true_rescued_rare,unrescued_rare,prototype_margin,4,9,0.23419202524569482,-0.9447052585017444,1.1788972837474392,1.0,1.0,1.1788972837474392,1.0
immune_dc,42,all,H2_true_rescued_vs_unrescued,true_rescued_rare,unrescued_rare,scANVI_rare_probability,4,9,0.051834023,0.00027044275,0.05156358025,0.5555555555555556,,,
immune_dc,42,all,H3a_true_rescued_vs_non_target,true_rescued_rare,non_target,rare_membership_score,4,6004,0.2424968142949893,0.08393850657693853,0.15855830771805074,0.9990839440373085,1.0,0.15855830771805074,0.9990839440373085
immune_dc,42,all,H3a_true_rescued_vs_non_target,true_rescued_rare,non_target,rare_rank,4,6004,1.0,5.0,-4.0,-0.9995003331112592,-1.0,4.0,0.9995003331112592
immune_dc,42,all,H3a_true_rescued_vs_non_target,true_rescued_rare,non_target,rare_standardized_distance,4,6004,1.3292590221434013,2.3329723381701717,-1.0037133160267704,-0.9654397068620919,-1.0,1.0037133160267704,0.9654397068620919
immune_dc,42,all,H3a_true_rescued_vs_non_target,true_rescued_rare,non_target,standardized_prototype_margin,4,6004,-0.17925407082386113,-1.398533874119678,1.2192798032958168,0.9989173884077283,1.0,1.2192798032958168,0.9989173884077283
immune_dc,42,all,H3a_true_rescued_vs_non_target,true_rescued_rare,non_target,rare_prototype_distance,4,6004,3.6420971021864146,6.392216754436289,-2.7501196522498743,-0.9654397068620919,-1.0,2.7501196522498743,0.9654397068620919
immune_dc,42,all,H3a_true_rescued_vs_non_target,true_rescued_rare,non_target,nearest_nonrare_distance,4,6004,4.00660404692084,2.8918463215170647,1.1147577254037753,0.814207195203198,1.0,1.1147577254037753,0.814207195203198
immune_dc,42,all,H3a_true_rescued_vs_non_target,true_rescued_rare,non_target,prototype_margin,4,6004,0.23419202524569482,-3.468821134510441,3.7030131597561358,0.9993337774816788,1.0,3.7030131597561358,0.9993337774816788
immune_dc,42,all,H3a_true_rescued_vs_non_target,true_rescued_rare,non_target,scANVI_rare_probability,4,6004,0.051834023,3.8895237e-10,0.05183402261104763,0.9986675549633577,,,
immune_dc,42,all,H3b_true_rescued_vs_closest_competitor,true_rescued_rare,closest_competitor,rare_membership_score,4,1893,0.2424968142949893,0.08248675523980466,0.16001005905518462,0.9986793449550977,1.0,0.16001005905518462,0.9986793449550977
immune_dc,42,all,H3b_true_rescued_vs_closest_competitor,true_rescued_rare,closest_competitor,rare_rank,4,1893,1.0,5.0,-4.0,-0.9989434759640782,-1.0,4.0,0.9989434759640782
immune_dc,42,all,H3b_true_rescued_vs_closest_competitor,true_rescued_rare,closest_competitor,rare_standardized_distance,4,1893,1.3292590221434013,2.2467978227349863,-0.917538800591585,-0.9397781299524565,-1.0,0.917538800591585,0.9397781299524565
immune_dc,42,all,H3b_true_rescued_vs_closest_competitor,true_rescued_rare,closest_competitor,standardized_prototype_margin,4,1893,-0.17925407082386113,-1.3019605746913294,1.1227065038674682,0.9973586899101954,1.0,1.1227065038674682,0.9973586899101954
immune_dc,42,all,H3b_true_rescued_vs_closest_competitor,true_rescued_rare,closest_competitor,rare_prototype_distance,4,1893,3.6420971021864146,6.156103289926775,-2.5140061877403603,-0.9397781299524565,-1.0,2.5140061877403603,0.9397781299524565
immune_dc,42,all,H3b_true_rescued_vs_closest_competitor,true_rescued_rare,closest_competitor,nearest_nonrare_distance,4,1893,4.00660404692084,2.8940229327310885,1.1125811141897515,0.8042789223454834,1.0,1.1125811141897515,0.8042789223454834
immune_dc,42,all,H3b_true_rescued_vs_closest_competitor,true_rescued_rare,closest_competitor,prototype_margin,4,1893,0.23419202524569482,-3.2551196530490865,3.489311678294781,0.9989434759640783,1.0,3.489311678294781,0.9989434759640783
immune_dc,42,all,H3b_true_rescued_vs_closest_competitor,true_rescued_rare,closest_competitor,scANVI_rare_probability,4,1893,0.051834023,1.1641382e-08,0.051834011358618,0.9973586899101954,,,
immune_dc,43,0.01,H1_baseline_correct_vs_true_rescued,baseline_correct_rare,true_rescued_rare,rare_membership_score,0,114,,0.22874528252556192,,,1.0,,
immune_dc,43,0.01,H1_baseline_correct_vs_true_rescued,baseline_correct_rare,true_rescued_rare,rare_rank,0,114,,1.0,,,-1.0,,
immune_dc,43,0.01,H1_baseline_correct_vs_true_rescued,baseline_correct_rare,true_rescued_rare,rare_standardized_distance,0,114,,1.6648156750969032,,,-1.0,,
immune_dc,43,0.01,H1_baseline_correct_vs_true_rescued,baseline_correct_rare,true_rescued_rare,standardized_prototype_margin,0,114,,0.013395191024311082,,,1.0,,
immune_dc,43,0.01,H1_baseline_correct_vs_true_rescued,baseline_correct_rare,true_rescued_rare,rare_prototype_distance,0,114,,3.1363005611970056,,,-1.0,,
immune_dc,43,0.01,H1_baseline_correct_vs_true_rescued,baseline_correct_rare,true_rescued_rare,nearest_nonrare_distance,0,114,,5.166579486369941,,,1.0,,
immune_dc,43,0.01,H1_baseline_correct_vs_true_rescued,baseline_correct_rare,true_rescued_rare,prototype_margin,0,114,,2.050714043163098,,,1.0,,
immune_dc,43,0.01,H1_baseline_correct_vs_true_rescued,baseline_correct_rare,true_rescued_rare,scANVI_rare_probability,0,114,,3.7910592000000002e-06,,,,,
immune_dc,43,0.01,H2_true_rescued_vs_unrescued,true_rescued_rare,unrescued_rare,rare_membership_score,114,16,0.22874528252556192,0.0915689020704691,0.13717638045509284,0.9824561403508771,1.0,0.13717638045509284,0.9824561403508771
immune_dc,43,0.01,H2_true_rescued_vs_unrescued,true_rescued_rare,unrescued_rare,rare_rank,114,16,1.0,2.0,-1.0,-1.0,-1.0,1.0,1.0
immune_dc,43,0.01,H2_true_rescued_vs_unrescued,true_rescued_rare,unrescued_rare,rare_standardized_distance,114,16,1.6648156750969032,2.414471654270637,-0.7496559791737338,-0.8980263157894737,-1.0,0.7496559791737338,0.8980263157894737
immune_dc,43,0.01,H2_true_rescued_vs_unrescued,true_rescued_rare,unrescued_rare,standardized_prototype_margin,114,16,0.013395191024311082,-1.2633817709728077,1.2767769619971188,0.986842105263158,1.0,1.2767769619971188,0.986842105263158
immune_dc,43,0.01,H2_true_rescued_vs_unrescued,true_rescued_rare,unrescued_rare,rare_prototype_distance,114,16,3.1363005611970056,4.548556886841236,-1.41225632564423,-0.8980263157894737,-1.0,1.41225632564423,0.8980263157894737
immune_dc,43,0.01,H2_true_rescued_vs_unrescued,true_rescued_rare,unrescued_rare,nearest_nonrare_distance,114,16,5.166579486369941,3.7310936452011356,1.4354858411688056,0.8662280701754386,1.0,1.4354858411688056,0.8662280701754386
immune_dc,43,0.01,H2_true_rescued_vs_unrescued,true_rescued_rare,unrescued_rare,prototype_margin,114,16,2.050714043163098,-0.8706666149701578,2.921380658133256,1.0,1.0,2.921380658133256,1.0
immune_dc,43,0.01,H2_true_rescued_vs_unrescued,true_rescued_rare,unrescued_rare,scANVI_rare_probability,114,16,3.7910592000000002e-06,3.458184e-09,3.7876010160000003e-06,0.7061403508771931,,,
immune_dc,43,0.01,H3a_true_rescued_vs_non_target,true_rescued_rare,non_target,rare_membership_score,114,6004,0.22874528252556192,0.030035647345324545,0.19870963518023738,0.999815912198885,1.0,0.19870963518023738,0.999815912198885
immune_dc,43,0.01,H3a_true_rescued_vs_non_target,true_rescued_rare,non_target,rare_rank,114,6004,1.0,5.0,-4.0,-0.9998334443704198,-1.0,4.0,0.9998334443704198
immune_dc,43,0.01,H3a_true_rescued_vs_non_target,true_rescued_rare,non_target,rare_standardized_distance,114,6004,1.6648156750969032,3.4046403654259203,-1.739824690329017,-0.9904478885421415,-1.0,1.739824690329017,0.9904478885421415
immune_dc,43,0.01,H3a_true_rescued_vs_non_target,true_rescued_rare,non_target,standardized_prototype_margin,114,6004,0.013395191024311082,-2.474788637123482,2.4881838281477933,0.999815912198885,1.0,2.4881838281477933,0.999815912198885
immune_dc,43,0.01,H3a_true_rescued_vs_non_target,true_rescued_rare,non_target,rare_prototype_distance,114,6004,3.1363005611970056,6.41390854764613,-3.2776079864491248,-0.9904478885421415,-1.0,3.2776079864491248,0.9904478885421415
immune_dc,43,0.01,H3a_true_rescued_vs_non_target,true_rescued_rare,non_target,nearest_nonrare_distance,114,6004,5.166579486369941,2.7760668107428,2.390512675627141,0.9542088899797796,1.0,2.390512675627141,0.9542088899797796
immune_dc,43,0.01,H3a_true_rescued_vs_non_target,true_rescued_rare,non_target,prototype_margin,114,6004,2.050714043163098,-3.588645524486707,5.639359567649805,0.999973701742698,1.0,5.639359567649805,0.999973701742698
immune_dc,43,0.01,H3a_true_rescued_vs_non_target,true_rescued_rare,non_target,scANVI_rare_probability,114,6004,3.7910592000000002e-06,3.5567159999999997e-10,3.7907035284000004e-06,0.7299899482216534,,,
immune_dc,43,0.01,H3b_true_rescued_vs_closest_competitor,true_rescued_rare,closest_competitor,rare_membership_score,114,1893,0.22874528252556192,0.034207720665204736,0.1945375618603572,0.9994995412461423,1.0,0.1945375618603572,0.9994995412461423
immune_dc,43,0.01,H3b_true_rescued_vs_closest_competitor,true_rescued_rare,closest_competitor,rare_rank,114,1893,1.0,5.0,-4.0,-0.9994717379820391,-1.0,4.0,0.9994717379820391
immune_dc,43,0.01,H3b_true_rescued_vs_closest_competitor,true_rescued_rare,closest_competitor,rare_standardized_distance,114,1893,1.6648156750969032,3.161106786076189,-1.4962911109792856,-0.9822151787286494,-1.0,1.4962911109792856,0.9822151787286494
immune_dc,43,0.01,H3b_true_rescued_vs_closest_competitor,true_rescued_rare,closest_competitor,standardized_prototype_margin,114,1893,0.013395191024311082,-2.2430985038287226,2.2564936948530336,0.9994902734914413,1.0,2.2564936948530336,0.9994902734914413
immune_dc,43,0.01,H3b_true_rescued_vs_closest_competitor,true_rescued_rare,closest_competitor,rare_prototype_distance,114,1893,3.1363005611970056,5.955122321032532,-2.8188217598355267,-0.9822151787286494,-1.0,2.8188217598355267,0.9822151787286494
immune_dc,43,0.01,H3b_true_rescued_vs_closest_competitor,true_rescued_rare,closest_competitor,nearest_nonrare_distance,114,1893,5.166579486369941,2.8423333405488673,2.324246145821074,0.9524934894023225,1.0,2.324246145821074,0.9524934894023225
immune_dc,43,0.01,H3b_true_rescued_vs_closest_competitor,true_rescued_rare,closest_competitor,prototype_margin,114,1893,2.050714043163098,-3.1331145065631207,5.183828549726218,0.9999165902076903,1.0,5.183828549726218,0.9999165902076903
immune_dc,43,0.01,H3b_true_rescued_vs_closest_competitor,true_rescued_rare,closest_competitor,scANVI_rare_probability,114,1893,3.7910592000000002e-06,2.47303e-09,3.78858617e-06,0.6632375974272713,,,
immune_dc,43,0.05,H1_baseline_correct_vs_true_rescued,baseline_correct_rare,true_rescued_rare,rare_membership_score,105,12,0.36457354923479884,0.2131567623890139,0.15141678684578494,0.9349206349206349,1.0,0.15141678684578494,0.9349206349206349
immune_dc,43,0.05,H1_baseline_correct_vs_true_rescued,baseline_correct_rare,true_rescued_rare,rare_rank,105,12,1.0,1.0,0.0,0.0,-1.0,-0.0,-0.0
immune_dc,43,0.05,H1_baseline_correct_vs_true_rescued,baseline_correct_rare,true_rescued_rare,rare_standardized_distance,105,12,1.0524023659246176,1.534662023232909,-0.48225965730829135,-0.8634920634920635,-1.0,0.48225965730829135,0.8634920634920635
immune_dc,43,0.05,H1_baseline_correct_vs_true_rescued,baseline_correct_rare,true_rescued_rare,standardized_prototype_margin,105,12,0.7629466592362032,-0.1993703824274099,0.9623170416636131,0.9571428571428571,1.0,0.9623170416636131,0.9571428571428571
immune_dc,43,0.05,H1_baseline_correct_vs_true_rescued,baseline_correct_rare,true_rescued_rare,rare_prototype_distance,105,12,2.433054217700248,3.5479926967768534,-1.1149384790766055,-0.8634920634920635,-1.0,1.1149384790766055,0.8634920634920635
immune_dc,43,0.05,H1_baseline_correct_vs_true_rescued,baseline_correct_rare,true_rescued_rare,nearest_nonrare_distance,105,12,5.503508365982163,4.2904643028349,1.2130440631472625,0.8555555555555556,1.0,1.2130440631472625,0.8555555555555556
immune_dc,43,0.05,H1_baseline_correct_vs_true_rescued,baseline_correct_rare,true_rescued_rare,prototype_margin,105,12,3.067593462881569,0.7521966638943944,2.315396798987175,0.980952380952381,1.0,2.315396798987175,0.980952380952381
immune_dc,43,0.05,H1_baseline_correct_vs_true_rescued,baseline_correct_rare,true_rescued_rare,scANVI_rare_probability,105,12,0.9999758,0.094374245,0.905601555,1.0,,,
immune_dc,43,0.05,H2_true_rescued_vs_unrescued,true_rescued_rare,unrescued_rare,rare_membership_score,12,13,0.2131567623890139,0.1474569235584145,0.0656998388305994,1.0,1.0,0.0656998388305994,1.0
immune_dc,43,0.05,H2_true_rescued_vs_unrescued,true_rescued_rare,unrescued_rare,rare_rank,12,13,1.0,2.0,-1.0,-1.0,-1.0,1.0,1.0
immune_dc,43,0.05,H2_true_rescued_vs_unrescued,true_rescued_rare,unrescued_rare,rare_standardized_distance,12,13,1.534662023232909,1.8539632113575137,-0.31930118812460484,-0.8333333333333334,-1.0,0.31930118812460484,0.8333333333333334
immune_dc,43,0.05,H2_true_rescued_vs_unrescued,true_rescued_rare,unrescued_rare,standardized_prototype_margin,12,13,-0.1993703824274099,-0.7067124694916986,0.5073420870642887,1.0,1.0,0.5073420870642887,1.0
immune_dc,43,0.05,H2_true_rescued_vs_unrescued,true_rescued_rare,unrescued_rare,rare_prototype_distance,12,13,3.5479926967768534,4.286186687628178,-0.7381939908513249,-0.8333333333333334,-1.0,0.7381939908513249,0.8333333333333334
immune_dc,43,0.05,H2_true_rescued_vs_unrescued,true_rescued_rare,unrescued_rare,nearest_nonrare_distance,12,13,4.2904643028349,3.7164869432849676,0.5739773595499327,0.5641025641025641,1.0,0.5739773595499327,0.5641025641025641
immune_dc,43,0.05,H2_true_rescued_vs_unrescued,true_rescued_rare,unrescued_rare,prototype_margin,12,13,0.7521966638943944,-0.5698551155417393,1.3220517794361337,1.0,1.0,1.3220517794361337,1.0
immune_dc,43,0.05,H2_true_rescued_vs_unrescued,true_rescued_rare,unrescued_rare,scANVI_rare_probability,12,13,0.094374245,0.0005439515,0.0938302935,0.7564102564102564,,,
immune_dc,43,0.05,H3a_true_rescued_vs_non_target,true_rescued_rare,non_target,rare_membership_score,12,6004,0.2131567623890139,0.05358585834320268,0.15957090404581123,0.9999444814568066,1.0,0.15957090404581123,0.9999444814568066
immune_dc,43,0.05,H3a_true_rescued_vs_non_target,true_rescued_rare,non_target,rare_rank,12,6004,1.0,5.0,-4.0,-0.9996668887408394,-1.0,4.0,0.9996668887408394
immune_dc,43,0.05,H3a_true_rescued_vs_non_target,true_rescued_rare,non_target,rare_standardized_distance,12,6004,1.534662023232909,2.804320778386333,-1.269658755153424,-0.9986397956917611,-1.0,1.269658755153424,0.9986397956917611
immune_dc,43,0.05,H3a_true_rescued_vs_non_target,true_rescued_rare,non_target,standardized_prototype_margin,12,6004,-0.1993703824274099,-1.8833924508692643,1.6840220684418545,0.9998334443704198,1.0,1.6840220684418545,0.9998334443704198
immune_dc,43,0.05,H3a_true_rescued_vs_non_target,true_rescued_rare,non_target,rare_prototype_distance,12,6004,3.5479926967768534,6.483323031721536,-2.9353303349446827,-0.9986397956917611,-1.0,2.9353303349446827,0.9986397956917611
immune_dc,43,0.05,H3a_true_rescued_vs_non_target,true_rescued_rare,non_target,nearest_nonrare_distance,12,6004,4.2904643028349,2.7870065089995073,1.503457793835393,0.8959304907839218,1.0,1.503457793835393,0.8959304907839218
immune_dc,43,0.05,H3a_true_rescued_vs_non_target,true_rescued_rare,non_target,prototype_margin,12,6004,0.7521966638943944,-3.675044567293086,4.42724123118748,0.9999722407284033,1.0,4.42724123118748,0.9999722407284033
immune_dc,43,0.05,H3a_true_rescued_vs_non_target,true_rescued_rare,non_target,scANVI_rare_probability,12,6004,0.094374245,1.1986279e-08,0.094374233013721,0.9988896291361316,,,
immune_dc,43,0.05,H3b_true_rescued_vs_closest_competitor,true_rescued_rare,closest_competitor,rare_membership_score,12,1893,0.2131567623890139,0.05551782977189895,0.15763893261711495,0.9998239126606796,1.0,0.15763893261711495,0.9998239126606796
immune_dc,43,0.05,H3b_true_rescued_vs_closest_competitor,true_rescued_rare,closest_competitor,rare_rank,12,1893,1.0,6.0,-5.0,-0.9989434759640782,-1.0,5.0,0.9989434759640782
immune_dc,43,0.05,H3b_true_rescued_vs_closest_competitor,true_rescued_rare,closest_competitor,rare_standardized_distance,12,1893,1.534662023232909,2.6530770108163506,-1.1184149875834417,-0.9962141222046135,-1.0,1.1184149875834417,0.9962141222046135
immune_dc,43,0.05,H3b_true_rescued_vs_closest_competitor,true_rescued_rare,closest_competitor,standardized_prototype_margin,12,1893,-0.1993703824274099,-1.7351830563113562,1.5358126738839464,0.999471737982039,1.0,1.5358126738839464,0.999471737982039
immune_dc,43,0.05,H3b_true_rescued_vs_closest_competitor,true_rescued_rare,closest_competitor,rare_prototype_distance,12,1893,3.5479926967768534,6.133661819905732,-2.5856691231288784,-0.9962141222046135,-1.0,2.5856691231288784,0.9962141222046135
immune_dc,43,0.05,H3b_true_rescued_vs_closest_competitor,true_rescued_rare,closest_competitor,nearest_nonrare_distance,12,1893,4.2904643028349,2.8119504393244976,1.4785138635104027,0.8910899806303927,1.0,1.4785138635104027,0.8910899806303927
immune_dc,43,0.05,H3b_true_rescued_vs_closest_competitor,true_rescued_rare,closest_competitor,prototype_margin,12,1893,0.7521966638943944,-3.32532008350141,4.077516747395804,0.9999119563303398,1.0,4.077516747395804,0.9999119563303398
immune_dc,43,0.05,H3b_true_rescued_vs_closest_competitor,true_rescued_rare,closest_competitor,scANVI_rare_probability,12,1893,0.094374245,6.7271415e-08,0.094374177728585,0.9979749955978165,,,
immune_dc,43,0.10,H1_baseline_correct_vs_true_rescued,baseline_correct_rare,true_rescued_rare,rare_membership_score,113,8,0.41206017463492284,0.27543564065430093,0.1366245339806219,0.9424778761061947,1.0,0.1366245339806219,0.9424778761061947
immune_dc,43,0.10,H1_baseline_correct_vs_true_rescued,baseline_correct_rare,true_rescued_rare,rare_rank,113,8,1.0,1.0,0.0,0.0,-1.0,-0.0,-0.0
immune_dc,43,0.10,H1_baseline_correct_vs_true_rescued,baseline_correct_rare,true_rescued_rare,rare_standardized_distance,113,8,0.8702825221357617,1.2131001485211792,-0.34281762638541746,-0.8827433628318584,-1.0,0.34281762638541746,0.8827433628318584
immune_dc,43,0.10,H1_baseline_correct_vs_true_rescued,baseline_correct_rare,true_rescued_rare,standardized_prototype_margin,113,8,0.9328040627051849,0.0771336490991873,0.8556704136059976,0.9690265486725664,1.0,0.8556704136059976,0.9690265486725664
immune_dc,43,0.10,H1_baseline_correct_vs_true_rescued,baseline_correct_rare,true_rescued_rare,rare_prototype_distance,113,8,2.4805650866270463,3.457697699844532,-0.9771326132174858,-0.8827433628318584,-1.0,0.9771326132174858,0.8827433628318584
immune_dc,43,0.10,H1_baseline_correct_vs_true_rescued,baseline_correct_rare,true_rescued_rare,nearest_nonrare_distance,113,8,5.587092333590181,4.091273623500289,1.4958187100898925,0.9092920353982301,1.0,1.4958187100898925,0.9092920353982301
immune_dc,43,0.10,H1_baseline_correct_vs_true_rescued,baseline_correct_rare,true_rescued_rare,prototype_margin,113,8,3.121293760730927,0.6729738907272269,2.4483198700037,0.9712389380530972,1.0,2.4483198700037,0.9712389380530972
immune_dc,43,0.10,H1_baseline_correct_vs_true_rescued,baseline_correct_rare,true_rescued_rare,scANVI_rare_probability,113,8,0.9999981,0.16306706999999998,0.83693103,1.0,,,
immune_dc,43,0.10,H2_true_rescued_vs_unrescued,true_rescued_rare,unrescued_rare,rare_membership_score,8,9,0.27543564065430093,0.20413371749540563,0.0713019231588953,1.0,1.0,0.0713019231588953,1.0
immune_dc,43,0.10,H2_true_rescued_vs_unrescued,true_rescued_rare,unrescued_rare,rare_rank,8,9,1.0,2.0,-1.0,-1.0,-1.0,1.0,1.0
immune_dc,43,0.10,H2_true_rescued_vs_unrescued,true_rescued_rare,unrescued_rare,rare_standardized_distance,8,9,1.2131001485211792,1.6533228747193953,-0.4402227261982161,-0.8611111111111112,-1.0,0.4402227261982161,0.8611111111111112
immune_dc,43,0.10,H2_true_rescued_vs_unrescued,true_rescued_rare,unrescued_rare,standardized_prototype_margin,8,9,0.0771336490991873,-0.33680922813893455,0.41394287723812184,1.0,1.0,0.41394287723812184,1.0
immune_dc,43,0.10,H2_true_rescued_vs_unrescued,true_rescued_rare,unrescued_rare,rare_prototype_distance,8,9,3.457697699844532,4.712463936292888,-1.254766236448356,-0.8611111111111112,-1.0,1.254766236448356,0.8611111111111112
immune_dc,43,0.10,H2_true_rescued_vs_unrescued,true_rescued_rare,unrescued_rare,nearest_nonrare_distance,8,9,4.091273623500289,3.535298001769936,0.5559756217303531,0.36111111111111116,1.0,0.5559756217303531,0.36111111111111116
immune_dc,43,0.10,H2_true_rescued_vs_unrescued,true_rescued_rare,unrescued_rare,prototype_margin,8,9,0.6729738907272269,-0.36528716242767256,1.0382610531548995,1.0,1.0,1.0382610531548995,1.0
immune_dc,43,0.10,H2_true_rescued_vs_unrescued,true_rescued_rare,unrescued_rare,scANVI_rare_probability,8,9,0.16306706999999998,0.0072192643,0.15584780569999998,0.6944444444444444,,,
immune_dc,43,0.10,H3a_true_rescued_vs_non_target,true_rescued_rare,non_target,rare_membership_score,8,6004,0.27543564065430093,0.09328661579890091,0.18214902485540002,0.9999583610926048,1.0,0.18214902485540002,0.9999583610926048
immune_dc,43,0.10,H3a_true_rescued_vs_non_target,true_rescued_rare,non_target,rare_rank,8,6004,1.0,5.0,-4.0,-0.9996668887408394,-1.0,4.0,0.9996668887408394
immune_dc,43,0.10,H3a_true_rescued_vs_non_target,true_rescued_rare,non_target,rare_standardized_distance,8,6004,1.2131001485211792,2.2187197957152494,-1.0056196471940702,-0.9992504996668887,-1.0,1.0056196471940702,0.9992504996668887
immune_dc,43,0.10,H3a_true_rescued_vs_non_target,true_rescued_rare,non_target,standardized_prototype_margin,8,6004,0.0771336490991873,-1.2933920073116423,1.3705256564108295,0.9996668887408395,1.0,1.3705256564108295,0.9996668887408395
immune_dc,43,0.10,H3a_true_rescued_vs_non_target,true_rescued_rare,non_target,rare_prototype_distance,8,6004,3.457697699844532,6.324014009557439,-2.866316309712907,-0.9992504996668887,-1.0,2.866316309712907,0.9992504996668887
immune_dc,43,0.10,H3a_true_rescued_vs_non_target,true_rescued_rare,non_target,nearest_nonrare_distance,8,6004,4.091273623500289,2.75414961983711,1.3371240036631789,0.8657978014656895,1.0,1.3371240036631789,0.8657978014656895
immune_dc,43,0.10,H3a_true_rescued_vs_non_target,true_rescued_rare,non_target,prototype_margin,8,6004,0.6729738907272269,-3.5394221508063026,4.2123960415335295,0.9997501665556296,1.0,4.2123960415335295,0.9997501665556296
immune_dc,43,0.10,H3a_true_rescued_vs_non_target,true_rescued_rare,non_target,scANVI_rare_probability,8,6004,0.16306706999999998,6.4161640499999995e-09,0.16306706358383594,0.9988341105929381,,,
immune_dc,43,0.10,H3b_true_rescued_vs_closest_competitor,true_rescued_rare,closest_competitor,rare_membership_score,8,1893,0.27543564065430093,0.09169586725691957,0.18373977339738135,1.0,1.0,0.18373977339738135,1.0
immune_dc,43,0.10,H3b_true_rescued_vs_closest_competitor,true_rescued_rare,closest_competitor,rare_rank,8,1893,1.0,5.0,-4.0,-0.9994717379820391,-1.0,4.0,0.9994717379820391
immune_dc,43,0.10,H3b_true_rescued_vs_closest_competitor,true_rescued_rare,closest_competitor,rare_standardized_distance,8,1893,1.2131001485211792,2.139349526685688,-0.9262493781645089,-0.998283148441627,-1.0,0.9262493781645089,0.998283148441627
immune_dc,43,0.10,H3b_true_rescued_vs_closest_competitor,true_rescued_rare,closest_competitor,standardized_prototype_margin,8,1893,0.0771336490991873,-1.1949095138993964,1.2720431629985836,0.999339672477549,1.0,1.2720431629985836,0.999339672477549
immune_dc,43,0.10,H3b_true_rescued_vs_closest_competitor,true_rescued_rare,closest_competitor,rare_prototype_distance,8,1893,3.457697699844532,6.097785039926114,-2.640087340081582,-0.998283148441627,-1.0,2.640087340081582,0.998283148441627
immune_dc,43,0.10,H3b_true_rescued_vs_closest_competitor,true_rescued_rare,closest_competitor,nearest_nonrare_distance,8,1893,4.091273623500289,2.797431881132912,1.293841742367377,0.8565768621236134,1.0,1.293841742367377,0.8565768621236134
immune_dc,43,0.10,H3b_true_rescued_vs_closest_competitor,true_rescued_rare,closest_competitor,prototype_margin,8,1893,0.6729738907272269,-3.2988896816391313,3.9718635723663582,0.9997358689910196,1.0,3.9718635723663582,0.9997358689910196
immune_dc,43,0.10,H3b_true_rescued_vs_closest_competitor,true_rescued_rare,closest_competitor,scANVI_rare_probability,8,1893,0.16306706999999998,3.0876382e-08,0.16306703912361797,0.998283148441627,,,
immune_dc,43,all,H1_baseline_correct_vs_true_rescued,baseline_correct_rare,true_rescued_rare,rare_membership_score,119,2,0.43044573639177675,0.22394752700109702,0.20649820939067973,0.9579831932773109,1.0,0.20649820939067973,0.9579831932773109
immune_dc,43,all,H1_baseline_correct_vs_true_rescued,baseline_correct_rare,true_rescued_rare,rare_rank,119,2,1.0,1.0,0.0,0.008403361344537785,-1.0,-0.0,-0.008403361344537785
immune_dc,43,all,H1_baseline_correct_vs_true_rescued,baseline_correct_rare,true_rescued_rare,rare_standardized_distance,119,2,0.8888725371443055,1.7501101721653787,-0.8612376350210732,-0.9747899159663865,-1.0,0.8612376350210732,0.9747899159663865
immune_dc,43,all,H1_baseline_correct_vs_true_rescued,baseline_correct_rare,true_rescued_rare,standardized_prototype_margin,119,2,1.0105025792385964,-0.10635533229027627,1.1168579115288728,0.9495798319327731,1.0,1.1168579115288728,0.9495798319327731
immune_dc,43,all,H1_baseline_correct_vs_true_rescued,baseline_correct_rare,true_rescued_rare,rare_prototype_distance,119,2,2.340354856204528,4.607948461856051,-2.2675936056515225,-0.9747899159663865,-1.0,2.2675936056515225,0.9747899159663865
immune_dc,43,all,H1_baseline_correct_vs_true_rescued,baseline_correct_rare,true_rescued_rare,nearest_nonrare_distance,119,2,5.767001986163167,5.144284693419664,0.622717292743503,0.46218487394957974,1.0,0.622717292743503,0.46218487394957974
immune_dc,43,all,H1_baseline_correct_vs_true_rescued,baseline_correct_rare,true_rescued_rare,prototype_margin,119,2,3.469865764599128,0.5363362315636135,2.9335295330355144,0.9495798319327731,1.0,2.9335295330355144,0.9495798319327731
immune_dc,43,all,H1_baseline_correct_vs_true_rescued,baseline_correct_rare,true_rescued_rare,scANVI_rare_probability,119,2,0.9999999,0.29567802,0.7043218800000001,1.0,,,
immune_dc,43,all,H2_true_rescued_vs_unrescued,true_rescued_rare,unrescued_rare,rare_membership_score,2,9,0.22394752700109702,0.19903765859061343,0.024909868410483593,0.5555555555555556,1.0,0.024909868410483593,0.5555555555555556
immune_dc,43,all,H2_true_rescued_vs_unrescued,true_rescued_rare,unrescued_rare,rare_rank,2,9,1.0,2.0,-1.0,-1.0,-1.0,1.0,1.0
immune_dc,43,all,H2_true_rescued_vs_unrescued,true_rescued_rare,unrescued_rare,rare_standardized_distance,2,9,1.7501101721653787,1.5354119331176308,0.21469823904774787,0.33333333333333326,-1.0,-0.21469823904774787,-0.33333333333333326
immune_dc,43,all,H2_true_rescued_vs_unrescued,true_rescued_rare,unrescued_rare,standardized_prototype_margin,2,9,-0.10635533229027627,-0.4218194557502768,0.3154641234600005,1.0,1.0,0.3154641234600005,1.0
immune_dc,43,all,H2_true_rescued_vs_unrescued,true_rescued_rare,unrescued_rare,rare_prototype_distance,2,9,4.607948461856051,4.042659238287223,0.5652892235688274,0.33333333333333326,-1.0,-0.5652892235688274,-0.33333333333333326
immune_dc,43,all,H2_true_rescued_vs_unrescued,true_rescued_rare,unrescued_rare,nearest_nonrare_distance,2,9,5.144284693419664,3.5492135925212374,1.5950711008984264,0.8888888888888888,1.0,1.5950711008984264,0.8888888888888888
immune_dc,43,all,H2_true_rescued_vs_unrescued,true_rescued_rare,unrescued_rare,prototype_margin,2,9,0.5363362315636135,-0.5290155454332908,1.0653517769969043,1.0,1.0,1.0653517769969043,1.0
immune_dc,43,all,H2_true_rescued_vs_unrescued,true_rescued_rare,unrescued_rare,scANVI_rare_probability,2,9,0.29567802,0.026893016,0.268785004,0.7777777777777777,,,
immune_dc,43,all,H3a_true_rescued_vs_non_target,true_rescued_rare,non_target,rare_membership_score,2,6004,0.22394752700109702,0.07459818083139794,0.14934934616969908,0.9988341105929381,1.0,0.14934934616969908,0.9988341105929381
immune_dc,43,all,H3a_true_rescued_vs_non_target,true_rescued_rare,non_target,rare_rank,2,6004,1.0,5.0,-4.0,-0.9995003331112592,-1.0,4.0,0.9995003331112592
immune_dc,43,all,H3a_true_rescued_vs_non_target,true_rescued_rare,non_target,rare_standardized_distance,2,6004,1.7501101721653787,2.4564459932968497,-0.706335821131471,-0.9501998667554963,-1.0,0.706335821131471,0.9501998667554963
immune_dc,43,all,H3a_true_rescued_vs_non_target,true_rescued_rare,non_target,standardized_prototype_margin,2,6004,-0.10635533229027627,-1.5301820591561193,1.423826726865843,0.9991672218520986,1.0,1.423826726865843,0.9991672218520986
immune_dc,43,all,H3a_true_rescued_vs_non_target,true_rescued_rare,non_target,rare_prototype_distance,2,6004,4.607948461856051,6.467693700928365,-1.8597452390723141,-0.9501998667554963,-1.0,1.8597452390723141,0.9501998667554963
immune_dc,43,all,H3a_true_rescued_vs_non_target,true_rescued_rare,non_target,nearest_nonrare_distance,2,6004,5.144284693419664,2.768579306320964,2.3757053870986997,0.9551965356429046,1.0,2.3757053870986997,0.9551965356429046
immune_dc,43,all,H3a_true_rescued_vs_non_target,true_rescued_rare,non_target,prototype_margin,2,6004,0.5363362315636135,-3.6623690957702326,4.198705327333846,0.9995003331112591,1.0,4.198705327333846,0.9995003331112591
immune_dc,43,all,H3a_true_rescued_vs_non_target,true_rescued_rare,non_target,scANVI_rare_probability,2,6004,0.29567802,9.16105175e-10,0.2956780190838948,0.9986675549633577,,,
immune_dc,43,all,H3b_true_rescued_vs_closest_competitor,true_rescued_rare,closest_competitor,rare_membership_score,2,1893,0.22394752700109702,0.07192643254526078,0.15202109445583623,0.9978869519281564,1.0,0.15202109445583623,0.9978869519281564
immune_dc,43,all,H3b_true_rescued_vs_closest_competitor,true_rescued_rare,closest_competitor,rare_rank,2,1893,1.0,5.0,-4.0,-0.9989434759640782,-1.0,4.0,0.9989434759640782
immune_dc,43,all,H3b_true_rescued_vs_closest_competitor,true_rescued_rare,closest_competitor,rare_standardized_distance,2,1893,1.7501101721653787,2.3794744908025427,-0.629364318637164,-0.9265715795034337,-1.0,0.629364318637164,0.9265715795034337
immune_dc,43,all,H3b_true_rescued_vs_closest_competitor,true_rescued_rare,closest_competitor,standardized_prototype_margin,2,1893,-0.10635533229027627,-1.4542309945691136,1.3478756622788373,0.9978869519281564,1.0,1.3478756622788373,0.9978869519281564
immune_dc,43,all,H3b_true_rescued_vs_closest_competitor,true_rescued_rare,closest_competitor,rare_prototype_distance,2,1893,4.607948461856051,6.2650317644592155,-1.6570833026031648,-0.9265715795034337,-1.0,1.6570833026031648,0.9265715795034337
immune_dc,43,all,H3b_true_rescued_vs_closest_competitor,true_rescued_rare,closest_competitor,nearest_nonrare_distance,2,1893,5.144284693419664,2.8270595211720346,2.317225172247629,0.95351294241944,1.0,2.317225172247629,0.95351294241944
immune_dc,43,all,H3b_true_rescued_vs_closest_competitor,true_rescued_rare,closest_competitor,prototype_margin,2,1893,0.5363362315636135,-3.4736370840656146,4.009973315629228,0.9989434759640783,1.0,4.009973315629228,0.9989434759640783
immune_dc,43,all,H3b_true_rescued_vs_closest_competitor,true_rescued_rare,closest_competitor,scANVI_rare_probability,2,1893,0.29567802,6.092225e-09,0.295678013907775,0.9973586899101954,,,
immune_dc,44,0.01,H1_baseline_correct_vs_true_rescued,baseline_correct_rare,true_rescued_rare,rare_membership_score,0,117,,0.22299920088013014,,,1.0,,
immune_dc,44,0.01,H1_baseline_correct_vs_true_rescued,baseline_correct_rare,true_rescued_rare,rare_rank,0,117,,1.0,,,-1.0,,
immune_dc,44,0.01,H1_baseline_correct_vs_true_rescued,baseline_correct_rare,true_rescued_rare,rare_standardized_distance,0,117,,1.707503932691878,,,-1.0,,
immune_dc,44,0.01,H1_baseline_correct_vs_true_rescued,baseline_correct_rare,true_rescued_rare,standardized_prototype_margin,0,117,,-0.005736417235000513,,,1.0,,
immune_dc,44,0.01,H1_baseline_correct_vs_true_rescued,baseline_correct_rare,true_rescued_rare,rare_prototype_distance,0,117,,3.5328627807744715,,,-1.0,,
immune_dc,44,0.01,H1_baseline_correct_vs_true_rescued,baseline_correct_rare,true_rescued_rare,nearest_nonrare_distance,0,117,,5.413844148827985,,,1.0,,
immune_dc,44,0.01,H1_baseline_correct_vs_true_rescued,baseline_correct_rare,true_rescued_rare,prototype_margin,0,117,,1.9187083220084373,,,1.0,,
immune_dc,44,0.01,H1_baseline_correct_vs_true_rescued,baseline_correct_rare,true_rescued_rare,scANVI_rare_probability,0,117,,1.9631396e-05,,,,,
immune_dc,44,0.01,H2_true_rescued_vs_unrescued,true_rescued_rare,unrescued_rare,rare_membership_score,117,13,0.22299920088013014,0.09890380156654759,0.12409539931358256,0.9710716633793557,1.0,0.12409539931358256,0.9710716633793557
immune_dc,44,0.01,H2_true_rescued_vs_unrescued,true_rescued_rare,unrescued_rare,rare_rank,117,13,1.0,2.0,-1.0,-1.0,-1.0,1.0,1.0
immune_dc,44,0.01,H2_true_rescued_vs_unrescued,true_rescued_rare,unrescued_rare,rare_standardized_distance,117,13,1.707503932691878,2.406760650433772,-0.699256717741894,-0.8724523339907955,-1.0,0.699256717741894,0.8724523339907955
immune_dc,44,0.01,H2_true_rescued_vs_unrescued,true_rescued_rare,unrescued_rare,standardized_prototype_margin,117,13,-0.005736417235000513,-1.2933585984214848,1.2876221811864843,0.99474030243261,1.0,1.2876221811864843,0.99474030243261
immune_dc,44,0.01,H2_true_rescued_vs_unrescued,true_rescued_rare,unrescued_rare,rare_prototype_distance,117,13,3.5328627807744715,4.979640141001285,-1.4467773602268137,-0.8724523339907955,-1.0,1.4467773602268137,0.8724523339907955
immune_dc,44,0.01,H2_true_rescued_vs_unrescued,true_rescued_rare,unrescued_rare,nearest_nonrare_distance,117,13,5.413844148827985,3.6025696897502733,1.8112744590777115,0.8527284681130836,1.0,1.8112744590777115,0.8527284681130836
immune_dc,44,0.01,H2_true_rescued_vs_unrescued,true_rescued_rare,unrescued_rare,prototype_margin,117,13,1.9187083220084373,-1.2952107093653344,3.2139190313737718,1.0,1.0,3.2139190313737718,1.0
immune_dc,44,0.01,H2_true_rescued_vs_unrescued,true_rescued_rare,unrescued_rare,scANVI_rare_probability,117,13,1.9631396e-05,4.4042378e-07,1.919097222e-05,0.4950690335305721,,,
immune_dc,44,0.01,H3a_true_rescued_vs_non_target,true_rescued_rare,non_target,rare_membership_score,117,6004,0.22299920088013014,0.03735349945753852,0.18564570142259162,0.9997409134650974,1.0,0.18564570142259162,0.9997409134650974
immune_dc,44,0.01,H3a_true_rescued_vs_non_target,true_rescued_rare,non_target,rare_rank,117,6004,1.0,5.0,-4.0,-1.0,-1.0,4.0,1.0
immune_dc,44,0.01,H3a_true_rescued_vs_non_target,true_rescued_rare,non_target,rare_standardized_distance,117,6004,1.707503932691878,3.1631462308005647,-1.4556422981086867,-0.9916209706349614,-1.0,1.4556422981086867,0.9916209706349614
immune_dc,44,0.01,H3a_true_rescued_vs_non_target,true_rescued_rare,non_target,standardized_prototype_margin,117,6004,-0.005736417235000513,-2.2463198667487676,2.240583449513767,0.9999373636948587,1.0,2.240583449513767,0.9999373636948587
immune_dc,44,0.01,H3a_true_rescued_vs_non_target,true_rescued_rare,non_target,rare_prototype_distance,117,6004,3.5328627807744715,6.5446183607466475,-3.011755579972176,-0.9916209706349614,-1.0,3.011755579972176,0.9916209706349614
immune_dc,44,0.01,H3a_true_rescued_vs_non_target,true_rescued_rare,non_target,nearest_nonrare_distance,117,6004,5.413844148827985,2.949874463677393,2.463969685150592,0.9444387502348861,1.0,2.463969685150592,0.9444387502348861
immune_dc,44,0.01,H3a_true_rescued_vs_non_target,true_rescued_rare,non_target,prototype_margin,117,6004,1.9187083220084373,-3.5696907450162234,5.488399067024661,1.0,1.0,5.488399067024661,1.0
immune_dc,44,0.01,H3a_true_rescued_vs_non_target,true_rescued_rare,non_target,scANVI_rare_probability,117,6004,1.9631396e-05,3.15363315e-09,1.9628242366849998e-05,0.6879943285672798,,,
immune_dc,44,0.01,H3b_true_rescued_vs_closest_competitor,true_rescued_rare,closest_competitor,rare_membership_score,117,1893,0.22299920088013014,0.03781764454322353,0.1851815563369066,0.9994401325621611,1.0,0.1851815563369066,0.9994401325621611
immune_dc,44,0.01,H3b_true_rescued_vs_closest_competitor,true_rescued_rare,closest_competitor,rare_rank,117,1893,1.0,5.0,-4.0,-1.0,-1.0,4.0,1.0
immune_dc,44,0.01,H3b_true_rescued_vs_closest_competitor,true_rescued_rare,closest_competitor,rare_standardized_distance,117,1893,1.707503932691878,3.049894042791195,-1.3423901100993172,-0.9848745490583842,-1.0,1.3423901100993172,0.9848745490583842
immune_dc,44,0.01,H3b_true_rescued_vs_closest_competitor,true_rescued_rare,closest_competitor,standardized_prototype_margin,117,1893,-0.005736417235000513,-2.127138197165963,2.1214017799309626,0.9998464879605926,1.0,2.1214017799309626,0.9998464879605926
immune_dc,44,0.01,H3b_true_rescued_vs_closest_competitor,true_rescued_rare,closest_competitor,rare_prototype_distance,117,1893,3.5328627807744715,6.31029712013386,-2.777434339359388,-0.9848745490583842,-1.0,2.777434339359388,0.9848745490583842
immune_dc,44,0.01,H3b_true_rescued_vs_closest_competitor,true_rescued_rare,closest_competitor,nearest_nonrare_distance,117,1893,5.413844148827985,3.0192669816233755,2.3945771672046092,0.9404553889498422,1.0,2.3945771672046092,0.9404553889498422
immune_dc,44,0.01,H3b_true_rescued_vs_closest_competitor,true_rescued_rare,closest_competitor,prototype_margin,117,1893,1.9187083220084373,-3.314096660311216,5.232804982319653,1.0,1.0,5.232804982319653,1.0
immune_dc,44,0.01,H3b_true_rescued_vs_closest_competitor,true_rescued_rare,closest_competitor,scANVI_rare_probability,117,1893,1.9631396e-05,2.2972117e-08,1.9608423883e-05,0.6100613596651632,,,
immune_dc,44,0.05,H1_baseline_correct_vs_true_rescued,baseline_correct_rare,true_rescued_rare,rare_membership_score,103,17,0.3550919691413674,0.22187514312336618,0.13321682601800125,0.8023986293546546,1.0,0.13321682601800125,0.8023986293546546
immune_dc,44,0.05,H1_baseline_correct_vs_true_rescued,baseline_correct_rare,true_rescued_rare,rare_rank,103,17,1.0,1.0,0.0,0.0,-1.0,-0.0,-0.0
immune_dc,44,0.05,H1_baseline_correct_vs_true_rescued,baseline_correct_rare,true_rescued_rare,rare_standardized_distance,103,17,1.1061007875023636,1.439526390259163,-0.33342560275679944,-0.6756139348943461,-1.0,0.33342560275679944,0.6756139348943461
immune_dc,44,0.05,H1_baseline_correct_vs_true_rescued,baseline_correct_rare,true_rescued_rare,standardized_prototype_margin,103,17,0.6893828012223526,-0.22447167761055176,0.9138544788329044,0.8892061679040548,1.0,0.9138544788329044,0.8892061679040548
immune_dc,44,0.05,H1_baseline_correct_vs_true_rescued,baseline_correct_rare,true_rescued_rare,rare_prototype_distance,103,17,2.7826837901402293,3.621502485951978,-0.838818695811749,-0.6756139348943461,-1.0,0.838818695811749,0.6756139348943461
immune_dc,44,0.05,H1_baseline_correct_vs_true_rescued,baseline_correct_rare,true_rescued_rare,nearest_nonrare_distance,103,17,5.927946051965287,4.655226737824248,1.272719314141039,0.8172472872644203,1.0,1.272719314141039,0.8172472872644203
immune_dc,44,0.05,H1_baseline_correct_vs_true_rescued,baseline_correct_rare,true_rescued_rare,prototype_margin,103,17,3.171875695405067,1.0036974501213036,2.1681782452837632,0.8869217589948601,1.0,2.1681782452837632,0.8869217589948601
immune_dc,44,0.05,H1_baseline_correct_vs_true_rescued,baseline_correct_rare,true_rescued_rare,scANVI_rare_probability,103,17,0.9999702,0.0644049,0.9355653,1.0,,,
immune_dc,44,0.05,H2_true_rescued_vs_unrescued,true_rescued_rare,unrescued_rare,rare_membership_score,17,10,0.22187514312336618,0.15000950373101846,0.07186563939234772,1.0,1.0,0.07186563939234772,1.0
immune_dc,44,0.05,H2_true_rescued_vs_unrescued,true_rescued_rare,unrescued_rare,rare_rank,17,10,1.0,2.0,-1.0,-1.0,-1.0,1.0,1.0
immune_dc,44,0.05,H2_true_rescued_vs_unrescued,true_rescued_rare,unrescued_rare,rare_standardized_distance,17,10,1.439526390259163,1.8169212614950325,-0.37739487123586946,-0.8588235294117648,-1.0,0.37739487123586946,0.8588235294117648
immune_dc,44,0.05,H2_true_rescued_vs_unrescued,true_rescued_rare,unrescued_rare,standardized_prototype_margin,17,10,-0.22447167761055176,-0.8358007497859395,0.6113290721753878,1.0,1.0,0.6113290721753878,1.0
immune_dc,44,0.05,H2_true_rescued_vs_unrescued,true_rescued_rare,unrescued_rare,rare_prototype_distance,17,10,3.621502485951978,4.570937295632799,-0.9494348096808207,-0.8588235294117648,-1.0,0.9494348096808207,0.8588235294117648
immune_dc,44,0.05,H2_true_rescued_vs_unrescued,true_rescued_rare,unrescued_rare,nearest_nonrare_distance,17,10,4.655226737824248,3.8334630049365117,0.8217637328877361,0.7176470588235293,1.0,0.8217637328877361,0.7176470588235293
immune_dc,44,0.05,H2_true_rescued_vs_unrescued,true_rescued_rare,unrescued_rare,prototype_margin,17,10,1.0036974501213036,-1.131215153686642,2.134912603807946,1.0,1.0,2.134912603807946,1.0
immune_dc,44,0.05,H2_true_rescued_vs_unrescued,true_rescued_rare,unrescued_rare,scANVI_rare_probability,17,10,0.0644049,2.4606924000000002e-05,0.064380293076,1.0,,,
immune_dc,44,0.05,H3a_true_rescued_vs_non_target,true_rescued_rare,non_target,rare_membership_score,17,6004,0.22187514312336618,0.058929033072285295,0.1629461100510809,0.9997648626405926,1.0,0.1629461100510809,0.9997648626405926
immune_dc,44,0.05,H3a_true_rescued_vs_non_target,true_rescued_rare,non_target,rare_rank,17,6004,1.0,5.0,-4.0,-0.9990006662225184,-1.0,4.0,0.9990006662225184
immune_dc,44,0.05,H3a_true_rescued_vs_non_target,true_rescued_rare,non_target,rare_standardized_distance,17,6004,1.439526390259163,2.680024277950815,-1.2404978876916521,-0.9951600893521966,-1.0,1.2404978876916521,0.9951600893521966
immune_dc,44,0.05,H3a_true_rescued_vs_non_target,true_rescued_rare,non_target,standardized_prototype_margin,17,6004,-0.22447167761055176,-1.7606051788026207,1.536133501192069,0.9993925618215307,1.0,1.536133501192069,0.9993925618215307
immune_dc,44,0.05,H3a_true_rescued_vs_non_target,true_rescued_rare,non_target,rare_prototype_distance,17,6004,3.621502485951978,6.742297085128935,-3.1207945991769566,-0.9951600893521966,-1.0,3.1207945991769566,0.9951600893521966
immune_dc,44,0.05,H3a_true_rescued_vs_non_target,true_rescued_rare,non_target,nearest_nonrare_distance,17,6004,4.655226737824248,3.0243345600277656,1.6308921777964822,0.874730571775679,1.0,1.6308921777964822,0.874730571775679
immune_dc,44,0.05,H3a_true_rescued_vs_non_target,true_rescued_rare,non_target,prototype_margin,17,6004,1.0036974501213036,-3.7176446819196656,4.721342132040969,0.9995885096210368,1.0,4.721342132040969,0.9995885096210368
immune_dc,44,0.05,H3a_true_rescued_vs_non_target,true_rescued_rare,non_target,scANVI_rare_probability,17,6004,0.0644049,1.3784924e-08,0.06440488621507601,0.9963161813692831,,,
immune_dc,44,0.05,H3b_true_rescued_vs_closest_competitor,true_rescued_rare,closest_competitor,rare_membership_score,17,1893,0.22187514312336618,0.057775133837778825,0.16410000928558735,0.9992542183275845,1.0,0.16410000928558735,0.9992542183275845
immune_dc,44,0.05,H3b_true_rescued_vs_closest_competitor,true_rescued_rare,closest_competitor,rare_rank,17,1893,1.0,6.0,-5.0,-0.9973586899101955,-1.0,5.0,0.9973586899101955
immune_dc,44,0.05,H3b_true_rescued_vs_closest_competitor,true_rescued_rare,closest_competitor,rare_standardized_distance,17,1893,1.439526390259163,2.617820317670373,-1.17829392741121,-0.9893726111680805,-1.0,1.17829392741121,0.9893726111680805
immune_dc,44,0.05,H3b_true_rescued_vs_closest_competitor,true_rescued_rare,closest_competitor,standardized_prototype_margin,17,1893,-0.22447167761055176,-1.6695052996796258,1.445033622069074,0.9981355458189616,1.0,1.445033622069074,0.9981355458189616
immune_dc,44,0.05,H3b_true_rescued_vs_closest_competitor,true_rescued_rare,closest_competitor,rare_prototype_distance,17,1893,3.621502485951978,6.585806868404862,-2.9643043824528834,-0.9893726111680805,-1.0,2.9643043824528834,0.9893726111680805
immune_dc,44,0.05,H3b_true_rescued_vs_closest_competitor,true_rescued_rare,closest_competitor,nearest_nonrare_distance,17,1893,4.655226737824248,3.0827316682383765,1.5724950695858713,0.8655107050744228,1.0,1.5724950695858713,0.8655107050744228
immune_dc,44,0.05,H3b_true_rescued_vs_closest_competitor,true_rescued_rare,closest_competitor,prototype_margin,17,1893,1.0036974501213036,-3.5013073664854595,4.505004816606763,0.9988191790186756,1.0,4.505004816606763,0.9988191790186756
immune_dc,44,0.05,H3b_true_rescued_vs_closest_competitor,true_rescued_rare,closest_competitor,scANVI_rare_probability,17,1893,0.0644049,5.2204456e-07,0.06440437795544,0.9891861657499768,,,
immune_dc,44,0.10,H1_baseline_correct_vs_true_rescued,baseline_correct_rare,true_rescued_rare,rare_membership_score,111,10,0.40619440242262456,0.22716182475715352,0.17903257766547104,0.9495495495495496,1.0,0.17903257766547104,0.9495495495495496
immune_dc,44,0.10,H1_baseline_correct_vs_true_rescued,baseline_correct_rare,true_rescued_rare,rare_rank,111,10,1.0,1.0,0.0,0.0,-1.0,-0.0,-0.0
immune_dc,44,0.10,H1_baseline_correct_vs_true_rescued,baseline_correct_rare,true_rescued_rare,rare_standardized_distance,111,10,0.9830022927567427,1.5422298687047165,-0.5592275759479738,-0.8864864864864865,-1.0,0.5592275759479738,0.8864864864864865
immune_dc,44,0.10,H1_baseline_correct_vs_true_rescued,baseline_correct_rare,true_rescued_rare,standardized_prototype_margin,111,10,0.8792555464296709,-0.2640437492769804,1.1432992957066512,0.9621621621621621,1.0,1.1432992957066512,0.9621621621621621
immune_dc,44,0.10,H1_baseline_correct_vs_true_rescued,baseline_correct_rare,true_rescued_rare,rare_prototype_distance,111,10,2.4544401150299637,3.8507650330404437,-1.39632491801048,-0.8864864864864865,-1.0,1.39632491801048,0.8864864864864865
immune_dc,44,0.10,H1_baseline_correct_vs_true_rescued,baseline_correct_rare,true_rescued_rare,nearest_nonrare_distance,111,10,5.912950480241067,4.504584064321847,1.40836641591922,0.8108108108108107,1.0,1.40836641591922,0.8108108108108107
immune_dc,44,0.10,H1_baseline_correct_vs_true_rescued,baseline_correct_rare,true_rescued_rare,prototype_margin,111,10,3.580066154738372,0.5391988626366981,3.040867292101674,0.9585585585585585,1.0,3.040867292101674,0.9585585585585585
immune_dc,44,0.10,H1_baseline_correct_vs_true_rescued,baseline_correct_rare,true_rescued_rare,scANVI_rare_probability,111,10,0.9999968,0.224655295,0.775341505,1.0,,,
immune_dc,44,0.10,H2_true_rescued_vs_unrescued,true_rescued_rare,unrescued_rare,rare_membership_score,10,9,0.22716182475715352,0.15585766321953654,0.07130416153761698,0.9333333333333333,1.0,0.07130416153761698,0.9333333333333333
immune_dc,44,0.10,H2_true_rescued_vs_unrescued,true_rescued_rare,unrescued_rare,rare_rank,10,9,1.0,2.0,-1.0,-1.0,-1.0,1.0,1.0
immune_dc,44,0.10,H2_true_rescued_vs_unrescued,true_rescued_rare,unrescued_rare,rare_standardized_distance,10,9,1.5422298687047165,1.8721125146089463,-0.3298826459042299,-0.8444444444444444,-1.0,0.3298826459042299,0.8444444444444444
immune_dc,44,0.10,H2_true_rescued_vs_unrescued,true_rescued_rare,unrescued_rare,standardized_prototype_margin,10,9,-0.2640437492769804,-0.907325228518,0.6432814792410196,1.0,1.0,0.6432814792410196,1.0
immune_dc,44,0.10,H2_true_rescued_vs_unrescued,true_rescued_rare,unrescued_rare,rare_prototype_distance,10,9,3.8507650330404437,4.674442867085875,-0.8236778340454314,-0.8444444444444444,-1.0,0.8236778340454314,0.8444444444444444
immune_dc,44,0.10,H2_true_rescued_vs_unrescued,true_rescued_rare,unrescued_rare,nearest_nonrare_distance,10,9,4.504584064321847,3.83123168118902,0.6733523831328267,0.5777777777777777,1.0,0.6733523831328267,0.5777777777777777
immune_dc,44,0.10,H2_true_rescued_vs_unrescued,true_rescued_rare,unrescued_rare,prototype_margin,10,9,0.5391988626366981,-1.3715076406720073,1.9107065033087054,1.0,1.0,1.9107065033087054,1.0
immune_dc,44,0.10,H2_true_rescued_vs_unrescued,true_rescued_rare,unrescued_rare,scANVI_rare_probability,10,9,0.224655295,3.4559853e-05,0.224620735147,0.9777777777777779,,,
immune_dc,44,0.10,H3a_true_rescued_vs_non_target,true_rescued_rare,non_target,rare_membership_score,10,6004,0.22716182475715352,0.06156478994893359,0.1655970348082199,0.9990672884743503,1.0,0.1655970348082199,0.9990672884743503
immune_dc,44,0.10,H3a_true_rescued_vs_non_target,true_rescued_rare,non_target,rare_rank,10,6004,1.0,5.0,-4.0,-0.9991672218520986,-1.0,4.0,0.9991672218520986
immune_dc,44,0.10,H3a_true_rescued_vs_non_target,true_rescued_rare,non_target,rare_standardized_distance,10,6004,1.5422298687047165,2.664844885753884,-1.1226150170491676,-0.996435709526982,-1.0,1.1226150170491676,0.996435709526982
immune_dc,44,0.10,H3a_true_rescued_vs_non_target,true_rescued_rare,non_target,standardized_prototype_margin,10,6004,-0.2640437492769804,-1.7380396485452008,1.4739958992682203,0.9988341105929381,1.0,1.4739958992682203,0.9988341105929381
immune_dc,44,0.10,H3a_true_rescued_vs_non_target,true_rescued_rare,non_target,rare_prototype_distance,10,6004,3.8507650330404437,6.653801558879334,-2.8030365258388907,-0.996435709526982,-1.0,2.8030365258388907,0.996435709526982
immune_dc,44,0.10,H3a_true_rescued_vs_non_target,true_rescued_rare,non_target,nearest_nonrare_distance,10,6004,4.504584064321847,2.934664000083237,1.5699200642386097,0.8634576948700865,1.0,1.5699200642386097,0.8634576948700865
immune_dc,44,0.10,H3a_true_rescued_vs_non_target,true_rescued_rare,non_target,prototype_margin,10,6004,0.5391988626366981,-3.6893994052144183,4.228598267851116,0.9993337774816788,1.0,4.228598267851116,0.9993337774816788
immune_dc,44,0.10,H3a_true_rescued_vs_non_target,true_rescued_rare,non_target,scANVI_rare_probability,10,6004,0.224655295,7.908582499999999e-09,0.2246552870914175,0.9996002664890073,,,
immune_dc,44,0.10,H3b_true_rescued_vs_closest_competitor,true_rescued_rare,closest_competitor,rare_membership_score,10,1893,0.22716182475715352,0.06017730275089041,0.16698452200626313,0.997675647120972,1.0,0.16698452200626313,0.997675647120972
immune_dc,44,0.10,H3b_true_rescued_vs_closest_competitor,true_rescued_rare,closest_competitor,rare_rank,10,1893,1.0,6.0,-5.0,-0.9973586899101955,-1.0,5.0,0.9973586899101955
immune_dc,44,0.10,H3b_true_rescued_vs_closest_competitor,true_rescued_rare,closest_competitor,rare_standardized_distance,10,1893,1.5422298687047165,2.5821371428294233,-1.0399072741247068,-0.9901743264659271,-1.0,1.0399072741247068,0.9901743264659271
immune_dc,44,0.10,H3b_true_rescued_vs_closest_competitor,true_rescued_rare,closest_competitor,standardized_prototype_margin,10,1893,-0.2640437492769804,-1.6358355670507063,1.371791817773726,0.9963021658742737,1.0,1.371791817773726,0.9963021658742737
immune_dc,44,0.10,H3b_true_rescued_vs_closest_competitor,true_rescued_rare,closest_competitor,rare_prototype_distance,10,1893,3.8507650330404437,6.447290136115423,-2.596525103074979,-0.9901743264659271,-1.0,2.596525103074979,0.9901743264659271
immune_dc,44,0.10,H3b_true_rescued_vs_closest_competitor,true_rescued_rare,closest_competitor,nearest_nonrare_distance,10,1893,4.504584064321847,2.985557192565499,1.5190268717563478,0.8464870575805599,1.0,1.5190268717563478,0.8464870575805599
immune_dc,44,0.10,H3b_true_rescued_vs_closest_competitor,true_rescued_rare,closest_competitor,prototype_margin,10,1893,0.5391988626366981,-3.476289626391077,4.015488489027775,0.9978869519281564,1.0,4.015488489027775,0.9978869519281564
immune_dc,44,0.10,H3b_true_rescued_vs_closest_competitor,true_rescued_rare,closest_competitor,scANVI_rare_probability,10,1893,0.224655295,4.1183036e-08,0.224655253816964,0.999366085578447,,,
immune_dc,44,all,H1_baseline_correct_vs_true_rescued,baseline_correct_rare,true_rescued_rare,rare_membership_score,120,2,0.39443507659321075,0.24343763884049285,0.1509974377527179,0.925,1.0,0.1509974377527179,0.925
immune_dc,44,all,H1_baseline_correct_vs_true_rescued,baseline_correct_rare,true_rescued_rare,rare_rank,120,2,1.0,1.0,0.0,0.0,-1.0,-0.0,-0.0
immune_dc,44,all,H1_baseline_correct_vs_true_rescued,baseline_correct_rare,true_rescued_rare,rare_standardized_distance,120,2,0.911775619874936,1.227952701415465,-0.3161770815405289,-0.725,-1.0,0.3161770815405289,0.725
immune_dc,44,all,H1_baseline_correct_vs_true_rescued,baseline_correct_rare,true_rescued_rare,standardized_prototype_margin,120,2,0.8636840403802146,-0.15301652076852557,1.01670056114874,0.9916666666666667,1.0,1.01670056114874,0.9916666666666667
immune_dc,44,all,H1_baseline_correct_vs_true_rescued,baseline_correct_rare,true_rescued_rare,rare_prototype_distance,120,2,2.539121949310605,3.4196150773442815,-0.8804931280336765,-0.725,-1.0,0.8804931280336765,0.725
immune_dc,44,all,H1_baseline_correct_vs_true_rescued,baseline_correct_rare,true_rescued_rare,nearest_nonrare_distance,120,2,5.772017480790311,3.6861103565443845,2.085907124245926,0.9916666666666667,1.0,2.085907124245926,0.9916666666666667
immune_dc,44,all,H1_baseline_correct_vs_true_rescued,baseline_correct_rare,true_rescued_rare,prototype_margin,120,2,3.2859542965721555,0.26649527920010296,3.0194590173720526,0.9916666666666667,1.0,3.0194590173720526,0.9916666666666667
immune_dc,44,all,H1_baseline_correct_vs_true_rescued,baseline_correct_rare,true_rescued_rare,scANVI_rare_probability,120,2,0.9999999,0.213414275,0.7865856250000001,1.0,,,
immune_dc,44,all,H2_true_rescued_vs_unrescued,true_rescued_rare,unrescued_rare,rare_membership_score,2,8,0.24343763884049285,0.18023355807016403,0.06320408077032882,1.0,1.0,0.06320408077032882,1.0
immune_dc,44,all,H2_true_rescued_vs_unrescued,true_rescued_rare,unrescued_rare,rare_rank,2,8,1.0,2.0,-1.0,-1.0,-1.0,1.0,1.0
immune_dc,44,all,H2_true_rescued_vs_unrescued,true_rescued_rare,unrescued_rare,rare_standardized_distance,2,8,1.227952701415465,1.599272507753192,-0.371319806337727,-1.0,-1.0,0.371319806337727,1.0
immune_dc,44,all,H2_true_rescued_vs_unrescued,true_rescued_rare,unrescued_rare,standardized_prototype_margin,2,8,-0.15301652076852557,-0.5298079499801251,0.3767914292115996,1.0,1.0,0.3767914292115996,1.0
immune_dc,44,all,H2_true_rescued_vs_unrescued,true_rescued_rare,unrescued_rare,rare_prototype_distance,2,8,3.4196150773442815,4.453670221980863,-1.0340551446365813,-1.0,-1.0,1.0340551446365813,1.0
immune_dc,44,all,H2_true_rescued_vs_unrescued,true_rescued_rare,unrescued_rare,nearest_nonrare_distance,2,8,3.6861103565443845,3.585918695123545,0.10019166142083957,0.125,1.0,0.10019166142083957,0.125
immune_dc,44,all,H2_true_rescued_vs_unrescued,true_rescued_rare,unrescued_rare,prototype_margin,2,8,0.26649527920010296,-0.8404737885525198,1.1069690677526227,1.0,1.0,1.1069690677526227,1.0
immune_dc,44,all,H2_true_rescued_vs_unrescued,true_rescued_rare,unrescued_rare,scANVI_rare_probability,2,8,0.213414275,0.0007395109649999999,0.212674764035,1.0,,,
immune_dc,44,all,H3a_true_rescued_vs_non_target,true_rescued_rare,non_target,rare_membership_score,2,6004,0.24343763884049285,0.08339964664688362,0.16003799219360923,0.9993337774816788,1.0,0.16003799219360923,0.9993337774816788
immune_dc,44,all,H3a_true_rescued_vs_non_target,true_rescued_rare,non_target,rare_rank,2,6004,1.0,5.0,-4.0,-0.9986675549633578,-1.0,4.0,0.9986675549633578
immune_dc,44,all,H3a_true_rescued_vs_non_target,true_rescued_rare,non_target,rare_standardized_distance,2,6004,1.227952701415465,2.316828466116131,-1.0888757647006662,-0.9996668887408394,-1.0,1.0888757647006662,0.9996668887408394
immune_dc,44,all,H3a_true_rescued_vs_non_target,true_rescued_rare,non_target,standardized_prototype_margin,2,6004,-0.15301652076852557,-1.3938585348292971,1.2408420140607714,0.9986675549633577,1.0,1.2408420140607714,0.9986675549633577
immune_dc,44,all,H3a_true_rescued_vs_non_target,true_rescued_rare,non_target,rare_prototype_distance,2,6004,3.4196150773442815,6.451927297540588,-3.0323122201963066,-0.9996668887408394,-1.0,3.0323122201963066,0.9996668887408394
immune_dc,44,all,H3a_true_rescued_vs_non_target,true_rescued_rare,non_target,nearest_nonrare_distance,2,6004,3.6861103565443845,2.9992320556394647,0.6868783009049197,0.599433710859427,1.0,0.6868783009049197,0.599433710859427
immune_dc,44,all,H3a_true_rescued_vs_non_target,true_rescued_rare,non_target,prototype_margin,2,6004,0.26649527920010296,-3.434822888378841,3.701318167578944,0.9986675549633577,1.0,3.701318167578944,0.9986675549633577
immune_dc,44,all,H3a_true_rescued_vs_non_target,true_rescued_rare,non_target,scANVI_rare_probability,2,6004,0.213414275,5.86876285e-09,0.21341426913123715,0.9980013324450367,,,
immune_dc,44,all,H3b_true_rescued_vs_closest_competitor,true_rescued_rare,closest_competitor,rare_membership_score,2,1893,0.24343763884049285,0.0831713247823244,0.16026631405816844,0.9984152139461173,1.0,0.16026631405816844,0.9984152139461173
immune_dc,44,all,H3b_true_rescued_vs_closest_competitor,true_rescued_rare,closest_competitor,rare_rank,2,1893,1.0,5.0,-4.0,-0.9963021658742737,-1.0,4.0,0.9963021658742737
immune_dc,44,all,H3b_true_rescued_vs_closest_competitor,true_rescued_rare,closest_competitor,rare_standardized_distance,2,1893,1.227952701415465,2.2398471105676983,-1.0118944091522333,-0.9989434759640782,-1.0,1.0118944091522333,0.9989434759640782
immune_dc,44,all,H3b_true_rescued_vs_closest_competitor,true_rescued_rare,closest_competitor,standardized_prototype_margin,2,1893,-0.15301652076852557,-1.2923453579489492,1.1393288371804235,0.9963021658742737,1.0,1.1393288371804235,0.9963021658742737
immune_dc,44,all,H3b_true_rescued_vs_closest_competitor,true_rescued_rare,closest_competitor,rare_prototype_distance,2,1893,3.4196150773442815,6.237548841591612,-2.8179337642473303,-0.9989434759640782,-1.0,2.8179337642473303,0.9989434759640782
immune_dc,44,all,H3b_true_rescued_vs_closest_competitor,true_rescued_rare,closest_competitor,nearest_nonrare_distance,2,1893,3.6861103565443845,3.0855553786617547,0.6005549778826298,0.5224511357633386,1.0,0.6005549778826298,0.5224511357633386
immune_dc,44,all,H3b_true_rescued_vs_closest_competitor,true_rescued_rare,closest_competitor,prototype_margin,2,1893,0.26649527920010296,-3.155254629896626,3.421749909096729,0.9968304278922346,1.0,3.421749909096729,0.9968304278922346
immune_dc,44,all,H3b_true_rescued_vs_closest_competitor,true_rescued_rare,closest_competitor,scANVI_rare_probability,2,1893,0.213414275,1.0969995e-07,0.21341416530004997,0.994717379820391,,,
pancreas_baron,42,0.01,H1_baseline_correct_vs_true_rescued,baseline_correct_rare,true_rescued_rare,rare_membership_score,11,54,0.15533344211733738,0.1444608943502736,0.010872547767063784,0.3434343434343434,1.0,0.010872547767063784,0.3434343434343434
pancreas_baron,42,0.01,H1_baseline_correct_vs_true_rescued,baseline_correct_rare,true_rescued_rare,rare_rank,11,54,1.0,1.0,0.0,-0.38888888888888884,-1.0,-0.0,0.38888888888888884
pancreas_baron,42,0.01,H1_baseline_correct_vs_true_rescued,baseline_correct_rare,true_rescued_rare,rare_standardized_distance,11,54,1.3699932540331252,1.3564989041454112,0.01349434988771403,-0.0033670033670033517,-1.0,-0.01349434988771403,0.0033670033670033517
pancreas_baron,42,0.01,H1_baseline_correct_vs_true_rescued,baseline_correct_rare,true_rescued_rare,standardized_prototype_margin,11,54,0.2174707515350358,0.08703911449210566,0.13043163704293015,0.3535353535353536,1.0,0.13043163704293015,0.3535353535353536
pancreas_baron,42,0.01,H1_baseline_correct_vs_true_rescued,baseline_correct_rare,true_rescued_rare,rare_prototype_distance,11,54,4.952013552468914,4.903236521393036,0.04877703107587816,-0.0033670033670033517,-1.0,-0.04877703107587816,0.0033670033670033517
pancreas_baron,42,0.01,H1_baseline_correct_vs_true_rescued,baseline_correct_rare,true_rescued_rare,nearest_nonrare_distance,11,54,5.6211732235001675,5.174003105805234,0.44717011769493364,0.4444444444444444,1.0,0.44717011769493364,0.4444444444444444
pancreas_baron,42,0.01,H1_baseline_correct_vs_true_rescued,baseline_correct_rare,true_rescued_rare,prototype_margin,11,54,0.7347698847027617,0.2959344867747622,0.4388353979279995,0.34006734006733996,1.0,0.4388353979279995,0.34006734006733996
pancreas_baron,42,0.01,H1_baseline_correct_vs_true_rescued,baseline_correct_rare,true_rescued_rare,scANVI_rare_probability,11,54,0.5948468,0.0444507465,0.5503960535,1.0,,,
pancreas_baron,42,0.01,H2_true_rescued_vs_unrescued,true_rescued_rare,unrescued_rare,rare_membership_score,54,21,0.1444608943502736,0.10701547881519081,0.03744541553508278,0.9717813051146384,1.0,0.03744541553508278,0.9717813051146384
pancreas_baron,42,0.01,H2_true_rescued_vs_unrescued,true_rescued_rare,unrescued_rare,rare_rank,54,21,1.0,4.0,-3.0,-1.0,-1.0,3.0,1.0
pancreas_baron,42,0.01,H2_true_rescued_vs_unrescued,true_rescued_rare,unrescued_rare,rare_standardized_distance,54,21,1.3564989041454112,1.5877767490405086,-0.2312778448950974,-0.5890652557319225,-1.0,0.2312778448950974,0.5890652557319225
pancreas_baron,42,0.01,H2_true_rescued_vs_unrescued,true_rescued_rare,unrescued_rare,standardized_prototype_margin,54,21,0.08703911449210566,-0.2760883974545989,0.36312751194670456,0.9153439153439153,1.0,0.36312751194670456,0.9153439153439153
pancreas_baron,42,0.01,H2_true_rescued_vs_unrescued,true_rescued_rare,unrescued_rare,rare_prototype_distance,54,21,4.903236521393036,5.739219486224944,-0.8359829648319081,-0.5890652557319225,-1.0,0.8359829648319081,0.5890652557319225
pancreas_baron,42,0.01,H2_true_rescued_vs_unrescued,true_rescued_rare,unrescued_rare,nearest_nonrare_distance,54,21,5.174003105805234,4.485507152304585,0.6884959535006487,0.6790123456790123,1.0,0.6884959535006487,0.6790123456790123
pancreas_baron,42,0.01,H2_true_rescued_vs_unrescued,true_rescued_rare,unrescued_rare,prototype_margin,54,21,0.2959344867747622,-1.0123953915997088,1.308329878374471,0.9329805996472662,1.0,1.308329878374471,0.9329805996472662
pancreas_baron,42,0.01,H2_true_rescued_vs_unrescued,true_rescued_rare,unrescued_rare,scANVI_rare_probability,54,21,0.0444507465,0.0017911145,0.042659631999999996,0.689594356261023,,,
pancreas_baron,42,0.01,H3a_true_rescued_vs_non_target,true_rescued_rare,non_target,rare_membership_score,54,1638,0.1444608943502736,0.07212800880630085,0.07233288554397274,0.99778410889522,1.0,0.07233288554397274,0.99778410889522
pancreas_baron,42,0.01,H3a_true_rescued_vs_non_target,true_rescued_rare,non_target,rare_rank,54,1638,1.0,5.0,-4.0,-0.9918599918599919,-1.0,4.0,0.9918599918599919
pancreas_baron,42,0.01,H3a_true_rescued_vs_non_target,true_rescued_rare,non_target,rare_standardized_distance,54,1638,1.3564989041454112,2.016088181608913,-0.6595892774635019,-0.9826346493013159,-1.0,0.6595892774635019,0.9826346493013159
pancreas_baron,42,0.01,H3a_true_rescued_vs_non_target,true_rescued_rare,non_target,standardized_prototype_margin,54,1638,0.08703911449210566,-0.8527281328944286,0.9397672473865343,0.9941211052322163,1.0,0.9397672473865343,0.9941211052322163
pancreas_baron,42,0.01,H3a_true_rescued_vs_non_target,true_rescued_rare,non_target,rare_prototype_distance,54,1638,4.903236521393036,7.287405225470074,-2.3841687040770383,-0.9826346493013159,-1.0,2.3841687040770383,0.9826346493013159
pancreas_baron,42,0.01,H3a_true_rescued_vs_non_target,true_rescued_rare,non_target,nearest_nonrare_distance,54,1638,5.174003105805234,4.057764097221263,1.116239008583971,0.6825849048071271,1.0,1.116239008583971,0.6825849048071271
pancreas_baron,42,0.01,H3a_true_rescued_vs_non_target,true_rescued_rare,non_target,prototype_margin,54,1638,0.2959344867747622,-3.1206167795669457,3.416551266341708,0.9927644372088817,1.0,3.416551266341708,0.9927644372088817
pancreas_baron,42,0.01,H3a_true_rescued_vs_non_target,true_rescued_rare,non_target,scANVI_rare_probability,54,1638,0.0444507465,7.25352385e-07,0.044450021147614996,0.985506263284041,,,
pancreas_baron,42,0.01,H3b_true_rescued_vs_closest_competitor,true_rescued_rare,closest_competitor,rare_membership_score,54,125,0.1444608943502736,0.08632443049985475,0.058136463850418846,0.9851851851851852,1.0,0.058136463850418846,0.9851851851851852
pancreas_baron,42,0.01,H3b_true_rescued_vs_closest_competitor,true_rescued_rare,closest_competitor,rare_rank,54,125,1.0,5.0,-4.0,-0.9906666666666667,-1.0,4.0,0.9906666666666667
pancreas_baron,42,0.01,H3b_true_rescued_vs_closest_competitor,true_rescued_rare,closest_competitor,rare_standardized_distance,54,125,1.3564989041454112,1.796477132318167,-0.4399782281727558,-0.898074074074074,-1.0,0.4399782281727558,0.898074074074074
pancreas_baron,42,0.01,H3b_true_rescued_vs_closest_competitor,true_rescued_rare,closest_competitor,standardized_prototype_margin,54,125,0.08703911449210566,-0.6411666496174722,0.7282057641095778,0.983111111111111,1.0,0.7282057641095778,0.983111111111111
pancreas_baron,42,0.01,H3b_true_rescued_vs_closest_competitor,true_rescued_rare,closest_competitor,rare_prototype_distance,54,125,4.903236521393036,6.493593366062627,-1.590356844669591,-0.898074074074074,-1.0,1.590356844669591,0.898074074074074
pancreas_baron,42,0.01,H3b_true_rescued_vs_closest_competitor,true_rescued_rare,closest_competitor,nearest_nonrare_distance,54,125,5.174003105805234,3.53195054521853,1.6420525605867038,0.8702222222222222,1.0,1.6420525605867038,0.8702222222222222
pancreas_baron,42,0.01,H3b_true_rescued_vs_closest_competitor,true_rescued_rare,closest_competitor,prototype_margin,54,125,0.2959344867747622,-2.7360994771079463,3.0320339638827085,0.9922962962962962,1.0,3.0320339638827085,0.9922962962962962
pancreas_baron,42,0.01,H3b_true_rescued_vs_closest_competitor,true_rescued_rare,closest_competitor,scANVI_rare_probability,54,125,0.0444507465,8.328129e-06,0.044442418371,0.9522962962962962,,,
pancreas_baron,42,0.05,H1_baseline_correct_vs_true_rescued,baseline_correct_rare,true_rescued_rare,rare_membership_score,11,54,0.15533344211733738,0.1444608943502736,0.010872547767063784,0.3434343434343434,1.0,0.010872547767063784,0.3434343434343434
pancreas_baron,42,0.05,H1_baseline_correct_vs_true_rescued,baseline_correct_rare,true_rescued_rare,rare_rank,11,54,1.0,1.0,0.0,-0.38888888888888884,-1.0,-0.0,0.38888888888888884
pancreas_baron,42,0.05,H1_baseline_correct_vs_true_rescued,baseline_correct_rare,true_rescued_rare,rare_standardized_distance,11,54,1.3699932540331252,1.3564989041454112,0.01349434988771403,-0.0033670033670033517,-1.0,-0.01349434988771403,0.0033670033670033517
pancreas_baron,42,0.05,H1_baseline_correct_vs_true_rescued,baseline_correct_rare,true_rescued_rare,standardized_prototype_margin,11,54,0.2174707515350358,0.08703911449210566,0.13043163704293015,0.3535353535353536,1.0,0.13043163704293015,0.3535353535353536
pancreas_baron,42,0.05,H1_baseline_correct_vs_true_rescued,baseline_correct_rare,true_rescued_rare,rare_prototype_distance,11,54,4.952013552468914,4.903236521393036,0.04877703107587816,-0.0033670033670033517,-1.0,-0.04877703107587816,0.0033670033670033517
pancreas_baron,42,0.05,H1_baseline_correct_vs_true_rescued,baseline_correct_rare,true_rescued_rare,nearest_nonrare_distance,11,54,5.6211732235001675,5.174003105805234,0.44717011769493364,0.4444444444444444,1.0,0.44717011769493364,0.4444444444444444
pancreas_baron,42,0.05,H1_baseline_correct_vs_true_rescued,baseline_correct_rare,true_rescued_rare,prototype_margin,11,54,0.7347698847027617,0.2959344867747622,0.4388353979279995,0.34006734006733996,1.0,0.4388353979279995,0.34006734006733996
pancreas_baron,42,0.05,H1_baseline_correct_vs_true_rescued,baseline_correct_rare,true_rescued_rare,scANVI_rare_probability,11,54,0.5948468,0.0444507465,0.5503960535,1.0,,,
pancreas_baron,42,0.05,H2_true_rescued_vs_unrescued,true_rescued_rare,unrescued_rare,rare_membership_score,54,21,0.1444608943502736,0.10701547881519081,0.03744541553508278,0.9717813051146384,1.0,0.03744541553508278,0.9717813051146384
pancreas_baron,42,0.05,H2_true_rescued_vs_unrescued,true_rescued_rare,unrescued_rare,rare_rank,54,21,1.0,4.0,-3.0,-1.0,-1.0,3.0,1.0
pancreas_baron,42,0.05,H2_true_rescued_vs_unrescued,true_rescued_rare,unrescued_rare,rare_standardized_distance,54,21,1.3564989041454112,1.5877767490405086,-0.2312778448950974,-0.5890652557319225,-1.0,0.2312778448950974,0.5890652557319225
pancreas_baron,42,0.05,H2_true_rescued_vs_unrescued,true_rescued_rare,unrescued_rare,standardized_prototype_margin,54,21,0.08703911449210566,-0.2760883974545989,0.36312751194670456,0.9153439153439153,1.0,0.36312751194670456,0.9153439153439153
pancreas_baron,42,0.05,H2_true_rescued_vs_unrescued,true_rescued_rare,unrescued_rare,rare_prototype_distance,54,21,4.903236521393036,5.739219486224944,-0.8359829648319081,-0.5890652557319225,-1.0,0.8359829648319081,0.5890652557319225
pancreas_baron,42,0.05,H2_true_rescued_vs_unrescued,true_rescued_rare,unrescued_rare,nearest_nonrare_distance,54,21,5.174003105805234,4.485507152304585,0.6884959535006487,0.6790123456790123,1.0,0.6884959535006487,0.6790123456790123
pancreas_baron,42,0.05,H2_true_rescued_vs_unrescued,true_rescued_rare,unrescued_rare,prototype_margin,54,21,0.2959344867747622,-1.0123953915997088,1.308329878374471,0.9329805996472662,1.0,1.308329878374471,0.9329805996472662
pancreas_baron,42,0.05,H2_true_rescued_vs_unrescued,true_rescued_rare,unrescued_rare,scANVI_rare_probability,54,21,0.0444507465,0.0017911145,0.042659631999999996,0.689594356261023,,,
pancreas_baron,42,0.05,H3a_true_rescued_vs_non_target,true_rescued_rare,non_target,rare_membership_score,54,1638,0.1444608943502736,0.07212800880630085,0.07233288554397274,0.99778410889522,1.0,0.07233288554397274,0.99778410889522
pancreas_baron,42,0.05,H3a_true_rescued_vs_non_target,true_rescued_rare,non_target,rare_rank,54,1638,1.0,5.0,-4.0,-0.9918599918599919,-1.0,4.0,0.9918599918599919
pancreas_baron,42,0.05,H3a_true_rescued_vs_non_target,true_rescued_rare,non_target,rare_standardized_distance,54,1638,1.3564989041454112,2.016088181608913,-0.6595892774635019,-0.9826346493013159,-1.0,0.6595892774635019,0.9826346493013159
pancreas_baron,42,0.05,H3a_true_rescued_vs_non_target,true_rescued_rare,non_target,standardized_prototype_margin,54,1638,0.08703911449210566,-0.8527281328944286,0.9397672473865343,0.9941211052322163,1.0,0.9397672473865343,0.9941211052322163
pancreas_baron,42,0.05,H3a_true_rescued_vs_non_target,true_rescued_rare,non_target,rare_prototype_distance,54,1638,4.903236521393036,7.287405225470074,-2.3841687040770383,-0.9826346493013159,-1.0,2.3841687040770383,0.9826346493013159
pancreas_baron,42,0.05,H3a_true_rescued_vs_non_target,true_rescued_rare,non_target,nearest_nonrare_distance,54,1638,5.174003105805234,4.057764097221263,1.116239008583971,0.6825849048071271,1.0,1.116239008583971,0.6825849048071271
pancreas_baron,42,0.05,H3a_true_rescued_vs_non_target,true_rescued_rare,non_target,prototype_margin,54,1638,0.2959344867747622,-3.1206167795669457,3.416551266341708,0.9927644372088817,1.0,3.416551266341708,0.9927644372088817
pancreas_baron,42,0.05,H3a_true_rescued_vs_non_target,true_rescued_rare,non_target,scANVI_rare_probability,54,1638,0.0444507465,7.25352385e-07,0.044450021147614996,0.985506263284041,,,
pancreas_baron,42,0.05,H3b_true_rescued_vs_closest_competitor,true_rescued_rare,closest_competitor,rare_membership_score,54,125,0.1444608943502736,0.08632443049985475,0.058136463850418846,0.9851851851851852,1.0,0.058136463850418846,0.9851851851851852
pancreas_baron,42,0.05,H3b_true_rescued_vs_closest_competitor,true_rescued_rare,closest_competitor,rare_rank,54,125,1.0,5.0,-4.0,-0.9906666666666667,-1.0,4.0,0.9906666666666667
pancreas_baron,42,0.05,H3b_true_rescued_vs_closest_competitor,true_rescued_rare,closest_competitor,rare_standardized_distance,54,125,1.3564989041454112,1.796477132318167,-0.4399782281727558,-0.898074074074074,-1.0,0.4399782281727558,0.898074074074074
pancreas_baron,42,0.05,H3b_true_rescued_vs_closest_competitor,true_rescued_rare,closest_competitor,standardized_prototype_margin,54,125,0.08703911449210566,-0.6411666496174722,0.7282057641095778,0.983111111111111,1.0,0.7282057641095778,0.983111111111111
pancreas_baron,42,0.05,H3b_true_rescued_vs_closest_competitor,true_rescued_rare,closest_competitor,rare_prototype_distance,54,125,4.903236521393036,6.493593366062627,-1.590356844669591,-0.898074074074074,-1.0,1.590356844669591,0.898074074074074
pancreas_baron,42,0.05,H3b_true_rescued_vs_closest_competitor,true_rescued_rare,closest_competitor,nearest_nonrare_distance,54,125,5.174003105805234,3.53195054521853,1.6420525605867038,0.8702222222222222,1.0,1.6420525605867038,0.8702222222222222
pancreas_baron,42,0.05,H3b_true_rescued_vs_closest_competitor,true_rescued_rare,closest_competitor,prototype_margin,54,125,0.2959344867747622,-2.7360994771079463,3.0320339638827085,0.9922962962962962,1.0,3.0320339638827085,0.9922962962962962
pancreas_baron,42,0.05,H3b_true_rescued_vs_closest_competitor,true_rescued_rare,closest_competitor,scANVI_rare_probability,54,125,0.0444507465,8.328129e-06,0.044442418371,0.9522962962962962,,,
pancreas_baron,42,0.10,H1_baseline_correct_vs_true_rescued,baseline_correct_rare,true_rescued_rare,rare_membership_score,57,5,0.14439198803911688,0.1352408211237213,0.009151166915395581,0.36140350877192984,1.0,0.009151166915395581,0.36140350877192984
pancreas_baron,42,0.10,H1_baseline_correct_vs_true_rescued,baseline_correct_rare,true_rescued_rare,rare_rank,57,5,1.0,1.0,0.0,0.22807017543859653,-1.0,-0.0,-0.22807017543859653
pancreas_baron,42,0.10,H1_baseline_correct_vs_true_rescued,baseline_correct_rare,true_rescued_rare,rare_standardized_distance,57,5,1.2949841983974892,1.375153065962807,-0.08016886756531783,-0.2771929824561403,-1.0,0.08016886756531783,0.2771929824561403
pancreas_baron,42,0.10,H1_baseline_correct_vs_true_rescued,baseline_correct_rare,true_rescued_rare,standardized_prototype_margin,57,5,0.13500151781693837,0.0368121792004974,0.09818933861644097,0.28421052631578947,1.0,0.09818933861644097,0.28421052631578947
pancreas_baron,42,0.10,H1_baseline_correct_vs_true_rescued,baseline_correct_rare,true_rescued_rare,rare_prototype_distance,57,5,4.502354259903388,4.781082481329568,-0.2787282214261797,-0.2771929824561403,-1.0,0.2787282214261797,0.2771929824561403
pancreas_baron,42,0.10,H1_baseline_correct_vs_true_rescued,baseline_correct_rare,true_rescued_rare,nearest_nonrare_distance,57,5,5.250037619194204,5.148255997117228,0.1017816220769765,0.0035087719298245723,1.0,0.1017816220769765,0.0035087719298245723
pancreas_baron,42,0.10,H1_baseline_correct_vs_true_rescued,baseline_correct_rare,true_rescued_rare,prototype_margin,57,5,0.6290887385410713,0.24972731440322526,0.379361424137846,0.29824561403508776,1.0,0.379361424137846,0.29824561403508776
pancreas_baron,42,0.10,H1_baseline_correct_vs_true_rescued,baseline_correct_rare,true_rescued_rare,scANVI_rare_probability,57,5,0.9536301,0.24356169,0.7100684100000001,1.0,,,
pancreas_baron,42,0.10,H2_true_rescued_vs_unrescued,true_rescued_rare,unrescued_rare,rare_membership_score,5,24,0.1352408211237213,0.11159973684473912,0.023641084278982177,0.95,1.0,0.023641084278982177,0.95
pancreas_baron,42,0.10,H2_true_rescued_vs_unrescued,true_rescued_rare,unrescued_rare,rare_rank,5,24,1.0,3.0,-2.0,-1.0,-1.0,2.0,1.0
pancreas_baron,42,0.10,H2_true_rescued_vs_unrescued,true_rescued_rare,unrescued_rare,rare_standardized_distance,5,24,1.375153065962807,1.5459635127026652,-0.17081044673985812,-0.5666666666666667,-1.0,0.17081044673985812,0.5666666666666667
pancreas_baron,42,0.10,H2_true_rescued_vs_unrescued,true_rescued_rare,unrescued_rare,standardized_prototype_margin,5,24,0.0368121792004974,-0.2457690956342412,0.2825812748347386,1.0,1.0,0.2825812748347386,1.0
pancreas_baron,42,0.10,H2_true_rescued_vs_unrescued,true_rescued_rare,unrescued_rare,rare_prototype_distance,5,24,4.781082481329568,5.374950069418194,-0.5938675880886262,-0.5666666666666667,-1.0,0.5938675880886262,0.5666666666666667
pancreas_baron,42,0.10,H2_true_rescued_vs_unrescued,true_rescued_rare,unrescued_rare,nearest_nonrare_distance,5,24,5.148255997117228,4.64574167380694,0.5025143233102876,0.6666666666666667,1.0,0.5025143233102876,0.6666666666666667
pancreas_baron,42,0.10,H2_true_rescued_vs_unrescued,true_rescued_rare,unrescued_rare,prototype_margin,5,24,0.24972731440322526,-0.7342331122233108,0.983960426626536,1.0,1.0,0.983960426626536,1.0
pancreas_baron,42,0.10,H2_true_rescued_vs_unrescued,true_rescued_rare,unrescued_rare,scANVI_rare_probability,5,24,0.24356169,0.0900412825,0.1535204075,0.33333333333333326,,,
pancreas_baron,42,0.10,H3a_true_rescued_vs_non_target,true_rescued_rare,non_target,rare_membership_score,5,1638,0.1352408211237213,0.07077414954553099,0.0644666715781903,0.9982905982905983,1.0,0.0644666715781903,0.9982905982905983
pancreas_baron,42,0.10,H3a_true_rescued_vs_non_target,true_rescued_rare,non_target,rare_rank,5,1638,1.0,5.0,-4.0,-0.9975579975579976,-1.0,4.0,0.9975579975579976
pancreas_baron,42,0.10,H3a_true_rescued_vs_non_target,true_rescued_rare,non_target,rare_standardized_distance,5,1638,1.375153065962807,2.0131350905185803,-0.6379820245557732,-0.9865689865689866,-1.0,0.6379820245557732,0.9865689865689866
pancreas_baron,42,0.10,H3a_true_rescued_vs_non_target,true_rescued_rare,non_target,standardized_prototype_margin,5,1638,0.0368121792004974,-0.852268170340101,0.8890803495405984,0.999023199023199,1.0,0.8890803495405984,0.999023199023199
pancreas_baron,42,0.10,H3a_true_rescued_vs_non_target,true_rescued_rare,non_target,rare_prototype_distance,5,1638,4.781082481329568,6.999195327459292,-2.218112846129724,-0.9865689865689866,-1.0,2.218112846129724,0.9865689865689866
pancreas_baron,42,0.10,H3a_true_rescued_vs_non_target,true_rescued_rare,non_target,nearest_nonrare_distance,5,1638,5.148255997117228,3.9996886134682397,1.148567383648988,0.7172161172161171,1.0,1.148567383648988,0.7172161172161171
pancreas_baron,42,0.10,H3a_true_rescued_vs_non_target,true_rescued_rare,non_target,prototype_margin,5,1638,0.24972731440322526,-2.8811211865842257,3.130848500987451,0.9978021978021978,1.0,3.130848500987451,0.9978021978021978
pancreas_baron,42,0.10,H3a_true_rescued_vs_non_target,true_rescued_rare,non_target,scANVI_rare_probability,5,1638,0.24356169,2.95659655e-06,0.24355873340345,0.9943833943833944,,,
pancreas_baron,42,0.10,H3b_true_rescued_vs_closest_competitor,true_rescued_rare,closest_competitor,rare_membership_score,5,125,0.1352408211237213,0.0855778743004579,0.04966294682326339,0.9936,1.0,0.04966294682326339,0.9936
pancreas_baron,42,0.10,H3b_true_rescued_vs_closest_competitor,true_rescued_rare,closest_competitor,rare_rank,5,125,1.0,5.0,-4.0,-1.0,-1.0,4.0,1.0
pancreas_baron,42,0.10,H3b_true_rescued_vs_closest_competitor,true_rescued_rare,closest_competitor,rare_standardized_distance,5,125,1.375153065962807,1.7682263563298628,-0.39307329036705574,-0.9008,-1.0,0.39307329036705574,0.9008
pancreas_baron,42,0.10,H3b_true_rescued_vs_closest_competitor,true_rescued_rare,closest_competitor,standardized_prototype_margin,5,125,0.0368121792004974,-0.6322620262944316,0.669074205494929,1.0,1.0,0.669074205494929,1.0
pancreas_baron,42,0.10,H3b_true_rescued_vs_closest_competitor,true_rescued_rare,closest_competitor,rare_prototype_distance,5,125,4.781082481329568,6.147705491500952,-1.3666230101713843,-0.9008,-1.0,1.3666230101713843,0.9008
pancreas_baron,42,0.10,H3b_true_rescued_vs_closest_competitor,true_rescued_rare,closest_competitor,nearest_nonrare_distance,5,125,5.148255997117228,3.533772942190884,1.6144830549263438,0.9136,1.0,1.6144830549263438,0.9136
pancreas_baron,42,0.10,H3b_true_rescued_vs_closest_competitor,true_rescued_rare,closest_competitor,prototype_margin,5,125,0.24972731440322526,-2.4248246444089463,2.6745519588121716,1.0,1.0,2.6745519588121716,1.0
pancreas_baron,42,0.10,H3b_true_rescued_vs_closest_competitor,true_rescued_rare,closest_competitor,scANVI_rare_probability,5,125,0.24356169,1.2920533e-05,0.243548769467,0.9967999999999999,,,
pancreas_baron,42,all,H1_baseline_correct_vs_true_rescued,baseline_correct_rare,true_rescued_rare,rare_membership_score,80,0,0.16281063889353042,,,,1.0,,
pancreas_baron,42,all,H1_baseline_correct_vs_true_rescued,baseline_correct_rare,true_rescued_rare,rare_rank,80,0,1.0,,,,-1.0,,
pancreas_baron,42,all,H1_baseline_correct_vs_true_rescued,baseline_correct_rare,true_rescued_rare,rare_standardized_distance,80,0,1.135742222511706,,,,-1.0,,
pancreas_baron,42,all,H1_baseline_correct_vs_true_rescued,baseline_correct_rare,true_rescued_rare,standardized_prototype_margin,80,0,0.2521913435435499,,,,1.0,,
pancreas_baron,42,all,H1_baseline_correct_vs_true_rescued,baseline_correct_rare,true_rescued_rare,rare_prototype_distance,80,0,3.787116337999065,,,,-1.0,,
pancreas_baron,42,all,H1_baseline_correct_vs_true_rescued,baseline_correct_rare,true_rescued_rare,nearest_nonrare_distance,80,0,5.189209022537851,,,,1.0,,
pancreas_baron,42,all,H1_baseline_correct_vs_true_rescued,baseline_correct_rare,true_rescued_rare,prototype_margin,80,0,1.1904598129113528,,,,1.0,,
pancreas_baron,42,all,H1_baseline_correct_vs_true_rescued,baseline_correct_rare,true_rescued_rare,scANVI_rare_probability,80,0,0.99955685,,,,,,
pancreas_baron,42,all,H2_true_rescued_vs_unrescued,true_rescued_rare,unrescued_rare,rare_membership_score,0,6,,0.12614066742819574,,,1.0,,
pancreas_baron,42,all,H2_true_rescued_vs_unrescued,true_rescued_rare,unrescued_rare,rare_rank,0,6,,2.0,,,-1.0,,
pancreas_baron,42,all,H2_true_rescued_vs_unrescued,true_rescued_rare,unrescued_rare,rare_standardized_distance,0,6,,1.412809668587078,,,-1.0,,
pancreas_baron,42,all,H2_true_rescued_vs_unrescued,true_rescued_rare,unrescued_rare,standardized_prototype_margin,0,6,,-0.20772504454250595,,,1.0,,
pancreas_baron,42,all,H2_true_rescued_vs_unrescued,true_rescued_rare,unrescued_rare,rare_prototype_distance,0,6,,4.710993808574392,,,-1.0,,
pancreas_baron,42,all,H2_true_rescued_vs_unrescued,true_rescued_rare,unrescued_rare,nearest_nonrare_distance,0,6,,4.436652349573416,,,1.0,,
pancreas_baron,42,all,H2_true_rescued_vs_unrescued,true_rescued_rare,unrescued_rare,prototype_margin,0,6,,-0.41740274012181633,,,1.0,,
pancreas_baron,42,all,H2_true_rescued_vs_unrescued,true_rescued_rare,unrescued_rare,scANVI_rare_probability,0,6,,0.279811575,,,,,
pancreas_baron,42,all,H3a_true_rescued_vs_non_target,true_rescued_rare,non_target,rare_membership_score,0,1638,,0.08536350758476591,,,1.0,,
pancreas_baron,42,all,H3a_true_rescued_vs_non_target,true_rescued_rare,non_target,rare_rank,0,1638,,4.0,,,-1.0,,
pancreas_baron,42,all,H3a_true_rescued_vs_non_target,true_rescued_rare,non_target,rare_standardized_distance,0,1638,,1.8096992125038165,,,-1.0,,
pancreas_baron,42,all,H3a_true_rescued_vs_non_target,true_rescued_rare,non_target,standardized_prototype_margin,0,1638,,-0.6303107566083672,,,1.0,,
pancreas_baron,42,all,H3a_true_rescued_vs_non_target,true_rescued_rare,non_target,rare_prototype_distance,0,1638,,6.034416365520483,,,-1.0,,
pancreas_baron,42,all,H3a_true_rescued_vs_non_target,true_rescued_rare,non_target,nearest_nonrare_distance,0,1638,,4.0141560615064655,,,1.0,,
pancreas_baron,42,all,H3a_true_rescued_vs_non_target,true_rescued_rare,non_target,prototype_margin,0,1638,,-1.8017771285535207,,,1.0,,
pancreas_baron,42,all,H3a_true_rescued_vs_non_target,true_rescued_rare,non_target,scANVI_rare_probability,0,1638,,2.4052868e-06,,,,,
pancreas_baron,42,all,H3b_true_rescued_vs_closest_competitor,true_rescued_rare,closest_competitor,rare_membership_score,0,2,,0.13144645375426148,,,1.0,,
pancreas_baron,42,all,H3b_true_rescued_vs_closest_competitor,true_rescued_rare,closest_competitor,rare_rank,0,2,,2.5,,,-1.0,,
pancreas_baron,42,all,H3b_true_rescued_vs_closest_competitor,true_rescued_rare,closest_competitor,rare_standardized_distance,0,2,,1.2269934056753797,,,-1.0,,
pancreas_baron,42,all,H3b_true_rescued_vs_closest_competitor,true_rescued_rare,closest_competitor,standardized_prototype_margin,0,2,,-0.23350338862381415,,,1.0,,
pancreas_baron,42,all,H3b_true_rescued_vs_closest_competitor,true_rescued_rare,closest_competitor,rare_prototype_distance,0,2,,4.091392114465878,,,-1.0,,
pancreas_baron,42,all,H3b_true_rescued_vs_closest_competitor,true_rescued_rare,closest_competitor,nearest_nonrare_distance,0,2,,3.539701510332794,,,1.0,,
pancreas_baron,42,all,H3b_true_rescued_vs_closest_competitor,true_rescued_rare,closest_competitor,prototype_margin,0,2,,-0.551690604133084,,,1.0,,
pancreas_baron,42,all,H3b_true_rescued_vs_closest_competitor,true_rescued_rare,closest_competitor,scANVI_rare_probability,0,2,,0.43950421815,,,,,
pancreas_baron,43,0.01,H1_baseline_correct_vs_true_rescued,baseline_correct_rare,true_rescued_rare,rare_membership_score,12,0,0.17231282788300994,,,,1.0,,
pancreas_baron,43,0.01,H1_baseline_correct_vs_true_rescued,baseline_correct_rare,true_rescued_rare,rare_rank,12,0,1.0,,,,-1.0,,
pancreas_baron,43,0.01,H1_baseline_correct_vs_true_rescued,baseline_correct_rare,true_rescued_rare,rare_standardized_distance,12,0,1.1908842094249474,,,,-1.0,,
pancreas_baron,43,0.01,H1_baseline_correct_vs_true_rescued,baseline_correct_rare,true_rescued_rare,standardized_prototype_margin,12,0,0.3267249849297362,,,,1.0,,
pancreas_baron,43,0.01,H1_baseline_correct_vs_true_rescued,baseline_correct_rare,true_rescued_rare,rare_prototype_distance,12,0,4.078362476084774,,,,-1.0,,
pancreas_baron,43,0.01,H1_baseline_correct_vs_true_rescued,baseline_correct_rare,true_rescued_rare,nearest_nonrare_distance,12,0,5.437937531972964,,,,1.0,,
pancreas_baron,43,0.01,H1_baseline_correct_vs_true_rescued,baseline_correct_rare,true_rescued_rare,prototype_margin,12,0,1.1331072453737365,,,,1.0,,
pancreas_baron,43,0.01,H1_baseline_correct_vs_true_rescued,baseline_correct_rare,true_rescued_rare,scANVI_rare_probability,12,0,0.6427442800000001,,,,,,
pancreas_baron,43,0.01,H2_true_rescued_vs_unrescued,true_rescued_rare,unrescued_rare,rare_membership_score,0,74,,0.14168813684854215,,,1.0,,
pancreas_baron,43,0.01,H2_true_rescued_vs_unrescued,true_rescued_rare,unrescued_rare,rare_rank,0,74,,1.0,,,-1.0,,
pancreas_baron,43,0.01,H2_true_rescued_vs_unrescued,true_rescued_rare,unrescued_rare,rare_standardized_distance,0,74,,1.2984518142852304,,,-1.0,,
pancreas_baron,43,0.01,H2_true_rescued_vs_unrescued,true_rescued_rare,unrescued_rare,standardized_prototype_margin,0,74,,0.028758324831110293,,,1.0,,
pancreas_baron,43,0.01,H2_true_rescued_vs_unrescued,true_rescued_rare,unrescued_rare,rare_prototype_distance,0,74,,4.446743952497439,,,-1.0,,
pancreas_baron,43,0.01,H2_true_rescued_vs_unrescued,true_rescued_rare,unrescued_rare,nearest_nonrare_distance,0,74,,4.628578671190256,,,1.0,,
pancreas_baron,43,0.01,H2_true_rescued_vs_unrescued,true_rescued_rare,unrescued_rare,prototype_margin,0,74,,0.15788002168616355,,,1.0,,
pancreas_baron,43,0.01,H2_true_rescued_vs_unrescued,true_rescued_rare,unrescued_rare,scANVI_rare_probability,0,74,,0.032081388,,,,,
pancreas_baron,43,0.01,H3a_true_rescued_vs_non_target,true_rescued_rare,non_target,rare_membership_score,0,1638,,0.0918439160413958,,,1.0,,
pancreas_baron,43,0.01,H3a_true_rescued_vs_non_target,true_rescued_rare,non_target,rare_rank,0,1638,,4.0,,,-1.0,,
pancreas_baron,43,0.01,H3a_true_rescued_vs_non_target,true_rescued_rare,non_target,rare_standardized_distance,0,1638,,1.7982788037892221,,,-1.0,,
pancreas_baron,43,0.01,H3a_true_rescued_vs_non_target,true_rescued_rare,non_target,standardized_prototype_margin,0,1638,,-0.5993537000463721,,,1.0,,
pancreas_baron,43,0.01,H3a_true_rescued_vs_non_target,true_rescued_rare,non_target,rare_prototype_distance,0,1638,,6.1584768165278,,,-1.0,,
pancreas_baron,43,0.01,H3a_true_rescued_vs_non_target,true_rescued_rare,non_target,nearest_nonrare_distance,0,1638,,3.9726334798418357,,,1.0,,
pancreas_baron,43,0.01,H3a_true_rescued_vs_non_target,true_rescued_rare,non_target,prototype_margin,0,1638,,-2.0027843478881167,,,1.0,,
pancreas_baron,43,0.01,H3a_true_rescued_vs_non_target,true_rescued_rare,non_target,scANVI_rare_probability,0,1638,,3.29825615e-06,,,,,
pancreas_baron,43,0.01,H3b_true_rescued_vs_closest_competitor,true_rescued_rare,closest_competitor,rare_membership_score,0,2,,0.1133744853551254,,,1.0,,
pancreas_baron,43,0.01,H3b_true_rescued_vs_closest_competitor,true_rescued_rare,closest_competitor,rare_rank,0,2,,3.5,,,-1.0,,
pancreas_baron,43,0.01,H3b_true_rescued_vs_closest_competitor,true_rescued_rare,closest_competitor,rare_standardized_distance,0,2,,1.4108224853790916,,,-1.0,,
pancreas_baron,43,0.01,H3b_true_rescued_vs_closest_competitor,true_rescued_rare,closest_competitor,standardized_prototype_margin,0,2,,-0.41024233798500437,,,1.0,,
pancreas_baron,43,0.01,H3b_true_rescued_vs_closest_competitor,true_rescued_rare,closest_competitor,rare_prototype_distance,0,2,,4.831574253188861,,,-1.0,,
pancreas_baron,43,0.01,H3b_true_rescued_vs_closest_competitor,true_rescued_rare,closest_competitor,nearest_nonrare_distance,0,2,,3.300287197450824,,,1.0,,
pancreas_baron,43,0.01,H3b_true_rescued_vs_closest_competitor,true_rescued_rare,closest_competitor,prototype_margin,0,2,,-1.5312870557380367,,,1.0,,
pancreas_baron,43,0.01,H3b_true_rescued_vs_closest_competitor,true_rescued_rare,closest_competitor,scANVI_rare_probability,0,2,,0.00687910444,,,,,
pancreas_baron,43,0.05,H1_baseline_correct_vs_true_rescued,baseline_correct_rare,true_rescued_rare,rare_membership_score,12,0,0.17231282788300994,,,,1.0,,
pancreas_baron,43,0.05,H1_baseline_correct_vs_true_rescued,baseline_correct_rare,true_rescued_rare,rare_rank,12,0,1.0,,,,-1.0,,
pancreas_baron,43,0.05,H1_baseline_correct_vs_true_rescued,baseline_correct_rare,true_rescued_rare,rare_standardized_distance,12,0,1.1908842094249474,,,,-1.0,,
pancreas_baron,43,0.05,H1_baseline_correct_vs_true_rescued,baseline_correct_rare,true_rescued_rare,standardized_prototype_margin,12,0,0.3267249849297362,,,,1.0,,
pancreas_baron,43,0.05,H1_baseline_correct_vs_true_rescued,baseline_correct_rare,true_rescued_rare,rare_prototype_distance,12,0,4.078362476084774,,,,-1.0,,
pancreas_baron,43,0.05,H1_baseline_correct_vs_true_rescued,baseline_correct_rare,true_rescued_rare,nearest_nonrare_distance,12,0,5.437937531972964,,,,1.0,,
pancreas_baron,43,0.05,H1_baseline_correct_vs_true_rescued,baseline_correct_rare,true_rescued_rare,prototype_margin,12,0,1.1331072453737365,,,,1.0,,
pancreas_baron,43,0.05,H1_baseline_correct_vs_true_rescued,baseline_correct_rare,true_rescued_rare,scANVI_rare_probability,12,0,0.6427442800000001,,,,,,
pancreas_baron,43,0.05,H2_true_rescued_vs_unrescued,true_rescued_rare,unrescued_rare,rare_membership_score,0,74,,0.14168813684854215,,,1.0,,
pancreas_baron,43,0.05,H2_true_rescued_vs_unrescued,true_rescued_rare,unrescued_rare,rare_rank,0,74,,1.0,,,-1.0,,
pancreas_baron,43,0.05,H2_true_rescued_vs_unrescued,true_rescued_rare,unrescued_rare,rare_standardized_distance,0,74,,1.2984518142852304,,,-1.0,,
pancreas_baron,43,0.05,H2_true_rescued_vs_unrescued,true_rescued_rare,unrescued_rare,standardized_prototype_margin,0,74,,0.028758324831110293,,,1.0,,
pancreas_baron,43,0.05,H2_true_rescued_vs_unrescued,true_rescued_rare,unrescued_rare,rare_prototype_distance,0,74,,4.446743952497439,,,-1.0,,
pancreas_baron,43,0.05,H2_true_rescued_vs_unrescued,true_rescued_rare,unrescued_rare,nearest_nonrare_distance,0,74,,4.628578671190256,,,1.0,,
pancreas_baron,43,0.05,H2_true_rescued_vs_unrescued,true_rescued_rare,unrescued_rare,prototype_margin,0,74,,0.15788002168616355,,,1.0,,
pancreas_baron,43,0.05,H2_true_rescued_vs_unrescued,true_rescued_rare,unrescued_rare,scANVI_rare_probability,0,74,,0.032081388,,,,,
pancreas_baron,43,0.05,H3a_true_rescued_vs_non_target,true_rescued_rare,non_target,rare_membership_score,0,1638,,0.0918439160413958,,,1.0,,
pancreas_baron,43,0.05,H3a_true_rescued_vs_non_target,true_rescued_rare,non_target,rare_rank,0,1638,,4.0,,,-1.0,,
pancreas_baron,43,0.05,H3a_true_rescued_vs_non_target,true_rescued_rare,non_target,rare_standardized_distance,0,1638,,1.7982788037892221,,,-1.0,,
pancreas_baron,43,0.05,H3a_true_rescued_vs_non_target,true_rescued_rare,non_target,standardized_prototype_margin,0,1638,,-0.5993537000463721,,,1.0,,
pancreas_baron,43,0.05,H3a_true_rescued_vs_non_target,true_rescued_rare,non_target,rare_prototype_distance,0,1638,,6.1584768165278,,,-1.0,,
pancreas_baron,43,0.05,H3a_true_rescued_vs_non_target,true_rescued_rare,non_target,nearest_nonrare_distance,0,1638,,3.9726334798418357,,,1.0,,
pancreas_baron,43,0.05,H3a_true_rescued_vs_non_target,true_rescued_rare,non_target,prototype_margin,0,1638,,-2.0027843478881167,,,1.0,,
pancreas_baron,43,0.05,H3a_true_rescued_vs_non_target,true_rescued_rare,non_target,scANVI_rare_probability,0,1638,,3.29825615e-06,,,,,
pancreas_baron,43,0.05,H3b_true_rescued_vs_closest_competitor,true_rescued_rare,closest_competitor,rare_membership_score,0,2,,0.1133744853551254,,,1.0,,
pancreas_baron,43,0.05,H3b_true_rescued_vs_closest_competitor,true_rescued_rare,closest_competitor,rare_rank,0,2,,3.5,,,-1.0,,
pancreas_baron,43,0.05,H3b_true_rescued_vs_closest_competitor,true_rescued_rare,closest_competitor,rare_standardized_distance,0,2,,1.4108224853790916,,,-1.0,,
pancreas_baron,43,0.05,H3b_true_rescued_vs_closest_competitor,true_rescued_rare,closest_competitor,standardized_prototype_margin,0,2,,-0.41024233798500437,,,1.0,,
pancreas_baron,43,0.05,H3b_true_rescued_vs_closest_competitor,true_rescued_rare,closest_competitor,rare_prototype_distance,0,2,,4.831574253188861,,,-1.0,,
pancreas_baron,43,0.05,H3b_true_rescued_vs_closest_competitor,true_rescued_rare,closest_competitor,nearest_nonrare_distance,0,2,,3.300287197450824,,,1.0,,
pancreas_baron,43,0.05,H3b_true_rescued_vs_closest_competitor,true_rescued_rare,closest_competitor,prototype_margin,0,2,,-1.5312870557380367,,,1.0,,
pancreas_baron,43,0.05,H3b_true_rescued_vs_closest_competitor,true_rescued_rare,closest_competitor,scANVI_rare_probability,0,2,,0.00687910444,,,,,
pancreas_baron,43,0.10,H1_baseline_correct_vs_true_rescued,baseline_correct_rare,true_rescued_rare,rare_membership_score,57,11,0.09988732842438804,0.10490851841410585,-0.005021189989717817,-0.23444976076555024,1.0,-0.005021189989717817,-0.23444976076555024
pancreas_baron,43,0.10,H1_baseline_correct_vs_true_rescued,baseline_correct_rare,true_rescued_rare,rare_rank,57,11,1.0,1.0,0.0,0.08771929824561409,-1.0,-0.0,-0.08771929824561409
pancreas_baron,43,0.10,H1_baseline_correct_vs_true_rescued,baseline_correct_rare,true_rescued_rare,rare_standardized_distance,57,11,1.7323166596626427,1.6209134373266667,0.111403222335976,0.26315789473684204,-1.0,-0.111403222335976,-0.26315789473684204
pancreas_baron,43,0.10,H1_baseline_correct_vs_true_rescued,baseline_correct_rare,true_rescued_rare,standardized_prototype_margin,57,11,-0.2455799840597379,-0.19793707947064987,-0.04764290458908804,-0.17065390749601272,1.0,-0.04764290458908804,-0.17065390749601272
pancreas_baron,43,0.10,H1_baseline_correct_vs_true_rescued,baseline_correct_rare,true_rescued_rare,rare_prototype_distance,57,11,4.094601217688643,3.8312822873493375,0.26331893033930553,0.26315789473684204,-1.0,-0.26331893033930553,-0.26315789473684204
pancreas_baron,43,0.10,H1_baseline_correct_vs_true_rescued,baseline_correct_rare,true_rescued_rare,nearest_nonrare_distance,57,11,4.737790993212538,4.581399520817966,0.15639147239457252,0.23444976076555024,1.0,0.15639147239457252,0.23444976076555024
pancreas_baron,43,0.10,H1_baseline_correct_vs_true_rescued,baseline_correct_rare,true_rescued_rare,prototype_margin,57,11,0.727221202407736,0.7350957021095703,-0.007874499701834292,-0.06539074960127589,1.0,-0.007874499701834292,-0.06539074960127589
pancreas_baron,43,0.10,H1_baseline_correct_vs_true_rescued,baseline_correct_rare,true_rescued_rare,scANVI_rare_probability,57,11,0.89921254,0.2395828,0.65962974,0.9936204146730463,,,
pancreas_baron,43,0.10,H2_true_rescued_vs_unrescued,true_rescued_rare,unrescued_rare,rare_membership_score,11,18,0.10490851841410585,0.0676446501127896,0.037263868301316255,1.0,1.0,0.037263868301316255,1.0
pancreas_baron,43,0.10,H2_true_rescued_vs_unrescued,true_rescued_rare,unrescued_rare,rare_rank,11,18,1.0,2.0,-1.0,-0.7222222222222222,-1.0,1.0,0.7222222222222222
pancreas_baron,43,0.10,H2_true_rescued_vs_unrescued,true_rescued_rare,unrescued_rare,rare_standardized_distance,11,18,1.6209134373266667,2.265082037126354,-0.6441685997996873,-0.8787878787878788,-1.0,0.6441685997996873,0.8787878787878788
pancreas_baron,43,0.10,H2_true_rescued_vs_unrescued,true_rescued_rare,unrescued_rare,standardized_prototype_margin,11,18,-0.19793707947064987,-0.6949617386302727,0.4970246591596228,1.0,1.0,0.4970246591596228,1.0
pancreas_baron,43,0.10,H2_true_rescued_vs_unrescued,true_rescued_rare,unrescued_rare,rare_prototype_distance,11,18,3.8312822873493375,5.353875468234779,-1.5225931808854418,-0.8787878787878788,-1.0,1.5225931808854418,0.8787878787878788
pancreas_baron,43,0.10,H2_true_rescued_vs_unrescued,true_rescued_rare,unrescued_rare,nearest_nonrare_distance,11,18,4.581399520817966,4.792063194358338,-0.2106636735403722,-0.14141414141414144,1.0,-0.2106636735403722,-0.14141414141414144
pancreas_baron,43,0.10,H2_true_rescued_vs_unrescued,true_rescued_rare,unrescued_rare,prototype_margin,11,18,0.7350957021095703,-0.2646454661848514,0.9997411682944217,0.9797979797979799,1.0,0.9997411682944217,0.9797979797979799
pancreas_baron,43,0.10,H2_true_rescued_vs_unrescued,true_rescued_rare,unrescued_rare,scANVI_rare_probability,11,18,0.2395828,0.053330237,0.186252563,0.6767676767676767,,,
pancreas_baron,43,0.10,H3a_true_rescued_vs_non_target,true_rescued_rare,non_target,rare_membership_score,11,1638,0.10490851841410585,0.053414775819225366,0.05149374259488049,0.994893994893995,1.0,0.05149374259488049,0.994893994893995
pancreas_baron,43,0.10,H3a_true_rescued_vs_non_target,true_rescued_rare,non_target,rare_rank,11,1638,1.0,3.0,-2.0,-0.9816849816849816,-1.0,2.0,0.9816849816849816
pancreas_baron,43,0.10,H3a_true_rescued_vs_non_target,true_rescued_rare,non_target,rare_standardized_distance,11,1638,1.6209134373266667,2.4018473303325236,-0.7809338930058569,-0.9841269841269842,-1.0,0.7809338930058569,0.9841269841269842
pancreas_baron,43,0.10,H3a_true_rescued_vs_non_target,true_rescued_rare,non_target,standardized_prototype_margin,11,1638,-0.19793707947064987,-1.1751748820152395,0.9772378025445896,0.9982239982239982,1.0,0.9772378025445896,0.9982239982239982
pancreas_baron,43,0.10,H3a_true_rescued_vs_non_target,true_rescued_rare,non_target,rare_prototype_distance,11,1638,3.8312822873493375,5.67714161762838,-1.8458593302790427,-0.9841269841269842,-1.0,1.8458593302790427,0.9841269841269842
pancreas_baron,43,0.10,H3a_true_rescued_vs_non_target,true_rescued_rare,non_target,nearest_nonrare_distance,11,1638,4.581399520817966,3.875317313921211,0.7060822068967547,0.43056943056943053,1.0,0.7060822068967547,0.43056943056943053
pancreas_baron,43,0.10,H3a_true_rescued_vs_non_target,true_rescued_rare,non_target,prototype_margin,11,1638,0.7350957021095703,-1.5720951493527422,2.3071908514623125,0.9957819957819958,1.0,2.3071908514623125,0.9957819957819958
pancreas_baron,43,0.10,H3a_true_rescued_vs_non_target,true_rescued_rare,non_target,scANVI_rare_probability,11,1638,0.2395828,8.334859749999999e-06,0.23957446514025002,0.9933399933399933,,,
pancreas_baron,43,0.10,H3b_true_rescued_vs_closest_competitor,true_rescued_rare,closest_competitor,rare_membership_score,11,2,0.10490851841410585,0.08284117925954956,0.02206733915455629,0.8181818181818181,1.0,0.02206733915455629,0.8181818181818181
pancreas_baron,43,0.10,H3b_true_rescued_vs_closest_competitor,true_rescued_rare,closest_competitor,rare_rank,11,2,1.0,3.0,-2.0,-1.0,-1.0,2.0,1.0
pancreas_baron,43,0.10,H3b_true_rescued_vs_closest_competitor,true_rescued_rare,closest_competitor,rare_standardized_distance,11,2,1.6209134373266667,1.750424322299688,-0.12951088497302132,-0.36363636363636365,-1.0,0.12951088497302132,0.36363636363636365
pancreas_baron,43,0.10,H3b_true_rescued_vs_closest_competitor,true_rescued_rare,closest_competitor,standardized_prototype_margin,11,2,-0.19793707947064987,-0.7026197901637771,0.5046827106931272,1.0,1.0,0.5046827106931272,1.0
pancreas_baron,43,0.10,H3b_true_rescued_vs_closest_competitor,true_rescued_rare,closest_competitor,rare_prototype_distance,11,2,3.8312822873493375,4.137401508888047,-0.3061192215387094,-0.36363636363636365,-1.0,0.3061192215387094,0.36363636363636365
pancreas_baron,43,0.10,H3b_true_rescued_vs_closest_competitor,true_rescued_rare,closest_competitor,nearest_nonrare_distance,11,2,4.581399520817966,3.3199065448668446,1.2614929759511213,1.0,1.0,1.2614929759511213,1.0
pancreas_baron,43,0.10,H3b_true_rescued_vs_closest_competitor,true_rescued_rare,closest_competitor,prototype_margin,11,2,0.7350957021095703,-0.817494964021203,1.5525906661307733,1.0,1.0,1.5525906661307733,1.0
pancreas_baron,43,0.10,H3b_true_rescued_vs_closest_competitor,true_rescued_rare,closest_competitor,scANVI_rare_probability,11,2,0.2395828,0.1288764476,0.11070635240000001,0.4545454545454546,,,
pancreas_baron,43,all,H1_baseline_correct_vs_true_rescued,baseline_correct_rare,true_rescued_rare,rare_membership_score,77,0,0.16999050952388411,,,,1.0,,
pancreas_baron,43,all,H1_baseline_correct_vs_true_rescued,baseline_correct_rare,true_rescued_rare,rare_rank,77,0,1.0,,,,-1.0,,
pancreas_baron,43,all,H1_baseline_correct_vs_true_rescued,baseline_correct_rare,true_rescued_rare,rare_standardized_distance,77,0,1.1187379776979463,,,,-1.0,,
pancreas_baron,43,all,H1_baseline_correct_vs_true_rescued,baseline_correct_rare,true_rescued_rare,standardized_prototype_margin,77,0,0.35955310743511504,,,,1.0,,
pancreas_baron,43,all,H1_baseline_correct_vs_true_rescued,baseline_correct_rare,true_rescued_rare,rare_prototype_distance,77,0,3.8225081185398126,,,,-1.0,,
pancreas_baron,43,all,H1_baseline_correct_vs_true_rescued,baseline_correct_rare,true_rescued_rare,nearest_nonrare_distance,77,0,4.8204587743468394,,,,1.0,,
pancreas_baron,43,all,H1_baseline_correct_vs_true_rescued,baseline_correct_rare,true_rescued_rare,prototype_margin,77,0,0.9955843575360355,,,,1.0,,
pancreas_baron,43,all,H1_baseline_correct_vs_true_rescued,baseline_correct_rare,true_rescued_rare,scANVI_rare_probability,77,0,0.9954609,,,,,,
pancreas_baron,43,all,H2_true_rescued_vs_unrescued,true_rescued_rare,unrescued_rare,rare_membership_score,0,9,,0.12839552271298627,,,1.0,,
pancreas_baron,43,all,H2_true_rescued_vs_unrescued,true_rescued_rare,unrescued_rare,rare_rank,0,9,,2.0,,,-1.0,,
pancreas_baron,43,all,H2_true_rescued_vs_unrescued,true_rescued_rare,unrescued_rare,rare_standardized_distance,0,9,,1.392945035880984,,,-1.0,,
pancreas_baron,43,all,H2_true_rescued_vs_unrescued,true_rescued_rare,unrescued_rare,standardized_prototype_margin,0,9,,-0.08057525026263446,,,1.0,,
pancreas_baron,43,all,H2_true_rescued_vs_unrescued,true_rescued_rare,unrescued_rare,rare_prototype_distance,0,9,,4.759419823479339,,,-1.0,,
pancreas_baron,43,all,H2_true_rescued_vs_unrescued,true_rescued_rare,unrescued_rare,nearest_nonrare_distance,0,9,,4.224170047939241,,,1.0,,
pancreas_baron,43,all,H2_true_rescued_vs_unrescued,true_rescued_rare,unrescued_rare,prototype_margin,0,9,,-0.28400788225391027,,,1.0,,
pancreas_baron,43,all,H2_true_rescued_vs_unrescued,true_rescued_rare,unrescued_rare,scANVI_rare_probability,0,9,,0.03292791,,,,,
pancreas_baron,43,all,H3a_true_rescued_vs_non_target,true_rescued_rare,non_target,rare_membership_score,0,1638,,0.09852907074318679,,,1.0,,
pancreas_baron,43,all,H3a_true_rescued_vs_non_target,true_rescued_rare,non_target,rare_rank,0,1638,,4.0,,,-1.0,,
pancreas_baron,43,all,H3a_true_rescued_vs_non_target,true_rescued_rare,non_target,rare_standardized_distance,0,1638,,1.7001307475092489,,,-1.0,,
pancreas_baron,43,all,H3a_true_rescued_vs_non_target,true_rescued_rare,non_target,standardized_prototype_margin,0,1638,,-0.5221232230209621,,,1.0,,
pancreas_baron,43,all,H3a_true_rescued_vs_non_target,true_rescued_rare,non_target,rare_prototype_distance,0,1638,,5.80901311521213,,,-1.0,,
pancreas_baron,43,all,H3a_true_rescued_vs_non_target,true_rescued_rare,non_target,nearest_nonrare_distance,0,1638,,3.888658719640172,,,1.0,,
pancreas_baron,43,all,H3a_true_rescued_vs_non_target,true_rescued_rare,non_target,prototype_margin,0,1638,,-1.791729576148816,,,1.0,,
pancreas_baron,43,all,H3a_true_rescued_vs_non_target,true_rescued_rare,non_target,scANVI_rare_probability,0,1638,,9.7137795e-07,,,,,
pancreas_baron,43,all,H3b_true_rescued_vs_closest_competitor,true_rescued_rare,closest_competitor,rare_membership_score,0,2,,0.12264894519196118,,,1.0,,
pancreas_baron,43,all,H3b_true_rescued_vs_closest_competitor,true_rescued_rare,closest_competitor,rare_rank,0,2,,3.0,,,-1.0,,
pancreas_baron,43,all,H3b_true_rescued_vs_closest_competitor,true_rescued_rare,closest_competitor,rare_standardized_distance,0,2,,1.330852144897444,,,-1.0,,
pancreas_baron,43,all,H3b_true_rescued_vs_closest_competitor,true_rescued_rare,closest_competitor,standardized_prototype_margin,0,2,,-0.2482983181020142,,,1.0,,
pancreas_baron,43,all,H3b_true_rescued_vs_closest_competitor,true_rescued_rare,closest_competitor,rare_prototype_distance,0,2,,4.547260600658825,,,-1.0,,
pancreas_baron,43,all,H3b_true_rescued_vs_closest_competitor,true_rescued_rare,closest_competitor,nearest_nonrare_distance,0,2,,3.462782052794788,,,1.0,,
pancreas_baron,43,all,H3b_true_rescued_vs_closest_competitor,true_rescued_rare,closest_competitor,prototype_margin,0,2,,-1.0844785478640377,,,1.0,,
pancreas_baron,43,all,H3b_true_rescued_vs_closest_competitor,true_rescued_rare,closest_competitor,scANVI_rare_probability,0,2,,0.29450783485000004,,,,,
pancreas_baron,44,0.01,H1_baseline_correct_vs_true_rescued,baseline_correct_rare,true_rescued_rare,rare_membership_score,44,0,0.17169501493382777,,,,1.0,,
pancreas_baron,44,0.01,H1_baseline_correct_vs_true_rescued,baseline_correct_rare,true_rescued_rare,rare_rank,44,0,1.0,,,,-1.0,,
pancreas_baron,44,0.01,H1_baseline_correct_vs_true_rescued,baseline_correct_rare,true_rescued_rare,rare_standardized_distance,44,0,1.1944652364968562,,,,-1.0,,
pancreas_baron,44,0.01,H1_baseline_correct_vs_true_rescued,baseline_correct_rare,true_rescued_rare,standardized_prototype_margin,44,0,0.3295394623402683,,,,1.0,,
pancreas_baron,44,0.01,H1_baseline_correct_vs_true_rescued,baseline_correct_rare,true_rescued_rare,rare_prototype_distance,44,0,3.4428290386534224,,,,-1.0,,
pancreas_baron,44,0.01,H1_baseline_correct_vs_true_rescued,baseline_correct_rare,true_rescued_rare,nearest_nonrare_distance,44,0,5.013056048604691,,,,1.0,,
pancreas_baron,44,0.01,H1_baseline_correct_vs_true_rescued,baseline_correct_rare,true_rescued_rare,prototype_margin,44,0,1.7084504929663056,,,,1.0,,
pancreas_baron,44,0.01,H1_baseline_correct_vs_true_rescued,baseline_correct_rare,true_rescued_rare,scANVI_rare_probability,44,0,0.840032,,,,,,
pancreas_baron,44,0.01,H2_true_rescued_vs_unrescued,true_rescued_rare,unrescued_rare,rare_membership_score,0,42,,0.13628206690109465,,,1.0,,
pancreas_baron,44,0.01,H2_true_rescued_vs_unrescued,true_rescued_rare,unrescued_rare,rare_rank,0,42,,1.0,,,-1.0,,
pancreas_baron,44,0.01,H2_true_rescued_vs_unrescued,true_rescued_rare,unrescued_rare,rare_standardized_distance,0,42,,1.364709102430627,,,-1.0,,
pancreas_baron,44,0.01,H2_true_rescued_vs_unrescued,true_rescued_rare,unrescued_rare,standardized_prototype_margin,0,42,,-0.05735077559636592,,,1.0,,
pancreas_baron,44,0.01,H2_true_rescued_vs_unrescued,true_rescued_rare,unrescued_rare,rare_prototype_distance,0,42,,3.933526052999682,,,-1.0,,
pancreas_baron,44,0.01,H2_true_rescued_vs_unrescued,true_rescued_rare,unrescued_rare,nearest_nonrare_distance,0,42,,4.526241966262997,,,1.0,,
pancreas_baron,44,0.01,H2_true_rescued_vs_unrescued,true_rescued_rare,unrescued_rare,prototype_margin,0,42,,0.5121566565383011,,,1.0,,
pancreas_baron,44,0.01,H2_true_rescued_vs_unrescued,true_rescued_rare,unrescued_rare,scANVI_rare_probability,0,42,,0.100979075,,,,,
pancreas_baron,44,0.01,H3a_true_rescued_vs_non_target,true_rescued_rare,non_target,rare_membership_score,0,1638,,0.07215682599187331,,,1.0,,
pancreas_baron,44,0.01,H3a_true_rescued_vs_non_target,true_rescued_rare,non_target,rare_rank,0,1638,,4.0,,,-1.0,,
pancreas_baron,44,0.01,H3a_true_rescued_vs_non_target,true_rescued_rare,non_target,rare_standardized_distance,0,1638,,2.1059033922568924,,,-1.0,,
pancreas_baron,44,0.01,H3a_true_rescued_vs_non_target,true_rescued_rare,non_target,standardized_prototype_margin,0,1638,,-0.891468047518271,,,1.0,,
pancreas_baron,44,0.01,H3a_true_rescued_vs_non_target,true_rescued_rare,non_target,rare_prototype_distance,0,1638,,6.069883936283029,,,-1.0,,
pancreas_baron,44,0.01,H3a_true_rescued_vs_non_target,true_rescued_rare,non_target,nearest_nonrare_distance,0,1638,,3.983065970329072,,,1.0,,
pancreas_baron,44,0.01,H3a_true_rescued_vs_non_target,true_rescued_rare,non_target,prototype_margin,0,1638,,-1.833471540969549,,,1.0,,
pancreas_baron,44,0.01,H3a_true_rescued_vs_non_target,true_rescued_rare,non_target,scANVI_rare_probability,0,1638,,3.1191251000000003e-06,,,,,
pancreas_baron,44,0.01,H3b_true_rescued_vs_closest_competitor,true_rescued_rare,closest_competitor,rare_membership_score,0,2,,0.11769876583447877,,,1.0,,
pancreas_baron,44,0.01,H3b_true_rescued_vs_closest_competitor,true_rescued_rare,closest_competitor,rare_rank,0,2,,2.5,,,-1.0,,
pancreas_baron,44,0.01,H3b_true_rescued_vs_closest_competitor,true_rescued_rare,closest_competitor,rare_standardized_distance,0,2,,1.4888629254360484,,,-1.0,,
pancreas_baron,44,0.01,H3b_true_rescued_vs_closest_competitor,true_rescued_rare,closest_competitor,standardized_prototype_margin,0,2,,-0.39906701890597207,,,1.0,,
pancreas_baron,44,0.01,H3b_true_rescued_vs_closest_competitor,true_rescued_rare,closest_competitor,rare_prototype_distance,0,2,,4.291376892055078,,,-1.0,,
pancreas_baron,44,0.01,H3b_true_rescued_vs_closest_competitor,true_rescued_rare,closest_competitor,nearest_nonrare_distance,0,2,,3.687762118373308,,,1.0,,
pancreas_baron,44,0.01,H3b_true_rescued_vs_closest_competitor,true_rescued_rare,closest_competitor,prototype_margin,0,2,,-0.6036147736817701,,,1.0,,
pancreas_baron,44,0.01,H3b_true_rescued_vs_closest_competitor,true_rescued_rare,closest_competitor,scANVI_rare_probability,0,2,,0.0383014119,,,,,
pancreas_baron,44,0.05,H1_baseline_correct_vs_true_rescued,baseline_correct_rare,true_rescued_rare,rare_membership_score,44,0,0.17169501493382777,,,,1.0,,
pancreas_baron,44,0.05,H1_baseline_correct_vs_true_rescued,baseline_correct_rare,true_rescued_rare,rare_rank,44,0,1.0,,,,-1.0,,
pancreas_baron,44,0.05,H1_baseline_correct_vs_true_rescued,baseline_correct_rare,true_rescued_rare,rare_standardized_distance,44,0,1.1944652364968562,,,,-1.0,,
pancreas_baron,44,0.05,H1_baseline_correct_vs_true_rescued,baseline_correct_rare,true_rescued_rare,standardized_prototype_margin,44,0,0.3295394623402683,,,,1.0,,
pancreas_baron,44,0.05,H1_baseline_correct_vs_true_rescued,baseline_correct_rare,true_rescued_rare,rare_prototype_distance,44,0,3.4428290386534224,,,,-1.0,,
pancreas_baron,44,0.05,H1_baseline_correct_vs_true_rescued,baseline_correct_rare,true_rescued_rare,nearest_nonrare_distance,44,0,5.013056048604691,,,,1.0,,
pancreas_baron,44,0.05,H1_baseline_correct_vs_true_rescued,baseline_correct_rare,true_rescued_rare,prototype_margin,44,0,1.7084504929663056,,,,1.0,,
pancreas_baron,44,0.05,H1_baseline_correct_vs_true_rescued,baseline_correct_rare,true_rescued_rare,scANVI_rare_probability,44,0,0.840032,,,,,,
pancreas_baron,44,0.05,H2_true_rescued_vs_unrescued,true_rescued_rare,unrescued_rare,rare_membership_score,0,42,,0.13628206690109465,,,1.0,,
pancreas_baron,44,0.05,H2_true_rescued_vs_unrescued,true_rescued_rare,unrescued_rare,rare_rank,0,42,,1.0,,,-1.0,,
pancreas_baron,44,0.05,H2_true_rescued_vs_unrescued,true_rescued_rare,unrescued_rare,rare_standardized_distance,0,42,,1.364709102430627,,,-1.0,,
pancreas_baron,44,0.05,H2_true_rescued_vs_unrescued,true_rescued_rare,unrescued_rare,standardized_prototype_margin,0,42,,-0.05735077559636592,,,1.0,,
pancreas_baron,44,0.05,H2_true_rescued_vs_unrescued,true_rescued_rare,unrescued_rare,rare_prototype_distance,0,42,,3.933526052999682,,,-1.0,,
pancreas_baron,44,0.05,H2_true_rescued_vs_unrescued,true_rescued_rare,unrescued_rare,nearest_nonrare_distance,0,42,,4.526241966262997,,,1.0,,
pancreas_baron,44,0.05,H2_true_rescued_vs_unrescued,true_rescued_rare,unrescued_rare,prototype_margin,0,42,,0.5121566565383011,,,1.0,,
pancreas_baron,44,0.05,H2_true_rescued_vs_unrescued,true_rescued_rare,unrescued_rare,scANVI_rare_probability,0,42,,0.100979075,,,,,
pancreas_baron,44,0.05,H3a_true_rescued_vs_non_target,true_rescued_rare,non_target,rare_membership_score,0,1638,,0.07215682599187331,,,1.0,,
pancreas_baron,44,0.05,H3a_true_rescued_vs_non_target,true_rescued_rare,non_target,rare_rank,0,1638,,4.0,,,-1.0,,
pancreas_baron,44,0.05,H3a_true_rescued_vs_non_target,true_rescued_rare,non_target,rare_standardized_distance,0,1638,,2.1059033922568924,,,-1.0,,
pancreas_baron,44,0.05,H3a_true_rescued_vs_non_target,true_rescued_rare,non_target,standardized_prototype_margin,0,1638,,-0.891468047518271,,,1.0,,
pancreas_baron,44,0.05,H3a_true_rescued_vs_non_target,true_rescued_rare,non_target,rare_prototype_distance,0,1638,,6.069883936283029,,,-1.0,,
pancreas_baron,44,0.05,H3a_true_rescued_vs_non_target,true_rescued_rare,non_target,nearest_nonrare_distance,0,1638,,3.983065970329072,,,1.0,,
pancreas_baron,44,0.05,H3a_true_rescued_vs_non_target,true_rescued_rare,non_target,prototype_margin,0,1638,,-1.833471540969549,,,1.0,,
pancreas_baron,44,0.05,H3a_true_rescued_vs_non_target,true_rescued_rare,non_target,scANVI_rare_probability,0,1638,,3.1191251000000003e-06,,,,,
pancreas_baron,44,0.05,H3b_true_rescued_vs_closest_competitor,true_rescued_rare,closest_competitor,rare_membership_score,0,2,,0.11769876583447877,,,1.0,,
pancreas_baron,44,0.05,H3b_true_rescued_vs_closest_competitor,true_rescued_rare,closest_competitor,rare_rank,0,2,,2.5,,,-1.0,,
pancreas_baron,44,0.05,H3b_true_rescued_vs_closest_competitor,true_rescued_rare,closest_competitor,rare_standardized_distance,0,2,,1.4888629254360484,,,-1.0,,
pancreas_baron,44,0.05,H3b_true_rescued_vs_closest_competitor,true_rescued_rare,closest_competitor,standardized_prototype_margin,0,2,,-0.39906701890597207,,,1.0,,
pancreas_baron,44,0.05,H3b_true_rescued_vs_closest_competitor,true_rescued_rare,closest_competitor,rare_prototype_distance,0,2,,4.291376892055078,,,-1.0,,
pancreas_baron,44,0.05,H3b_true_rescued_vs_closest_competitor,true_rescued_rare,closest_competitor,nearest_nonrare_distance,0,2,,3.687762118373308,,,1.0,,
pancreas_baron,44,0.05,H3b_true_rescued_vs_closest_competitor,true_rescued_rare,closest_competitor,prototype_margin,0,2,,-0.6036147736817701,,,1.0,,
pancreas_baron,44,0.05,H3b_true_rescued_vs_closest_competitor,true_rescued_rare,closest_competitor,scANVI_rare_probability,0,2,,0.0383014119,,,,,
pancreas_baron,44,0.10,H1_baseline_correct_vs_true_rescued,baseline_correct_rare,true_rescued_rare,rare_membership_score,71,0,0.18077130961921253,,,,1.0,,
pancreas_baron,44,0.10,H1_baseline_correct_vs_true_rescued,baseline_correct_rare,true_rescued_rare,rare_rank,71,0,1.0,,,,-1.0,,
pancreas_baron,44,0.10,H1_baseline_correct_vs_true_rescued,baseline_correct_rare,true_rescued_rare,rare_standardized_distance,71,0,1.1042392548661735,,,,-1.0,,
pancreas_baron,44,0.10,H1_baseline_correct_vs_true_rescued,baseline_correct_rare,true_rescued_rare,standardized_prototype_margin,71,0,0.3420492390132768,,,,1.0,,
pancreas_baron,44,0.10,H1_baseline_correct_vs_true_rescued,baseline_correct_rare,true_rescued_rare,rare_prototype_distance,71,0,3.6563649512083587,,,,-1.0,,
pancreas_baron,44,0.10,H1_baseline_correct_vs_true_rescued,baseline_correct_rare,true_rescued_rare,nearest_nonrare_distance,71,0,4.840310357436596,,,,1.0,,
pancreas_baron,44,0.10,H1_baseline_correct_vs_true_rescued,baseline_correct_rare,true_rescued_rare,prototype_margin,71,0,1.1294006782823667,,,,1.0,,
pancreas_baron,44,0.10,H1_baseline_correct_vs_true_rescued,baseline_correct_rare,true_rescued_rare,scANVI_rare_probability,71,0,0.97581494,,,,,,
pancreas_baron,44,0.10,H2_true_rescued_vs_unrescued,true_rescued_rare,unrescued_rare,rare_membership_score,0,15,,0.13995356593856956,,,1.0,,
pancreas_baron,44,0.10,H2_true_rescued_vs_unrescued,true_rescued_rare,unrescued_rare,rare_rank,0,15,,2.0,,,-1.0,,
pancreas_baron,44,0.10,H2_true_rescued_vs_unrescued,true_rescued_rare,unrescued_rare,rare_standardized_distance,0,15,,1.4093101899130893,,,-1.0,,
pancreas_baron,44,0.10,H2_true_rescued_vs_unrescued,true_rescued_rare,unrescued_rare,standardized_prototype_margin,0,15,,-0.02576269074913906,,,1.0,,
pancreas_baron,44,0.10,H2_true_rescued_vs_unrescued,true_rescued_rare,unrescued_rare,rare_prototype_distance,0,15,,4.666518022313488,,,-1.0,,
pancreas_baron,44,0.10,H2_true_rescued_vs_unrescued,true_rescued_rare,unrescued_rare,nearest_nonrare_distance,0,15,,4.510005991209661,,,1.0,,
pancreas_baron,44,0.10,H2_true_rescued_vs_unrescued,true_rescued_rare,unrescued_rare,prototype_margin,0,15,,-0.13017826504615915,,,1.0,,
pancreas_baron,44,0.10,H2_true_rescued_vs_unrescued,true_rescued_rare,unrescued_rare,scANVI_rare_probability,0,15,,0.0964742,,,,,
pancreas_baron,44,0.10,H3a_true_rescued_vs_non_target,true_rescued_rare,non_target,rare_membership_score,0,1638,,0.08915097125385227,,,1.0,,
pancreas_baron,44,0.10,H3a_true_rescued_vs_non_target,true_rescued_rare,non_target,rare_rank,0,1638,,4.0,,,-1.0,,
pancreas_baron,44,0.10,H3a_true_rescued_vs_non_target,true_rescued_rare,non_target,rare_standardized_distance,0,1638,,1.8710031919247745,,,-1.0,,
pancreas_baron,44,0.10,H3a_true_rescued_vs_non_target,true_rescued_rare,non_target,standardized_prototype_margin,0,1638,,-0.6654014615634245,,,1.0,,
pancreas_baron,44,0.10,H3a_true_rescued_vs_non_target,true_rescued_rare,non_target,rare_prototype_distance,0,1638,,6.195279206390651,,,-1.0,,
pancreas_baron,44,0.10,H3a_true_rescued_vs_non_target,true_rescued_rare,non_target,nearest_nonrare_distance,0,1638,,4.029013906985055,,,1.0,,
pancreas_baron,44,0.10,H3a_true_rescued_vs_non_target,true_rescued_rare,non_target,prototype_margin,0,1638,,-1.9808407861686188,,,1.0,,
pancreas_baron,44,0.10,H3a_true_rescued_vs_non_target,true_rescued_rare,non_target,scANVI_rare_probability,0,1638,,3.0705784000000003e-06,,,,,
pancreas_baron,44,0.10,H3b_true_rescued_vs_closest_competitor,true_rescued_rare,closest_competitor,rare_membership_score,0,2,,0.1326353899114704,,,1.0,,
pancreas_baron,44,0.10,H3b_true_rescued_vs_closest_competitor,true_rescued_rare,closest_competitor,rare_rank,0,2,,3.0,,,-1.0,,
pancreas_baron,44,0.10,H3b_true_rescued_vs_closest_competitor,true_rescued_rare,closest_competitor,rare_standardized_distance,0,2,,1.3771819793770999,,,-1.0,,
pancreas_baron,44,0.10,H3b_true_rescued_vs_closest_competitor,true_rescued_rare,closest_competitor,standardized_prototype_margin,0,2,,-0.2825892264779336,,,1.0,,
pancreas_baron,44,0.10,H3b_true_rescued_vs_closest_competitor,true_rescued_rare,closest_competitor,rare_prototype_distance,0,2,,4.560134860846301,,,-1.0,,
pancreas_baron,44,0.10,H3b_true_rescued_vs_closest_competitor,true_rescued_rare,closest_competitor,nearest_nonrare_distance,0,2,,3.5908514667359,,,1.0,,
pancreas_baron,44,0.10,H3b_true_rescued_vs_closest_competitor,true_rescued_rare,closest_competitor,prototype_margin,0,2,,-0.9692833941104004,,,1.0,,
pancreas_baron,44,0.10,H3b_true_rescued_vs_closest_competitor,true_rescued_rare,closest_competitor,scANVI_rare_probability,0,2,,0.22639921065,,,,,
pancreas_baron,44,all,H1_baseline_correct_vs_true_rescued,baseline_correct_rare,true_rescued_rare,rare_membership_score,74,0,0.17150659426147039,,,,1.0,,
pancreas_baron,44,all,H1_baseline_correct_vs_true_rescued,baseline_correct_rare,true_rescued_rare,rare_rank,74,0,1.0,,,,-1.0,,
pancreas_baron,44,all,H1_baseline_correct_vs_true_rescued,baseline_correct_rare,true_rescued_rare,rare_standardized_distance,74,0,1.1610787318478288,,,,-1.0,,
pancreas_baron,44,all,H1_baseline_correct_vs_true_rescued,baseline_correct_rare,true_rescued_rare,standardized_prototype_margin,74,0,0.3036074266912229,,,,1.0,,
pancreas_baron,44,all,H1_baseline_correct_vs_true_rescued,baseline_correct_rare,true_rescued_rare,rare_prototype_distance,74,0,3.7352143096723087,,,,-1.0,,
pancreas_baron,44,all,H1_baseline_correct_vs_true_rescued,baseline_correct_rare,true_rescued_rare,nearest_nonrare_distance,74,0,4.89220004834104,,,,1.0,,
pancreas_baron,44,all,H1_baseline_correct_vs_true_rescued,baseline_correct_rare,true_rescued_rare,prototype_margin,74,0,1.1465452386584607,,,,1.0,,
pancreas_baron,44,all,H1_baseline_correct_vs_true_rescued,baseline_correct_rare,true_rescued_rare,scANVI_rare_probability,74,0,0.9964437,,,,,,
pancreas_baron,44,all,H2_true_rescued_vs_unrescued,true_rescued_rare,unrescued_rare,rare_membership_score,0,12,,0.13940991604188813,,,1.0,,
pancreas_baron,44,all,H2_true_rescued_vs_unrescued,true_rescued_rare,unrescued_rare,rare_rank,0,12,,1.0,,,-1.0,,
pancreas_baron,44,all,H2_true_rescued_vs_unrescued,true_rescued_rare,unrescued_rare,rare_standardized_distance,0,12,,1.3479694450235253,,,-1.0,,
pancreas_baron,44,all,H2_true_rescued_vs_unrescued,true_rescued_rare,unrescued_rare,standardized_prototype_margin,0,12,,0.05136111129245369,,,1.0,,
pancreas_baron,44,all,H2_true_rescued_vs_unrescued,true_rescued_rare,unrescued_rare,rare_prototype_distance,0,12,,4.336445601789556,,,-1.0,,
pancreas_baron,44,all,H2_true_rescued_vs_unrescued,true_rescued_rare,unrescued_rare,nearest_nonrare_distance,0,12,,4.4454819219921,,,1.0,,
pancreas_baron,44,all,H2_true_rescued_vs_unrescued,true_rescued_rare,unrescued_rare,prototype_margin,0,12,,0.2714612553935345,,,1.0,,
pancreas_baron,44,all,H2_true_rescued_vs_unrescued,true_rescued_rare,unrescued_rare,scANVI_rare_probability,0,12,,0.16131665,,,,,
pancreas_baron,44,all,H3a_true_rescued_vs_non_target,true_rescued_rare,non_target,rare_membership_score,0,1638,,0.09759412428439557,,,1.0,,
pancreas_baron,44,all,H3a_true_rescued_vs_non_target,true_rescued_rare,non_target,rare_rank,0,1638,,3.0,,,-1.0,,
pancreas_baron,44,all,H3a_true_rescued_vs_non_target,true_rescued_rare,non_target,rare_standardized_distance,0,1638,,1.768171719638864,,,-1.0,,
pancreas_baron,44,all,H3a_true_rescued_vs_non_target,true_rescued_rare,non_target,standardized_prototype_margin,0,1638,,-0.5551714469098372,,,1.0,,
pancreas_baron,44,all,H3a_true_rescued_vs_non_target,true_rescued_rare,non_target,rare_prototype_distance,0,1638,,5.688245015600343,,,-1.0,,
pancreas_baron,44,all,H3a_true_rescued_vs_non_target,true_rescued_rare,non_target,nearest_nonrare_distance,0,1638,,3.9161987543497183,,,1.0,,
pancreas_baron,44,all,H3a_true_rescued_vs_non_target,true_rescued_rare,non_target,prototype_margin,0,1638,,-1.5469249983493298,,,1.0,,
pancreas_baron,44,all,H3a_true_rescued_vs_non_target,true_rescued_rare,non_target,scANVI_rare_probability,0,1638,,2.3248264000000002e-06,,,,,
pancreas_baron,44,all,H3b_true_rescued_vs_closest_competitor,true_rescued_rare,closest_competitor,rare_membership_score,0,2,,0.1446210716469481,,,1.0,,
pancreas_baron,44,all,H3b_true_rescued_vs_closest_competitor,true_rescued_rare,closest_competitor,rare_rank,0,2,,3.0,,,-1.0,,
pancreas_baron,44,all,H3b_true_rescued_vs_closest_competitor,true_rescued_rare,closest_competitor,rare_standardized_distance,0,2,,1.2244215667367553,,,-1.0,,
pancreas_baron,44,all,H3b_true_rescued_vs_closest_competitor,true_rescued_rare,closest_competitor,standardized_prototype_margin,0,2,,-0.1373535527069638,,,1.0,,
pancreas_baron,44,all,H3b_true_rescued_vs_closest_competitor,true_rescued_rare,closest_competitor,rare_prototype_distance,0,2,,3.938989520433242,,,-1.0,,
pancreas_baron,44,all,H3b_true_rescued_vs_closest_competitor,true_rescued_rare,closest_competitor,nearest_nonrare_distance,0,2,,3.528723507917192,,,1.0,,
pancreas_baron,44,all,H3b_true_rescued_vs_closest_competitor,true_rescued_rare,closest_competitor,prototype_margin,0,2,,-0.41026601251604977,,,1.0,,
pancreas_baron,44,all,H3b_true_rescued_vs_closest_competitor,true_rescued_rare,closest_competitor,scANVI_rare_probability,0,2,,0.3031323055,,,,,
pancreas_integrated,42,0.01,H1_baseline_correct_vs_true_rescued,baseline_correct_rare,true_rescued_rare,rare_membership_score,23,0,0.25808580703371015,,,,1.0,,
pancreas_integrated,42,0.01,H1_baseline_correct_vs_true_rescued,baseline_correct_rare,true_rescued_rare,rare_rank,23,0,1.0,,,,-1.0,,
pancreas_integrated,42,0.01,H1_baseline_correct_vs_true_rescued,baseline_correct_rare,true_rescued_rare,rare_standardized_distance,23,0,0.9152770960052785,,,,-1.0,,
pancreas_integrated,42,0.01,H1_baseline_correct_vs_true_rescued,baseline_correct_rare,true_rescued_rare,standardized_prototype_margin,23,0,0.9005792912732403,,,,1.0,,
pancreas_integrated,42,0.01,H1_baseline_correct_vs_true_rescued,baseline_correct_rare,true_rescued_rare,rare_prototype_distance,23,0,3.4177762706078685,,,,-1.0,,
pancreas_integrated,42,0.01,H1_baseline_correct_vs_true_rescued,baseline_correct_rare,true_rescued_rare,nearest_nonrare_distance,23,0,6.543028400051491,,,,1.0,,
pancreas_integrated,42,0.01,H1_baseline_correct_vs_true_rescued,baseline_correct_rare,true_rescued_rare,prototype_margin,23,0,3.3070600371264907,,,,1.0,,
pancreas_integrated,42,0.01,H1_baseline_correct_vs_true_rescued,baseline_correct_rare,true_rescued_rare,scANVI_rare_probability,23,0,0.99986386,,,,,,
pancreas_integrated,42,0.01,H2_true_rescued_vs_unrescued,true_rescued_rare,unrescued_rare,rare_membership_score,0,0,,,,,1.0,,
pancreas_integrated,42,0.01,H2_true_rescued_vs_unrescued,true_rescued_rare,unrescued_rare,rare_rank,0,0,,,,,-1.0,,
pancreas_integrated,42,0.01,H2_true_rescued_vs_unrescued,true_rescued_rare,unrescued_rare,rare_standardized_distance,0,0,,,,,-1.0,,
pancreas_integrated,42,0.01,H2_true_rescued_vs_unrescued,true_rescued_rare,unrescued_rare,standardized_prototype_margin,0,0,,,,,1.0,,
pancreas_integrated,42,0.01,H2_true_rescued_vs_unrescued,true_rescued_rare,unrescued_rare,rare_prototype_distance,0,0,,,,,-1.0,,
pancreas_integrated,42,0.01,H2_true_rescued_vs_unrescued,true_rescued_rare,unrescued_rare,nearest_nonrare_distance,0,0,,,,,1.0,,
pancreas_integrated,42,0.01,H2_true_rescued_vs_unrescued,true_rescued_rare,unrescued_rare,prototype_margin,0,0,,,,,1.0,,
pancreas_integrated,42,0.01,H2_true_rescued_vs_unrescued,true_rescued_rare,unrescued_rare,scANVI_rare_probability,0,0,,,,,,,
pancreas_integrated,42,0.01,H3a_true_rescued_vs_non_target,true_rescued_rare,non_target,rare_membership_score,0,1701,,0.07818337568412091,,,1.0,,
pancreas_integrated,42,0.01,H3a_true_rescued_vs_non_target,true_rescued_rare,non_target,rare_rank,0,1701,,8.0,,,-1.0,,
pancreas_integrated,42,0.01,H3a_true_rescued_vs_non_target,true_rescued_rare,non_target,rare_standardized_distance,0,1701,,2.051995632902767,,,-1.0,,
pancreas_integrated,42,0.01,H3a_true_rescued_vs_non_target,true_rescued_rare,non_target,standardized_prototype_margin,0,1701,,-0.8041727440737614,,,1.0,,
pancreas_integrated,42,0.01,H3a_true_rescued_vs_non_target,true_rescued_rare,non_target,rare_prototype_distance,0,1701,,7.662446719289045,,,-1.0,,
pancreas_integrated,42,0.01,H3a_true_rescued_vs_non_target,true_rescued_rare,non_target,nearest_nonrare_distance,0,1701,,3.8045861880582983,,,1.0,,
pancreas_integrated,42,0.01,H3a_true_rescued_vs_non_target,true_rescued_rare,non_target,prototype_margin,0,1701,,-3.8129507019108484,,,1.0,,
pancreas_integrated,42,0.01,H3a_true_rescued_vs_non_target,true_rescued_rare,non_target,scANVI_rare_probability,0,1701,,2.2403928e-08,,,,,
pancreas_integrated,42,0.01,H3b_true_rescued_vs_closest_competitor,true_rescued_rare,closest_competitor,rare_membership_score,0,22,,0.1051135605743907,,,1.0,,
pancreas_integrated,42,0.01,H3b_true_rescued_vs_closest_competitor,true_rescued_rare,closest_competitor,rare_rank,0,22,,3.5,,,-1.0,,
pancreas_integrated,42,0.01,H3b_true_rescued_vs_closest_competitor,true_rescued_rare,closest_competitor,rare_standardized_distance,0,22,,1.6914546151860095,,,-1.0,,
pancreas_integrated,42,0.01,H3b_true_rescued_vs_closest_competitor,true_rescued_rare,closest_competitor,standardized_prototype_margin,0,22,,-0.4610529493158021,,,1.0,,
pancreas_integrated,42,0.01,H3b_true_rescued_vs_closest_competitor,true_rescued_rare,closest_competitor,rare_prototype_distance,0,22,,6.316134722286951,,,-1.0,,
pancreas_integrated,42,0.01,H3b_true_rescued_vs_closest_competitor,true_rescued_rare,closest_competitor,nearest_nonrare_distance,0,22,,4.175300588763404,,,1.0,,
pancreas_integrated,42,0.01,H3b_true_rescued_vs_closest_competitor,true_rescued_rare,closest_competitor,prototype_margin,0,22,,-2.388430878888825,,,1.0,,
pancreas_integrated,42,0.01,H3b_true_rescued_vs_closest_competitor,true_rescued_rare,closest_competitor,scANVI_rare_probability,0,22,,0.000175193465,,,,,
pancreas_integrated,42,0.05,H1_baseline_correct_vs_true_rescued,baseline_correct_rare,true_rescued_rare,rare_membership_score,23,0,0.2795730275698146,,,,1.0,,
pancreas_integrated,42,0.05,H1_baseline_correct_vs_true_rescued,baseline_correct_rare,true_rescued_rare,rare_rank,23,0,1.0,,,,-1.0,,
pancreas_integrated,42,0.05,H1_baseline_correct_vs_true_rescued,baseline_correct_rare,true_rescued_rare,rare_standardized_distance,23,0,0.8123019792843709,,,,-1.0,,
pancreas_integrated,42,0.05,H1_baseline_correct_vs_true_rescued,baseline_correct_rare,true_rescued_rare,standardized_prototype_margin,23,0,1.113949114490334,,,,1.0,,
pancreas_integrated,42,0.05,H1_baseline_correct_vs_true_rescued,baseline_correct_rare,true_rescued_rare,rare_prototype_distance,23,0,3.0133890344461696,,,,-1.0,,
pancreas_integrated,42,0.05,H1_baseline_correct_vs_true_rescued,baseline_correct_rare,true_rescued_rare,nearest_nonrare_distance,23,0,6.443808400916412,,,,1.0,,
pancreas_integrated,42,0.05,H1_baseline_correct_vs_true_rescued,baseline_correct_rare,true_rescued_rare,prototype_margin,23,0,3.507929387638735,,,,1.0,,
pancreas_integrated,42,0.05,H1_baseline_correct_vs_true_rescued,baseline_correct_rare,true_rescued_rare,scANVI_rare_probability,23,0,0.99999964,,,,,,
pancreas_integrated,42,0.05,H2_true_rescued_vs_unrescued,true_rescued_rare,unrescued_rare,rare_membership_score,0,0,,,,,1.0,,
pancreas_integrated,42,0.05,H2_true_rescued_vs_unrescued,true_rescued_rare,unrescued_rare,rare_rank,0,0,,,,,-1.0,,
pancreas_integrated,42,0.05,H2_true_rescued_vs_unrescued,true_rescued_rare,unrescued_rare,rare_standardized_distance,0,0,,,,,-1.0,,
pancreas_integrated,42,0.05,H2_true_rescued_vs_unrescued,true_rescued_rare,unrescued_rare,standardized_prototype_margin,0,0,,,,,1.0,,
pancreas_integrated,42,0.05,H2_true_rescued_vs_unrescued,true_rescued_rare,unrescued_rare,rare_prototype_distance,0,0,,,,,-1.0,,
pancreas_integrated,42,0.05,H2_true_rescued_vs_unrescued,true_rescued_rare,unrescued_rare,nearest_nonrare_distance,0,0,,,,,1.0,,
pancreas_integrated,42,0.05,H2_true_rescued_vs_unrescued,true_rescued_rare,unrescued_rare,prototype_margin,0,0,,,,,1.0,,
pancreas_integrated,42,0.05,H2_true_rescued_vs_unrescued,true_rescued_rare,unrescued_rare,scANVI_rare_probability,0,0,,,,,,,
pancreas_integrated,42,0.05,H3a_true_rescued_vs_non_target,true_rescued_rare,non_target,rare_membership_score,0,1701,,0.07830977965538859,,,1.0,,
pancreas_integrated,42,0.05,H3a_true_rescued_vs_non_target,true_rescued_rare,non_target,rare_rank,0,1701,,8.0,,,-1.0,,
pancreas_integrated,42,0.05,H3a_true_rescued_vs_non_target,true_rescued_rare,non_target,rare_standardized_distance,0,1701,,2.0198625486831703,,,-1.0,,
pancreas_integrated,42,0.05,H3a_true_rescued_vs_non_target,true_rescued_rare,non_target,standardized_prototype_margin,0,1701,,-0.7606211502716936,,,1.0,,
pancreas_integrated,42,0.05,H3a_true_rescued_vs_non_target,true_rescued_rare,non_target,rare_prototype_distance,0,1701,,7.493065153740748,,,-1.0,,
pancreas_integrated,42,0.05,H3a_true_rescued_vs_non_target,true_rescued_rare,non_target,nearest_nonrare_distance,0,1701,,3.7584126132552016,,,1.0,,
pancreas_integrated,42,0.05,H3a_true_rescued_vs_non_target,true_rescued_rare,non_target,prototype_margin,0,1701,,-3.6278918419883954,,,1.0,,
pancreas_integrated,42,0.05,H3a_true_rescued_vs_non_target,true_rescued_rare,non_target,scANVI_rare_probability,0,1701,,7.0046555e-09,,,,,
pancreas_integrated,42,0.05,H3b_true_rescued_vs_closest_competitor,true_rescued_rare,closest_competitor,rare_membership_score,0,22,,0.12000273838799741,,,1.0,,
pancreas_integrated,42,0.05,H3b_true_rescued_vs_closest_competitor,true_rescued_rare,closest_competitor,rare_rank,0,22,,3.0,,,-1.0,,
pancreas_integrated,42,0.05,H3b_true_rescued_vs_closest_competitor,true_rescued_rare,closest_competitor,rare_standardized_distance,0,22,,1.5892338026016382,,,-1.0,,
pancreas_integrated,42,0.05,H3b_true_rescued_vs_closest_competitor,true_rescued_rare,closest_competitor,standardized_prototype_margin,0,22,,-0.3149027202922162,,,1.0,,
pancreas_integrated,42,0.05,H3b_true_rescued_vs_closest_competitor,true_rescued_rare,closest_competitor,rare_prototype_distance,0,22,,5.895565733017177,,,-1.0,,
pancreas_integrated,42,0.05,H3b_true_rescued_vs_closest_competitor,true_rescued_rare,closest_competitor,nearest_nonrare_distance,0,22,,4.177438590165645,,,1.0,,
pancreas_integrated,42,0.05,H3b_true_rescued_vs_closest_competitor,true_rescued_rare,closest_competitor,prototype_margin,0,22,,-1.8167467269365385,,,1.0,,
pancreas_integrated,42,0.05,H3b_true_rescued_vs_closest_competitor,true_rescued_rare,closest_competitor,scANVI_rare_probability,0,22,,0.00023420549999999998,,,,,
pancreas_integrated,42,0.10,H1_baseline_correct_vs_true_rescued,baseline_correct_rare,true_rescued_rare,rare_membership_score,23,0,0.27740097250291124,,,,1.0,,
pancreas_integrated,42,0.10,H1_baseline_correct_vs_true_rescued,baseline_correct_rare,true_rescued_rare,rare_rank,23,0,1.0,,,,-1.0,,
pancreas_integrated,42,0.10,H1_baseline_correct_vs_true_rescued,baseline_correct_rare,true_rescued_rare,rare_standardized_distance,23,0,0.8198835421977889,,,,-1.0,,
pancreas_integrated,42,0.10,H1_baseline_correct_vs_true_rescued,baseline_correct_rare,true_rescued_rare,standardized_prototype_margin,23,0,1.0863757140276902,,,,1.0,,
pancreas_integrated,42,0.10,H1_baseline_correct_vs_true_rescued,baseline_correct_rare,true_rescued_rare,rare_prototype_distance,23,0,3.389783805296864,,,,-1.0,,
pancreas_integrated,42,0.10,H1_baseline_correct_vs_true_rescued,baseline_correct_rare,true_rescued_rare,nearest_nonrare_distance,23,0,6.778678842471162,,,,1.0,,
pancreas_integrated,42,0.10,H1_baseline_correct_vs_true_rescued,baseline_correct_rare,true_rescued_rare,prototype_margin,23,0,3.5186251642741033,,,,1.0,,
pancreas_integrated,42,0.10,H1_baseline_correct_vs_true_rescued,baseline_correct_rare,true_rescued_rare,scANVI_rare_probability,23,0,1.0,,,,,,
pancreas_integrated,42,0.10,H2_true_rescued_vs_unrescued,true_rescued_rare,unrescued_rare,rare_membership_score,0,0,,,,,1.0,,
pancreas_integrated,42,0.10,H2_true_rescued_vs_unrescued,true_rescued_rare,unrescued_rare,rare_rank,0,0,,,,,-1.0,,
pancreas_integrated,42,0.10,H2_true_rescued_vs_unrescued,true_rescued_rare,unrescued_rare,rare_standardized_distance,0,0,,,,,-1.0,,
pancreas_integrated,42,0.10,H2_true_rescued_vs_unrescued,true_rescued_rare,unrescued_rare,standardized_prototype_margin,0,0,,,,,1.0,,
pancreas_integrated,42,0.10,H2_true_rescued_vs_unrescued,true_rescued_rare,unrescued_rare,rare_prototype_distance,0,0,,,,,-1.0,,
pancreas_integrated,42,0.10,H2_true_rescued_vs_unrescued,true_rescued_rare,unrescued_rare,nearest_nonrare_distance,0,0,,,,,1.0,,
pancreas_integrated,42,0.10,H2_true_rescued_vs_unrescued,true_rescued_rare,unrescued_rare,prototype_margin,0,0,,,,,1.0,,
pancreas_integrated,42,0.10,H2_true_rescued_vs_unrescued,true_rescued_rare,unrescued_rare,scANVI_rare_probability,0,0,,,,,,,
pancreas_integrated,42,0.10,H3a_true_rescued_vs_non_target,true_rescued_rare,non_target,rare_membership_score,0,1701,,0.08781632156531126,,,1.0,,
pancreas_integrated,42,0.10,H3a_true_rescued_vs_non_target,true_rescued_rare,non_target,rare_rank,0,1701,,8.0,,,-1.0,,
pancreas_integrated,42,0.10,H3a_true_rescued_vs_non_target,true_rescued_rare,non_target,rare_standardized_distance,0,1701,,1.8776828633254279,,,-1.0,,
pancreas_integrated,42,0.10,H3a_true_rescued_vs_non_target,true_rescued_rare,non_target,standardized_prototype_margin,0,1701,,-0.6391727366798023,,,1.0,,
pancreas_integrated,42,0.10,H3a_true_rescued_vs_non_target,true_rescued_rare,non_target,rare_prototype_distance,0,1701,,7.763223231097009,,,-1.0,,
pancreas_integrated,42,0.10,H3a_true_rescued_vs_non_target,true_rescued_rare,non_target,nearest_nonrare_distance,0,1701,,3.8669290801545757,,,1.0,,
pancreas_integrated,42,0.10,H3a_true_rescued_vs_non_target,true_rescued_rare,non_target,prototype_margin,0,1701,,-3.8429039944852676,,,1.0,,
pancreas_integrated,42,0.10,H3a_true_rescued_vs_non_target,true_rescued_rare,non_target,scANVI_rare_probability,0,1701,,1.8390072e-08,,,,,
pancreas_integrated,42,0.10,H3b_true_rescued_vs_closest_competitor,true_rescued_rare,closest_competitor,rare_membership_score,0,22,,0.1227342015145435,,,1.0,,
pancreas_integrated,42,0.10,H3b_true_rescued_vs_closest_competitor,true_rescued_rare,closest_competitor,rare_rank,0,22,,3.0,,,-1.0,,
pancreas_integrated,42,0.10,H3b_true_rescued_vs_closest_competitor,true_rescued_rare,closest_competitor,rare_standardized_distance,0,22,,1.5198943261745255,,,-1.0,,
pancreas_integrated,42,0.10,H3b_true_rescued_vs_closest_competitor,true_rescued_rare,closest_competitor,standardized_prototype_margin,0,22,,-0.2727685365554703,,,1.0,,
pancreas_integrated,42,0.10,H3b_true_rescued_vs_closest_competitor,true_rescued_rare,closest_competitor,rare_prototype_distance,0,22,,6.283957303031336,,,-1.0,,
pancreas_integrated,42,0.10,H3b_true_rescued_vs_closest_competitor,true_rescued_rare,closest_competitor,nearest_nonrare_distance,0,22,,4.1398734857998525,,,1.0,,
pancreas_integrated,42,0.10,H3b_true_rescued_vs_closest_competitor,true_rescued_rare,closest_competitor,prototype_margin,0,22,,-2.041552504535677,,,1.0,,
pancreas_integrated,42,0.10,H3b_true_rescued_vs_closest_competitor,true_rescued_rare,closest_competitor,scANVI_rare_probability,0,22,,0.000262856605,,,,,
pancreas_integrated,42,all,H1_baseline_correct_vs_true_rescued,baseline_correct_rare,true_rescued_rare,rare_membership_score,23,0,0.28726349761877706,,,,1.0,,
pancreas_integrated,42,all,H1_baseline_correct_vs_true_rescued,baseline_correct_rare,true_rescued_rare,rare_rank,23,0,1.0,,,,-1.0,,
pancreas_integrated,42,all,H1_baseline_correct_vs_true_rescued,baseline_correct_rare,true_rescued_rare,rare_standardized_distance,23,0,0.7819149768924022,,,,-1.0,,
pancreas_integrated,42,all,H1_baseline_correct_vs_true_rescued,baseline_correct_rare,true_rescued_rare,standardized_prototype_margin,23,0,1.1291833941802014,,,,1.0,,
pancreas_integrated,42,all,H1_baseline_correct_vs_true_rescued,baseline_correct_rare,true_rescued_rare,rare_prototype_distance,23,0,3.169990834065078,,,,-1.0,,
pancreas_integrated,42,all,H1_baseline_correct_vs_true_rescued,baseline_correct_rare,true_rescued_rare,nearest_nonrare_distance,23,0,6.943863678677039,,,,1.0,,
pancreas_integrated,42,all,H1_baseline_correct_vs_true_rescued,baseline_correct_rare,true_rescued_rare,prototype_margin,23,0,3.8074206612657107,,,,1.0,,
pancreas_integrated,42,all,H1_baseline_correct_vs_true_rescued,baseline_correct_rare,true_rescued_rare,scANVI_rare_probability,23,0,1.0,,,,,,
pancreas_integrated,42,all,H2_true_rescued_vs_unrescued,true_rescued_rare,unrescued_rare,rare_membership_score,0,0,,,,,1.0,,
pancreas_integrated,42,all,H2_true_rescued_vs_unrescued,true_rescued_rare,unrescued_rare,rare_rank,0,0,,,,,-1.0,,
pancreas_integrated,42,all,H2_true_rescued_vs_unrescued,true_rescued_rare,unrescued_rare,rare_standardized_distance,0,0,,,,,-1.0,,
pancreas_integrated,42,all,H2_true_rescued_vs_unrescued,true_rescued_rare,unrescued_rare,standardized_prototype_margin,0,0,,,,,1.0,,
pancreas_integrated,42,all,H2_true_rescued_vs_unrescued,true_rescued_rare,unrescued_rare,rare_prototype_distance,0,0,,,,,-1.0,,
pancreas_integrated,42,all,H2_true_rescued_vs_unrescued,true_rescued_rare,unrescued_rare,nearest_nonrare_distance,0,0,,,,,1.0,,
pancreas_integrated,42,all,H2_true_rescued_vs_unrescued,true_rescued_rare,unrescued_rare,prototype_margin,0,0,,,,,1.0,,
pancreas_integrated,42,all,H2_true_rescued_vs_unrescued,true_rescued_rare,unrescued_rare,scANVI_rare_probability,0,0,,,,,,,
pancreas_integrated,42,all,H3a_true_rescued_vs_non_target,true_rescued_rare,non_target,rare_membership_score,0,1701,,0.08323673647775331,,,1.0,,
pancreas_integrated,42,all,H3a_true_rescued_vs_non_target,true_rescued_rare,non_target,rare_rank,0,1701,,8.0,,,-1.0,,
pancreas_integrated,42,all,H3a_true_rescued_vs_non_target,true_rescued_rare,non_target,rare_standardized_distance,0,1701,,1.934881758279414,,,-1.0,,
pancreas_integrated,42,all,H3a_true_rescued_vs_non_target,true_rescued_rare,non_target,standardized_prototype_margin,0,1701,,-0.6830672302107612,,,1.0,,
pancreas_integrated,42,all,H3a_true_rescued_vs_non_target,true_rescued_rare,non_target,rare_prototype_distance,0,1701,,7.8442767052785225,,,-1.0,,
pancreas_integrated,42,all,H3a_true_rescued_vs_non_target,true_rescued_rare,non_target,nearest_nonrare_distance,0,1701,,3.87628277458094,,,1.0,,
pancreas_integrated,42,all,H3a_true_rescued_vs_non_target,true_rescued_rare,non_target,prototype_margin,0,1701,,-3.852904060069086,,,1.0,,
pancreas_integrated,42,all,H3a_true_rescued_vs_non_target,true_rescued_rare,non_target,scANVI_rare_probability,0,1701,,2.1018303e-09,,,,,
pancreas_integrated,42,all,H3b_true_rescued_vs_closest_competitor,true_rescued_rare,closest_competitor,rare_membership_score,0,22,,0.1154778230458107,,,1.0,,
pancreas_integrated,42,all,H3b_true_rescued_vs_closest_competitor,true_rescued_rare,closest_competitor,rare_rank,0,22,,3.0,,,-1.0,,
pancreas_integrated,42,all,H3b_true_rescued_vs_closest_competitor,true_rescued_rare,closest_competitor,rare_standardized_distance,0,22,,1.5424986771530067,,,-1.0,,
pancreas_integrated,42,all,H3b_true_rescued_vs_closest_competitor,true_rescued_rare,closest_competitor,standardized_prototype_margin,0,22,,-0.2773163636706871,,,1.0,,
pancreas_integrated,42,all,H3b_true_rescued_vs_closest_competitor,true_rescued_rare,closest_competitor,rare_prototype_distance,0,22,,6.25350173949335,,,-1.0,,
pancreas_integrated,42,all,H3b_true_rescued_vs_closest_competitor,true_rescued_rare,closest_competitor,nearest_nonrare_distance,0,22,,4.253904300575079,,,1.0,,
pancreas_integrated,42,all,H3b_true_rescued_vs_closest_competitor,true_rescued_rare,closest_competitor,prototype_margin,0,22,,-2.361088224101783,,,1.0,,
pancreas_integrated,42,all,H3b_true_rescued_vs_closest_competitor,true_rescued_rare,closest_competitor,scANVI_rare_probability,0,22,,0.00030056511000000003,,,,,
pancreas_integrated,43,0.01,H1_baseline_correct_vs_true_rescued,baseline_correct_rare,true_rescued_rare,rare_membership_score,23,0,0.1817122161901442,,,,1.0,,
pancreas_integrated,43,0.01,H1_baseline_correct_vs_true_rescued,baseline_correct_rare,true_rescued_rare,rare_rank,23,0,1.0,,,,-1.0,,
pancreas_integrated,43,0.01,H1_baseline_correct_vs_true_rescued,baseline_correct_rare,true_rescued_rare,rare_standardized_distance,23,0,1.4555797065826492,,,,-1.0,,
pancreas_integrated,43,0.01,H1_baseline_correct_vs_true_rescued,baseline_correct_rare,true_rescued_rare,standardized_prototype_margin,23,0,0.4967778440113073,,,,1.0,,
pancreas_integrated,43,0.01,H1_baseline_correct_vs_true_rescued,baseline_correct_rare,true_rescued_rare,rare_prototype_distance,23,0,3.434128375142642,,,,-1.0,,
pancreas_integrated,43,0.01,H1_baseline_correct_vs_true_rescued,baseline_correct_rare,true_rescued_rare,nearest_nonrare_distance,23,0,6.90057126453911,,,,1.0,,
pancreas_integrated,43,0.01,H1_baseline_correct_vs_true_rescued,baseline_correct_rare,true_rescued_rare,prototype_margin,23,0,3.4407980920179093,,,,1.0,,
pancreas_integrated,43,0.01,H1_baseline_correct_vs_true_rescued,baseline_correct_rare,true_rescued_rare,scANVI_rare_probability,23,0,0.9999937,,,,,,
pancreas_integrated,43,0.01,H2_true_rescued_vs_unrescued,true_rescued_rare,unrescued_rare,rare_membership_score,0,0,,,,,1.0,,
pancreas_integrated,43,0.01,H2_true_rescued_vs_unrescued,true_rescued_rare,unrescued_rare,rare_rank,0,0,,,,,-1.0,,
pancreas_integrated,43,0.01,H2_true_rescued_vs_unrescued,true_rescued_rare,unrescued_rare,rare_standardized_distance,0,0,,,,,-1.0,,
pancreas_integrated,43,0.01,H2_true_rescued_vs_unrescued,true_rescued_rare,unrescued_rare,standardized_prototype_margin,0,0,,,,,1.0,,
pancreas_integrated,43,0.01,H2_true_rescued_vs_unrescued,true_rescued_rare,unrescued_rare,rare_prototype_distance,0,0,,,,,-1.0,,
pancreas_integrated,43,0.01,H2_true_rescued_vs_unrescued,true_rescued_rare,unrescued_rare,nearest_nonrare_distance,0,0,,,,,1.0,,
pancreas_integrated,43,0.01,H2_true_rescued_vs_unrescued,true_rescued_rare,unrescued_rare,prototype_margin,0,0,,,,,1.0,,
pancreas_integrated,43,0.01,H2_true_rescued_vs_unrescued,true_rescued_rare,unrescued_rare,scANVI_rare_probability,0,0,,,,,,,
pancreas_integrated,43,0.01,H3a_true_rescued_vs_non_target,true_rescued_rare,non_target,rare_membership_score,0,1701,,0.018581043722366648,,,1.0,,
pancreas_integrated,43,0.01,H3a_true_rescued_vs_non_target,true_rescued_rare,non_target,rare_rank,0,1701,,9.0,,,-1.0,,
pancreas_integrated,43,0.01,H3a_true_rescued_vs_non_target,true_rescued_rare,non_target,rare_standardized_distance,0,1701,,3.4224808355085385,,,-1.0,,
pancreas_integrated,43,0.01,H3a_true_rescued_vs_non_target,true_rescued_rare,non_target,standardized_prototype_margin,0,1701,,-2.2388790823436926,,,1.0,,
pancreas_integrated,43,0.01,H3a_true_rescued_vs_non_target,true_rescued_rare,non_target,rare_prototype_distance,0,1701,,8.074610065975394,,,-1.0,,
pancreas_integrated,43,0.01,H3a_true_rescued_vs_non_target,true_rescued_rare,non_target,nearest_nonrare_distance,0,1701,,3.935056998343,,,1.0,,
pancreas_integrated,43,0.01,H3a_true_rescued_vs_non_target,true_rescued_rare,non_target,prototype_margin,0,1701,,-4.057038339155747,,,1.0,,
pancreas_integrated,43,0.01,H3a_true_rescued_vs_non_target,true_rescued_rare,non_target,scANVI_rare_probability,0,1701,,2.1058087e-08,,,,,
pancreas_integrated,43,0.01,H3b_true_rescued_vs_closest_competitor,true_rescued_rare,closest_competitor,rare_membership_score,0,81,,0.03817294257434258,,,1.0,,
pancreas_integrated,43,0.01,H3b_true_rescued_vs_closest_competitor,true_rescued_rare,closest_competitor,rare_rank,0,81,,4.0,,,-1.0,,
pancreas_integrated,43,0.01,H3b_true_rescued_vs_closest_competitor,true_rescued_rare,closest_competitor,rare_standardized_distance,0,81,,2.6867680948253505,,,-1.0,,
pancreas_integrated,43,0.01,H3b_true_rescued_vs_closest_competitor,true_rescued_rare,closest_competitor,standardized_prototype_margin,0,81,,-1.543049492054726,,,1.0,,
pancreas_integrated,43,0.01,H3b_true_rescued_vs_closest_competitor,true_rescued_rare,closest_competitor,rare_prototype_distance,0,81,,6.338853523542012,,,-1.0,,
pancreas_integrated,43,0.01,H3b_true_rescued_vs_closest_competitor,true_rescued_rare,closest_competitor,nearest_nonrare_distance,0,81,,3.416725224514967,,,1.0,,
pancreas_integrated,43,0.01,H3b_true_rescued_vs_closest_competitor,true_rescued_rare,closest_competitor,prototype_margin,0,81,,-2.7745126533729136,,,1.0,,
pancreas_integrated,43,0.01,H3b_true_rescued_vs_closest_competitor,true_rescued_rare,closest_competitor,scANVI_rare_probability,0,81,,1.7488709e-06,,,,,
pancreas_integrated,43,0.05,H1_baseline_correct_vs_true_rescued,baseline_correct_rare,true_rescued_rare,rare_membership_score,23,0,0.25446345946578064,,,,1.0,,
pancreas_integrated,43,0.05,H1_baseline_correct_vs_true_rescued,baseline_correct_rare,true_rescued_rare,rare_rank,23,0,1.0,,,,-1.0,,
pancreas_integrated,43,0.05,H1_baseline_correct_vs_true_rescued,baseline_correct_rare,true_rescued_rare,rare_standardized_distance,23,0,1.0150277862731718,,,,-1.0,,
pancreas_integrated,43,0.05,H1_baseline_correct_vs_true_rescued,baseline_correct_rare,true_rescued_rare,standardized_prototype_margin,23,0,0.8970269692329013,,,,1.0,,
pancreas_integrated,43,0.05,H1_baseline_correct_vs_true_rescued,baseline_correct_rare,true_rescued_rare,rare_prototype_distance,23,0,3.6360526668673083,,,,-1.0,,
pancreas_integrated,43,0.05,H1_baseline_correct_vs_true_rescued,baseline_correct_rare,true_rescued_rare,nearest_nonrare_distance,23,0,7.131971220262639,,,,1.0,,
pancreas_integrated,43,0.05,H1_baseline_correct_vs_true_rescued,baseline_correct_rare,true_rescued_rare,prototype_margin,23,0,3.518708485701227,,,,1.0,,
pancreas_integrated,43,0.05,H1_baseline_correct_vs_true_rescued,baseline_correct_rare,true_rescued_rare,scANVI_rare_probability,23,0,0.9999976,,,,,,
pancreas_integrated,43,0.05,H2_true_rescued_vs_unrescued,true_rescued_rare,unrescued_rare,rare_membership_score,0,0,,,,,1.0,,
pancreas_integrated,43,0.05,H2_true_rescued_vs_unrescued,true_rescued_rare,unrescued_rare,rare_rank,0,0,,,,,-1.0,,
pancreas_integrated,43,0.05,H2_true_rescued_vs_unrescued,true_rescued_rare,unrescued_rare,rare_standardized_distance,0,0,,,,,-1.0,,
pancreas_integrated,43,0.05,H2_true_rescued_vs_unrescued,true_rescued_rare,unrescued_rare,standardized_prototype_margin,0,0,,,,,1.0,,
pancreas_integrated,43,0.05,H2_true_rescued_vs_unrescued,true_rescued_rare,unrescued_rare,rare_prototype_distance,0,0,,,,,-1.0,,
pancreas_integrated,43,0.05,H2_true_rescued_vs_unrescued,true_rescued_rare,unrescued_rare,nearest_nonrare_distance,0,0,,,,,1.0,,
pancreas_integrated,43,0.05,H2_true_rescued_vs_unrescued,true_rescued_rare,unrescued_rare,prototype_margin,0,0,,,,,1.0,,
pancreas_integrated,43,0.05,H2_true_rescued_vs_unrescued,true_rescued_rare,unrescued_rare,scANVI_rare_probability,0,0,,,,,,,
pancreas_integrated,43,0.05,H3a_true_rescued_vs_non_target,true_rescued_rare,non_target,rare_membership_score,0,1701,,0.06054901011895304,,,1.0,,
pancreas_integrated,43,0.05,H3a_true_rescued_vs_non_target,true_rescued_rare,non_target,rare_rank,0,1701,,9.0,,,-1.0,,
pancreas_integrated,43,0.05,H3a_true_rescued_vs_non_target,true_rescued_rare,non_target,rare_standardized_distance,0,1701,,2.2219236130578444,,,-1.0,,
pancreas_integrated,43,0.05,H3a_true_rescued_vs_non_target,true_rescued_rare,non_target,standardized_prototype_margin,0,1701,,-0.9815333126138495,,,1.0,,
pancreas_integrated,43,0.05,H3a_true_rescued_vs_non_target,true_rescued_rare,non_target,rare_prototype_distance,0,1701,,7.9594188337422835,,,-1.0,,
pancreas_integrated,43,0.05,H3a_true_rescued_vs_non_target,true_rescued_rare,non_target,nearest_nonrare_distance,0,1701,,3.9221238882068916,,,1.0,,
pancreas_integrated,43,0.05,H3a_true_rescued_vs_non_target,true_rescued_rare,non_target,prototype_margin,0,1701,,-3.9275276384161852,,,1.0,,
pancreas_integrated,43,0.05,H3a_true_rescued_vs_non_target,true_rescued_rare,non_target,scANVI_rare_probability,0,1701,,1.2259225e-08,,,,,
pancreas_integrated,43,0.05,H3b_true_rescued_vs_closest_competitor,true_rescued_rare,closest_competitor,rare_membership_score,0,22,,0.08959797188974145,,,1.0,,
pancreas_integrated,43,0.05,H3b_true_rescued_vs_closest_competitor,true_rescued_rare,closest_competitor,rare_rank,0,22,,4.0,,,-1.0,,
pancreas_integrated,43,0.05,H3b_true_rescued_vs_closest_competitor,true_rescued_rare,closest_competitor,rare_standardized_distance,0,22,,1.7863148083423526,,,-1.0,,
pancreas_integrated,43,0.05,H3b_true_rescued_vs_closest_competitor,true_rescued_rare,closest_competitor,standardized_prototype_margin,0,22,,-0.6409214654849469,,,1.0,,
pancreas_integrated,43,0.05,H3b_true_rescued_vs_closest_competitor,true_rescued_rare,closest_competitor,rare_prototype_distance,0,22,,6.398972334132493,,,-1.0,,
pancreas_integrated,43,0.05,H3b_true_rescued_vs_closest_competitor,true_rescued_rare,closest_competitor,nearest_nonrare_distance,0,22,,4.054257968209429,,,1.0,,
pancreas_integrated,43,0.05,H3b_true_rescued_vs_closest_competitor,true_rescued_rare,closest_competitor,prototype_margin,0,22,,-2.3079484738550264,,,1.0,,
pancreas_integrated,43,0.05,H3b_true_rescued_vs_closest_competitor,true_rescued_rare,closest_competitor,scANVI_rare_probability,0,22,,2.4824992500000003e-05,,,,,
pancreas_integrated,43,0.10,H1_baseline_correct_vs_true_rescued,baseline_correct_rare,true_rescued_rare,rare_membership_score,23,0,0.29176157766287164,,,,1.0,,
pancreas_integrated,43,0.10,H1_baseline_correct_vs_true_rescued,baseline_correct_rare,true_rescued_rare,rare_rank,23,0,1.0,,,,-1.0,,
pancreas_integrated,43,0.10,H1_baseline_correct_vs_true_rescued,baseline_correct_rare,true_rescued_rare,rare_standardized_distance,23,0,0.9156548951447064,,,,-1.0,,
pancreas_integrated,43,0.10,H1_baseline_correct_vs_true_rescued,baseline_correct_rare,true_rescued_rare,standardized_prototype_margin,23,0,1.045744300655433,,,,1.0,,
pancreas_integrated,43,0.10,H1_baseline_correct_vs_true_rescued,baseline_correct_rare,true_rescued_rare,rare_prototype_distance,23,0,4.1384979933348545,,,,-1.0,,
pancreas_integrated,43,0.10,H1_baseline_correct_vs_true_rescued,baseline_correct_rare,true_rescued_rare,nearest_nonrare_distance,23,0,7.422850802831819,,,,1.0,,
pancreas_integrated,43,0.10,H1_baseline_correct_vs_true_rescued,baseline_correct_rare,true_rescued_rare,prototype_margin,23,0,3.274331608231864,,,,1.0,,
pancreas_integrated,43,0.10,H1_baseline_correct_vs_true_rescued,baseline_correct_rare,true_rescued_rare,scANVI_rare_probability,23,0,0.99999976,,,,,,
pancreas_integrated,43,0.10,H2_true_rescued_vs_unrescued,true_rescued_rare,unrescued_rare,rare_membership_score,0,0,,,,,1.0,,
pancreas_integrated,43,0.10,H2_true_rescued_vs_unrescued,true_rescued_rare,unrescued_rare,rare_rank,0,0,,,,,-1.0,,
pancreas_integrated,43,0.10,H2_true_rescued_vs_unrescued,true_rescued_rare,unrescued_rare,rare_standardized_distance,0,0,,,,,-1.0,,
pancreas_integrated,43,0.10,H2_true_rescued_vs_unrescued,true_rescued_rare,unrescued_rare,standardized_prototype_margin,0,0,,,,,1.0,,
pancreas_integrated,43,0.10,H2_true_rescued_vs_unrescued,true_rescued_rare,unrescued_rare,rare_prototype_distance,0,0,,,,,-1.0,,
pancreas_integrated,43,0.10,H2_true_rescued_vs_unrescued,true_rescued_rare,unrescued_rare,nearest_nonrare_distance,0,0,,,,,1.0,,
pancreas_integrated,43,0.10,H2_true_rescued_vs_unrescued,true_rescued_rare,unrescued_rare,prototype_margin,0,0,,,,,1.0,,
pancreas_integrated,43,0.10,H2_true_rescued_vs_unrescued,true_rescued_rare,unrescued_rare,scANVI_rare_probability,0,0,,,,,,,
pancreas_integrated,43,0.10,H3a_true_rescued_vs_non_target,true_rescued_rare,non_target,rare_membership_score,0,1701,,0.09213477547766571,,,1.0,,
pancreas_integrated,43,0.10,H3a_true_rescued_vs_non_target,true_rescued_rare,non_target,rare_rank,0,1701,,9.0,,,-1.0,,
pancreas_integrated,43,0.10,H3a_true_rescued_vs_non_target,true_rescued_rare,non_target,rare_standardized_distance,0,1701,,1.7911549827760704,,,-1.0,,
pancreas_integrated,43,0.10,H3a_true_rescued_vs_non_target,true_rescued_rare,non_target,standardized_prototype_margin,0,1701,,-0.5426696865014298,,,1.0,,
pancreas_integrated,43,0.10,H3a_true_rescued_vs_non_target,true_rescued_rare,non_target,rare_prototype_distance,0,1701,,8.095507752185414,,,-1.0,,
pancreas_integrated,43,0.10,H3a_true_rescued_vs_non_target,true_rescued_rare,non_target,nearest_nonrare_distance,0,1701,,3.9405009441894103,,,1.0,,
pancreas_integrated,43,0.10,H3a_true_rescued_vs_non_target,true_rescued_rare,non_target,prototype_margin,0,1701,,-4.093322806686836,,,1.0,,
pancreas_integrated,43,0.10,H3a_true_rescued_vs_non_target,true_rescued_rare,non_target,scANVI_rare_probability,0,1701,,3.1642666e-09,,,,,
pancreas_integrated,43,0.10,H3b_true_rescued_vs_closest_competitor,true_rescued_rare,closest_competitor,rare_membership_score,0,22,,0.12463019524198582,,,1.0,,
pancreas_integrated,43,0.10,H3b_true_rescued_vs_closest_competitor,true_rescued_rare,closest_competitor,rare_rank,0,22,,4.0,,,-1.0,,
pancreas_integrated,43,0.10,H3b_true_rescued_vs_closest_competitor,true_rescued_rare,closest_competitor,rare_standardized_distance,0,22,,1.4369013725987085,,,-1.0,,
pancreas_integrated,43,0.10,H3b_true_rescued_vs_closest_competitor,true_rescued_rare,closest_competitor,standardized_prototype_margin,0,22,,-0.25796425334549444,,,1.0,,
pancreas_integrated,43,0.10,H3b_true_rescued_vs_closest_competitor,true_rescued_rare,closest_competitor,rare_prototype_distance,0,22,,6.494382849534238,,,-1.0,,
pancreas_integrated,43,0.10,H3b_true_rescued_vs_closest_competitor,true_rescued_rare,closest_competitor,nearest_nonrare_distance,0,22,,4.04897213734351,,,1.0,,
pancreas_integrated,43,0.10,H3b_true_rescued_vs_closest_competitor,true_rescued_rare,closest_competitor,prototype_margin,0,22,,-2.3828581868242944,,,1.0,,
pancreas_integrated,43,0.10,H3b_true_rescued_vs_closest_competitor,true_rescued_rare,closest_competitor,scANVI_rare_probability,0,22,,0.0001029493825,,,,,
pancreas_integrated,43,all,H1_baseline_correct_vs_true_rescued,baseline_correct_rare,true_rescued_rare,rare_membership_score,23,0,0.28700406840263826,,,,1.0,,
pancreas_integrated,43,all,H1_baseline_correct_vs_true_rescued,baseline_correct_rare,true_rescued_rare,rare_rank,23,0,1.0,,,,-1.0,,
pancreas_integrated,43,all,H1_baseline_correct_vs_true_rescued,baseline_correct_rare,true_rescued_rare,rare_standardized_distance,23,0,0.8619633941875969,,,,-1.0,,
pancreas_integrated,43,all,H1_baseline_correct_vs_true_rescued,baseline_correct_rare,true_rescued_rare,standardized_prototype_margin,23,0,1.047510362808488,,,,1.0,,
pancreas_integrated,43,all,H1_baseline_correct_vs_true_rescued,baseline_correct_rare,true_rescued_rare,rare_prototype_distance,23,0,3.2712833365822798,,,,-1.0,,
pancreas_integrated,43,all,H1_baseline_correct_vs_true_rescued,baseline_correct_rare,true_rescued_rare,nearest_nonrare_distance,23,0,7.193269008333886,,,,1.0,,
pancreas_integrated,43,all,H1_baseline_correct_vs_true_rescued,baseline_correct_rare,true_rescued_rare,prototype_margin,23,0,3.8362125432064285,,,,1.0,,
pancreas_integrated,43,all,H1_baseline_correct_vs_true_rescued,baseline_correct_rare,true_rescued_rare,scANVI_rare_probability,23,0,1.0,,,,,,
pancreas_integrated,43,all,H2_true_rescued_vs_unrescued,true_rescued_rare,unrescued_rare,rare_membership_score,0,0,,,,,1.0,,
pancreas_integrated,43,all,H2_true_rescued_vs_unrescued,true_rescued_rare,unrescued_rare,rare_rank,0,0,,,,,-1.0,,
pancreas_integrated,43,all,H2_true_rescued_vs_unrescued,true_rescued_rare,unrescued_rare,rare_standardized_distance,0,0,,,,,-1.0,,
pancreas_integrated,43,all,H2_true_rescued_vs_unrescued,true_rescued_rare,unrescued_rare,standardized_prototype_margin,0,0,,,,,1.0,,
pancreas_integrated,43,all,H2_true_rescued_vs_unrescued,true_rescued_rare,unrescued_rare,rare_prototype_distance,0,0,,,,,-1.0,,
pancreas_integrated,43,all,H2_true_rescued_vs_unrescued,true_rescued_rare,unrescued_rare,nearest_nonrare_distance,0,0,,,,,1.0,,
pancreas_integrated,43,all,H2_true_rescued_vs_unrescued,true_rescued_rare,unrescued_rare,prototype_margin,0,0,,,,,1.0,,
pancreas_integrated,43,all,H2_true_rescued_vs_unrescued,true_rescued_rare,unrescued_rare,scANVI_rare_probability,0,0,,,,,,,
pancreas_integrated,43,all,H3a_true_rescued_vs_non_target,true_rescued_rare,non_target,rare_membership_score,0,1701,,0.07342615001073796,,,1.0,,
pancreas_integrated,43,all,H3a_true_rescued_vs_non_target,true_rescued_rare,non_target,rare_rank,0,1701,,8.0,,,-1.0,,
pancreas_integrated,43,all,H3a_true_rescued_vs_non_target,true_rescued_rare,non_target,rare_standardized_distance,0,1701,,2.0123869727383576,,,-1.0,,
pancreas_integrated,43,all,H3a_true_rescued_vs_non_target,true_rescued_rare,non_target,standardized_prototype_margin,0,1701,,-0.7848339976337277,,,1.0,,
pancreas_integrated,43,all,H3a_true_rescued_vs_non_target,true_rescued_rare,non_target,rare_prototype_distance,0,1701,,7.6373173328071875,,,-1.0,,
pancreas_integrated,43,all,H3a_true_rescued_vs_non_target,true_rescued_rare,non_target,nearest_nonrare_distance,0,1701,,3.8437643397574064,,,1.0,,
pancreas_integrated,43,all,H3a_true_rescued_vs_non_target,true_rescued_rare,non_target,prototype_margin,0,1701,,-3.6749711746706533,,,1.0,,
pancreas_integrated,43,all,H3a_true_rescued_vs_non_target,true_rescued_rare,non_target,scANVI_rare_probability,0,1701,,1.081631e-08,,,,,
pancreas_integrated,43,all,H3b_true_rescued_vs_closest_competitor,true_rescued_rare,closest_competitor,rare_membership_score,0,22,,0.11334826258483052,,,1.0,,
pancreas_integrated,43,all,H3b_true_rescued_vs_closest_competitor,true_rescued_rare,closest_competitor,rare_rank,0,22,,3.0,,,-1.0,,
pancreas_integrated,43,all,H3b_true_rescued_vs_closest_competitor,true_rescued_rare,closest_competitor,rare_standardized_distance,0,22,,1.5227468681885223,,,-1.0,,
pancreas_integrated,43,all,H3b_true_rescued_vs_closest_competitor,true_rescued_rare,closest_competitor,standardized_prototype_margin,0,22,,-0.3811897010915869,,,1.0,,
pancreas_integrated,43,all,H3b_true_rescued_vs_closest_competitor,true_rescued_rare,closest_competitor,rare_prototype_distance,0,22,,5.779058007948111,,,-1.0,,
pancreas_integrated,43,all,H3b_true_rescued_vs_closest_competitor,true_rescued_rare,closest_competitor,nearest_nonrare_distance,0,22,,3.8895101249930804,,,1.0,,
pancreas_integrated,43,all,H3b_true_rescued_vs_closest_competitor,true_rescued_rare,closest_competitor,prototype_margin,0,22,,-1.76780243167438,,,1.0,,
pancreas_integrated,43,all,H3b_true_rescued_vs_closest_competitor,true_rescued_rare,closest_competitor,scANVI_rare_probability,0,22,,0.00021454558,,,,,
pancreas_integrated,44,0.01,H1_baseline_correct_vs_true_rescued,baseline_correct_rare,true_rescued_rare,rare_membership_score,0,23,,0.22971861478066863,,,1.0,,
pancreas_integrated,44,0.01,H1_baseline_correct_vs_true_rescued,baseline_correct_rare,true_rescued_rare,rare_rank,0,23,,1.0,,,-1.0,,
pancreas_integrated,44,0.01,H1_baseline_correct_vs_true_rescued,baseline_correct_rare,true_rescued_rare,rare_standardized_distance,0,23,,0.9528986155839653,,,-1.0,,
pancreas_integrated,44,0.01,H1_baseline_correct_vs_true_rescued,baseline_correct_rare,true_rescued_rare,standardized_prototype_margin,0,23,,0.7532317759529745,,,1.0,,
pancreas_integrated,44,0.01,H1_baseline_correct_vs_true_rescued,baseline_correct_rare,true_rescued_rare,rare_prototype_distance,0,23,,3.599520667515832,,,-1.0,,
pancreas_integrated,44,0.01,H1_baseline_correct_vs_true_rescued,baseline_correct_rare,true_rescued_rare,nearest_nonrare_distance,0,23,,6.14457158131505,,,1.0,,
pancreas_integrated,44,0.01,H1_baseline_correct_vs_true_rescued,baseline_correct_rare,true_rescued_rare,prototype_margin,0,23,,2.5450509137992183,,,1.0,,
pancreas_integrated,44,0.01,H1_baseline_correct_vs_true_rescued,baseline_correct_rare,true_rescued_rare,scANVI_rare_probability,0,23,,0.0009653473,,,,,
pancreas_integrated,44,0.01,H2_true_rescued_vs_unrescued,true_rescued_rare,unrescued_rare,rare_membership_score,23,0,0.22971861478066863,,,,1.0,,
pancreas_integrated,44,0.01,H2_true_rescued_vs_unrescued,true_rescued_rare,unrescued_rare,rare_rank,23,0,1.0,,,,-1.0,,
pancreas_integrated,44,0.01,H2_true_rescued_vs_unrescued,true_rescued_rare,unrescued_rare,rare_standardized_distance,23,0,0.9528986155839653,,,,-1.0,,
pancreas_integrated,44,0.01,H2_true_rescued_vs_unrescued,true_rescued_rare,unrescued_rare,standardized_prototype_margin,23,0,0.7532317759529745,,,,1.0,,
pancreas_integrated,44,0.01,H2_true_rescued_vs_unrescued,true_rescued_rare,unrescued_rare,rare_prototype_distance,23,0,3.599520667515832,,,,-1.0,,
pancreas_integrated,44,0.01,H2_true_rescued_vs_unrescued,true_rescued_rare,unrescued_rare,nearest_nonrare_distance,23,0,6.14457158131505,,,,1.0,,
pancreas_integrated,44,0.01,H2_true_rescued_vs_unrescued,true_rescued_rare,unrescued_rare,prototype_margin,23,0,2.5450509137992183,,,,1.0,,
pancreas_integrated,44,0.01,H2_true_rescued_vs_unrescued,true_rescued_rare,unrescued_rare,scANVI_rare_probability,23,0,0.0009653473,,,,,,
pancreas_integrated,44,0.01,H3a_true_rescued_vs_non_target,true_rescued_rare,non_target,rare_membership_score,23,1701,0.22971861478066863,0.0700986529306201,0.1596199618500485,1.0,1.0,0.1596199618500485,1.0
pancreas_integrated,44,0.01,H3a_true_rescued_vs_non_target,true_rescued_rare,non_target,rare_rank,23,1701,1.0,9.0,-8.0,-1.0,-1.0,8.0,1.0
pancreas_integrated,44,0.01,H3a_true_rescued_vs_non_target,true_rescued_rare,non_target,rare_standardized_distance,23,1701,0.9528986155839653,2.0916444043717313,-1.138745788787766,-0.9999488791759323,-1.0,1.138745788787766,0.9999488791759323
pancreas_integrated,44,0.01,H3a_true_rescued_vs_non_target,true_rescued_rare,non_target,standardized_prototype_margin,23,1701,0.7532317759529745,-0.8508536677546821,1.6040854437076566,0.9999488791759323,1.0,1.6040854437076566,0.9999488791759323
pancreas_integrated,44,0.01,H3a_true_rescued_vs_non_target,true_rescued_rare,non_target,rare_prototype_distance,23,1701,3.599520667515832,7.901068528697505,-4.301547861181673,-0.9999488791759323,-1.0,4.301547861181673,0.9999488791759323
pancreas_integrated,44,0.01,H3a_true_rescued_vs_non_target,true_rescued_rare,non_target,nearest_nonrare_distance,23,1701,6.14457158131505,3.941940502463915,2.202631078851135,0.8914704905043069,1.0,2.202631078851135,0.8914704905043069
pancreas_integrated,44,0.01,H3a_true_rescued_vs_non_target,true_rescued_rare,non_target,prototype_margin,23,1701,2.5450509137992183,-3.781715163753126,6.326766077552344,1.0,1.0,6.326766077552344,1.0
pancreas_integrated,44,0.01,H3a_true_rescued_vs_non_target,true_rescued_rare,non_target,scANVI_rare_probability,23,1701,0.0009653473,4.4841224e-09,0.0009653428158776,0.9723947550034506,,,
pancreas_integrated,44,0.01,H3b_true_rescued_vs_closest_competitor,true_rescued_rare,closest_competitor,rare_membership_score,23,81,0.22971861478066863,0.10491509904042663,0.124803515740242,1.0,1.0,0.124803515740242,1.0
pancreas_integrated,44,0.01,H3b_true_rescued_vs_closest_competitor,true_rescued_rare,closest_competitor,rare_rank,23,81,1.0,3.0,-2.0,-1.0,-1.0,2.0,1.0
pancreas_integrated,44,0.01,H3b_true_rescued_vs_closest_competitor,true_rescued_rare,closest_competitor,rare_standardized_distance,23,81,0.9528986155839653,1.7011564168542552,-0.74825780127029,-0.9989264626945786,-1.0,0.74825780127029,0.9989264626945786
pancreas_integrated,44,0.01,H3b_true_rescued_vs_closest_competitor,true_rescued_rare,closest_competitor,standardized_prototype_margin,23,81,0.7532317759529745,-0.5492362401821289,1.3024680161351034,1.0,1.0,1.3024680161351034,1.0
pancreas_integrated,44,0.01,H3b_true_rescued_vs_closest_competitor,true_rescued_rare,closest_competitor,rare_prototype_distance,23,81,3.599520667515832,6.426022224191706,-2.8265015566758738,-0.9989264626945786,-1.0,2.8265015566758738,0.9989264626945786
pancreas_integrated,44,0.01,H3b_true_rescued_vs_closest_competitor,true_rescued_rare,closest_competitor,nearest_nonrare_distance,23,81,6.14457158131505,3.5616112029635567,2.5829603783514936,0.9023081052066559,1.0,2.5829603783514936,0.9023081052066559
pancreas_integrated,44,0.01,H3b_true_rescued_vs_closest_competitor,true_rescued_rare,closest_competitor,prototype_margin,23,81,2.5450509137992183,-2.7896936366172436,5.3347445504164615,1.0,1.0,5.3347445504164615,1.0
pancreas_integrated,44,0.01,H3b_true_rescued_vs_closest_competitor,true_rescued_rare,closest_competitor,scANVI_rare_probability,23,81,0.0009653473,4.994762e-06,0.000960352538,0.8432635534084809,,,
pancreas_integrated,44,0.05,H1_baseline_correct_vs_true_rescued,baseline_correct_rare,true_rescued_rare,rare_membership_score,23,0,0.2516310995684572,,,,1.0,,
pancreas_integrated,44,0.05,H1_baseline_correct_vs_true_rescued,baseline_correct_rare,true_rescued_rare,rare_rank,23,0,1.0,,,,-1.0,,
pancreas_integrated,44,0.05,H1_baseline_correct_vs_true_rescued,baseline_correct_rare,true_rescued_rare,rare_standardized_distance,23,0,0.8876986851125213,,,,-1.0,,
pancreas_integrated,44,0.05,H1_baseline_correct_vs_true_rescued,baseline_correct_rare,true_rescued_rare,standardized_prototype_margin,23,0,0.864685353947146,,,,1.0,,
pancreas_integrated,44,0.05,H1_baseline_correct_vs_true_rescued,baseline_correct_rare,true_rescued_rare,rare_prototype_distance,23,0,3.3652643596083434,,,,-1.0,,
pancreas_integrated,44,0.05,H1_baseline_correct_vs_true_rescued,baseline_correct_rare,true_rescued_rare,nearest_nonrare_distance,23,0,6.317136582213294,,,,1.0,,
pancreas_integrated,44,0.05,H1_baseline_correct_vs_true_rescued,baseline_correct_rare,true_rescued_rare,prototype_margin,23,0,2.9826547049746717,,,,1.0,,
pancreas_integrated,44,0.05,H1_baseline_correct_vs_true_rescued,baseline_correct_rare,true_rescued_rare,scANVI_rare_probability,23,0,0.99999607,,,,,,
pancreas_integrated,44,0.05,H2_true_rescued_vs_unrescued,true_rescued_rare,unrescued_rare,rare_membership_score,0,0,,,,,1.0,,
pancreas_integrated,44,0.05,H2_true_rescued_vs_unrescued,true_rescued_rare,unrescued_rare,rare_rank,0,0,,,,,-1.0,,
pancreas_integrated,44,0.05,H2_true_rescued_vs_unrescued,true_rescued_rare,unrescued_rare,rare_standardized_distance,0,0,,,,,-1.0,,
pancreas_integrated,44,0.05,H2_true_rescued_vs_unrescued,true_rescued_rare,unrescued_rare,standardized_prototype_margin,0,0,,,,,1.0,,
pancreas_integrated,44,0.05,H2_true_rescued_vs_unrescued,true_rescued_rare,unrescued_rare,rare_prototype_distance,0,0,,,,,-1.0,,
pancreas_integrated,44,0.05,H2_true_rescued_vs_unrescued,true_rescued_rare,unrescued_rare,nearest_nonrare_distance,0,0,,,,,1.0,,
pancreas_integrated,44,0.05,H2_true_rescued_vs_unrescued,true_rescued_rare,unrescued_rare,prototype_margin,0,0,,,,,1.0,,
pancreas_integrated,44,0.05,H2_true_rescued_vs_unrescued,true_rescued_rare,unrescued_rare,scANVI_rare_probability,0,0,,,,,,,
pancreas_integrated,44,0.05,H3a_true_rescued_vs_non_target,true_rescued_rare,non_target,rare_membership_score,0,1701,,0.07340125772558366,,,1.0,,
pancreas_integrated,44,0.05,H3a_true_rescued_vs_non_target,true_rescued_rare,non_target,rare_rank,0,1701,,9.0,,,-1.0,,
pancreas_integrated,44,0.05,H3a_true_rescued_vs_non_target,true_rescued_rare,non_target,rare_standardized_distance,0,1701,,2.03470429038432,,,-1.0,,
pancreas_integrated,44,0.05,H3a_true_rescued_vs_non_target,true_rescued_rare,non_target,standardized_prototype_margin,0,1701,,-0.8127318994944368,,,1.0,,
pancreas_integrated,44,0.05,H3a_true_rescued_vs_non_target,true_rescued_rare,non_target,rare_prototype_distance,0,1701,,7.713560857538725,,,-1.0,,
pancreas_integrated,44,0.05,H3a_true_rescued_vs_non_target,true_rescued_rare,non_target,nearest_nonrare_distance,0,1701,,3.766367075447293,,,1.0,,
pancreas_integrated,44,0.05,H3a_true_rescued_vs_non_target,true_rescued_rare,non_target,prototype_margin,0,1701,,-3.817369972339884,,,1.0,,
pancreas_integrated,44,0.05,H3a_true_rescued_vs_non_target,true_rescued_rare,non_target,scANVI_rare_probability,0,1701,,2.2489608e-08,,,,,
pancreas_integrated,44,0.05,H3b_true_rescued_vs_closest_competitor,true_rescued_rare,closest_competitor,rare_membership_score,0,81,,0.09737234389286732,,,1.0,,
pancreas_integrated,44,0.05,H3b_true_rescued_vs_closest_competitor,true_rescued_rare,closest_competitor,rare_rank,0,81,,4.0,,,-1.0,,
pancreas_integrated,44,0.05,H3b_true_rescued_vs_closest_competitor,true_rescued_rare,closest_competitor,rare_standardized_distance,0,81,,1.7796463064685086,,,-1.0,,
pancreas_integrated,44,0.05,H3b_true_rescued_vs_closest_competitor,true_rescued_rare,closest_competitor,standardized_prototype_margin,0,81,,-0.637381661987304,,,1.0,,
pancreas_integrated,44,0.05,H3b_true_rescued_vs_closest_competitor,true_rescued_rare,closest_competitor,rare_prototype_distance,0,81,,6.746636430026884,,,-1.0,,
pancreas_integrated,44,0.05,H3b_true_rescued_vs_closest_competitor,true_rescued_rare,closest_competitor,nearest_nonrare_distance,0,81,,3.2907971631774755,,,1.0,,
pancreas_integrated,44,0.05,H3b_true_rescued_vs_closest_competitor,true_rescued_rare,closest_competitor,prototype_margin,0,81,,-3.3116129952132747,,,1.0,,
pancreas_integrated,44,0.05,H3b_true_rescued_vs_closest_competitor,true_rescued_rare,closest_competitor,scANVI_rare_probability,0,81,,1.693405e-06,,,,,
pancreas_integrated,44,0.10,H1_baseline_correct_vs_true_rescued,baseline_correct_rare,true_rescued_rare,rare_membership_score,23,0,0.23658437983051728,,,,1.0,,
pancreas_integrated,44,0.10,H1_baseline_correct_vs_true_rescued,baseline_correct_rare,true_rescued_rare,rare_rank,23,0,1.0,,,,-1.0,,
pancreas_integrated,44,0.10,H1_baseline_correct_vs_true_rescued,baseline_correct_rare,true_rescued_rare,rare_standardized_distance,23,0,0.9515901153546257,,,,-1.0,,
pancreas_integrated,44,0.10,H1_baseline_correct_vs_true_rescued,baseline_correct_rare,true_rescued_rare,standardized_prototype_margin,23,0,0.8393395098495373,,,,1.0,,
pancreas_integrated,44,0.10,H1_baseline_correct_vs_true_rescued,baseline_correct_rare,true_rescued_rare,rare_prototype_distance,23,0,3.3697183339802534,,,,-1.0,,
pancreas_integrated,44,0.10,H1_baseline_correct_vs_true_rescued,baseline_correct_rare,true_rescued_rare,nearest_nonrare_distance,23,0,6.551297994641163,,,,1.0,,
pancreas_integrated,44,0.10,H1_baseline_correct_vs_true_rescued,baseline_correct_rare,true_rescued_rare,prototype_margin,23,0,2.964640689999481,,,,1.0,,
pancreas_integrated,44,0.10,H1_baseline_correct_vs_true_rescued,baseline_correct_rare,true_rescued_rare,scANVI_rare_probability,23,0,0.9999957,,,,,,
pancreas_integrated,44,0.10,H2_true_rescued_vs_unrescued,true_rescued_rare,unrescued_rare,rare_membership_score,0,0,,,,,1.0,,
pancreas_integrated,44,0.10,H2_true_rescued_vs_unrescued,true_rescued_rare,unrescued_rare,rare_rank,0,0,,,,,-1.0,,
pancreas_integrated,44,0.10,H2_true_rescued_vs_unrescued,true_rescued_rare,unrescued_rare,rare_standardized_distance,0,0,,,,,-1.0,,
pancreas_integrated,44,0.10,H2_true_rescued_vs_unrescued,true_rescued_rare,unrescued_rare,standardized_prototype_margin,0,0,,,,,1.0,,
pancreas_integrated,44,0.10,H2_true_rescued_vs_unrescued,true_rescued_rare,unrescued_rare,rare_prototype_distance,0,0,,,,,-1.0,,
pancreas_integrated,44,0.10,H2_true_rescued_vs_unrescued,true_rescued_rare,unrescued_rare,nearest_nonrare_distance,0,0,,,,,1.0,,
pancreas_integrated,44,0.10,H2_true_rescued_vs_unrescued,true_rescued_rare,unrescued_rare,prototype_margin,0,0,,,,,1.0,,
pancreas_integrated,44,0.10,H2_true_rescued_vs_unrescued,true_rescued_rare,unrescued_rare,scANVI_rare_probability,0,0,,,,,,,
pancreas_integrated,44,0.10,H3a_true_rescued_vs_non_target,true_rescued_rare,non_target,rare_membership_score,0,1701,,0.056289870923826715,,,1.0,,
pancreas_integrated,44,0.10,H3a_true_rescued_vs_non_target,true_rescued_rare,non_target,rare_rank,0,1701,,10.0,,,-1.0,,
pancreas_integrated,44,0.10,H3a_true_rescued_vs_non_target,true_rescued_rare,non_target,rare_standardized_distance,0,1701,,2.3437349623063204,,,-1.0,,
pancreas_integrated,44,0.10,H3a_true_rescued_vs_non_target,true_rescued_rare,non_target,standardized_prototype_margin,0,1701,,-1.112964957599533,,,1.0,,
pancreas_integrated,44,0.10,H3a_true_rescued_vs_non_target,true_rescued_rare,non_target,rare_prototype_distance,0,1701,,8.299504739528436,,,-1.0,,
pancreas_integrated,44,0.10,H3a_true_rescued_vs_non_target,true_rescued_rare,non_target,nearest_nonrare_distance,0,1701,,3.8815437586951704,,,1.0,,
pancreas_integrated,44,0.10,H3a_true_rescued_vs_non_target,true_rescued_rare,non_target,prototype_margin,0,1701,,-4.332329006078134,,,1.0,,
pancreas_integrated,44,0.10,H3a_true_rescued_vs_non_target,true_rescued_rare,non_target,scANVI_rare_probability,0,1701,,3.085405e-09,,,,,
pancreas_integrated,44,0.10,H3b_true_rescued_vs_closest_competitor,true_rescued_rare,closest_competitor,rare_membership_score,0,22,,0.0808580721813258,,,1.0,,
pancreas_integrated,44,0.10,H3b_true_rescued_vs_closest_competitor,true_rescued_rare,closest_competitor,rare_rank,0,22,,4.0,,,-1.0,,
pancreas_integrated,44,0.10,H3b_true_rescued_vs_closest_competitor,true_rescued_rare,closest_competitor,rare_standardized_distance,0,22,,1.9625592906596367,,,-1.0,,
pancreas_integrated,44,0.10,H3b_true_rescued_vs_closest_competitor,true_rescued_rare,closest_competitor,standardized_prototype_margin,0,22,,-0.7118307369314458,,,1.0,,
pancreas_integrated,44,0.10,H3b_true_rescued_vs_closest_competitor,true_rescued_rare,closest_competitor,rare_prototype_distance,0,22,,6.949706513916987,,,-1.0,,
pancreas_integrated,44,0.10,H3b_true_rescued_vs_closest_competitor,true_rescued_rare,closest_competitor,nearest_nonrare_distance,0,22,,4.137012397053557,,,1.0,,
pancreas_integrated,44,0.10,H3b_true_rescued_vs_closest_competitor,true_rescued_rare,closest_competitor,prototype_margin,0,22,,-2.6054934845524595,,,1.0,,
pancreas_integrated,44,0.10,H3b_true_rescued_vs_closest_competitor,true_rescued_rare,closest_competitor,scANVI_rare_probability,0,22,,0.000155736135,,,,,
pancreas_integrated,44,all,H1_baseline_correct_vs_true_rescued,baseline_correct_rare,true_rescued_rare,rare_membership_score,23,0,0.2422648316460092,,,,1.0,,
pancreas_integrated,44,all,H1_baseline_correct_vs_true_rescued,baseline_correct_rare,true_rescued_rare,rare_rank,23,0,1.0,,,,-1.0,,
pancreas_integrated,44,all,H1_baseline_correct_vs_true_rescued,baseline_correct_rare,true_rescued_rare,rare_standardized_distance,23,0,0.7872739824337396,,,,-1.0,,
pancreas_integrated,44,all,H1_baseline_correct_vs_true_rescued,baseline_correct_rare,true_rescued_rare,standardized_prototype_margin,23,0,0.8765857701827338,,,,1.0,,
pancreas_integrated,44,all,H1_baseline_correct_vs_true_rescued,baseline_correct_rare,true_rescued_rare,rare_prototype_distance,23,0,3.026695647863902,,,,-1.0,,
pancreas_integrated,44,all,H1_baseline_correct_vs_true_rescued,baseline_correct_rare,true_rescued_rare,nearest_nonrare_distance,23,0,6.338659493302273,,,,1.0,,
pancreas_integrated,44,all,H1_baseline_correct_vs_true_rescued,baseline_correct_rare,true_rescued_rare,prototype_margin,23,0,3.041545334987494,,,,1.0,,
pancreas_integrated,44,all,H1_baseline_correct_vs_true_rescued,baseline_correct_rare,true_rescued_rare,scANVI_rare_probability,23,0,1.0,,,,,,
pancreas_integrated,44,all,H2_true_rescued_vs_unrescued,true_rescued_rare,unrescued_rare,rare_membership_score,0,0,,,,,1.0,,
pancreas_integrated,44,all,H2_true_rescued_vs_unrescued,true_rescued_rare,unrescued_rare,rare_rank,0,0,,,,,-1.0,,
pancreas_integrated,44,all,H2_true_rescued_vs_unrescued,true_rescued_rare,unrescued_rare,rare_standardized_distance,0,0,,,,,-1.0,,
pancreas_integrated,44,all,H2_true_rescued_vs_unrescued,true_rescued_rare,unrescued_rare,standardized_prototype_margin,0,0,,,,,1.0,,
pancreas_integrated,44,all,H2_true_rescued_vs_unrescued,true_rescued_rare,unrescued_rare,rare_prototype_distance,0,0,,,,,-1.0,,
pancreas_integrated,44,all,H2_true_rescued_vs_unrescued,true_rescued_rare,unrescued_rare,nearest_nonrare_distance,0,0,,,,,1.0,,
pancreas_integrated,44,all,H2_true_rescued_vs_unrescued,true_rescued_rare,unrescued_rare,prototype_margin,0,0,,,,,1.0,,
pancreas_integrated,44,all,H2_true_rescued_vs_unrescued,true_rescued_rare,unrescued_rare,scANVI_rare_probability,0,0,,,,,,,
pancreas_integrated,44,all,H3a_true_rescued_vs_non_target,true_rescued_rare,non_target,rare_membership_score,0,1701,,0.06942355673283968,,,1.0,,
pancreas_integrated,44,all,H3a_true_rescued_vs_non_target,true_rescued_rare,non_target,rare_rank,0,1701,,10.0,,,-1.0,,
pancreas_integrated,44,all,H3a_true_rescued_vs_non_target,true_rescued_rare,non_target,rare_standardized_distance,0,1701,,2.0705682290905356,,,-1.0,,
pancreas_integrated,44,all,H3a_true_rescued_vs_non_target,true_rescued_rare,non_target,standardized_prototype_margin,0,1701,,-0.8334136502003009,,,1.0,,
pancreas_integrated,44,all,H3a_true_rescued_vs_non_target,true_rescued_rare,non_target,rare_prototype_distance,0,1701,,7.9603543206396346,,,-1.0,,
pancreas_integrated,44,all,H3a_true_rescued_vs_non_target,true_rescued_rare,non_target,nearest_nonrare_distance,0,1701,,3.89801684871165,,,1.0,,
pancreas_integrated,44,all,H3a_true_rescued_vs_non_target,true_rescued_rare,non_target,prototype_margin,0,1701,,-3.936511536444427,,,1.0,,
pancreas_integrated,44,all,H3a_true_rescued_vs_non_target,true_rescued_rare,non_target,scANVI_rare_probability,0,1701,,5.231071e-10,,,,,
pancreas_integrated,44,all,H3b_true_rescued_vs_closest_competitor,true_rescued_rare,closest_competitor,rare_membership_score,0,22,,0.10173727384849282,,,1.0,,
pancreas_integrated,44,all,H3b_true_rescued_vs_closest_competitor,true_rescued_rare,closest_competitor,rare_rank,0,22,,3.5,,,-1.0,,
pancreas_integrated,44,all,H3b_true_rescued_vs_closest_competitor,true_rescued_rare,closest_competitor,rare_standardized_distance,0,22,,1.6730140519728898,,,-1.0,,
pancreas_integrated,44,all,H3b_true_rescued_vs_closest_competitor,true_rescued_rare,closest_competitor,standardized_prototype_margin,0,22,,-0.4244221939361772,,,1.0,,
pancreas_integrated,44,all,H3b_true_rescued_vs_closest_competitor,true_rescued_rare,closest_competitor,rare_prototype_distance,0,22,,6.4319467719075565,,,-1.0,,
pancreas_integrated,44,all,H3b_true_rescued_vs_closest_competitor,true_rescued_rare,closest_competitor,nearest_nonrare_distance,0,22,,4.062627400721093,,,1.0,,
pancreas_integrated,44,all,H3b_true_rescued_vs_closest_competitor,true_rescued_rare,closest_competitor,prototype_margin,0,22,,-2.250801883762011,,,1.0,,
pancreas_integrated,44,all,H3b_true_rescued_vs_closest_competitor,true_rescued_rare,closest_competitor,scANVI_rare_probability,0,22,,0.00013393617,,,,,
tabula_lung_endo,42,0.01,H1_baseline_correct_vs_true_rescued,baseline_correct_rare,true_rescued_rare,rare_membership_score,0,65,,0.2557363647311926,,,1.0,,
tabula_lung_endo,42,0.01,H1_baseline_correct_vs_true_rescued,baseline_correct_rare,true_rescued_rare,rare_rank,0,65,,1.0,,,-1.0,,
tabula_lung_endo,42,0.01,H1_baseline_correct_vs_true_rescued,baseline_correct_rare,true_rescued_rare,rare_standardized_distance,0,65,,1.8254741121412508,,,-1.0,,
tabula_lung_endo,42,0.01,H1_baseline_correct_vs_true_rescued,baseline_correct_rare,true_rescued_rare,standardized_prototype_margin,0,65,,-0.06141031334014024,,,1.0,,
tabula_lung_endo,42,0.01,H1_baseline_correct_vs_true_rescued,baseline_correct_rare,true_rescued_rare,rare_prototype_distance,0,65,,5.246620493689705,,,-1.0,,
tabula_lung_endo,42,0.01,H1_baseline_correct_vs_true_rescued,baseline_correct_rare,true_rescued_rare,nearest_nonrare_distance,0,65,,7.3593028231005135,,,1.0,,
tabula_lung_endo,42,0.01,H1_baseline_correct_vs_true_rescued,baseline_correct_rare,true_rescued_rare,prototype_margin,0,65,,1.9471411451004021,,,1.0,,
tabula_lung_endo,42,0.01,H1_baseline_correct_vs_true_rescued,baseline_correct_rare,true_rescued_rare,scANVI_rare_probability,0,65,,0.003622097,,,,,
tabula_lung_endo,42,0.01,H2_true_rescued_vs_unrescued,true_rescued_rare,unrescued_rare,rare_membership_score,65,0,0.2557363647311926,,,,1.0,,
tabula_lung_endo,42,0.01,H2_true_rescued_vs_unrescued,true_rescued_rare,unrescued_rare,rare_rank,65,0,1.0,,,,-1.0,,
tabula_lung_endo,42,0.01,H2_true_rescued_vs_unrescued,true_rescued_rare,unrescued_rare,rare_standardized_distance,65,0,1.8254741121412508,,,,-1.0,,
tabula_lung_endo,42,0.01,H2_true_rescued_vs_unrescued,true_rescued_rare,unrescued_rare,standardized_prototype_margin,65,0,-0.06141031334014024,,,,1.0,,
tabula_lung_endo,42,0.01,H2_true_rescued_vs_unrescued,true_rescued_rare,unrescued_rare,rare_prototype_distance,65,0,5.246620493689705,,,,-1.0,,
tabula_lung_endo,42,0.01,H2_true_rescued_vs_unrescued,true_rescued_rare,unrescued_rare,nearest_nonrare_distance,65,0,7.3593028231005135,,,,1.0,,
tabula_lung_endo,42,0.01,H2_true_rescued_vs_unrescued,true_rescued_rare,unrescued_rare,prototype_margin,65,0,1.9471411451004021,,,,1.0,,
tabula_lung_endo,42,0.01,H2_true_rescued_vs_unrescued,true_rescued_rare,unrescued_rare,scANVI_rare_probability,65,0,0.003622097,,,,,,
tabula_lung_endo,42,0.01,H3a_true_rescued_vs_non_target,true_rescued_rare,non_target,rare_membership_score,65,1716,0.2557363647311926,0.060020909820219626,0.19571545491097297,0.9997131074054151,1.0,0.19571545491097297,0.9997131074054151
tabula_lung_endo,42,0.01,H3a_true_rescued_vs_non_target,true_rescued_rare,non_target,rare_rank,65,1716,1.0,4.0,-3.0,-0.9988344988344988,-1.0,3.0,0.9988344988344988
tabula_lung_endo,42,0.01,H3a_true_rescued_vs_non_target,true_rescued_rare,non_target,rare_standardized_distance,65,1716,1.8254741121412508,3.081333731565552,-1.2558596194243012,-0.927523758292989,-1.0,1.2558596194243012,0.927523758292989
tabula_lung_endo,42,0.01,H3a_true_rescued_vs_non_target,true_rescued_rare,non_target,standardized_prototype_margin,65,1716,-0.06141031334014024,-1.9444503694258866,1.8830400560857463,0.9996951766182536,1.0,1.8830400560857463,0.9996951766182536
tabula_lung_endo,42,0.01,H3a_true_rescued_vs_non_target,true_rescued_rare,non_target,rare_prototype_distance,65,1716,5.246620493689705,8.856104064366082,-3.6094835706763773,-0.927523758292989,-1.0,3.6094835706763773,0.927523758292989
tabula_lung_endo,42,0.01,H3a_true_rescued_vs_non_target,true_rescued_rare,non_target,nearest_nonrare_distance,65,1716,7.3593028231005135,5.2359939630263455,2.123308860074168,0.8041958041958042,1.0,2.123308860074168,0.8041958041958042
tabula_lung_endo,42,0.01,H3a_true_rescued_vs_non_target,true_rescued_rare,non_target,prototype_margin,65,1716,1.9471411451004021,-3.4229883264445005,5.370129471544903,0.9998565537027075,1.0,5.370129471544903,0.9998565537027075
tabula_lung_endo,42,0.01,H3a_true_rescued_vs_non_target,true_rescued_rare,non_target,scANVI_rare_probability,65,1716,0.003622097,4.17237355e-06,0.0036179246264499997,0.8500627577550655,,,
tabula_lung_endo,42,0.01,H3b_true_rescued_vs_closest_competitor,true_rescued_rare,closest_competitor,rare_membership_score,65,144,0.2557363647311926,0.0753768931201781,0.1803594716110145,0.9976495726495727,1.0,0.1803594716110145,0.9976495726495727
tabula_lung_endo,42,0.01,H3b_true_rescued_vs_closest_competitor,true_rescued_rare,closest_competitor,rare_rank,65,144,1.0,4.0,-3.0,-0.9930555555555556,-1.0,3.0,0.9930555555555556
tabula_lung_endo,42,0.01,H3b_true_rescued_vs_closest_competitor,true_rescued_rare,closest_competitor,rare_standardized_distance,65,144,1.8254741121412508,2.756851379062991,-0.9313772669217402,-0.8228632478632478,-1.0,0.9313772669217402,0.8228632478632478
tabula_lung_endo,42,0.01,H3b_true_rescued_vs_closest_competitor,true_rescued_rare,closest_competitor,standardized_prototype_margin,65,144,-0.06141031334014024,-1.571205807178083,1.5097954938379428,0.9976495726495727,1.0,1.5097954938379428,0.9976495726495727
tabula_lung_endo,42,0.01,H3b_true_rescued_vs_closest_competitor,true_rescued_rare,closest_competitor,rare_prototype_distance,65,144,5.246620493689705,7.923504829374108,-2.676884335684403,-0.8228632478632478,-1.0,2.676884335684403,0.8228632478632478
tabula_lung_endo,42,0.01,H3b_true_rescued_vs_closest_competitor,true_rescued_rare,closest_competitor,nearest_nonrare_distance,65,144,7.3593028231005135,4.828261049552726,2.5310417735477877,0.9378205128205128,1.0,2.5310417735477877,0.9378205128205128
tabula_lung_endo,42,0.01,H3b_true_rescued_vs_closest_competitor,true_rescued_rare,closest_competitor,prototype_margin,65,144,1.9471411451004021,-3.1481925856577586,5.095333730758161,0.9995726495726496,1.0,5.095333730758161,0.9995726495726496
tabula_lung_endo,42,0.01,H3b_true_rescued_vs_closest_competitor,true_rescued_rare,closest_competitor,scANVI_rare_probability,65,144,0.003622097,1.25195405e-05,0.0036095774594999998,0.7675213675213675,,,
tabula_lung_endo,42,0.05,H1_baseline_correct_vs_true_rescued,baseline_correct_rare,true_rescued_rare,rare_membership_score,33,32,0.4309619179657287,0.36754910294138965,0.06341281502433904,0.5037878787878789,1.0,0.06341281502433904,0.5037878787878789
tabula_lung_endo,42,0.05,H1_baseline_correct_vs_true_rescued,baseline_correct_rare,true_rescued_rare,rare_rank,33,32,1.0,1.0,0.0,0.0,-1.0,-0.0,-0.0
tabula_lung_endo,42,0.05,H1_baseline_correct_vs_true_rescued,baseline_correct_rare,true_rescued_rare,rare_standardized_distance,33,32,1.1185518897254183,1.238694882432973,-0.1201429927075548,-0.30681818181818177,-1.0,0.1201429927075548,0.30681818181818177
tabula_lung_endo,42,0.05,H1_baseline_correct_vs_true_rescued,baseline_correct_rare,true_rescued_rare,standardized_prototype_margin,33,32,0.7924264361871032,0.5268586827268887,0.26556775346021444,0.4640151515151516,1.0,0.26556775346021444,0.4640151515151516
tabula_lung_endo,42,0.05,H1_baseline_correct_vs_true_rescued,baseline_correct_rare,true_rescued_rare,rare_prototype_distance,33,32,4.391118353532967,4.862765762269657,-0.47164740873668975,-0.30681818181818177,-1.0,0.47164740873668975,0.30681818181818177
tabula_lung_endo,42,0.05,H1_baseline_correct_vs_true_rescued,baseline_correct_rare,true_rescued_rare,nearest_nonrare_distance,33,32,7.609044726558383,7.185924565373263,0.4231201611851203,0.27083333333333326,1.0,0.4231201611851203,0.27083333333333326
tabula_lung_endo,42,0.05,H1_baseline_correct_vs_true_rescued,baseline_correct_rare,true_rescued_rare,prototype_margin,33,32,3.2734001853328447,2.2397661916300717,1.033633993702773,0.6912878787878789,1.0,1.033633993702773,0.6912878787878789
tabula_lung_endo,42,0.05,H1_baseline_correct_vs_true_rescued,baseline_correct_rare,true_rescued_rare,scANVI_rare_probability,33,32,0.89432544,0.10995936,0.7843660800000001,1.0,,,
tabula_lung_endo,42,0.05,H2_true_rescued_vs_unrescued,true_rescued_rare,unrescued_rare,rare_membership_score,32,0,0.36754910294138965,,,,1.0,,
tabula_lung_endo,42,0.05,H2_true_rescued_vs_unrescued,true_rescued_rare,unrescued_rare,rare_rank,32,0,1.0,,,,-1.0,,
tabula_lung_endo,42,0.05,H2_true_rescued_vs_unrescued,true_rescued_rare,unrescued_rare,rare_standardized_distance,32,0,1.238694882432973,,,,-1.0,,
tabula_lung_endo,42,0.05,H2_true_rescued_vs_unrescued,true_rescued_rare,unrescued_rare,standardized_prototype_margin,32,0,0.5268586827268887,,,,1.0,,
tabula_lung_endo,42,0.05,H2_true_rescued_vs_unrescued,true_rescued_rare,unrescued_rare,rare_prototype_distance,32,0,4.862765762269657,,,,-1.0,,
tabula_lung_endo,42,0.05,H2_true_rescued_vs_unrescued,true_rescued_rare,unrescued_rare,nearest_nonrare_distance,32,0,7.185924565373263,,,,1.0,,
tabula_lung_endo,42,0.05,H2_true_rescued_vs_unrescued,true_rescued_rare,unrescued_rare,prototype_margin,32,0,2.2397661916300717,,,,1.0,,
tabula_lung_endo,42,0.05,H2_true_rescued_vs_unrescued,true_rescued_rare,unrescued_rare,scANVI_rare_probability,32,0,0.10995936,,,,,,
tabula_lung_endo,42,0.05,H3a_true_rescued_vs_non_target,true_rescued_rare,non_target,rare_membership_score,32,1716,0.36754910294138965,0.11503722536000408,0.2525118775813856,0.9996722027972027,1.0,0.2525118775813856,0.9996722027972027
tabula_lung_endo,42,0.05,H3a_true_rescued_vs_non_target,true_rescued_rare,non_target,rare_rank,32,1716,1.0,4.0,-3.0,-0.997086247086247,-1.0,3.0,0.997086247086247
tabula_lung_endo,42,0.05,H3a_true_rescued_vs_non_target,true_rescued_rare,non_target,rare_standardized_distance,32,1716,1.238694882432973,2.370648386979458,-1.1319535045464848,-0.9690049533799534,-1.0,1.1319535045464848,0.9690049533799534
tabula_lung_endo,42,0.05,H3a_true_rescued_vs_non_target,true_rescued_rare,non_target,standardized_prototype_margin,32,1716,0.5268586827268887,-1.2322214424781943,1.7590801252050832,0.9997086247086246,1.0,1.7590801252050832,0.9997086247086246
tabula_lung_endo,42,0.05,H3a_true_rescued_vs_non_target,true_rescued_rare,non_target,rare_prototype_distance,32,1716,4.862765762269657,9.306495065145537,-4.44372930287588,-0.9690049533799534,-1.0,4.44372930287588,0.9690049533799534
tabula_lung_endo,42,0.05,H3a_true_rescued_vs_non_target,true_rescued_rare,non_target,nearest_nonrare_distance,32,1716,7.185924565373263,5.241332370565386,1.9445921948078766,0.7727272727272727,1.0,1.9445921948078766,0.7727272727272727
tabula_lung_endo,42,0.05,H3a_true_rescued_vs_non_target,true_rescued_rare,non_target,prototype_margin,32,1716,2.2397661916300717,-3.9443483465326037,6.184114538162675,0.9993444055944056,1.0,6.184114538162675,0.9993444055944056
tabula_lung_endo,42,0.05,H3a_true_rescued_vs_non_target,true_rescued_rare,non_target,scANVI_rare_probability,32,1716,0.10995936,7.9216927e-07,0.10995856783073,0.9913315850815851,,,
tabula_lung_endo,42,0.05,H3b_true_rescued_vs_closest_competitor,true_rescued_rare,closest_competitor,rare_membership_score,32,144,0.36754910294138965,0.12216322012393951,0.24538588281745013,0.9986979166666667,1.0,0.24538588281745013,0.9986979166666667
tabula_lung_endo,42,0.05,H3b_true_rescued_vs_closest_competitor,true_rescued_rare,closest_competitor,rare_rank,32,144,1.0,4.0,-3.0,-0.9930555555555556,-1.0,3.0,0.9930555555555556
tabula_lung_endo,42,0.05,H3b_true_rescued_vs_closest_competitor,true_rescued_rare,closest_competitor,rare_standardized_distance,32,144,1.238694882432973,2.1567463567418153,-0.9180514743088422,-0.9340277777777778,-1.0,0.9180514743088422,0.9340277777777778
tabula_lung_endo,42,0.05,H3b_true_rescued_vs_closest_competitor,true_rescued_rare,closest_competitor,standardized_prototype_margin,32,144,0.5268586827268887,-1.0299722244410288,1.5568309071679174,0.9986979166666667,1.0,1.5568309071679174,0.9986979166666667
tabula_lung_endo,42,0.05,H3b_true_rescued_vs_closest_competitor,true_rescued_rare,closest_competitor,rare_prototype_distance,32,144,4.862765762269657,8.466776193395162,-3.6040104311255057,-0.9340277777777778,-1.0,3.6040104311255057,0.9340277777777778
tabula_lung_endo,42,0.05,H3b_true_rescued_vs_closest_competitor,true_rescued_rare,closest_competitor,nearest_nonrare_distance,32,144,7.185924565373263,4.8052781571072,2.380646408266063,0.9227430555555556,1.0,2.380646408266063,0.9227430555555556
tabula_lung_endo,42,0.05,H3b_true_rescued_vs_closest_competitor,true_rescued_rare,closest_competitor,prototype_margin,32,144,2.2397661916300717,-3.679281293204117,5.919047484834189,0.9986979166666667,1.0,5.919047484834189,0.9986979166666667
tabula_lung_endo,42,0.05,H3b_true_rescued_vs_closest_competitor,true_rescued_rare,closest_competitor,scANVI_rare_probability,32,144,0.10995936,4.4258036999999997e-05,0.109915101963,0.9652777777777777,,,
tabula_lung_endo,42,0.10,H1_baseline_correct_vs_true_rescued,baseline_correct_rare,true_rescued_rare,rare_membership_score,64,0,0.41528161104438205,,,,1.0,,
tabula_lung_endo,42,0.10,H1_baseline_correct_vs_true_rescued,baseline_correct_rare,true_rescued_rare,rare_rank,64,0,1.0,,,,-1.0,,
tabula_lung_endo,42,0.10,H1_baseline_correct_vs_true_rescued,baseline_correct_rare,true_rescued_rare,rare_standardized_distance,64,0,1.1008111005457764,,,,-1.0,,
tabula_lung_endo,42,0.10,H1_baseline_correct_vs_true_rescued,baseline_correct_rare,true_rescued_rare,standardized_prototype_margin,64,0,0.6947498819917934,,,,1.0,,
tabula_lung_endo,42,0.10,H1_baseline_correct_vs_true_rescued,baseline_correct_rare,true_rescued_rare,rare_prototype_distance,64,0,4.3841367626040935,,,,-1.0,,
tabula_lung_endo,42,0.10,H1_baseline_correct_vs_true_rescued,baseline_correct_rare,true_rescued_rare,nearest_nonrare_distance,64,0,7.7429941151016575,,,,1.0,,
tabula_lung_endo,42,0.10,H1_baseline_correct_vs_true_rescued,baseline_correct_rare,true_rescued_rare,prototype_margin,64,0,3.195998124896547,,,,1.0,,
tabula_lung_endo,42,0.10,H1_baseline_correct_vs_true_rescued,baseline_correct_rare,true_rescued_rare,scANVI_rare_probability,64,0,0.9998497500000001,,,,,,
tabula_lung_endo,42,0.10,H2_true_rescued_vs_unrescued,true_rescued_rare,unrescued_rare,rare_membership_score,0,1,,0.24515552963446186,,,1.0,,
tabula_lung_endo,42,0.10,H2_true_rescued_vs_unrescued,true_rescued_rare,unrescued_rare,rare_rank,0,1,,1.0,,,-1.0,,
tabula_lung_endo,42,0.10,H2_true_rescued_vs_unrescued,true_rescued_rare,unrescued_rare,rare_standardized_distance,0,1,,2.3074637975903447,,,-1.0,,
tabula_lung_endo,42,0.10,H2_true_rescued_vs_unrescued,true_rescued_rare,unrescued_rare,standardized_prototype_margin,0,1,,-0.19132219139802498,,,1.0,,
tabula_lung_endo,42,0.10,H2_true_rescued_vs_unrescued,true_rescued_rare,unrescued_rare,rare_prototype_distance,0,1,,9.189802735799361,,,-1.0,,
tabula_lung_endo,42,0.10,H2_true_rescued_vs_unrescued,true_rescued_rare,unrescued_rare,nearest_nonrare_distance,0,1,,10.026393274489102,,,1.0,,
tabula_lung_endo,42,0.10,H2_true_rescued_vs_unrescued,true_rescued_rare,unrescued_rare,prototype_margin,0,1,,0.836590538689741,,,1.0,,
tabula_lung_endo,42,0.10,H2_true_rescued_vs_unrescued,true_rescued_rare,unrescued_rare,scANVI_rare_probability,0,1,,0.08550479,,,,,
tabula_lung_endo,42,0.10,H3a_true_rescued_vs_non_target,true_rescued_rare,non_target,rare_membership_score,0,1716,,0.11956833369274275,,,1.0,,
tabula_lung_endo,42,0.10,H3a_true_rescued_vs_non_target,true_rescued_rare,non_target,rare_rank,0,1716,,4.0,,,-1.0,,
tabula_lung_endo,42,0.10,H3a_true_rescued_vs_non_target,true_rescued_rare,non_target,rare_standardized_distance,0,1716,,2.32784557889529,,,-1.0,,
tabula_lung_endo,42,0.10,H3a_true_rescued_vs_non_target,true_rescued_rare,non_target,standardized_prototype_margin,0,1716,,-1.1869167805898342,,,1.0,,
tabula_lung_endo,42,0.10,H3a_true_rescued_vs_non_target,true_rescued_rare,non_target,rare_prototype_distance,0,1716,,9.27097607849373,,,-1.0,,
tabula_lung_endo,42,0.10,H3a_true_rescued_vs_non_target,true_rescued_rare,non_target,nearest_nonrare_distance,0,1716,,5.2933137761340205,,,1.0,,
tabula_lung_endo,42,0.10,H3a_true_rescued_vs_non_target,true_rescued_rare,non_target,prototype_margin,0,1716,,-3.8722686086640024,,,1.0,,
tabula_lung_endo,42,0.10,H3a_true_rescued_vs_non_target,true_rescued_rare,non_target,scANVI_rare_probability,0,1716,,9.25066075e-07,,,,,
tabula_lung_endo,42,0.10,H3b_true_rescued_vs_closest_competitor,true_rescued_rare,closest_competitor,rare_membership_score,0,144,,0.13048152016596498,,,1.0,,
tabula_lung_endo,42,0.10,H3b_true_rescued_vs_closest_competitor,true_rescued_rare,closest_competitor,rare_rank,0,144,,4.0,,,-1.0,,
tabula_lung_endo,42,0.10,H3b_true_rescued_vs_closest_competitor,true_rescued_rare,closest_competitor,rare_standardized_distance,0,144,,2.0897872292621864,,,-1.0,,
tabula_lung_endo,42,0.10,H3b_true_rescued_vs_closest_competitor,true_rescued_rare,closest_competitor,standardized_prototype_margin,0,144,,-0.9733092376350997,,,1.0,,
tabula_lung_endo,42,0.10,H3b_true_rescued_vs_closest_competitor,true_rescued_rare,closest_competitor,rare_prototype_distance,0,144,,8.32287484499972,,,-1.0,,
tabula_lung_endo,42,0.10,H3b_true_rescued_vs_closest_competitor,true_rescued_rare,closest_competitor,nearest_nonrare_distance,0,144,,4.793742403749537,,,1.0,,
tabula_lung_endo,42,0.10,H3b_true_rescued_vs_closest_competitor,true_rescued_rare,closest_competitor,prototype_margin,0,144,,-3.5266071629610507,,,1.0,,
tabula_lung_endo,42,0.10,H3b_true_rescued_vs_closest_competitor,true_rescued_rare,closest_competitor,scANVI_rare_probability,0,144,,3.3861831e-05,,,,,
tabula_lung_endo,42,all,H1_baseline_correct_vs_true_rescued,baseline_correct_rare,true_rescued_rare,rare_membership_score,65,0,0.44381581310313467,,,,1.0,,
tabula_lung_endo,42,all,H1_baseline_correct_vs_true_rescued,baseline_correct_rare,true_rescued_rare,rare_rank,65,0,1.0,,,,-1.0,,
tabula_lung_endo,42,all,H1_baseline_correct_vs_true_rescued,baseline_correct_rare,true_rescued_rare,rare_standardized_distance,65,0,0.9880405130606249,,,,-1.0,,
tabula_lung_endo,42,all,H1_baseline_correct_vs_true_rescued,baseline_correct_rare,true_rescued_rare,standardized_prototype_margin,65,0,0.827914484474987,,,,1.0,,
tabula_lung_endo,42,all,H1_baseline_correct_vs_true_rescued,baseline_correct_rare,true_rescued_rare,rare_prototype_distance,65,0,3.9034028607285336,,,,-1.0,,
tabula_lung_endo,42,all,H1_baseline_correct_vs_true_rescued,baseline_correct_rare,true_rescued_rare,nearest_nonrare_distance,65,0,7.801698106538365,,,,1.0,,
tabula_lung_endo,42,all,H1_baseline_correct_vs_true_rescued,baseline_correct_rare,true_rescued_rare,prototype_margin,65,0,3.475555394562696,,,,1.0,,
tabula_lung_endo,42,all,H1_baseline_correct_vs_true_rescued,baseline_correct_rare,true_rescued_rare,scANVI_rare_probability,65,0,0.9999963,,,,,,
tabula_lung_endo,42,all,H2_true_rescued_vs_unrescued,true_rescued_rare,unrescued_rare,rare_membership_score,0,0,,,,,1.0,,
tabula_lung_endo,42,all,H2_true_rescued_vs_unrescued,true_rescued_rare,unrescued_rare,rare_rank,0,0,,,,,-1.0,,
tabula_lung_endo,42,all,H2_true_rescued_vs_unrescued,true_rescued_rare,unrescued_rare,rare_standardized_distance,0,0,,,,,-1.0,,
tabula_lung_endo,42,all,H2_true_rescued_vs_unrescued,true_rescued_rare,unrescued_rare,standardized_prototype_margin,0,0,,,,,1.0,,
tabula_lung_endo,42,all,H2_true_rescued_vs_unrescued,true_rescued_rare,unrescued_rare,rare_prototype_distance,0,0,,,,,-1.0,,
tabula_lung_endo,42,all,H2_true_rescued_vs_unrescued,true_rescued_rare,unrescued_rare,nearest_nonrare_distance,0,0,,,,,1.0,,
tabula_lung_endo,42,all,H2_true_rescued_vs_unrescued,true_rescued_rare,unrescued_rare,prototype_margin,0,0,,,,,1.0,,
tabula_lung_endo,42,all,H2_true_rescued_vs_unrescued,true_rescued_rare,unrescued_rare,scANVI_rare_probability,0,0,,,,,,,
tabula_lung_endo,42,all,H3a_true_rescued_vs_non_target,true_rescued_rare,non_target,rare_membership_score,0,1716,,0.12653934169092382,,,1.0,,
tabula_lung_endo,42,all,H3a_true_rescued_vs_non_target,true_rescued_rare,non_target,rare_rank,0,1716,,4.0,,,-1.0,,
tabula_lung_endo,42,all,H3a_true_rescued_vs_non_target,true_rescued_rare,non_target,rare_standardized_distance,0,1716,,2.2622244329915504,,,-1.0,,
tabula_lung_endo,42,all,H3a_true_rescued_vs_non_target,true_rescued_rare,non_target,standardized_prototype_margin,0,1716,,-1.1242855028313423,,,1.0,,
tabula_lung_endo,42,all,H3a_true_rescued_vs_non_target,true_rescued_rare,non_target,rare_prototype_distance,0,1716,,8.937258347833943,,,-1.0,,
tabula_lung_endo,42,all,H3a_true_rescued_vs_non_target,true_rescued_rare,non_target,nearest_nonrare_distance,0,1716,,5.173917083668734,,,1.0,,
tabula_lung_endo,42,all,H3a_true_rescued_vs_non_target,true_rescued_rare,non_target,prototype_margin,0,1716,,-3.6126982461727972,,,1.0,,
tabula_lung_endo,42,all,H3a_true_rescued_vs_non_target,true_rescued_rare,non_target,scANVI_rare_probability,0,1716,,5.12758305e-07,,,,,
tabula_lung_endo,42,all,H3b_true_rescued_vs_closest_competitor,true_rescued_rare,closest_competitor,rare_membership_score,0,144,,0.13756846276040868,,,1.0,,
tabula_lung_endo,42,all,H3b_true_rescued_vs_closest_competitor,true_rescued_rare,closest_competitor,rare_rank,0,144,,4.0,,,-1.0,,
tabula_lung_endo,42,all,H3b_true_rescued_vs_closest_competitor,true_rescued_rare,closest_competitor,rare_standardized_distance,0,144,,2.034631785369124,,,-1.0,,
tabula_lung_endo,42,all,H3b_true_rescued_vs_closest_competitor,true_rescued_rare,closest_competitor,standardized_prototype_margin,0,144,,-0.9021916436796344,,,1.0,,
tabula_lung_endo,42,all,H3b_true_rescued_vs_closest_competitor,true_rescued_rare,closest_competitor,rare_prototype_distance,0,144,,8.03811931449792,,,-1.0,,
tabula_lung_endo,42,all,H3b_true_rescued_vs_closest_competitor,true_rescued_rare,closest_competitor,nearest_nonrare_distance,0,144,,4.714464570039176,,,1.0,,
tabula_lung_endo,42,all,H3b_true_rescued_vs_closest_competitor,true_rescued_rare,closest_competitor,prototype_margin,0,144,,-3.297022584777512,,,1.0,,
tabula_lung_endo,42,all,H3b_true_rescued_vs_closest_competitor,true_rescued_rare,closest_competitor,scANVI_rare_probability,0,144,,1.2056514e-05,,,,,
tabula_lung_endo,43,0.01,H1_baseline_correct_vs_true_rescued,baseline_correct_rare,true_rescued_rare,rare_membership_score,7,56,0.359438942342064,0.24953272827986459,0.10990621406219944,0.7653061224489797,1.0,0.10990621406219944,0.7653061224489797
tabula_lung_endo,43,0.01,H1_baseline_correct_vs_true_rescued,baseline_correct_rare,true_rescued_rare,rare_rank,7,56,1.0,1.0,0.0,0.0,-1.0,-0.0,-0.0
tabula_lung_endo,43,0.01,H1_baseline_correct_vs_true_rescued,baseline_correct_rare,true_rescued_rare,rare_standardized_distance,7,56,1.269137981668711,1.7815562518122676,-0.5124182701435567,-0.6632653061224489,-1.0,0.5124182701435567,0.6632653061224489
tabula_lung_endo,43,0.01,H1_baseline_correct_vs_true_rescued,baseline_correct_rare,true_rescued_rare,standardized_prototype_margin,7,56,0.46677767328639286,-0.07379790834493583,0.5405755816313287,0.7551020408163265,1.0,0.5405755816313287,0.7551020408163265
tabula_lung_endo,43,0.01,H1_baseline_correct_vs_true_rescued,baseline_correct_rare,true_rescued_rare,rare_prototype_distance,7,56,3.6783375541791776,5.163477384316723,-1.4851398301375451,-0.6632653061224489,-1.0,1.4851398301375451,0.6632653061224489
tabula_lung_endo,43,0.01,H1_baseline_correct_vs_true_rescued,baseline_correct_rare,true_rescued_rare,nearest_nonrare_distance,7,56,7.699486508989703,7.562815863706062,0.13667064528364126,-0.020408163265306145,1.0,0.13667064528364126,-0.020408163265306145
tabula_lung_endo,43,0.01,H1_baseline_correct_vs_true_rescued,baseline_correct_rare,true_rescued_rare,prototype_margin,7,56,3.697624013591883,2.1392523013733844,1.5583717122184986,0.8418367346938775,1.0,1.5583717122184986,0.8418367346938775
tabula_lung_endo,43,0.01,H1_baseline_correct_vs_true_rescued,baseline_correct_rare,true_rescued_rare,scANVI_rare_probability,7,56,0.6074709,0.059614524,0.547856376,1.0,,,
tabula_lung_endo,43,0.01,H2_true_rescued_vs_unrescued,true_rescued_rare,unrescued_rare,rare_membership_score,56,2,0.24953272827986459,0.09951493208153064,0.15001779619833394,1.0,1.0,0.15001779619833394,1.0
tabula_lung_endo,43,0.01,H2_true_rescued_vs_unrescued,true_rescued_rare,unrescued_rare,rare_rank,56,2,1.0,2.0,-1.0,-1.0,-1.0,1.0,1.0
tabula_lung_endo,43,0.01,H2_true_rescued_vs_unrescued,true_rescued_rare,unrescued_rare,rare_standardized_distance,56,2,1.7815562518122676,3.1186372223773735,-1.3370809705651059,-0.9642857142857143,-1.0,1.3370809705651059,0.9642857142857143
tabula_lung_endo,43,0.01,H2_true_rescued_vs_unrescued,true_rescued_rare,unrescued_rare,standardized_prototype_margin,56,2,-0.07379790834493583,-1.2316849040454114,1.1578869957004756,1.0,1.0,1.1578869957004756,1.0
tabula_lung_endo,43,0.01,H2_true_rescued_vs_unrescued,true_rescued_rare,unrescued_rare,rare_prototype_distance,56,2,5.163477384316723,9.038733832430655,-3.875256448113932,-0.9642857142857143,-1.0,3.875256448113932,0.9642857142857143
tabula_lung_endo,43,0.01,H2_true_rescued_vs_unrescued,true_rescued_rare,unrescued_rare,nearest_nonrare_distance,56,2,7.562815863706062,8.808429475710613,-1.2456136120045507,-0.8214285714285714,1.0,-1.2456136120045507,-0.8214285714285714
tabula_lung_endo,43,0.01,H2_true_rescued_vs_unrescued,true_rescued_rare,unrescued_rare,prototype_margin,56,2,2.1392523013733844,-0.23030435672004135,2.3695566580934257,1.0,1.0,2.3695566580934257,1.0
tabula_lung_endo,43,0.01,H2_true_rescued_vs_unrescued,true_rescued_rare,unrescued_rare,scANVI_rare_probability,56,2,0.059614524,0.0010509689499999999,0.05856355505,0.7678571428571428,,,
tabula_lung_endo,43,0.01,H3a_true_rescued_vs_non_target,true_rescued_rare,non_target,rare_membership_score,56,1716,0.24953272827986459,0.049722050666829165,0.19981067761303542,0.9999375624375624,1.0,0.19981067761303542,0.9999375624375624
tabula_lung_endo,43,0.01,H3a_true_rescued_vs_non_target,true_rescued_rare,non_target,rare_rank,56,1716,1.0,4.0,-3.0,-0.9994172494172494,-1.0,3.0,0.9994172494172494
tabula_lung_endo,43,0.01,H3a_true_rescued_vs_non_target,true_rescued_rare,non_target,rare_standardized_distance,56,1716,1.7815562518122676,3.2885310396197713,-1.5069747878075037,-0.9736305361305362,-1.0,1.5069747878075037,0.9736305361305362
tabula_lung_endo,43,0.01,H3a_true_rescued_vs_non_target,true_rescued_rare,non_target,standardized_prototype_margin,56,1716,-0.07379790834493583,-2.1582374921237353,2.0844395837787992,0.9998543123543124,1.0,2.0844395837787992,0.9998543123543124
tabula_lung_endo,43,0.01,H3a_true_rescued_vs_non_target,true_rescued_rare,non_target,rare_prototype_distance,56,1716,5.163477384316723,9.531136405840275,-4.3676590215235525,-0.9736305361305362,-1.0,4.3676590215235525,0.9736305361305362
tabula_lung_endo,43,0.01,H3a_true_rescued_vs_non_target,true_rescued_rare,non_target,nearest_nonrare_distance,56,1716,7.562815863706062,5.468523763655707,2.094292100050355,0.7606768231768233,1.0,2.094292100050355,0.7606768231768233
tabula_lung_endo,43,0.01,H3a_true_rescued_vs_non_target,true_rescued_rare,non_target,prototype_margin,56,1716,2.1392523013733844,-4.0309633068052495,6.1702156081786335,0.9999791874791875,1.0,6.1702156081786335,0.9999791874791875
tabula_lung_endo,43,0.01,H3a_true_rescued_vs_non_target,true_rescued_rare,non_target,scANVI_rare_probability,56,1716,0.059614524,6.937256e-07,0.0596138302744,0.9848692973692974,,,
tabula_lung_endo,43,0.01,H3b_true_rescued_vs_closest_competitor,true_rescued_rare,closest_competitor,rare_membership_score,56,144,0.24953272827986459,0.05295266904318546,0.19658005923667912,0.9992559523809523,1.0,0.19658005923667912,0.9992559523809523
tabula_lung_endo,43,0.01,H3b_true_rescued_vs_closest_competitor,true_rescued_rare,closest_competitor,rare_rank,56,144,1.0,4.0,-3.0,-1.0,-1.0,3.0,1.0
tabula_lung_endo,43,0.01,H3b_true_rescued_vs_closest_competitor,true_rescued_rare,closest_competitor,rare_standardized_distance,56,144,1.7815562518122676,3.0124944643480838,-1.2309382125358161,-0.9206349206349207,-1.0,1.2309382125358161,0.9206349206349207
tabula_lung_endo,43,0.01,H3b_true_rescued_vs_closest_competitor,true_rescued_rare,closest_competitor,standardized_prototype_margin,56,144,-0.07379790834493583,-1.9258659181671651,1.8520680098222293,0.9990079365079365,1.0,1.8520680098222293,0.9990079365079365
tabula_lung_endo,43,0.01,H3b_true_rescued_vs_closest_competitor,true_rescued_rare,closest_competitor,rare_prototype_distance,56,144,5.163477384316723,8.73110069986146,-3.567623315544738,-0.9206349206349207,-1.0,3.567623315544738,0.9206349206349207
tabula_lung_endo,43,0.01,H3b_true_rescued_vs_closest_competitor,true_rescued_rare,closest_competitor,nearest_nonrare_distance,56,144,7.562815863706062,4.779370166847475,2.7834456968585872,0.9295634920634921,1.0,2.7834456968585872,0.9295634920634921
tabula_lung_endo,43,0.01,H3b_true_rescued_vs_closest_competitor,true_rescued_rare,closest_competitor,prototype_margin,56,144,2.1392523013733844,-3.9458700082485736,6.085122309621958,1.0,1.0,6.085122309621958,1.0
tabula_lung_endo,43,0.01,H3b_true_rescued_vs_closest_competitor,true_rescued_rare,closest_competitor,scANVI_rare_probability,56,144,0.059614524,2.2426504e-05,0.059592097496,0.9595734126984128,,,
tabula_lung_endo,43,0.05,H1_baseline_correct_vs_true_rescued,baseline_correct_rare,true_rescued_rare,rare_membership_score,60,5,0.4002906783814185,0.34536782447405096,0.054922853907367564,0.5733333333333333,1.0,0.054922853907367564,0.5733333333333333
tabula_lung_endo,43,0.05,H1_baseline_correct_vs_true_rescued,baseline_correct_rare,true_rescued_rare,rare_rank,60,5,1.0,1.0,0.0,0.0,-1.0,-0.0,-0.0
tabula_lung_endo,43,0.05,H1_baseline_correct_vs_true_rescued,baseline_correct_rare,true_rescued_rare,rare_standardized_distance,60,5,1.1397535863158819,1.4198862801891132,-0.28013269387323136,-0.6333333333333333,-1.0,0.28013269387323136,0.6333333333333333
tabula_lung_endo,43,0.05,H1_baseline_correct_vs_true_rescued,baseline_correct_rare,true_rescued_rare,standardized_prototype_margin,60,5,0.6044756185253648,0.315795639701129,0.2886799788242358,0.52,1.0,0.2886799788242358,0.52
tabula_lung_endo,43,0.05,H1_baseline_correct_vs_true_rescued,baseline_correct_rare,true_rescued_rare,rare_prototype_distance,60,5,4.332953064162005,5.397921693226333,-1.064968629064328,-0.6333333333333333,-1.0,1.064968629064328,0.6333333333333333
tabula_lung_endo,43,0.05,H1_baseline_correct_vs_true_rescued,baseline_correct_rare,true_rescued_rare,nearest_nonrare_distance,60,5,7.608229159154812,8.158620057461738,-0.5503908983069259,-0.3733333333333333,1.0,-0.5503908983069259,-0.3733333333333333
tabula_lung_endo,43,0.05,H1_baseline_correct_vs_true_rescued,baseline_correct_rare,true_rescued_rare,prototype_margin,60,5,3.212052137451723,2.2717169893527913,0.9403351480989315,0.6200000000000001,1.0,0.9403351480989315,0.6200000000000001
tabula_lung_endo,43,0.05,H1_baseline_correct_vs_true_rescued,baseline_correct_rare,true_rescued_rare,scANVI_rare_probability,60,5,0.9919505500000001,0.17893331,0.8130172400000001,1.0,,,
tabula_lung_endo,43,0.05,H2_true_rescued_vs_unrescued,true_rescued_rare,unrescued_rare,rare_membership_score,5,0,0.34536782447405096,,,,1.0,,
tabula_lung_endo,43,0.05,H2_true_rescued_vs_unrescued,true_rescued_rare,unrescued_rare,rare_rank,5,0,1.0,,,,-1.0,,
tabula_lung_endo,43,0.05,H2_true_rescued_vs_unrescued,true_rescued_rare,unrescued_rare,rare_standardized_distance,5,0,1.4198862801891132,,,,-1.0,,
tabula_lung_endo,43,0.05,H2_true_rescued_vs_unrescued,true_rescued_rare,unrescued_rare,standardized_prototype_margin,5,0,0.315795639701129,,,,1.0,,
tabula_lung_endo,43,0.05,H2_true_rescued_vs_unrescued,true_rescued_rare,unrescued_rare,rare_prototype_distance,5,0,5.397921693226333,,,,-1.0,,
tabula_lung_endo,43,0.05,H2_true_rescued_vs_unrescued,true_rescued_rare,unrescued_rare,nearest_nonrare_distance,5,0,8.158620057461738,,,,1.0,,
tabula_lung_endo,43,0.05,H2_true_rescued_vs_unrescued,true_rescued_rare,unrescued_rare,prototype_margin,5,0,2.2717169893527913,,,,1.0,,
tabula_lung_endo,43,0.05,H2_true_rescued_vs_unrescued,true_rescued_rare,unrescued_rare,scANVI_rare_probability,5,0,0.17893331,,,,,,
tabula_lung_endo,43,0.05,H3a_true_rescued_vs_non_target,true_rescued_rare,non_target,rare_membership_score,5,1716,0.34536782447405096,0.1271738104549695,0.21819401401908145,0.9993006993006992,1.0,0.21819401401908145,0.9993006993006992
tabula_lung_endo,43,0.05,H3a_true_rescued_vs_non_target,true_rescued_rare,non_target,rare_rank,5,1716,1.0,4.0,-3.0,-0.9982517482517482,-1.0,3.0,0.9982517482517482
tabula_lung_endo,43,0.05,H3a_true_rescued_vs_non_target,true_rescued_rare,non_target,rare_standardized_distance,5,1716,1.4198862801891132,2.263359562030761,-0.8434732818416477,-0.7121212121212122,-1.0,0.8434732818416477,0.7121212121212122
tabula_lung_endo,43,0.05,H3a_true_rescued_vs_non_target,true_rescued_rare,non_target,standardized_prototype_margin,5,1716,0.315795639701129,-1.126288213321342,1.442083853022471,0.9995337995337996,1.0,1.442083853022471,0.9995337995337996
tabula_lung_endo,43,0.05,H3a_true_rescued_vs_non_target,true_rescued_rare,non_target,rare_prototype_distance,5,1716,5.397921693226333,8.604518439201955,-3.206596745975622,-0.7121212121212122,-1.0,3.206596745975622,0.7121212121212122
tabula_lung_endo,43,0.05,H3a_true_rescued_vs_non_target,true_rescued_rare,non_target,nearest_nonrare_distance,5,1716,8.158620057461738,5.323394364570117,2.835225692891621,0.9062937062937062,1.0,2.835225692891621,0.9062937062937062
tabula_lung_endo,43,0.05,H3a_true_rescued_vs_non_target,true_rescued_rare,non_target,prototype_margin,5,1716,2.2717169893527913,-3.1874263430327616,5.459143332385553,0.9993006993006992,1.0,5.459143332385553,0.9993006993006992
tabula_lung_endo,43,0.05,H3a_true_rescued_vs_non_target,true_rescued_rare,non_target,scANVI_rare_probability,5,1716,0.17893331,2.128305e-06,0.17893118169500002,0.9983682983682984,,,
tabula_lung_endo,43,0.05,H3b_true_rescued_vs_closest_competitor,true_rescued_rare,closest_competitor,rare_membership_score,5,144,0.34536782447405096,0.13489294188343398,0.21047488259061697,0.9972222222222222,1.0,0.21047488259061697,0.9972222222222222
tabula_lung_endo,43,0.05,H3b_true_rescued_vs_closest_competitor,true_rescued_rare,closest_competitor,rare_rank,5,144,1.0,4.0,-3.0,-0.9930555555555556,-1.0,3.0,0.9930555555555556
tabula_lung_endo,43,0.05,H3b_true_rescued_vs_closest_competitor,true_rescued_rare,closest_competitor,rare_standardized_distance,5,144,1.4198862801891132,2.008586892162994,-0.5887006119738807,-0.4194444444444444,-1.0,0.5887006119738807,0.4194444444444444
tabula_lung_endo,43,0.05,H3b_true_rescued_vs_closest_competitor,true_rescued_rare,closest_competitor,standardized_prototype_margin,5,144,0.315795639701129,-0.9066139626242689,1.2224096023253979,0.9972222222222222,1.0,1.2224096023253979,0.9972222222222222
tabula_lung_endo,43,0.05,H3b_true_rescued_vs_closest_competitor,true_rescued_rare,closest_competitor,rare_prototype_distance,5,144,5.397921693226333,7.635959942152992,-2.2380382489266584,-0.4194444444444444,-1.0,2.2380382489266584,0.4194444444444444
tabula_lung_endo,43,0.05,H3b_true_rescued_vs_closest_competitor,true_rescued_rare,closest_competitor,nearest_nonrare_distance,5,144,8.158620057461738,4.7051237433158555,3.453496314145882,0.9833333333333334,1.0,3.453496314145882,0.9833333333333334
tabula_lung_endo,43,0.05,H3b_true_rescued_vs_closest_competitor,true_rescued_rare,closest_competitor,prototype_margin,5,144,2.2717169893527913,-2.9112478300481834,5.182964819400975,0.9972222222222222,1.0,5.182964819400975,0.9972222222222222
tabula_lung_endo,43,0.05,H3b_true_rescued_vs_closest_competitor,true_rescued_rare,closest_competitor,scANVI_rare_probability,5,144,0.17893331,1.8029544e-05,0.17891528045600003,0.9916666666666667,,,
tabula_lung_endo,43,0.10,H1_baseline_correct_vs_true_rescued,baseline_correct_rare,true_rescued_rare,rare_membership_score,63,0,0.33878554171244674,,,,1.0,,
tabula_lung_endo,43,0.10,H1_baseline_correct_vs_true_rescued,baseline_correct_rare,true_rescued_rare,rare_rank,63,0,1.0,,,,-1.0,,
tabula_lung_endo,43,0.10,H1_baseline_correct_vs_true_rescued,baseline_correct_rare,true_rescued_rare,rare_standardized_distance,63,0,1.396914985021762,,,,-1.0,,
tabula_lung_endo,43,0.10,H1_baseline_correct_vs_true_rescued,baseline_correct_rare,true_rescued_rare,standardized_prototype_margin,63,0,0.3915273864520634,,,,1.0,,
tabula_lung_endo,43,0.10,H1_baseline_correct_vs_true_rescued,baseline_correct_rare,true_rescued_rare,rare_prototype_distance,63,0,4.81924837463909,,,,-1.0,,
tabula_lung_endo,43,0.10,H1_baseline_correct_vs_true_rescued,baseline_correct_rare,true_rescued_rare,nearest_nonrare_distance,63,0,7.772274168611509,,,,1.0,,
tabula_lung_endo,43,0.10,H1_baseline_correct_vs_true_rescued,baseline_correct_rare,true_rescued_rare,prototype_margin,63,0,3.042146725404076,,,,1.0,,
tabula_lung_endo,43,0.10,H1_baseline_correct_vs_true_rescued,baseline_correct_rare,true_rescued_rare,scANVI_rare_probability,63,0,0.99986124,,,,,,
tabula_lung_endo,43,0.10,H2_true_rescued_vs_unrescued,true_rescued_rare,unrescued_rare,rare_membership_score,0,2,,0.17248103527867764,,,1.0,,
tabula_lung_endo,43,0.10,H2_true_rescued_vs_unrescued,true_rescued_rare,unrescued_rare,rare_rank,0,2,,1.0,,,-1.0,,
tabula_lung_endo,43,0.10,H2_true_rescued_vs_unrescued,true_rescued_rare,unrescued_rare,rare_standardized_distance,0,2,,2.4935500737758387,,,-1.0,,
tabula_lung_endo,43,0.10,H2_true_rescued_vs_unrescued,true_rescued_rare,unrescued_rare,standardized_prototype_margin,0,2,,-0.6216183269626764,,,1.0,,
tabula_lung_endo,43,0.10,H2_true_rescued_vs_unrescued,true_rescued_rare,unrescued_rare,rare_prototype_distance,0,2,,8.602554392340625,,,-1.0,,
tabula_lung_endo,43,0.10,H2_true_rescued_vs_unrescued,true_rescued_rare,unrescued_rare,nearest_nonrare_distance,0,2,,8.957027437019512,,,1.0,,
tabula_lung_endo,43,0.10,H2_true_rescued_vs_unrescued,true_rescued_rare,unrescued_rare,prototype_margin,0,2,,0.35447304467888685,,,1.0,,
tabula_lung_endo,43,0.10,H2_true_rescued_vs_unrescued,true_rescued_rare,unrescued_rare,scANVI_rare_probability,0,2,,0.22504087499999997,,,,,
tabula_lung_endo,43,0.10,H3a_true_rescued_vs_non_target,true_rescued_rare,non_target,rare_membership_score,0,1716,,0.0886349461235505,,,1.0,,
tabula_lung_endo,43,0.10,H3a_true_rescued_vs_non_target,true_rescued_rare,non_target,rare_rank,0,1716,,4.0,,,-1.0,,
tabula_lung_endo,43,0.10,H3a_true_rescued_vs_non_target,true_rescued_rare,non_target,rare_standardized_distance,0,1716,,2.6703697853049775,,,-1.0,,
tabula_lung_endo,43,0.10,H3a_true_rescued_vs_non_target,true_rescued_rare,non_target,standardized_prototype_margin,0,1716,,-1.5467434845824277,,,1.0,,
tabula_lung_endo,43,0.10,H3a_true_rescued_vs_non_target,true_rescued_rare,non_target,rare_prototype_distance,0,1716,,9.212568685642577,,,-1.0,,
tabula_lung_endo,43,0.10,H3a_true_rescued_vs_non_target,true_rescued_rare,non_target,nearest_nonrare_distance,0,1716,,5.392768518533906,,,1.0,,
tabula_lung_endo,43,0.10,H3a_true_rescued_vs_non_target,true_rescued_rare,non_target,prototype_margin,0,1716,,-3.744792927240545,,,1.0,,
tabula_lung_endo,43,0.10,H3a_true_rescued_vs_non_target,true_rescued_rare,non_target,scANVI_rare_probability,0,1716,,6.8312632e-07,,,,,
tabula_lung_endo,43,0.10,H3b_true_rescued_vs_closest_competitor,true_rescued_rare,closest_competitor,rare_membership_score,0,144,,0.10048901487985323,,,1.0,,
tabula_lung_endo,43,0.10,H3b_true_rescued_vs_closest_competitor,true_rescued_rare,closest_competitor,rare_rank,0,144,,4.0,,,-1.0,,
tabula_lung_endo,43,0.10,H3b_true_rescued_vs_closest_competitor,true_rescued_rare,closest_competitor,rare_standardized_distance,0,144,,2.32948331913342,,,-1.0,,
tabula_lung_endo,43,0.10,H3b_true_rescued_vs_closest_competitor,true_rescued_rare,closest_competitor,standardized_prototype_margin,0,144,,-1.2473103235248342,,,1.0,,
tabula_lung_endo,43,0.10,H3b_true_rescued_vs_closest_competitor,true_rescued_rare,closest_competitor,rare_prototype_distance,0,144,,8.036536811370606,,,-1.0,,
tabula_lung_endo,43,0.10,H3b_true_rescued_vs_closest_competitor,true_rescued_rare,closest_competitor,nearest_nonrare_distance,0,144,,4.764139799072982,,,1.0,,
tabula_lung_endo,43,0.10,H3b_true_rescued_vs_closest_competitor,true_rescued_rare,closest_competitor,prototype_margin,0,144,,-3.1526478799713096,,,1.0,,
tabula_lung_endo,43,0.10,H3b_true_rescued_vs_closest_competitor,true_rescued_rare,closest_competitor,scANVI_rare_probability,0,144,,2.8189871499999998e-05,,,,,
tabula_lung_endo,43,all,H1_baseline_correct_vs_true_rescued,baseline_correct_rare,true_rescued_rare,rare_membership_score,65,0,0.42001759315772175,,,,1.0,,
tabula_lung_endo,43,all,H1_baseline_correct_vs_true_rescued,baseline_correct_rare,true_rescued_rare,rare_rank,65,0,1.0,,,,-1.0,,
tabula_lung_endo,43,all,H1_baseline_correct_vs_true_rescued,baseline_correct_rare,true_rescued_rare,rare_standardized_distance,65,0,1.083442332269022,,,,-1.0,,
tabula_lung_endo,43,all,H1_baseline_correct_vs_true_rescued,baseline_correct_rare,true_rescued_rare,standardized_prototype_margin,65,0,0.6802164308410126,,,,1.0,,
tabula_lung_endo,43,all,H1_baseline_correct_vs_true_rescued,baseline_correct_rare,true_rescued_rare,rare_prototype_distance,65,0,4.420201786706731,,,,-1.0,,
tabula_lung_endo,43,all,H1_baseline_correct_vs_true_rescued,baseline_correct_rare,true_rescued_rare,nearest_nonrare_distance,65,0,7.500897618910891,,,,1.0,,
tabula_lung_endo,43,all,H1_baseline_correct_vs_true_rescued,baseline_correct_rare,true_rescued_rare,prototype_margin,65,0,3.0863148034353003,,,,1.0,,
tabula_lung_endo,43,all,H1_baseline_correct_vs_true_rescued,baseline_correct_rare,true_rescued_rare,scANVI_rare_probability,65,0,0.99999046,,,,,,
tabula_lung_endo,43,all,H2_true_rescued_vs_unrescued,true_rescued_rare,unrescued_rare,rare_membership_score,0,0,,,,,1.0,,
tabula_lung_endo,43,all,H2_true_rescued_vs_unrescued,true_rescued_rare,unrescued_rare,rare_rank,0,0,,,,,-1.0,,
tabula_lung_endo,43,all,H2_true_rescued_vs_unrescued,true_rescued_rare,unrescued_rare,rare_standardized_distance,0,0,,,,,-1.0,,
tabula_lung_endo,43,all,H2_true_rescued_vs_unrescued,true_rescued_rare,unrescued_rare,standardized_prototype_margin,0,0,,,,,1.0,,
tabula_lung_endo,43,all,H2_true_rescued_vs_unrescued,true_rescued_rare,unrescued_rare,rare_prototype_distance,0,0,,,,,-1.0,,
tabula_lung_endo,43,all,H2_true_rescued_vs_unrescued,true_rescued_rare,unrescued_rare,nearest_nonrare_distance,0,0,,,,,1.0,,
tabula_lung_endo,43,all,H2_true_rescued_vs_unrescued,true_rescued_rare,unrescued_rare,prototype_margin,0,0,,,,,1.0,,
tabula_lung_endo,43,all,H2_true_rescued_vs_unrescued,true_rescued_rare,unrescued_rare,scANVI_rare_probability,0,0,,,,,,,
tabula_lung_endo,43,all,H3a_true_rescued_vs_non_target,true_rescued_rare,non_target,rare_membership_score,0,1716,,0.14514202090038453,,,1.0,,
tabula_lung_endo,43,all,H3a_true_rescued_vs_non_target,true_rescued_rare,non_target,rare_rank,0,1716,,4.0,,,-1.0,,
tabula_lung_endo,43,all,H3a_true_rescued_vs_non_target,true_rescued_rare,non_target,rare_standardized_distance,0,1716,,2.1308462885534665,,,-1.0,,
tabula_lung_endo,43,all,H3a_true_rescued_vs_non_target,true_rescued_rare,non_target,standardized_prototype_margin,0,1716,,-0.9916475538141609,,,1.0,,
tabula_lung_endo,43,all,H3a_true_rescued_vs_non_target,true_rescued_rare,non_target,rare_prototype_distance,0,1716,,8.693375079904786,,,-1.0,,
tabula_lung_endo,43,all,H3a_true_rescued_vs_non_target,true_rescued_rare,non_target,nearest_nonrare_distance,0,1716,,5.337204855052346,,,1.0,,
tabula_lung_endo,43,all,H3a_true_rescued_vs_non_target,true_rescued_rare,non_target,prototype_margin,0,1716,,-3.270925127095148,,,1.0,,
tabula_lung_endo,43,all,H3a_true_rescued_vs_non_target,true_rescued_rare,non_target,scANVI_rare_probability,0,1716,,1.019424825e-07,,,,,
tabula_lung_endo,43,all,H3b_true_rescued_vs_closest_competitor,true_rescued_rare,closest_competitor,rare_membership_score,0,144,,0.15420763693751374,,,1.0,,
tabula_lung_endo,43,all,H3b_true_rescued_vs_closest_competitor,true_rescued_rare,closest_competitor,rare_rank,0,144,,4.0,,,-1.0,,
tabula_lung_endo,43,all,H3b_true_rescued_vs_closest_competitor,true_rescued_rare,closest_competitor,rare_standardized_distance,0,144,,1.8601609526012317,,,-1.0,,
tabula_lung_endo,43,all,H3b_true_rescued_vs_closest_competitor,true_rescued_rare,closest_competitor,standardized_prototype_margin,0,144,,-0.7787974345245858,,,1.0,,
tabula_lung_endo,43,all,H3b_true_rescued_vs_closest_competitor,true_rescued_rare,closest_competitor,rare_prototype_distance,0,144,,7.589039602163561,,,-1.0,,
tabula_lung_endo,43,all,H3b_true_rescued_vs_closest_competitor,true_rescued_rare,closest_competitor,nearest_nonrare_distance,0,144,,4.571047411422902,,,1.0,,
tabula_lung_endo,43,all,H3b_true_rescued_vs_closest_competitor,true_rescued_rare,closest_competitor,prototype_margin,0,144,,-2.9591855777976277,,,1.0,,
tabula_lung_endo,43,all,H3b_true_rescued_vs_closest_competitor,true_rescued_rare,closest_competitor,scANVI_rare_probability,0,144,,5.47691255e-06,,,,,
tabula_lung_endo,44,0.01,H1_baseline_correct_vs_true_rescued,baseline_correct_rare,true_rescued_rare,rare_membership_score,40,23,0.33036787604422935,0.2809678322008254,0.04940004384340396,0.5847826086956522,1.0,0.04940004384340396,0.5847826086956522
tabula_lung_endo,44,0.01,H1_baseline_correct_vs_true_rescued,baseline_correct_rare,true_rescued_rare,rare_rank,40,23,1.0,1.0,0.0,0.0,-1.0,-0.0,-0.0
tabula_lung_endo,44,0.01,H1_baseline_correct_vs_true_rescued,baseline_correct_rare,true_rescued_rare,rare_standardized_distance,40,23,1.254649567855072,1.8091671540166099,-0.5545175861615379,-0.7239130434782608,-1.0,0.5545175861615379,0.7239130434782608
tabula_lung_endo,44,0.01,H1_baseline_correct_vs_true_rescued,baseline_correct_rare,true_rescued_rare,standardized_prototype_margin,40,23,0.3408312661238705,0.0009646056792169677,0.3398666604446535,0.6956521739130435,1.0,0.3398666604446535,0.6956521739130435
tabula_lung_endo,44,0.01,H1_baseline_correct_vs_true_rescued,baseline_correct_rare,true_rescued_rare,rare_prototype_distance,40,23,4.399829444684601,6.344422473445593,-1.944593028760992,-0.7239130434782608,-1.0,1.944593028760992,0.7239130434782608
tabula_lung_endo,44,0.01,H1_baseline_correct_vs_true_rescued,baseline_correct_rare,true_rescued_rare,nearest_nonrare_distance,40,23,7.27472087388529,8.812023360912137,-1.5373024870268477,-0.6543478260869565,1.0,-1.5373024870268477,-0.6543478260869565
tabula_lung_endo,44,0.01,H1_baseline_correct_vs_true_rescued,baseline_correct_rare,true_rescued_rare,prototype_margin,40,23,2.762633813295119,1.9527424416322052,0.8098913716629137,0.4260869565217391,1.0,0.8098913716629137,0.4260869565217391
tabula_lung_endo,44,0.01,H1_baseline_correct_vs_true_rescued,baseline_correct_rare,true_rescued_rare,scANVI_rare_probability,40,23,0.7314158500000001,0.14023885,0.5911770000000001,0.9782608695652173,,,
tabula_lung_endo,44,0.01,H2_true_rescued_vs_unrescued,true_rescued_rare,unrescued_rare,rare_membership_score,23,2,0.2809678322008254,0.15137246994875644,0.12959536225206894,1.0,1.0,0.12959536225206894,1.0
tabula_lung_endo,44,0.01,H2_true_rescued_vs_unrescued,true_rescued_rare,unrescued_rare,rare_rank,23,2,1.0,3.0,-2.0,-1.0,-1.0,2.0,1.0
tabula_lung_endo,44,0.01,H2_true_rescued_vs_unrescued,true_rescued_rare,unrescued_rare,rare_standardized_distance,23,2,1.8091671540166099,2.7091487078044016,-0.8999815537877918,-0.9130434782608696,-1.0,0.8999815537877918,0.9130434782608696
tabula_lung_endo,44,0.01,H2_true_rescued_vs_unrescued,true_rescued_rare,unrescued_rare,standardized_prototype_margin,23,2,0.0009646056792169677,-0.7358777941419553,0.7368423998211723,1.0,1.0,0.7368423998211723,1.0
tabula_lung_endo,44,0.01,H2_true_rescued_vs_unrescued,true_rescued_rare,unrescued_rare,rare_prototype_distance,23,2,6.344422473445593,9.500495245859703,-3.1560727724141104,-0.9130434782608696,-1.0,3.1560727724141104,0.9130434782608696
tabula_lung_endo,44,0.01,H2_true_rescued_vs_unrescued,true_rescued_rare,unrescued_rare,nearest_nonrare_distance,23,2,8.812023360912137,9.055178819126514,-0.24315545821437645,-0.26086956521739135,1.0,-0.24315545821437645,-0.26086956521739135
tabula_lung_endo,44,0.01,H2_true_rescued_vs_unrescued,true_rescued_rare,unrescued_rare,prototype_margin,23,2,1.9527424416322052,-0.4453164267331893,2.3980588683653945,1.0,1.0,2.3980588683653945,1.0
tabula_lung_endo,44,0.01,H2_true_rescued_vs_unrescued,true_rescued_rare,unrescued_rare,scANVI_rare_probability,23,2,0.14023885,0.012446497499999999,0.1277923525,0.9130434782608696,,,
tabula_lung_endo,44,0.01,H3a_true_rescued_vs_non_target,true_rescued_rare,non_target,rare_membership_score,23,1716,0.2809678322008254,0.09414758318222279,0.1868202490186026,0.9992398905442383,1.0,0.1868202490186026,0.9992398905442383
tabula_lung_endo,44,0.01,H3a_true_rescued_vs_non_target,true_rescued_rare,non_target,rare_rank,23,1716,1.0,4.0,-3.0,-0.9994172494172494,-1.0,3.0,0.9994172494172494
tabula_lung_endo,44,0.01,H3a_true_rescued_vs_non_target,true_rescued_rare,non_target,rare_standardized_distance,23,1716,1.8091671540166099,2.560102131272961,-0.7509349772563512,-0.7603628255802168,-1.0,0.7509349772563512,0.7603628255802168
tabula_lung_endo,44,0.01,H3a_true_rescued_vs_non_target,true_rescued_rare,non_target,standardized_prototype_margin,23,1716,0.0009646056792169677,-1.4257252650100458,1.4266898706892628,0.9994425863991081,1.0,1.4266898706892628,0.9994425863991081
tabula_lung_endo,44,0.01,H3a_true_rescued_vs_non_target,true_rescued_rare,non_target,rare_prototype_distance,23,1716,6.344422473445593,8.977815819784121,-2.6333933463385284,-0.7603628255802168,-1.0,2.6333933463385284,0.7603628255802168
tabula_lung_endo,44,0.01,H3a_true_rescued_vs_non_target,true_rescued_rare,non_target,nearest_nonrare_distance,23,1716,8.812023360912137,5.364100121999523,3.4479232389126144,0.9010337488598359,1.0,3.4479232389126144,0.9010337488598359
tabula_lung_endo,44,0.01,H3a_true_rescued_vs_non_target,true_rescued_rare,non_target,prototype_margin,23,1716,1.9527424416322052,-3.57490473643886,5.527647178071065,0.9996959562176952,1.0,5.527647178071065,0.9996959562176952
tabula_lung_endo,44,0.01,H3a_true_rescued_vs_non_target,true_rescued_rare,non_target,scANVI_rare_probability,23,1716,0.14023885,5.9917197e-06,0.1402328582803,0.9987838248707814,,,
tabula_lung_endo,44,0.01,H3b_true_rescued_vs_closest_competitor,true_rescued_rare,closest_competitor,rare_membership_score,23,144,0.2809678322008254,0.10172466790233997,0.1792431642984854,0.9981884057971016,1.0,0.1792431642984854,0.9981884057971016
tabula_lung_endo,44,0.01,H3b_true_rescued_vs_closest_competitor,true_rescued_rare,closest_competitor,rare_rank,23,144,1.0,4.0,-3.0,-1.0,-1.0,3.0,1.0
tabula_lung_endo,44,0.01,H3b_true_rescued_vs_closest_competitor,true_rescued_rare,closest_competitor,rare_standardized_distance,23,144,1.8091671540166099,2.3712077075772733,-0.5620405535606634,-0.6394927536231885,-1.0,0.5620405535606634,0.6394927536231885
tabula_lung_endo,44,0.01,H3b_true_rescued_vs_closest_competitor,true_rescued_rare,closest_competitor,standardized_prototype_margin,23,144,0.0009646056792169677,-1.2460527605369878,1.2470173662162047,0.9975845410628019,1.0,1.2470173662162047,0.9975845410628019
tabula_lung_endo,44,0.01,H3b_true_rescued_vs_closest_competitor,true_rescued_rare,closest_competitor,rare_prototype_distance,23,144,6.344422473445593,8.315397190226978,-1.9709747167813854,-0.6394927536231885,-1.0,1.9709747167813854,0.6394927536231885
tabula_lung_endo,44,0.01,H3b_true_rescued_vs_closest_competitor,true_rescued_rare,closest_competitor,nearest_nonrare_distance,23,144,8.812023360912137,4.851879214974815,3.9601441459373223,0.9692028985507246,1.0,3.9601441459373223,0.9692028985507246
tabula_lung_endo,44,0.01,H3b_true_rescued_vs_closest_competitor,true_rescued_rare,closest_competitor,prototype_margin,23,144,1.9527424416322052,-3.4482265117196507,5.400968953351856,1.0,1.0,5.400968953351856,1.0
tabula_lung_endo,44,0.01,H3b_true_rescued_vs_closest_competitor,true_rescued_rare,closest_competitor,scANVI_rare_probability,23,144,0.14023885,2.5674672e-05,0.140213175328,0.9969806763285025,,,
tabula_lung_endo,44,0.05,H1_baseline_correct_vs_true_rescued,baseline_correct_rare,true_rescued_rare,rare_membership_score,59,6,0.38443807218262704,0.253054258848955,0.13138381333367205,0.9774011299435028,1.0,0.13138381333367205,0.9774011299435028
tabula_lung_endo,44,0.05,H1_baseline_correct_vs_true_rescued,baseline_correct_rare,true_rescued_rare,rare_rank,59,6,1.0,1.0,0.0,0.0,-1.0,-0.0,-0.0
tabula_lung_endo,44,0.05,H1_baseline_correct_vs_true_rescued,baseline_correct_rare,true_rescued_rare,rare_standardized_distance,59,6,1.1064412783158022,2.1259268461921876,-1.0194855678763854,-0.8813559322033898,-1.0,1.0194855678763854,0.8813559322033898
tabula_lung_endo,44,0.05,H1_baseline_correct_vs_true_rescued,baseline_correct_rare,true_rescued_rare,standardized_prototype_margin,59,6,0.5494893930168663,-0.11620078628376485,0.6656901793006311,0.9943502824858756,1.0,0.6656901793006311,0.9943502824858756
tabula_lung_endo,44,0.05,H1_baseline_correct_vs_true_rescued,baseline_correct_rare,true_rescued_rare,rare_prototype_distance,59,6,4.3729712220797,8.402268697708184,-4.029297475628484,-0.8813559322033898,-1.0,4.029297475628484,0.8813559322033898
tabula_lung_endo,44,0.05,H1_baseline_correct_vs_true_rescued,baseline_correct_rare,true_rescued_rare,nearest_nonrare_distance,59,6,7.383173944111368,8.981476267993937,-1.598302323882569,-0.44067796610169496,1.0,-1.598302323882569,-0.44067796610169496
tabula_lung_endo,44,0.05,H1_baseline_correct_vs_true_rescued,baseline_correct_rare,true_rescued_rare,prototype_margin,59,6,2.7932052663050575,0.5792075702857522,2.2139976960193053,1.0,1.0,2.2139976960193053,1.0
tabula_lung_endo,44,0.05,H1_baseline_correct_vs_true_rescued,baseline_correct_rare,true_rescued_rare,scANVI_rare_probability,59,6,0.9791211,0.185905495,0.793215605,1.0,,,
tabula_lung_endo,44,0.05,H2_true_rescued_vs_unrescued,true_rescued_rare,unrescued_rare,rare_membership_score,6,0,0.253054258848955,,,,1.0,,
tabula_lung_endo,44,0.05,H2_true_rescued_vs_unrescued,true_rescued_rare,unrescued_rare,rare_rank,6,0,1.0,,,,-1.0,,
tabula_lung_endo,44,0.05,H2_true_rescued_vs_unrescued,true_rescued_rare,unrescued_rare,rare_standardized_distance,6,0,2.1259268461921876,,,,-1.0,,
tabula_lung_endo,44,0.05,H2_true_rescued_vs_unrescued,true_rescued_rare,unrescued_rare,standardized_prototype_margin,6,0,-0.11620078628376485,,,,1.0,,
tabula_lung_endo,44,0.05,H2_true_rescued_vs_unrescued,true_rescued_rare,unrescued_rare,rare_prototype_distance,6,0,8.402268697708184,,,,-1.0,,
tabula_lung_endo,44,0.05,H2_true_rescued_vs_unrescued,true_rescued_rare,unrescued_rare,nearest_nonrare_distance,6,0,8.981476267993937,,,,1.0,,
tabula_lung_endo,44,0.05,H2_true_rescued_vs_unrescued,true_rescued_rare,unrescued_rare,prototype_margin,6,0,0.5792075702857522,,,,1.0,,
tabula_lung_endo,44,0.05,H2_true_rescued_vs_unrescued,true_rescued_rare,unrescued_rare,scANVI_rare_probability,6,0,0.185905495,,,,,,
tabula_lung_endo,44,0.05,H3a_true_rescued_vs_non_target,true_rescued_rare,non_target,rare_membership_score,6,1716,0.253054258848955,0.1287402381406716,0.1243140207082834,0.999028749028749,1.0,0.1243140207082834,0.999028749028749
tabula_lung_endo,44,0.05,H3a_true_rescued_vs_non_target,true_rescued_rare,non_target,rare_rank,6,1716,1.0,4.0,-3.0,-0.9994172494172494,-1.0,3.0,0.9994172494172494
tabula_lung_endo,44,0.05,H3a_true_rescued_vs_non_target,true_rescued_rare,non_target,rare_standardized_distance,6,1716,2.1259268461921876,2.2353113927380965,-0.1093845465459089,-0.43609168609168614,-1.0,0.1093845465459089,0.43609168609168614
tabula_lung_endo,44,0.05,H3a_true_rescued_vs_non_target,true_rescued_rare,non_target,standardized_prototype_margin,6,1716,-0.11620078628376485,-1.0814379984793945,0.9652372121956296,0.999028749028749,1.0,0.9652372121956296,0.999028749028749
tabula_lung_endo,44,0.05,H3a_true_rescued_vs_non_target,true_rescued_rare,non_target,rare_prototype_distance,6,1716,8.402268697708184,8.834587595746413,-0.4323188980382291,-0.43609168609168614,-1.0,0.4323188980382291,0.43609168609168614
tabula_lung_endo,44,0.05,H3a_true_rescued_vs_non_target,true_rescued_rare,non_target,nearest_nonrare_distance,6,1716,8.981476267993937,5.260281637216692,3.721194630777245,0.9003496503496504,1.0,3.721194630777245,0.9003496503496504
tabula_lung_endo,44,0.05,H3a_true_rescued_vs_non_target,true_rescued_rare,non_target,prototype_margin,6,1716,0.5792075702857522,-3.479410589847722,4.058618160133474,0.9992229992229993,1.0,4.058618160133474,0.9992229992229993
tabula_lung_endo,44,0.05,H3a_true_rescued_vs_non_target,true_rescued_rare,non_target,scANVI_rare_probability,6,1716,0.185905495,2.2104839e-06,0.1859032845161,0.9988344988344988,,,
tabula_lung_endo,44,0.05,H3b_true_rescued_vs_closest_competitor,true_rescued_rare,closest_competitor,rare_membership_score,6,144,0.253054258848955,0.13324298570620374,0.11981127314275125,1.0,1.0,0.11981127314275125,1.0
tabula_lung_endo,44,0.05,H3b_true_rescued_vs_closest_competitor,true_rescued_rare,closest_competitor,rare_rank,6,144,1.0,4.0,-3.0,-1.0,-1.0,3.0,1.0
tabula_lung_endo,44,0.05,H3b_true_rescued_vs_closest_competitor,true_rescued_rare,closest_competitor,rare_standardized_distance,6,144,2.1259268461921876,2.061141534780453,0.06478531141173471,0.06018518518518512,-1.0,-0.06478531141173471,-0.06018518518518512
tabula_lung_endo,44,0.05,H3b_true_rescued_vs_closest_competitor,true_rescued_rare,closest_competitor,standardized_prototype_margin,6,144,-0.11620078628376485,-0.9642150920194059,0.8480143057356411,1.0,1.0,0.8480143057356411,1.0
tabula_lung_endo,44,0.05,H3b_true_rescued_vs_closest_competitor,true_rescued_rare,closest_competitor,rare_prototype_distance,6,144,8.402268697708184,8.146218685864604,0.25605001184358045,0.06018518518518512,-1.0,-0.25605001184358045,-0.06018518518518512
tabula_lung_endo,44,0.05,H3b_true_rescued_vs_closest_competitor,true_rescued_rare,closest_competitor,nearest_nonrare_distance,6,144,8.981476267993937,4.675712015586454,4.305764252407483,0.9699074074074074,1.0,4.305764252407483,0.9699074074074074
tabula_lung_endo,44,0.05,H3b_true_rescued_vs_closest_competitor,true_rescued_rare,closest_competitor,prototype_margin,6,144,0.5792075702857522,-3.3680445496719877,3.94725211995774,1.0,1.0,3.94725211995774,1.0
tabula_lung_endo,44,0.05,H3b_true_rescued_vs_closest_competitor,true_rescued_rare,closest_competitor,scANVI_rare_probability,6,144,0.185905495,3.7750975e-05,0.185867744025,1.0,,,
tabula_lung_endo,44,0.10,H1_baseline_correct_vs_true_rescued,baseline_correct_rare,true_rescued_rare,rare_membership_score,63,0,0.3934165875563291,,,,1.0,,
tabula_lung_endo,44,0.10,H1_baseline_correct_vs_true_rescued,baseline_correct_rare,true_rescued_rare,rare_rank,63,0,1.0,,,,-1.0,,
tabula_lung_endo,44,0.10,H1_baseline_correct_vs_true_rescued,baseline_correct_rare,true_rescued_rare,rare_standardized_distance,63,0,1.1073652170368684,,,,-1.0,,
tabula_lung_endo,44,0.10,H1_baseline_correct_vs_true_rescued,baseline_correct_rare,true_rescued_rare,standardized_prototype_margin,63,0,0.592192557387035,,,,1.0,,
tabula_lung_endo,44,0.10,H1_baseline_correct_vs_true_rescued,baseline_correct_rare,true_rescued_rare,rare_prototype_distance,63,0,4.2373462731375575,,,,-1.0,,
tabula_lung_endo,44,0.10,H1_baseline_correct_vs_true_rescued,baseline_correct_rare,true_rescued_rare,nearest_nonrare_distance,63,0,7.802938765067029,,,,1.0,,
tabula_lung_endo,44,0.10,H1_baseline_correct_vs_true_rescued,baseline_correct_rare,true_rescued_rare,prototype_margin,63,0,3.3940318420424846,,,,1.0,,
tabula_lung_endo,44,0.10,H1_baseline_correct_vs_true_rescued,baseline_correct_rare,true_rescued_rare,scANVI_rare_probability,63,0,0.99975866,,,,,,
tabula_lung_endo,44,0.10,H2_true_rescued_vs_unrescued,true_rescued_rare,unrescued_rare,rare_membership_score,0,2,,0.20688585181718094,,,1.0,,
tabula_lung_endo,44,0.10,H2_true_rescued_vs_unrescued,true_rescued_rare,unrescued_rare,rare_rank,0,2,,1.0,,,-1.0,,
tabula_lung_endo,44,0.10,H2_true_rescued_vs_unrescued,true_rescued_rare,unrescued_rare,rare_standardized_distance,0,2,,2.378514152416537,,,-1.0,,
tabula_lung_endo,44,0.10,H2_true_rescued_vs_unrescued,true_rescued_rare,unrescued_rare,standardized_prototype_margin,0,2,,-0.3557184552642304,,,1.0,,
tabula_lung_endo,44,0.10,H2_true_rescued_vs_unrescued,true_rescued_rare,unrescued_rare,rare_prototype_distance,0,2,,9.101412907221192,,,-1.0,,
tabula_lung_endo,44,0.10,H2_true_rescued_vs_unrescued,true_rescued_rare,unrescued_rare,nearest_nonrare_distance,0,2,,9.189476047682975,,,1.0,,
tabula_lung_endo,44,0.10,H2_true_rescued_vs_unrescued,true_rescued_rare,unrescued_rare,prototype_margin,0,2,,0.08806314046178265,,,1.0,,
tabula_lung_endo,44,0.10,H2_true_rescued_vs_unrescued,true_rescued_rare,unrescued_rare,scANVI_rare_probability,0,2,,0.369712215,,,,,
tabula_lung_endo,44,0.10,H3a_true_rescued_vs_non_target,true_rescued_rare,non_target,rare_membership_score,0,1716,,0.11666067830699822,,,1.0,,
tabula_lung_endo,44,0.10,H3a_true_rescued_vs_non_target,true_rescued_rare,non_target,rare_rank,0,1716,,4.0,,,-1.0,,
tabula_lung_endo,44,0.10,H3a_true_rescued_vs_non_target,true_rescued_rare,non_target,rare_standardized_distance,0,1716,,2.3260784166143322,,,-1.0,,
tabula_lung_endo,44,0.10,H3a_true_rescued_vs_non_target,true_rescued_rare,non_target,standardized_prototype_margin,0,1716,,-1.189775854602713,,,1.0,,
tabula_lung_endo,44,0.10,H3a_true_rescued_vs_non_target,true_rescued_rare,non_target,rare_prototype_distance,0,1716,,8.900766935808761,,,-1.0,,
tabula_lung_endo,44,0.10,H3a_true_rescued_vs_non_target,true_rescued_rare,non_target,nearest_nonrare_distance,0,1716,,5.434198309002445,,,1.0,,
tabula_lung_endo,44,0.10,H3a_true_rescued_vs_non_target,true_rescued_rare,non_target,prototype_margin,0,1716,,-3.448882789355869,,,1.0,,
tabula_lung_endo,44,0.10,H3a_true_rescued_vs_non_target,true_rescued_rare,non_target,scANVI_rare_probability,0,1716,,4.1801519e-07,,,,,
tabula_lung_endo,44,0.10,H3b_true_rescued_vs_closest_competitor,true_rescued_rare,closest_competitor,rare_membership_score,0,144,,0.12225409416529147,,,1.0,,
tabula_lung_endo,44,0.10,H3b_true_rescued_vs_closest_competitor,true_rescued_rare,closest_competitor,rare_rank,0,144,,4.0,,,-1.0,,
tabula_lung_endo,44,0.10,H3b_true_rescued_vs_closest_competitor,true_rescued_rare,closest_competitor,rare_standardized_distance,0,144,,2.1422834816414347,,,-1.0,,
tabula_lung_endo,44,0.10,H3b_true_rescued_vs_closest_competitor,true_rescued_rare,closest_competitor,standardized_prototype_margin,0,144,,-1.0456446602762726,,,1.0,,
tabula_lung_endo,44,0.10,H3b_true_rescued_vs_closest_competitor,true_rescued_rare,closest_competitor,rare_prototype_distance,0,144,,8.197473414622573,,,-1.0,,
tabula_lung_endo,44,0.10,H3b_true_rescued_vs_closest_competitor,true_rescued_rare,closest_competitor,nearest_nonrare_distance,0,144,,4.778229791917191,,,1.0,,
tabula_lung_endo,44,0.10,H3b_true_rescued_vs_closest_competitor,true_rescued_rare,closest_competitor,prototype_margin,0,144,,-3.3225553376165062,,,1.0,,
tabula_lung_endo,44,0.10,H3b_true_rescued_vs_closest_competitor,true_rescued_rare,closest_competitor,scANVI_rare_probability,0,144,,9.3872475e-06,,,,,
tabula_lung_endo,44,all,H1_baseline_correct_vs_true_rescued,baseline_correct_rare,true_rescued_rare,rare_membership_score,63,0,0.41869243796939104,,,,1.0,,
tabula_lung_endo,44,all,H1_baseline_correct_vs_true_rescued,baseline_correct_rare,true_rescued_rare,rare_rank,63,0,1.0,,,,-1.0,,
tabula_lung_endo,44,all,H1_baseline_correct_vs_true_rescued,baseline_correct_rare,true_rescued_rare,rare_standardized_distance,63,0,1.0261803730254255,,,,-1.0,,
tabula_lung_endo,44,all,H1_baseline_correct_vs_true_rescued,baseline_correct_rare,true_rescued_rare,standardized_prototype_margin,63,0,0.6742553124742647,,,,1.0,,
tabula_lung_endo,44,all,H1_baseline_correct_vs_true_rescued,baseline_correct_rare,true_rescued_rare,rare_prototype_distance,63,0,4.1541120022355456,,,,-1.0,,
tabula_lung_endo,44,all,H1_baseline_correct_vs_true_rescued,baseline_correct_rare,true_rescued_rare,nearest_nonrare_distance,63,0,7.474201296079156,,,,1.0,,
tabula_lung_endo,44,all,H1_baseline_correct_vs_true_rescued,baseline_correct_rare,true_rescued_rare,prototype_margin,63,0,3.1659498156478643,,,,1.0,,
tabula_lung_endo,44,all,H1_baseline_correct_vs_true_rescued,baseline_correct_rare,true_rescued_rare,scANVI_rare_probability,63,0,0.9999815,,,,,,
tabula_lung_endo,44,all,H2_true_rescued_vs_unrescued,true_rescued_rare,unrescued_rare,rare_membership_score,0,2,,0.24779640401318165,,,1.0,,
tabula_lung_endo,44,all,H2_true_rescued_vs_unrescued,true_rescued_rare,unrescued_rare,rare_rank,0,2,,1.0,,,-1.0,,
tabula_lung_endo,44,all,H2_true_rescued_vs_unrescued,true_rescued_rare,unrescued_rare,rare_standardized_distance,0,2,,2.1550677371728275,,,-1.0,,
tabula_lung_endo,44,all,H2_true_rescued_vs_unrescued,true_rescued_rare,unrescued_rare,standardized_prototype_margin,0,2,,-0.1442234134325976,,,1.0,,
tabula_lung_endo,44,all,H2_true_rescued_vs_unrescued,true_rescued_rare,unrescued_rare,rare_prototype_distance,0,2,,8.723995301358613,,,-1.0,,
tabula_lung_endo,44,all,H2_true_rescued_vs_unrescued,true_rescued_rare,unrescued_rare,nearest_nonrare_distance,0,2,,8.97190434416584,,,1.0,,
tabula_lung_endo,44,all,H2_true_rescued_vs_unrescued,true_rescued_rare,unrescued_rare,prototype_margin,0,2,,0.24790904280722525,,,1.0,,
tabula_lung_endo,44,all,H2_true_rescued_vs_unrescued,true_rescued_rare,unrescued_rare,scANVI_rare_probability,0,2,,0.164649885,,,,,
tabula_lung_endo,44,all,H3a_true_rescued_vs_non_target,true_rescued_rare,non_target,rare_membership_score,0,1716,,0.13275113980508374,,,1.0,,
tabula_lung_endo,44,all,H3a_true_rescued_vs_non_target,true_rescued_rare,non_target,rare_rank,0,1716,,4.0,,,-1.0,,
tabula_lung_endo,44,all,H3a_true_rescued_vs_non_target,true_rescued_rare,non_target,rare_standardized_distance,0,1716,,2.1811143855143884,,,-1.0,,
tabula_lung_endo,44,all,H3a_true_rescued_vs_non_target,true_rescued_rare,non_target,standardized_prototype_margin,0,1716,,-1.0412771257870248,,,1.0,,
tabula_lung_endo,44,all,H3a_true_rescued_vs_non_target,true_rescued_rare,non_target,rare_prototype_distance,0,1716,,8.829435531300533,,,-1.0,,
tabula_lung_endo,44,all,H3a_true_rescued_vs_non_target,true_rescued_rare,non_target,nearest_nonrare_distance,0,1716,,5.33245124673238,,,1.0,,
tabula_lung_endo,44,all,H3a_true_rescued_vs_non_target,true_rescued_rare,non_target,prototype_margin,0,1716,,-3.4787793408441257,,,1.0,,
tabula_lung_endo,44,all,H3a_true_rescued_vs_non_target,true_rescued_rare,non_target,scANVI_rare_probability,0,1716,,1.1307940250000001e-07,,,,,
tabula_lung_endo,44,all,H3b_true_rescued_vs_closest_competitor,true_rescued_rare,closest_competitor,rare_membership_score,0,144,,0.13354569947810258,,,1.0,,
tabula_lung_endo,44,all,H3b_true_rescued_vs_closest_competitor,true_rescued_rare,closest_competitor,rare_rank,0,144,,4.0,,,-1.0,,
tabula_lung_endo,44,all,H3b_true_rescued_vs_closest_competitor,true_rescued_rare,closest_competitor,rare_standardized_distance,0,144,,2.0554971932947925,,,-1.0,,
tabula_lung_endo,44,all,H3b_true_rescued_vs_closest_competitor,true_rescued_rare,closest_competitor,standardized_prototype_margin,0,144,,-0.9337335964251035,,,1.0,,
tabula_lung_endo,44,all,H3b_true_rescued_vs_closest_competitor,true_rescued_rare,closest_competitor,rare_prototype_distance,0,144,,8.320920752024373,,,-1.0,,
tabula_lung_endo,44,all,H3b_true_rescued_vs_closest_competitor,true_rescued_rare,closest_competitor,nearest_nonrare_distance,0,144,,4.787160343861072,,,1.0,,
tabula_lung_endo,44,all,H3b_true_rescued_vs_closest_competitor,true_rescued_rare,closest_competitor,prototype_margin,0,144,,-3.5133254533700446,,,1.0,,
tabula_lung_endo,44,all,H3b_true_rescued_vs_closest_competitor,true_rescued_rare,closest_competitor,scANVI_rare_probability,0,144,,1.26629815e-06,,,,,
tabula_sapiens_stomach,42,0.01,H1_baseline_correct_vs_true_rescued,baseline_correct_rare,true_rescued_rare,rare_membership_score,12,7,0.11932514060163567,0.07402881369135071,0.045296326910284956,0.9285714285714286,1.0,0.045296326910284956,0.9285714285714286
tabula_sapiens_stomach,42,0.01,H1_baseline_correct_vs_true_rescued,baseline_correct_rare,true_rescued_rare,rare_rank,12,7,1.0,2.0,-1.0,-0.48809523809523814,-1.0,1.0,0.48809523809523814
tabula_sapiens_stomach,42,0.01,H1_baseline_correct_vs_true_rescued,baseline_correct_rare,true_rescued_rare,rare_standardized_distance,12,7,1.5929178154526722,2.0753861931577506,-0.48246837770507844,-0.8571428571428572,-1.0,0.48246837770507844,0.8571428571428572
tabula_sapiens_stomach,42,0.01,H1_baseline_correct_vs_true_rescued,baseline_correct_rare,true_rescued_rare,standardized_prototype_margin,12,7,-0.03365536462365759,-0.6662336153318358,0.6325782507081782,0.9523809523809523,1.0,0.6325782507081782,0.9523809523809523
tabula_sapiens_stomach,42,0.01,H1_baseline_correct_vs_true_rescued,baseline_correct_rare,true_rescued_rare,rare_prototype_distance,12,7,4.973373212588362,6.479725443897619,-1.5063522313092577,-0.8571428571428572,-1.0,1.5063522313092577,0.8571428571428572
tabula_sapiens_stomach,42,0.01,H1_baseline_correct_vs_true_rescued,baseline_correct_rare,true_rescued_rare,nearest_nonrare_distance,12,7,6.60755566165747,6.010711467326988,0.5968441943304814,0.16666666666666674,1.0,0.5968441943304814,0.16666666666666674
tabula_sapiens_stomach,42,0.01,H1_baseline_correct_vs_true_rescued,baseline_correct_rare,true_rescued_rare,prototype_margin,12,7,1.8125167790383703,-0.4660446252025414,2.2785614042409117,0.9285714285714286,1.0,2.2785614042409117,0.9285714285714286
tabula_sapiens_stomach,42,0.01,H1_baseline_correct_vs_true_rescued,baseline_correct_rare,true_rescued_rare,scANVI_rare_probability,12,7,0.9541044000000001,0.1794639,0.7746405000000001,1.0,,,
tabula_sapiens_stomach,42,0.01,H2_true_rescued_vs_unrescued,true_rescued_rare,unrescued_rare,rare_membership_score,7,13,0.07402881369135071,0.04978072515797847,0.024248088533372243,0.8021978021978022,1.0,0.024248088533372243,0.8021978021978022
tabula_sapiens_stomach,42,0.01,H2_true_rescued_vs_unrescued,true_rescued_rare,unrescued_rare,rare_rank,7,13,2.0,7.0,-5.0,-1.0,-1.0,5.0,1.0
tabula_sapiens_stomach,42,0.01,H2_true_rescued_vs_unrescued,true_rescued_rare,unrescued_rare,rare_standardized_distance,7,13,2.0753861931577506,2.556770459874562,-0.48138426671681156,-0.4505494505494505,-1.0,0.48138426671681156,0.4505494505494505
tabula_sapiens_stomach,42,0.01,H2_true_rescued_vs_unrescued,true_rescued_rare,unrescued_rare,standardized_prototype_margin,7,13,-0.6662336153318358,-1.0109686716607664,0.34473505632893064,0.7142857142857142,1.0,0.34473505632893064,0.7142857142857142
tabula_sapiens_stomach,42,0.01,H2_true_rescued_vs_unrescued,true_rescued_rare,unrescued_rare,rare_prototype_distance,7,13,6.479725443897619,7.98269288755731,-1.5029674436596911,-0.4505494505494505,-1.0,1.5029674436596911,0.4505494505494505
tabula_sapiens_stomach,42,0.01,H2_true_rescued_vs_unrescued,true_rescued_rare,unrescued_rare,nearest_nonrare_distance,7,13,6.010711467326988,5.56245920323369,0.44825226409329844,0.4505494505494505,1.0,0.44825226409329844,0.4505494505494505
tabula_sapiens_stomach,42,0.01,H2_true_rescued_vs_unrescued,true_rescued_rare,unrescued_rare,prototype_margin,7,13,-0.4660446252025414,-1.5616028227747885,1.095558197572247,0.8241758241758241,1.0,1.095558197572247,0.8241758241758241
tabula_sapiens_stomach,42,0.01,H2_true_rescued_vs_unrescued,true_rescued_rare,unrescued_rare,scANVI_rare_probability,7,13,0.1794639,0.0017739628,0.1776899372,0.7582417582417582,,,
tabula_sapiens_stomach,42,0.01,H3a_true_rescued_vs_non_target,true_rescued_rare,non_target,rare_membership_score,7,9543,0.07402881369135071,0.0360099538590931,0.03801885983225761,0.9993113875540784,1.0,0.03801885983225761,0.9993113875540784
tabula_sapiens_stomach,42,0.01,H3a_true_rescued_vs_non_target,true_rescued_rare,non_target,rare_rank,7,9543,2.0,11.0,-9.0,-1.0,-1.0,9.0,1.0
tabula_sapiens_stomach,42,0.01,H3a_true_rescued_vs_non_target,true_rescued_rare,non_target,rare_standardized_distance,7,9543,2.0753861931577506,2.890100141737828,-0.8147139485800774,-0.9928444184967291,-1.0,0.8147139485800774,0.9928444184967291
tabula_sapiens_stomach,42,0.01,H3a_true_rescued_vs_non_target,true_rescued_rare,non_target,standardized_prototype_margin,7,9543,-0.6662336153318358,-1.5140533795538236,0.8478197642219878,0.9989521114953368,1.0,0.8478197642219878,0.9989521114953368
tabula_sapiens_stomach,42,0.01,H3a_true_rescued_vs_non_target,true_rescued_rare,non_target,rare_prototype_distance,7,9543,6.479725443897619,9.023407540038152,-2.5436820961405324,-0.9928444184967291,-1.0,2.5436820961405324,0.9928444184967291
tabula_sapiens_stomach,42,0.01,H3a_true_rescued_vs_non_target,true_rescued_rare,non_target,nearest_nonrare_distance,7,9543,6.010711467326988,4.866954420474129,1.1437570468528593,0.8244337659615875,1.0,1.1437570468528593,0.8244337659615875
tabula_sapiens_stomach,42,0.01,H3a_true_rescued_vs_non_target,true_rescued_rare,non_target,prototype_margin,7,9543,-0.4660446252025414,-4.286609360749395,3.8205647355468537,0.9999700603284383,1.0,3.8205647355468537,0.9999700603284383
tabula_sapiens_stomach,42,0.01,H3a_true_rescued_vs_non_target,true_rescued_rare,non_target,scANVI_rare_probability,7,9543,0.1794639,9.559257e-07,0.1794629440743,0.9999700603284383,,,
tabula_sapiens_stomach,42,0.01,H3b_true_rescued_vs_closest_competitor,true_rescued_rare,closest_competitor,rare_membership_score,7,6,0.07402881369135071,0.04156112823109573,0.03246768546025498,1.0,1.0,0.03246768546025498,1.0
tabula_sapiens_stomach,42,0.01,H3b_true_rescued_vs_closest_competitor,true_rescued_rare,closest_competitor,rare_rank,7,6,2.0,7.0,-5.0,-1.0,-1.0,5.0,1.0
tabula_sapiens_stomach,42,0.01,H3b_true_rescued_vs_closest_competitor,true_rescued_rare,closest_competitor,rare_standardized_distance,7,6,2.0753861931577506,2.6984831251780586,-0.6230969320203079,-0.9047619047619048,-1.0,0.6230969320203079,0.9047619047619048
tabula_sapiens_stomach,42,0.01,H3b_true_rescued_vs_closest_competitor,true_rescued_rare,closest_competitor,standardized_prototype_margin,7,6,-0.6662336153318358,-1.380685676164815,0.7144520608329792,1.0,1.0,0.7144520608329792,1.0
tabula_sapiens_stomach,42,0.01,H3b_true_rescued_vs_closest_competitor,true_rescued_rare,closest_competitor,rare_prototype_distance,7,6,6.479725443897619,8.425145076030464,-1.945419632132845,-0.9047619047619048,-1.0,1.945419632132845,0.9047619047619048
tabula_sapiens_stomach,42,0.01,H3b_true_rescued_vs_closest_competitor,true_rescued_rare,closest_competitor,nearest_nonrare_distance,7,6,6.010711467326988,3.770894019496737,2.2398174478302515,1.0,1.0,2.2398174478302515,1.0
tabula_sapiens_stomach,42,0.01,H3b_true_rescued_vs_closest_competitor,true_rescued_rare,closest_competitor,prototype_margin,7,6,-0.4660446252025414,-4.915332803039336,4.449288177836794,1.0,1.0,4.449288177836794,1.0
tabula_sapiens_stomach,42,0.01,H3b_true_rescued_vs_closest_competitor,true_rescued_rare,closest_competitor,scANVI_rare_probability,7,6,0.1794639,3.5019233e-07,0.17946354980767001,1.0,,,
tabula_sapiens_stomach,42,0.05,H1_baseline_correct_vs_true_rescued,baseline_correct_rare,true_rescued_rare,rare_membership_score,12,7,0.11932514060163567,0.07402881369135071,0.045296326910284956,0.9285714285714286,1.0,0.045296326910284956,0.9285714285714286
tabula_sapiens_stomach,42,0.05,H1_baseline_correct_vs_true_rescued,baseline_correct_rare,true_rescued_rare,rare_rank,12,7,1.0,2.0,-1.0,-0.48809523809523814,-1.0,1.0,0.48809523809523814
tabula_sapiens_stomach,42,0.05,H1_baseline_correct_vs_true_rescued,baseline_correct_rare,true_rescued_rare,rare_standardized_distance,12,7,1.5929178154526722,2.0753861931577506,-0.48246837770507844,-0.8571428571428572,-1.0,0.48246837770507844,0.8571428571428572
tabula_sapiens_stomach,42,0.05,H1_baseline_correct_vs_true_rescued,baseline_correct_rare,true_rescued_rare,standardized_prototype_margin,12,7,-0.03365536462365759,-0.6662336153318358,0.6325782507081782,0.9523809523809523,1.0,0.6325782507081782,0.9523809523809523
tabula_sapiens_stomach,42,0.05,H1_baseline_correct_vs_true_rescued,baseline_correct_rare,true_rescued_rare,rare_prototype_distance,12,7,4.973373212588362,6.479725443897619,-1.5063522313092577,-0.8571428571428572,-1.0,1.5063522313092577,0.8571428571428572
tabula_sapiens_stomach,42,0.05,H1_baseline_correct_vs_true_rescued,baseline_correct_rare,true_rescued_rare,nearest_nonrare_distance,12,7,6.60755566165747,6.010711467326988,0.5968441943304814,0.16666666666666674,1.0,0.5968441943304814,0.16666666666666674
tabula_sapiens_stomach,42,0.05,H1_baseline_correct_vs_true_rescued,baseline_correct_rare,true_rescued_rare,prototype_margin,12,7,1.8125167790383703,-0.4660446252025414,2.2785614042409117,0.9285714285714286,1.0,2.2785614042409117,0.9285714285714286
tabula_sapiens_stomach,42,0.05,H1_baseline_correct_vs_true_rescued,baseline_correct_rare,true_rescued_rare,scANVI_rare_probability,12,7,0.9541044000000001,0.1794639,0.7746405000000001,1.0,,,
tabula_sapiens_stomach,42,0.05,H2_true_rescued_vs_unrescued,true_rescued_rare,unrescued_rare,rare_membership_score,7,13,0.07402881369135071,0.04978072515797847,0.024248088533372243,0.8021978021978022,1.0,0.024248088533372243,0.8021978021978022
tabula_sapiens_stomach,42,0.05,H2_true_rescued_vs_unrescued,true_rescued_rare,unrescued_rare,rare_rank,7,13,2.0,7.0,-5.0,-1.0,-1.0,5.0,1.0
tabula_sapiens_stomach,42,0.05,H2_true_rescued_vs_unrescued,true_rescued_rare,unrescued_rare,rare_standardized_distance,7,13,2.0753861931577506,2.556770459874562,-0.48138426671681156,-0.4505494505494505,-1.0,0.48138426671681156,0.4505494505494505
tabula_sapiens_stomach,42,0.05,H2_true_rescued_vs_unrescued,true_rescued_rare,unrescued_rare,standardized_prototype_margin,7,13,-0.6662336153318358,-1.0109686716607664,0.34473505632893064,0.7142857142857142,1.0,0.34473505632893064,0.7142857142857142
tabula_sapiens_stomach,42,0.05,H2_true_rescued_vs_unrescued,true_rescued_rare,unrescued_rare,rare_prototype_distance,7,13,6.479725443897619,7.98269288755731,-1.5029674436596911,-0.4505494505494505,-1.0,1.5029674436596911,0.4505494505494505
tabula_sapiens_stomach,42,0.05,H2_true_rescued_vs_unrescued,true_rescued_rare,unrescued_rare,nearest_nonrare_distance,7,13,6.010711467326988,5.56245920323369,0.44825226409329844,0.4505494505494505,1.0,0.44825226409329844,0.4505494505494505
tabula_sapiens_stomach,42,0.05,H2_true_rescued_vs_unrescued,true_rescued_rare,unrescued_rare,prototype_margin,7,13,-0.4660446252025414,-1.5616028227747885,1.095558197572247,0.8241758241758241,1.0,1.095558197572247,0.8241758241758241
tabula_sapiens_stomach,42,0.05,H2_true_rescued_vs_unrescued,true_rescued_rare,unrescued_rare,scANVI_rare_probability,7,13,0.1794639,0.0017739628,0.1776899372,0.7582417582417582,,,
tabula_sapiens_stomach,42,0.05,H3a_true_rescued_vs_non_target,true_rescued_rare,non_target,rare_membership_score,7,9543,0.07402881369135071,0.0360099538590931,0.03801885983225761,0.9993113875540784,1.0,0.03801885983225761,0.9993113875540784
tabula_sapiens_stomach,42,0.05,H3a_true_rescued_vs_non_target,true_rescued_rare,non_target,rare_rank,7,9543,2.0,11.0,-9.0,-1.0,-1.0,9.0,1.0
tabula_sapiens_stomach,42,0.05,H3a_true_rescued_vs_non_target,true_rescued_rare,non_target,rare_standardized_distance,7,9543,2.0753861931577506,2.890100141737828,-0.8147139485800774,-0.9928444184967291,-1.0,0.8147139485800774,0.9928444184967291
tabula_sapiens_stomach,42,0.05,H3a_true_rescued_vs_non_target,true_rescued_rare,non_target,standardized_prototype_margin,7,9543,-0.6662336153318358,-1.5140533795538236,0.8478197642219878,0.9989521114953368,1.0,0.8478197642219878,0.9989521114953368
tabula_sapiens_stomach,42,0.05,H3a_true_rescued_vs_non_target,true_rescued_rare,non_target,rare_prototype_distance,7,9543,6.479725443897619,9.023407540038152,-2.5436820961405324,-0.9928444184967291,-1.0,2.5436820961405324,0.9928444184967291
tabula_sapiens_stomach,42,0.05,H3a_true_rescued_vs_non_target,true_rescued_rare,non_target,nearest_nonrare_distance,7,9543,6.010711467326988,4.866954420474129,1.1437570468528593,0.8244337659615875,1.0,1.1437570468528593,0.8244337659615875
tabula_sapiens_stomach,42,0.05,H3a_true_rescued_vs_non_target,true_rescued_rare,non_target,prototype_margin,7,9543,-0.4660446252025414,-4.286609360749395,3.8205647355468537,0.9999700603284383,1.0,3.8205647355468537,0.9999700603284383
tabula_sapiens_stomach,42,0.05,H3a_true_rescued_vs_non_target,true_rescued_rare,non_target,scANVI_rare_probability,7,9543,0.1794639,9.559257e-07,0.1794629440743,0.9999700603284383,,,
tabula_sapiens_stomach,42,0.05,H3b_true_rescued_vs_closest_competitor,true_rescued_rare,closest_competitor,rare_membership_score,7,6,0.07402881369135071,0.04156112823109573,0.03246768546025498,1.0,1.0,0.03246768546025498,1.0
tabula_sapiens_stomach,42,0.05,H3b_true_rescued_vs_closest_competitor,true_rescued_rare,closest_competitor,rare_rank,7,6,2.0,7.0,-5.0,-1.0,-1.0,5.0,1.0
tabula_sapiens_stomach,42,0.05,H3b_true_rescued_vs_closest_competitor,true_rescued_rare,closest_competitor,rare_standardized_distance,7,6,2.0753861931577506,2.6984831251780586,-0.6230969320203079,-0.9047619047619048,-1.0,0.6230969320203079,0.9047619047619048
tabula_sapiens_stomach,42,0.05,H3b_true_rescued_vs_closest_competitor,true_rescued_rare,closest_competitor,standardized_prototype_margin,7,6,-0.6662336153318358,-1.380685676164815,0.7144520608329792,1.0,1.0,0.7144520608329792,1.0
tabula_sapiens_stomach,42,0.05,H3b_true_rescued_vs_closest_competitor,true_rescued_rare,closest_competitor,rare_prototype_distance,7,6,6.479725443897619,8.425145076030464,-1.945419632132845,-0.9047619047619048,-1.0,1.945419632132845,0.9047619047619048
tabula_sapiens_stomach,42,0.05,H3b_true_rescued_vs_closest_competitor,true_rescued_rare,closest_competitor,nearest_nonrare_distance,7,6,6.010711467326988,3.770894019496737,2.2398174478302515,1.0,1.0,2.2398174478302515,1.0
tabula_sapiens_stomach,42,0.05,H3b_true_rescued_vs_closest_competitor,true_rescued_rare,closest_competitor,prototype_margin,7,6,-0.4660446252025414,-4.915332803039336,4.449288177836794,1.0,1.0,4.449288177836794,1.0
tabula_sapiens_stomach,42,0.05,H3b_true_rescued_vs_closest_competitor,true_rescued_rare,closest_competitor,scANVI_rare_probability,7,6,0.1794639,3.5019233e-07,0.17946354980767001,1.0,,,
tabula_sapiens_stomach,42,0.10,H1_baseline_correct_vs_true_rescued,baseline_correct_rare,true_rescued_rare,rare_membership_score,12,7,0.11932514060163567,0.07402881369135071,0.045296326910284956,0.9285714285714286,1.0,0.045296326910284956,0.9285714285714286
tabula_sapiens_stomach,42,0.10,H1_baseline_correct_vs_true_rescued,baseline_correct_rare,true_rescued_rare,rare_rank,12,7,1.0,2.0,-1.0,-0.48809523809523814,-1.0,1.0,0.48809523809523814
tabula_sapiens_stomach,42,0.10,H1_baseline_correct_vs_true_rescued,baseline_correct_rare,true_rescued_rare,rare_standardized_distance,12,7,1.5929178154526722,2.0753861931577506,-0.48246837770507844,-0.8571428571428572,-1.0,0.48246837770507844,0.8571428571428572
tabula_sapiens_stomach,42,0.10,H1_baseline_correct_vs_true_rescued,baseline_correct_rare,true_rescued_rare,standardized_prototype_margin,12,7,-0.03365536462365759,-0.6662336153318358,0.6325782507081782,0.9523809523809523,1.0,0.6325782507081782,0.9523809523809523
tabula_sapiens_stomach,42,0.10,H1_baseline_correct_vs_true_rescued,baseline_correct_rare,true_rescued_rare,rare_prototype_distance,12,7,4.973373212588362,6.479725443897619,-1.5063522313092577,-0.8571428571428572,-1.0,1.5063522313092577,0.8571428571428572
tabula_sapiens_stomach,42,0.10,H1_baseline_correct_vs_true_rescued,baseline_correct_rare,true_rescued_rare,nearest_nonrare_distance,12,7,6.60755566165747,6.010711467326988,0.5968441943304814,0.16666666666666674,1.0,0.5968441943304814,0.16666666666666674
tabula_sapiens_stomach,42,0.10,H1_baseline_correct_vs_true_rescued,baseline_correct_rare,true_rescued_rare,prototype_margin,12,7,1.8125167790383703,-0.4660446252025414,2.2785614042409117,0.9285714285714286,1.0,2.2785614042409117,0.9285714285714286
tabula_sapiens_stomach,42,0.10,H1_baseline_correct_vs_true_rescued,baseline_correct_rare,true_rescued_rare,scANVI_rare_probability,12,7,0.9541044000000001,0.1794639,0.7746405000000001,1.0,,,
tabula_sapiens_stomach,42,0.10,H2_true_rescued_vs_unrescued,true_rescued_rare,unrescued_rare,rare_membership_score,7,13,0.07402881369135071,0.04978072515797847,0.024248088533372243,0.8021978021978022,1.0,0.024248088533372243,0.8021978021978022
tabula_sapiens_stomach,42,0.10,H2_true_rescued_vs_unrescued,true_rescued_rare,unrescued_rare,rare_rank,7,13,2.0,7.0,-5.0,-1.0,-1.0,5.0,1.0
tabula_sapiens_stomach,42,0.10,H2_true_rescued_vs_unrescued,true_rescued_rare,unrescued_rare,rare_standardized_distance,7,13,2.0753861931577506,2.556770459874562,-0.48138426671681156,-0.4505494505494505,-1.0,0.48138426671681156,0.4505494505494505
tabula_sapiens_stomach,42,0.10,H2_true_rescued_vs_unrescued,true_rescued_rare,unrescued_rare,standardized_prototype_margin,7,13,-0.6662336153318358,-1.0109686716607664,0.34473505632893064,0.7142857142857142,1.0,0.34473505632893064,0.7142857142857142
tabula_sapiens_stomach,42,0.10,H2_true_rescued_vs_unrescued,true_rescued_rare,unrescued_rare,rare_prototype_distance,7,13,6.479725443897619,7.98269288755731,-1.5029674436596911,-0.4505494505494505,-1.0,1.5029674436596911,0.4505494505494505
tabula_sapiens_stomach,42,0.10,H2_true_rescued_vs_unrescued,true_rescued_rare,unrescued_rare,nearest_nonrare_distance,7,13,6.010711467326988,5.56245920323369,0.44825226409329844,0.4505494505494505,1.0,0.44825226409329844,0.4505494505494505
tabula_sapiens_stomach,42,0.10,H2_true_rescued_vs_unrescued,true_rescued_rare,unrescued_rare,prototype_margin,7,13,-0.4660446252025414,-1.5616028227747885,1.095558197572247,0.8241758241758241,1.0,1.095558197572247,0.8241758241758241
tabula_sapiens_stomach,42,0.10,H2_true_rescued_vs_unrescued,true_rescued_rare,unrescued_rare,scANVI_rare_probability,7,13,0.1794639,0.0017739628,0.1776899372,0.7582417582417582,,,
tabula_sapiens_stomach,42,0.10,H3a_true_rescued_vs_non_target,true_rescued_rare,non_target,rare_membership_score,7,9543,0.07402881369135071,0.0360099538590931,0.03801885983225761,0.9993113875540784,1.0,0.03801885983225761,0.9993113875540784
tabula_sapiens_stomach,42,0.10,H3a_true_rescued_vs_non_target,true_rescued_rare,non_target,rare_rank,7,9543,2.0,11.0,-9.0,-1.0,-1.0,9.0,1.0
tabula_sapiens_stomach,42,0.10,H3a_true_rescued_vs_non_target,true_rescued_rare,non_target,rare_standardized_distance,7,9543,2.0753861931577506,2.890100141737828,-0.8147139485800774,-0.9928444184967291,-1.0,0.8147139485800774,0.9928444184967291
tabula_sapiens_stomach,42,0.10,H3a_true_rescued_vs_non_target,true_rescued_rare,non_target,standardized_prototype_margin,7,9543,-0.6662336153318358,-1.5140533795538236,0.8478197642219878,0.9989521114953368,1.0,0.8478197642219878,0.9989521114953368
tabula_sapiens_stomach,42,0.10,H3a_true_rescued_vs_non_target,true_rescued_rare,non_target,rare_prototype_distance,7,9543,6.479725443897619,9.023407540038152,-2.5436820961405324,-0.9928444184967291,-1.0,2.5436820961405324,0.9928444184967291
tabula_sapiens_stomach,42,0.10,H3a_true_rescued_vs_non_target,true_rescued_rare,non_target,nearest_nonrare_distance,7,9543,6.010711467326988,4.866954420474129,1.1437570468528593,0.8244337659615875,1.0,1.1437570468528593,0.8244337659615875
tabula_sapiens_stomach,42,0.10,H3a_true_rescued_vs_non_target,true_rescued_rare,non_target,prototype_margin,7,9543,-0.4660446252025414,-4.286609360749395,3.8205647355468537,0.9999700603284383,1.0,3.8205647355468537,0.9999700603284383
tabula_sapiens_stomach,42,0.10,H3a_true_rescued_vs_non_target,true_rescued_rare,non_target,scANVI_rare_probability,7,9543,0.1794639,9.559257e-07,0.1794629440743,0.9999700603284383,,,
tabula_sapiens_stomach,42,0.10,H3b_true_rescued_vs_closest_competitor,true_rescued_rare,closest_competitor,rare_membership_score,7,6,0.07402881369135071,0.04156112823109573,0.03246768546025498,1.0,1.0,0.03246768546025498,1.0
tabula_sapiens_stomach,42,0.10,H3b_true_rescued_vs_closest_competitor,true_rescued_rare,closest_competitor,rare_rank,7,6,2.0,7.0,-5.0,-1.0,-1.0,5.0,1.0
tabula_sapiens_stomach,42,0.10,H3b_true_rescued_vs_closest_competitor,true_rescued_rare,closest_competitor,rare_standardized_distance,7,6,2.0753861931577506,2.6984831251780586,-0.6230969320203079,-0.9047619047619048,-1.0,0.6230969320203079,0.9047619047619048
tabula_sapiens_stomach,42,0.10,H3b_true_rescued_vs_closest_competitor,true_rescued_rare,closest_competitor,standardized_prototype_margin,7,6,-0.6662336153318358,-1.380685676164815,0.7144520608329792,1.0,1.0,0.7144520608329792,1.0
tabula_sapiens_stomach,42,0.10,H3b_true_rescued_vs_closest_competitor,true_rescued_rare,closest_competitor,rare_prototype_distance,7,6,6.479725443897619,8.425145076030464,-1.945419632132845,-0.9047619047619048,-1.0,1.945419632132845,0.9047619047619048
tabula_sapiens_stomach,42,0.10,H3b_true_rescued_vs_closest_competitor,true_rescued_rare,closest_competitor,nearest_nonrare_distance,7,6,6.010711467326988,3.770894019496737,2.2398174478302515,1.0,1.0,2.2398174478302515,1.0
tabula_sapiens_stomach,42,0.10,H3b_true_rescued_vs_closest_competitor,true_rescued_rare,closest_competitor,prototype_margin,7,6,-0.4660446252025414,-4.915332803039336,4.449288177836794,1.0,1.0,4.449288177836794,1.0
tabula_sapiens_stomach,42,0.10,H3b_true_rescued_vs_closest_competitor,true_rescued_rare,closest_competitor,scANVI_rare_probability,7,6,0.1794639,3.5019233e-07,0.17946354980767001,1.0,,,
tabula_sapiens_stomach,42,all,H1_baseline_correct_vs_true_rescued,baseline_correct_rare,true_rescued_rare,rare_membership_score,8,9,0.14305036723735964,0.09632352370088472,0.046726843536474924,0.8611111111111112,1.0,0.046726843536474924,0.8611111111111112
tabula_sapiens_stomach,42,all,H1_baseline_correct_vs_true_rescued,baseline_correct_rare,true_rescued_rare,rare_rank,8,9,1.0,1.0,0.0,-0.33333333333333337,-1.0,-0.0,0.33333333333333337
tabula_sapiens_stomach,42,all,H1_baseline_correct_vs_true_rescued,baseline_correct_rare,true_rescued_rare,rare_standardized_distance,8,9,1.362704641657262,1.8606224732273127,-0.49791783157005076,-0.8055555555555556,-1.0,0.49791783157005076,0.8055555555555556
tabula_sapiens_stomach,42,all,H1_baseline_correct_vs_true_rescued,baseline_correct_rare,true_rescued_rare,standardized_prototype_margin,8,9,0.025627906948712864,-0.35952570661716954,0.3851536135658824,0.8333333333333333,1.0,0.3851536135658824,0.8333333333333333
tabula_sapiens_stomach,42,all,H1_baseline_correct_vs_true_rescued,baseline_correct_rare,true_rescued_rare,rare_prototype_distance,8,9,4.510678432995265,6.158832519808511,-1.6481540868132463,-0.8055555555555556,-1.0,1.6481540868132463,0.8055555555555556
tabula_sapiens_stomach,42,all,H1_baseline_correct_vs_true_rescued,baseline_correct_rare,true_rescued_rare,nearest_nonrare_distance,8,9,6.619780564373746,6.284162170697075,0.335618393676671,0.25,1.0,0.335618393676671,0.25
tabula_sapiens_stomach,42,all,H1_baseline_correct_vs_true_rescued,baseline_correct_rare,true_rescued_rare,prototype_margin,8,9,1.9874919123589065,0.545029973667174,1.4424619386917326,0.7777777777777777,1.0,1.4424619386917326,0.7777777777777777
tabula_sapiens_stomach,42,all,H1_baseline_correct_vs_true_rescued,baseline_correct_rare,true_rescued_rare,scANVI_rare_probability,8,9,0.9518574,0.009275662,0.942581738,1.0,,,
tabula_sapiens_stomach,42,all,H2_true_rescued_vs_unrescued,true_rescued_rare,unrescued_rare,rare_membership_score,9,15,0.09632352370088472,0.05751877400559129,0.038804749695293426,0.9407407407407407,1.0,0.038804749695293426,0.9407407407407407
tabula_sapiens_stomach,42,all,H2_true_rescued_vs_unrescued,true_rescued_rare,unrescued_rare,rare_rank,9,15,1.0,8.0,-7.0,-1.0,-1.0,7.0,1.0
tabula_sapiens_stomach,42,all,H2_true_rescued_vs_unrescued,true_rescued_rare,unrescued_rare,rare_standardized_distance,9,15,1.8606224732273127,2.4284213776951202,-0.5677989044678076,-0.7037037037037037,-1.0,0.5677989044678076,0.7037037037037037
tabula_sapiens_stomach,42,all,H2_true_rescued_vs_unrescued,true_rescued_rare,unrescued_rare,standardized_prototype_margin,9,15,-0.35952570661716954,-0.9081069534270798,0.5485812468099103,0.8222222222222222,1.0,0.5485812468099103,0.8222222222222222
tabula_sapiens_stomach,42,all,H2_true_rescued_vs_unrescued,true_rescued_rare,unrescued_rare,rare_prototype_distance,9,15,6.158832519808511,8.038299422883348,-1.879466903074837,-0.7037037037037037,-1.0,1.879466903074837,0.7037037037037037
tabula_sapiens_stomach,42,all,H2_true_rescued_vs_unrescued,true_rescued_rare,unrescued_rare,nearest_nonrare_distance,9,15,6.284162170697075,6.033488231839863,0.25067393885721234,0.24444444444444446,1.0,0.25067393885721234,0.24444444444444446
tabula_sapiens_stomach,42,all,H2_true_rescued_vs_unrescued,true_rescued_rare,unrescued_rare,prototype_margin,9,15,0.545029973667174,-1.6772994612445853,2.2223294349117593,0.9555555555555555,1.0,2.2223294349117593,0.9555555555555555
tabula_sapiens_stomach,42,all,H2_true_rescued_vs_unrescued,true_rescued_rare,unrescued_rare,scANVI_rare_probability,9,15,0.009275662,8.011864e-05,0.00919554336,0.7185185185185186,,,
tabula_sapiens_stomach,42,all,H3a_true_rescued_vs_non_target,true_rescued_rare,non_target,rare_membership_score,9,9543,0.09632352370088472,0.04292875135093018,0.05339477234995454,0.9998369951214969,1.0,0.05339477234995454,0.9998369951214969
tabula_sapiens_stomach,42,all,H3a_true_rescued_vs_non_target,true_rescued_rare,non_target,rare_rank,9,9543,1.0,10.0,-9.0,-1.0,-1.0,9.0,1.0
tabula_sapiens_stomach,42,all,H3a_true_rescued_vs_non_target,true_rescued_rare,non_target,rare_standardized_distance,9,9543,1.8606224732273127,2.6855555833426625,-0.8249331101153499,-0.9993945533084169,-1.0,0.8249331101153499,0.9993945533084169
tabula_sapiens_stomach,42,all,H3a_true_rescued_vs_non_target,true_rescued_rare,non_target,standardized_prototype_margin,9,9543,-0.35952570661716954,-1.3678727185733104,1.0083470119561408,0.9992315484299137,1.0,1.0083470119561408,0.9992315484299137
tabula_sapiens_stomach,42,all,H3a_true_rescued_vs_non_target,true_rescued_rare,non_target,rare_prototype_distance,9,9543,6.158832519808511,8.889437432062783,-2.7306049122542717,-0.9993945533084169,-1.0,2.7306049122542717,0.9993945533084169
tabula_sapiens_stomach,42,all,H3a_true_rescued_vs_non_target,true_rescued_rare,non_target,nearest_nonrare_distance,9,9543,6.284162170697075,4.90333548759008,1.3808266831069957,0.8245834643193963,1.0,1.3808266831069957,0.8245834643193963
tabula_sapiens_stomach,42,all,H3a_true_rescued_vs_non_target,true_rescued_rare,non_target,prototype_margin,9,9543,0.545029973667174,-4.142555183903886,4.68758515757106,1.0,1.0,4.68758515757106,1.0
tabula_sapiens_stomach,42,all,H3a_true_rescued_vs_non_target,true_rescued_rare,non_target,scANVI_rare_probability,9,9543,0.009275662,3.0942612e-08,0.009275631057388,0.9996041310093495,,,
tabula_sapiens_stomach,42,all,H3b_true_rescued_vs_closest_competitor,true_rescued_rare,closest_competitor,rare_membership_score,9,2080,0.09632352370088472,0.03732125190866984,0.05900227179221488,1.0,1.0,0.05900227179221488,1.0
tabula_sapiens_stomach,42,all,H3b_true_rescued_vs_closest_competitor,true_rescued_rare,closest_competitor,rare_rank,9,2080,1.0,15.0,-14.0,-1.0,-1.0,14.0,1.0
tabula_sapiens_stomach,42,all,H3b_true_rescued_vs_closest_competitor,true_rescued_rare,closest_competitor,rare_standardized_distance,9,2080,1.8606224732273127,2.8805602880258077,-1.019937814798495,-1.0,-1.0,1.019937814798495,1.0
tabula_sapiens_stomach,42,all,H3b_true_rescued_vs_closest_competitor,true_rescued_rare,closest_competitor,standardized_prototype_margin,9,2080,-0.35952570661716954,-1.7518246061120617,1.3922988994948922,1.0,1.0,1.3922988994948922,1.0
tabula_sapiens_stomach,42,all,H3b_true_rescued_vs_closest_competitor,true_rescued_rare,closest_competitor,rare_prototype_distance,9,2080,6.158832519808511,9.534921045208137,-3.3760885253996253,-1.0,-1.0,3.3760885253996253,1.0
tabula_sapiens_stomach,42,all,H3b_true_rescued_vs_closest_competitor,true_rescued_rare,closest_competitor,nearest_nonrare_distance,9,2080,6.284162170697075,5.301590929525556,0.9825712411715193,0.7740384615384615,1.0,0.9825712411715193,0.7740384615384615
tabula_sapiens_stomach,42,all,H3b_true_rescued_vs_closest_competitor,true_rescued_rare,closest_competitor,prototype_margin,9,2080,0.545029973667174,-4.221701367991502,4.766731341658676,1.0,1.0,4.766731341658676,1.0
tabula_sapiens_stomach,42,all,H3b_true_rescued_vs_closest_competitor,true_rescued_rare,closest_competitor,scANVI_rare_probability,9,2080,0.009275662,1.1097253e-09,0.009275660890274701,1.0,,,
tabula_sapiens_stomach,43,0.01,H1_baseline_correct_vs_true_rescued,baseline_correct_rare,true_rescued_rare,rare_membership_score,17,1,0.06515063095270121,0.0423218067048081,0.022828824247893113,0.7647058823529411,1.0,0.022828824247893113,0.7647058823529411
tabula_sapiens_stomach,43,0.01,H1_baseline_correct_vs_true_rescued,baseline_correct_rare,true_rescued_rare,rare_rank,17,1,2.0,3.0,-1.0,-0.6470588235294117,-1.0,1.0,0.6470588235294117
tabula_sapiens_stomach,43,0.01,H1_baseline_correct_vs_true_rescued,baseline_correct_rare,true_rescued_rare,rare_standardized_distance,17,1,2.422573303238864,2.9605612539912634,-0.5379879507523992,-0.6470588235294117,-1.0,0.5379879507523992,0.6470588235294117
tabula_sapiens_stomach,43,0.01,H1_baseline_correct_vs_true_rescued,baseline_correct_rare,true_rescued_rare,standardized_prototype_margin,17,1,-0.8345469039663309,-1.4166712249981832,0.5821243210318523,1.0,1.0,0.5821243210318523,1.0
tabula_sapiens_stomach,43,0.01,H1_baseline_correct_vs_true_rescued,baseline_correct_rare,true_rescued_rare,rare_prototype_distance,17,1,6.224854664236774,7.6072263761956815,-1.3823717119589078,-0.6470588235294117,-1.0,1.3823717119589078,0.6470588235294117
tabula_sapiens_stomach,43,0.01,H1_baseline_correct_vs_true_rescued,baseline_correct_rare,true_rescued_rare,nearest_nonrare_distance,17,1,6.475668287409879,7.020106274074007,-0.5444379866641285,-0.6470588235294117,1.0,-0.5444379866641285,-0.6470588235294117
tabula_sapiens_stomach,43,0.01,H1_baseline_correct_vs_true_rescued,baseline_correct_rare,true_rescued_rare,prototype_margin,17,1,-0.06750235495258128,-0.5871201021216743,0.519617747169093,0.7647058823529411,1.0,0.519617747169093,0.7647058823529411
tabula_sapiens_stomach,43,0.01,H1_baseline_correct_vs_true_rescued,baseline_correct_rare,true_rescued_rare,scANVI_rare_probability,17,1,0.9601586,0.29839388,0.66176472,1.0,,,
tabula_sapiens_stomach,43,0.01,H2_true_rescued_vs_unrescued,true_rescued_rare,unrescued_rare,rare_membership_score,1,14,0.0423218067048081,0.020555860833066816,0.02176594587174128,0.8571428571428572,1.0,0.02176594587174128,0.8571428571428572
tabula_sapiens_stomach,43,0.01,H2_true_rescued_vs_unrescued,true_rescued_rare,unrescued_rare,rare_rank,1,14,3.0,13.5,-10.5,-1.0,-1.0,10.5,1.0
tabula_sapiens_stomach,43,0.01,H2_true_rescued_vs_unrescued,true_rescued_rare,unrescued_rare,rare_standardized_distance,1,14,2.9605612539912634,3.6814032533079626,-0.7208419993166992,-0.4285714285714286,-1.0,0.7208419993166992,0.4285714285714286
tabula_sapiens_stomach,43,0.01,H2_true_rescued_vs_unrescued,true_rescued_rare,unrescued_rare,standardized_prototype_margin,1,14,-1.4166712249981832,-1.933015449426166,0.5163442244279828,0.8571428571428572,1.0,0.5163442244279828,0.8571428571428572
tabula_sapiens_stomach,43,0.01,H2_true_rescued_vs_unrescued,true_rescued_rare,unrescued_rare,rare_prototype_distance,1,14,7.6072263761956815,9.459445533248733,-1.8522191570530513,-0.4285714285714286,-1.0,1.8522191570530513,0.4285714285714286
tabula_sapiens_stomach,43,0.01,H2_true_rescued_vs_unrescued,true_rescued_rare,unrescued_rare,nearest_nonrare_distance,1,14,7.020106274074007,6.288862324609132,0.7312439494648748,0.5714285714285714,1.0,0.7312439494648748,0.5714285714285714
tabula_sapiens_stomach,43,0.01,H2_true_rescued_vs_unrescued,true_rescued_rare,unrescued_rare,prototype_margin,1,14,-0.5871201021216743,-2.612590524023429,2.0254704219017547,1.0,1.0,2.0254704219017547,1.0
tabula_sapiens_stomach,43,0.01,H2_true_rescued_vs_unrescued,true_rescued_rare,unrescued_rare,scANVI_rare_probability,1,14,0.29839388,0.0123794295,0.2860144505,0.8571428571428572,,,
tabula_sapiens_stomach,43,0.01,H3a_true_rescued_vs_non_target,true_rescued_rare,non_target,rare_membership_score,1,9543,0.0423218067048081,0.012482296332621344,0.029839510372186753,1.0,1.0,0.029839510372186753,1.0
tabula_sapiens_stomach,43,0.01,H3a_true_rescued_vs_non_target,true_rescued_rare,non_target,rare_rank,1,9543,3.0,15.0,-12.0,-1.0,-1.0,12.0,1.0
tabula_sapiens_stomach,43,0.01,H3a_true_rescued_vs_non_target,true_rescued_rare,non_target,rare_standardized_distance,1,9543,2.9605612539912634,4.048545562965036,-1.0879843089737729,-0.9993712668972021,-1.0,1.0879843089737729,0.9993712668972021
tabula_sapiens_stomach,43,0.01,H3a_true_rescued_vs_non_target,true_rescued_rare,non_target,standardized_prototype_margin,1,9543,-1.4166712249981832,-2.6456571465575442,1.228985921559361,1.0,1.0,1.228985921559361,1.0
tabula_sapiens_stomach,43,0.01,H3a_true_rescued_vs_non_target,true_rescued_rare,non_target,rare_prototype_distance,1,9543,7.6072263761956815,10.402825663646446,-2.7955992874507647,-0.9993712668972021,-1.0,2.7955992874507647,0.9993712668972021
tabula_sapiens_stomach,43,0.01,H3a_true_rescued_vs_non_target,true_rescued_rare,non_target,nearest_nonrare_distance,1,9543,7.020106274074007,5.206799374489655,1.8133068995843526,0.9559886828041497,1.0,1.8133068995843526,0.9559886828041497
tabula_sapiens_stomach,43,0.01,H3a_true_rescued_vs_non_target,true_rescued_rare,non_target,prototype_margin,1,9543,-0.5871201021216743,-5.17990424369991,4.592784141578235,1.0,1.0,4.592784141578235,1.0
tabula_sapiens_stomach,43,0.01,H3a_true_rescued_vs_non_target,true_rescued_rare,non_target,scANVI_rare_probability,1,9543,0.29839388,4.320107e-06,0.298389559893,0.9997904222990674,,,
tabula_sapiens_stomach,43,0.01,H3b_true_rescued_vs_closest_competitor,true_rescued_rare,closest_competitor,rare_membership_score,1,6,0.0423218067048081,0.019090290738757502,0.023231515966050595,1.0,1.0,0.023231515966050595,1.0
tabula_sapiens_stomach,43,0.01,H3b_true_rescued_vs_closest_competitor,true_rescued_rare,closest_competitor,rare_rank,1,6,3.0,10.5,-7.5,-1.0,-1.0,7.5,1.0
tabula_sapiens_stomach,43,0.01,H3b_true_rescued_vs_closest_competitor,true_rescued_rare,closest_competitor,rare_standardized_distance,1,6,2.9605612539912634,3.345964850041465,-0.3854035960502018,-1.0,-1.0,0.3854035960502018,1.0
tabula_sapiens_stomach,43,0.01,H3b_true_rescued_vs_closest_competitor,true_rescued_rare,closest_competitor,standardized_prototype_margin,1,6,-1.4166712249981832,-2.069706455204894,0.6530352302067106,1.0,1.0,0.6530352302067106,1.0
tabula_sapiens_stomach,43,0.01,H3b_true_rescued_vs_closest_competitor,true_rescued_rare,closest_competitor,rare_prototype_distance,1,6,7.6072263761956815,8.597529278188066,-0.9903029019923846,-1.0,-1.0,0.9903029019923846,1.0
tabula_sapiens_stomach,43,0.01,H3b_true_rescued_vs_closest_competitor,true_rescued_rare,closest_competitor,nearest_nonrare_distance,1,6,7.020106274074007,3.691558190240392,3.3285480838336152,1.0,1.0,3.3285480838336152,1.0
tabula_sapiens_stomach,43,0.01,H3b_true_rescued_vs_closest_competitor,true_rescued_rare,closest_competitor,prototype_margin,1,6,-0.5871201021216743,-4.902119237123026,4.314999135001352,1.0,1.0,4.314999135001352,1.0
tabula_sapiens_stomach,43,0.01,H3b_true_rescued_vs_closest_competitor,true_rescued_rare,closest_competitor,scANVI_rare_probability,1,6,0.29839388,4.3782179e-07,0.29839344217821,1.0,,,
tabula_sapiens_stomach,43,0.05,H1_baseline_correct_vs_true_rescued,baseline_correct_rare,true_rescued_rare,rare_membership_score,17,1,0.06515063095270121,0.0423218067048081,0.022828824247893113,0.7647058823529411,1.0,0.022828824247893113,0.7647058823529411
tabula_sapiens_stomach,43,0.05,H1_baseline_correct_vs_true_rescued,baseline_correct_rare,true_rescued_rare,rare_rank,17,1,2.0,3.0,-1.0,-0.6470588235294117,-1.0,1.0,0.6470588235294117
tabula_sapiens_stomach,43,0.05,H1_baseline_correct_vs_true_rescued,baseline_correct_rare,true_rescued_rare,rare_standardized_distance,17,1,2.422573303238864,2.9605612539912634,-0.5379879507523992,-0.6470588235294117,-1.0,0.5379879507523992,0.6470588235294117
tabula_sapiens_stomach,43,0.05,H1_baseline_correct_vs_true_rescued,baseline_correct_rare,true_rescued_rare,standardized_prototype_margin,17,1,-0.8345469039663309,-1.4166712249981832,0.5821243210318523,1.0,1.0,0.5821243210318523,1.0
tabula_sapiens_stomach,43,0.05,H1_baseline_correct_vs_true_rescued,baseline_correct_rare,true_rescued_rare,rare_prototype_distance,17,1,6.224854664236774,7.6072263761956815,-1.3823717119589078,-0.6470588235294117,-1.0,1.3823717119589078,0.6470588235294117
tabula_sapiens_stomach,43,0.05,H1_baseline_correct_vs_true_rescued,baseline_correct_rare,true_rescued_rare,nearest_nonrare_distance,17,1,6.475668287409879,7.020106274074007,-0.5444379866641285,-0.6470588235294117,1.0,-0.5444379866641285,-0.6470588235294117
tabula_sapiens_stomach,43,0.05,H1_baseline_correct_vs_true_rescued,baseline_correct_rare,true_rescued_rare,prototype_margin,17,1,-0.06750235495258128,-0.5871201021216743,0.519617747169093,0.7647058823529411,1.0,0.519617747169093,0.7647058823529411
tabula_sapiens_stomach,43,0.05,H1_baseline_correct_vs_true_rescued,baseline_correct_rare,true_rescued_rare,scANVI_rare_probability,17,1,0.9601586,0.29839388,0.66176472,1.0,,,
tabula_sapiens_stomach,43,0.05,H2_true_rescued_vs_unrescued,true_rescued_rare,unrescued_rare,rare_membership_score,1,14,0.0423218067048081,0.020555860833066816,0.02176594587174128,0.8571428571428572,1.0,0.02176594587174128,0.8571428571428572
tabula_sapiens_stomach,43,0.05,H2_true_rescued_vs_unrescued,true_rescued_rare,unrescued_rare,rare_rank,1,14,3.0,13.5,-10.5,-1.0,-1.0,10.5,1.0
tabula_sapiens_stomach,43,0.05,H2_true_rescued_vs_unrescued,true_rescued_rare,unrescued_rare,rare_standardized_distance,1,14,2.9605612539912634,3.6814032533079626,-0.7208419993166992,-0.4285714285714286,-1.0,0.7208419993166992,0.4285714285714286
tabula_sapiens_stomach,43,0.05,H2_true_rescued_vs_unrescued,true_rescued_rare,unrescued_rare,standardized_prototype_margin,1,14,-1.4166712249981832,-1.933015449426166,0.5163442244279828,0.8571428571428572,1.0,0.5163442244279828,0.8571428571428572
tabula_sapiens_stomach,43,0.05,H2_true_rescued_vs_unrescued,true_rescued_rare,unrescued_rare,rare_prototype_distance,1,14,7.6072263761956815,9.459445533248733,-1.8522191570530513,-0.4285714285714286,-1.0,1.8522191570530513,0.4285714285714286
tabula_sapiens_stomach,43,0.05,H2_true_rescued_vs_unrescued,true_rescued_rare,unrescued_rare,nearest_nonrare_distance,1,14,7.020106274074007,6.288862324609132,0.7312439494648748,0.5714285714285714,1.0,0.7312439494648748,0.5714285714285714
tabula_sapiens_stomach,43,0.05,H2_true_rescued_vs_unrescued,true_rescued_rare,unrescued_rare,prototype_margin,1,14,-0.5871201021216743,-2.612590524023429,2.0254704219017547,1.0,1.0,2.0254704219017547,1.0
tabula_sapiens_stomach,43,0.05,H2_true_rescued_vs_unrescued,true_rescued_rare,unrescued_rare,scANVI_rare_probability,1,14,0.29839388,0.0123794295,0.2860144505,0.8571428571428572,,,
tabula_sapiens_stomach,43,0.05,H3a_true_rescued_vs_non_target,true_rescued_rare,non_target,rare_membership_score,1,9543,0.0423218067048081,0.012482296332621344,0.029839510372186753,1.0,1.0,0.029839510372186753,1.0
tabula_sapiens_stomach,43,0.05,H3a_true_rescued_vs_non_target,true_rescued_rare,non_target,rare_rank,1,9543,3.0,15.0,-12.0,-1.0,-1.0,12.0,1.0
tabula_sapiens_stomach,43,0.05,H3a_true_rescued_vs_non_target,true_rescued_rare,non_target,rare_standardized_distance,1,9543,2.9605612539912634,4.048545562965036,-1.0879843089737729,-0.9993712668972021,-1.0,1.0879843089737729,0.9993712668972021
tabula_sapiens_stomach,43,0.05,H3a_true_rescued_vs_non_target,true_rescued_rare,non_target,standardized_prototype_margin,1,9543,-1.4166712249981832,-2.6456571465575442,1.228985921559361,1.0,1.0,1.228985921559361,1.0
tabula_sapiens_stomach,43,0.05,H3a_true_rescued_vs_non_target,true_rescued_rare,non_target,rare_prototype_distance,1,9543,7.6072263761956815,10.402825663646446,-2.7955992874507647,-0.9993712668972021,-1.0,2.7955992874507647,0.9993712668972021
tabula_sapiens_stomach,43,0.05,H3a_true_rescued_vs_non_target,true_rescued_rare,non_target,nearest_nonrare_distance,1,9543,7.020106274074007,5.206799374489655,1.8133068995843526,0.9559886828041497,1.0,1.8133068995843526,0.9559886828041497
tabula_sapiens_stomach,43,0.05,H3a_true_rescued_vs_non_target,true_rescued_rare,non_target,prototype_margin,1,9543,-0.5871201021216743,-5.17990424369991,4.592784141578235,1.0,1.0,4.592784141578235,1.0
tabula_sapiens_stomach,43,0.05,H3a_true_rescued_vs_non_target,true_rescued_rare,non_target,scANVI_rare_probability,1,9543,0.29839388,4.320107e-06,0.298389559893,0.9997904222990674,,,
tabula_sapiens_stomach,43,0.05,H3b_true_rescued_vs_closest_competitor,true_rescued_rare,closest_competitor,rare_membership_score,1,6,0.0423218067048081,0.019090290738757502,0.023231515966050595,1.0,1.0,0.023231515966050595,1.0
tabula_sapiens_stomach,43,0.05,H3b_true_rescued_vs_closest_competitor,true_rescued_rare,closest_competitor,rare_rank,1,6,3.0,10.5,-7.5,-1.0,-1.0,7.5,1.0
tabula_sapiens_stomach,43,0.05,H3b_true_rescued_vs_closest_competitor,true_rescued_rare,closest_competitor,rare_standardized_distance,1,6,2.9605612539912634,3.345964850041465,-0.3854035960502018,-1.0,-1.0,0.3854035960502018,1.0
tabula_sapiens_stomach,43,0.05,H3b_true_rescued_vs_closest_competitor,true_rescued_rare,closest_competitor,standardized_prototype_margin,1,6,-1.4166712249981832,-2.069706455204894,0.6530352302067106,1.0,1.0,0.6530352302067106,1.0
tabula_sapiens_stomach,43,0.05,H3b_true_rescued_vs_closest_competitor,true_rescued_rare,closest_competitor,rare_prototype_distance,1,6,7.6072263761956815,8.597529278188066,-0.9903029019923846,-1.0,-1.0,0.9903029019923846,1.0
tabula_sapiens_stomach,43,0.05,H3b_true_rescued_vs_closest_competitor,true_rescued_rare,closest_competitor,nearest_nonrare_distance,1,6,7.020106274074007,3.691558190240392,3.3285480838336152,1.0,1.0,3.3285480838336152,1.0
tabula_sapiens_stomach,43,0.05,H3b_true_rescued_vs_closest_competitor,true_rescued_rare,closest_competitor,prototype_margin,1,6,-0.5871201021216743,-4.902119237123026,4.314999135001352,1.0,1.0,4.314999135001352,1.0
tabula_sapiens_stomach,43,0.05,H3b_true_rescued_vs_closest_competitor,true_rescued_rare,closest_competitor,scANVI_rare_probability,1,6,0.29839388,4.3782179e-07,0.29839344217821,1.0,,,
tabula_sapiens_stomach,43,0.10,H1_baseline_correct_vs_true_rescued,baseline_correct_rare,true_rescued_rare,rare_membership_score,17,1,0.06515063095270121,0.0423218067048081,0.022828824247893113,0.7647058823529411,1.0,0.022828824247893113,0.7647058823529411
tabula_sapiens_stomach,43,0.10,H1_baseline_correct_vs_true_rescued,baseline_correct_rare,true_rescued_rare,rare_rank,17,1,2.0,3.0,-1.0,-0.6470588235294117,-1.0,1.0,0.6470588235294117
tabula_sapiens_stomach,43,0.10,H1_baseline_correct_vs_true_rescued,baseline_correct_rare,true_rescued_rare,rare_standardized_distance,17,1,2.422573303238864,2.9605612539912634,-0.5379879507523992,-0.6470588235294117,-1.0,0.5379879507523992,0.6470588235294117
tabula_sapiens_stomach,43,0.10,H1_baseline_correct_vs_true_rescued,baseline_correct_rare,true_rescued_rare,standardized_prototype_margin,17,1,-0.8345469039663309,-1.4166712249981832,0.5821243210318523,1.0,1.0,0.5821243210318523,1.0
tabula_sapiens_stomach,43,0.10,H1_baseline_correct_vs_true_rescued,baseline_correct_rare,true_rescued_rare,rare_prototype_distance,17,1,6.224854664236774,7.6072263761956815,-1.3823717119589078,-0.6470588235294117,-1.0,1.3823717119589078,0.6470588235294117
tabula_sapiens_stomach,43,0.10,H1_baseline_correct_vs_true_rescued,baseline_correct_rare,true_rescued_rare,nearest_nonrare_distance,17,1,6.475668287409879,7.020106274074007,-0.5444379866641285,-0.6470588235294117,1.0,-0.5444379866641285,-0.6470588235294117
tabula_sapiens_stomach,43,0.10,H1_baseline_correct_vs_true_rescued,baseline_correct_rare,true_rescued_rare,prototype_margin,17,1,-0.06750235495258128,-0.5871201021216743,0.519617747169093,0.7647058823529411,1.0,0.519617747169093,0.7647058823529411
tabula_sapiens_stomach,43,0.10,H1_baseline_correct_vs_true_rescued,baseline_correct_rare,true_rescued_rare,scANVI_rare_probability,17,1,0.9601586,0.29839388,0.66176472,1.0,,,
tabula_sapiens_stomach,43,0.10,H2_true_rescued_vs_unrescued,true_rescued_rare,unrescued_rare,rare_membership_score,1,14,0.0423218067048081,0.020555860833066816,0.02176594587174128,0.8571428571428572,1.0,0.02176594587174128,0.8571428571428572
tabula_sapiens_stomach,43,0.10,H2_true_rescued_vs_unrescued,true_rescued_rare,unrescued_rare,rare_rank,1,14,3.0,13.5,-10.5,-1.0,-1.0,10.5,1.0
tabula_sapiens_stomach,43,0.10,H2_true_rescued_vs_unrescued,true_rescued_rare,unrescued_rare,rare_standardized_distance,1,14,2.9605612539912634,3.6814032533079626,-0.7208419993166992,-0.4285714285714286,-1.0,0.7208419993166992,0.4285714285714286
tabula_sapiens_stomach,43,0.10,H2_true_rescued_vs_unrescued,true_rescued_rare,unrescued_rare,standardized_prototype_margin,1,14,-1.4166712249981832,-1.933015449426166,0.5163442244279828,0.8571428571428572,1.0,0.5163442244279828,0.8571428571428572
tabula_sapiens_stomach,43,0.10,H2_true_rescued_vs_unrescued,true_rescued_rare,unrescued_rare,rare_prototype_distance,1,14,7.6072263761956815,9.459445533248733,-1.8522191570530513,-0.4285714285714286,-1.0,1.8522191570530513,0.4285714285714286
tabula_sapiens_stomach,43,0.10,H2_true_rescued_vs_unrescued,true_rescued_rare,unrescued_rare,nearest_nonrare_distance,1,14,7.020106274074007,6.288862324609132,0.7312439494648748,0.5714285714285714,1.0,0.7312439494648748,0.5714285714285714
tabula_sapiens_stomach,43,0.10,H2_true_rescued_vs_unrescued,true_rescued_rare,unrescued_rare,prototype_margin,1,14,-0.5871201021216743,-2.612590524023429,2.0254704219017547,1.0,1.0,2.0254704219017547,1.0
tabula_sapiens_stomach,43,0.10,H2_true_rescued_vs_unrescued,true_rescued_rare,unrescued_rare,scANVI_rare_probability,1,14,0.29839388,0.0123794295,0.2860144505,0.8571428571428572,,,
tabula_sapiens_stomach,43,0.10,H3a_true_rescued_vs_non_target,true_rescued_rare,non_target,rare_membership_score,1,9543,0.0423218067048081,0.012482296332621344,0.029839510372186753,1.0,1.0,0.029839510372186753,1.0
tabula_sapiens_stomach,43,0.10,H3a_true_rescued_vs_non_target,true_rescued_rare,non_target,rare_rank,1,9543,3.0,15.0,-12.0,-1.0,-1.0,12.0,1.0
tabula_sapiens_stomach,43,0.10,H3a_true_rescued_vs_non_target,true_rescued_rare,non_target,rare_standardized_distance,1,9543,2.9605612539912634,4.048545562965036,-1.0879843089737729,-0.9993712668972021,-1.0,1.0879843089737729,0.9993712668972021
tabula_sapiens_stomach,43,0.10,H3a_true_rescued_vs_non_target,true_rescued_rare,non_target,standardized_prototype_margin,1,9543,-1.4166712249981832,-2.6456571465575442,1.228985921559361,1.0,1.0,1.228985921559361,1.0
tabula_sapiens_stomach,43,0.10,H3a_true_rescued_vs_non_target,true_rescued_rare,non_target,rare_prototype_distance,1,9543,7.6072263761956815,10.402825663646446,-2.7955992874507647,-0.9993712668972021,-1.0,2.7955992874507647,0.9993712668972021
tabula_sapiens_stomach,43,0.10,H3a_true_rescued_vs_non_target,true_rescued_rare,non_target,nearest_nonrare_distance,1,9543,7.020106274074007,5.206799374489655,1.8133068995843526,0.9559886828041497,1.0,1.8133068995843526,0.9559886828041497
tabula_sapiens_stomach,43,0.10,H3a_true_rescued_vs_non_target,true_rescued_rare,non_target,prototype_margin,1,9543,-0.5871201021216743,-5.17990424369991,4.592784141578235,1.0,1.0,4.592784141578235,1.0
tabula_sapiens_stomach,43,0.10,H3a_true_rescued_vs_non_target,true_rescued_rare,non_target,scANVI_rare_probability,1,9543,0.29839388,4.320107e-06,0.298389559893,0.9997904222990674,,,
tabula_sapiens_stomach,43,0.10,H3b_true_rescued_vs_closest_competitor,true_rescued_rare,closest_competitor,rare_membership_score,1,6,0.0423218067048081,0.019090290738757502,0.023231515966050595,1.0,1.0,0.023231515966050595,1.0
tabula_sapiens_stomach,43,0.10,H3b_true_rescued_vs_closest_competitor,true_rescued_rare,closest_competitor,rare_rank,1,6,3.0,10.5,-7.5,-1.0,-1.0,7.5,1.0
tabula_sapiens_stomach,43,0.10,H3b_true_rescued_vs_closest_competitor,true_rescued_rare,closest_competitor,rare_standardized_distance,1,6,2.9605612539912634,3.345964850041465,-0.3854035960502018,-1.0,-1.0,0.3854035960502018,1.0
tabula_sapiens_stomach,43,0.10,H3b_true_rescued_vs_closest_competitor,true_rescued_rare,closest_competitor,standardized_prototype_margin,1,6,-1.4166712249981832,-2.069706455204894,0.6530352302067106,1.0,1.0,0.6530352302067106,1.0
tabula_sapiens_stomach,43,0.10,H3b_true_rescued_vs_closest_competitor,true_rescued_rare,closest_competitor,rare_prototype_distance,1,6,7.6072263761956815,8.597529278188066,-0.9903029019923846,-1.0,-1.0,0.9903029019923846,1.0
tabula_sapiens_stomach,43,0.10,H3b_true_rescued_vs_closest_competitor,true_rescued_rare,closest_competitor,nearest_nonrare_distance,1,6,7.020106274074007,3.691558190240392,3.3285480838336152,1.0,1.0,3.3285480838336152,1.0
tabula_sapiens_stomach,43,0.10,H3b_true_rescued_vs_closest_competitor,true_rescued_rare,closest_competitor,prototype_margin,1,6,-0.5871201021216743,-4.902119237123026,4.314999135001352,1.0,1.0,4.314999135001352,1.0
tabula_sapiens_stomach,43,0.10,H3b_true_rescued_vs_closest_competitor,true_rescued_rare,closest_competitor,scANVI_rare_probability,1,6,0.29839388,4.3782179e-07,0.29839344217821,1.0,,,
tabula_sapiens_stomach,43,all,H1_baseline_correct_vs_true_rescued,baseline_correct_rare,true_rescued_rare,rare_membership_score,16,2,0.1443783009115921,0.10104894123960981,0.04332935967198229,0.875,1.0,0.04332935967198229,0.875
tabula_sapiens_stomach,43,all,H1_baseline_correct_vs_true_rescued,baseline_correct_rare,true_rescued_rare,rare_rank,16,2,1.0,1.0,0.0,0.0,-1.0,-0.0,-0.0
tabula_sapiens_stomach,43,all,H1_baseline_correct_vs_true_rescued,baseline_correct_rare,true_rescued_rare,rare_standardized_distance,16,2,1.5289698142985095,1.9759532336640466,-0.4469834193655371,-0.875,-1.0,0.4469834193655371,0.875
tabula_sapiens_stomach,43,all,H1_baseline_correct_vs_true_rescued,baseline_correct_rare,true_rescued_rare,standardized_prototype_margin,16,2,0.01286013619576698,-0.5017342903407106,0.5145944265364776,1.0,1.0,0.5145944265364776,1.0
tabula_sapiens_stomach,43,all,H1_baseline_correct_vs_true_rescued,baseline_correct_rare,true_rescued_rare,rare_prototype_distance,16,2,5.190306087662986,6.707655050946325,-1.5173489632833395,-0.875,-1.0,1.5173489632833395,0.875
tabula_sapiens_stomach,43,all,H1_baseline_correct_vs_true_rescued,baseline_correct_rare,true_rescued_rare,nearest_nonrare_distance,16,2,6.651615146142319,6.904987619374679,-0.2533724732323597,-0.375,1.0,-0.2533724732323597,-0.375
tabula_sapiens_stomach,43,all,H1_baseline_correct_vs_true_rescued,baseline_correct_rare,true_rescued_rare,prototype_margin,16,2,1.4447436558327982,0.19733256842835312,1.247411087404445,0.875,1.0,1.247411087404445,0.875
tabula_sapiens_stomach,43,all,H1_baseline_correct_vs_true_rescued,baseline_correct_rare,true_rescued_rare,scANVI_rare_probability,16,2,0.9958559300000001,0.160919855,0.8349360750000001,1.0,,,
tabula_sapiens_stomach,43,all,H2_true_rescued_vs_unrescued,true_rescued_rare,unrescued_rare,rare_membership_score,2,14,0.10104894123960981,0.05619822752663309,0.04485071371297672,1.0,1.0,0.04485071371297672,1.0
tabula_sapiens_stomach,43,all,H2_true_rescued_vs_unrescued,true_rescued_rare,unrescued_rare,rare_rank,2,14,1.0,9.5,-8.5,-1.0,-1.0,8.5,1.0
tabula_sapiens_stomach,43,all,H2_true_rescued_vs_unrescued,true_rescued_rare,unrescued_rare,rare_standardized_distance,2,14,1.9759532336640466,2.5987987178744056,-0.622845484210359,-0.2857142857142857,-1.0,0.622845484210359,0.2857142857142857
tabula_sapiens_stomach,43,all,H2_true_rescued_vs_unrescued,true_rescued_rare,unrescued_rare,standardized_prototype_margin,2,14,-0.5017342903407106,-0.9012441699782571,0.3995098796375465,0.8571428571428572,1.0,0.3995098796375465,0.8571428571428572
tabula_sapiens_stomach,43,all,H2_true_rescued_vs_unrescued,true_rescued_rare,unrescued_rare,rare_prototype_distance,2,14,6.707655050946325,8.821992873798383,-2.1143378228520575,-0.2857142857142857,-1.0,2.1143378228520575,0.2857142857142857
tabula_sapiens_stomach,43,all,H2_true_rescued_vs_unrescued,true_rescued_rare,unrescued_rare,nearest_nonrare_distance,2,14,6.904987619374679,6.663040209354429,0.24194741002024944,0.0714285714285714,1.0,0.24194741002024944,0.0714285714285714
tabula_sapiens_stomach,43,all,H2_true_rescued_vs_unrescued,true_rescued_rare,unrescued_rare,prototype_margin,2,14,0.19733256842835312,-1.7201150911801593,1.9174476596085124,1.0,1.0,1.9174476596085124,1.0
tabula_sapiens_stomach,43,all,H2_true_rescued_vs_unrescued,true_rescued_rare,unrescued_rare,scANVI_rare_probability,2,14,0.160919855,9.2986885e-06,0.1609105563115,0.8571428571428572,,,
tabula_sapiens_stomach,43,all,H3a_true_rescued_vs_non_target,true_rescued_rare,non_target,rare_membership_score,2,9543,0.10104894123960981,0.04076259453108,0.06028634670852981,1.0,1.0,0.06028634670852981,1.0
tabula_sapiens_stomach,43,all,H3a_true_rescued_vs_non_target,true_rescued_rare,non_target,rare_rank,2,9543,1.0,15.0,-14.0,-1.0,-1.0,14.0,1.0
tabula_sapiens_stomach,43,all,H3a_true_rescued_vs_non_target,true_rescued_rare,non_target,rare_standardized_distance,2,9543,1.9759532336640466,2.8193381544711356,-0.8433849208070889,-0.9990569003458032,-1.0,0.8433849208070889,0.9990569003458032
tabula_sapiens_stomach,43,all,H3a_true_rescued_vs_non_target,true_rescued_rare,non_target,standardized_prototype_margin,2,9543,-0.5017342903407106,-1.4680386435837882,0.9663043532430776,0.9996856334486011,1.0,0.9663043532430776,0.9996856334486011
tabula_sapiens_stomach,43,all,H3a_true_rescued_vs_non_target,true_rescued_rare,non_target,rare_prototype_distance,2,9543,6.707655050946325,9.570645443413007,-2.8629903924666813,-0.9990569003458032,-1.0,2.8629903924666813,0.9990569003458032
tabula_sapiens_stomach,43,all,H3a_true_rescued_vs_non_target,true_rescued_rare,non_target,nearest_nonrare_distance,2,9543,6.904987619374679,5.265764281547173,1.6392233378275058,0.9362883789164833,1.0,1.6392233378275058,0.9362883789164833
tabula_sapiens_stomach,43,all,H3a_true_rescued_vs_non_target,true_rescued_rare,non_target,prototype_margin,2,9543,0.19733256842835312,-4.340236456221967,4.53756902465032,1.0,1.0,4.53756902465032,1.0
tabula_sapiens_stomach,43,all,H3a_true_rescued_vs_non_target,true_rescued_rare,non_target,scANVI_rare_probability,2,9543,0.160919855,2.854575e-07,0.1609195695425,1.0,,,
tabula_sapiens_stomach,43,all,H3b_true_rescued_vs_closest_competitor,true_rescued_rare,closest_competitor,rare_membership_score,2,6,0.10104894123960981,0.05354647141488726,0.047502469824722546,1.0,1.0,0.047502469824722546,1.0
tabula_sapiens_stomach,43,all,H3b_true_rescued_vs_closest_competitor,true_rescued_rare,closest_competitor,rare_rank,2,6,1.0,7.0,-6.0,-1.0,-1.0,6.0,1.0
tabula_sapiens_stomach,43,all,H3b_true_rescued_vs_closest_competitor,true_rescued_rare,closest_competitor,rare_standardized_distance,2,6,1.9759532336640466,2.3119365048791374,-0.33598327121509075,-1.0,-1.0,0.33598327121509075,1.0
tabula_sapiens_stomach,43,all,H3b_true_rescued_vs_closest_competitor,true_rescued_rare,closest_competitor,standardized_prototype_margin,2,6,-0.5017342903407106,-1.0311480502463342,0.5294137599056236,1.0,1.0,0.5294137599056236,1.0
tabula_sapiens_stomach,43,all,H3b_true_rescued_vs_closest_competitor,true_rescued_rare,closest_competitor,rare_prototype_distance,2,6,6.707655050946325,7.84819818111969,-1.1405431301733646,-1.0,-1.0,1.1405431301733646,1.0
tabula_sapiens_stomach,43,all,H3b_true_rescued_vs_closest_competitor,true_rescued_rare,closest_competitor,nearest_nonrare_distance,2,6,6.904987619374679,3.6878526960272655,3.2171349233474134,1.0,1.0,3.2171349233474134,1.0
tabula_sapiens_stomach,43,all,H3b_true_rescued_vs_closest_competitor,true_rescued_rare,closest_competitor,prototype_margin,2,6,0.19733256842835312,-4.3553149693169715,4.552647537745324,1.0,1.0,4.552647537745324,1.0
tabula_sapiens_stomach,43,all,H3b_true_rescued_vs_closest_competitor,true_rescued_rare,closest_competitor,scANVI_rare_probability,2,6,0.160919855,2.105433224e-06,0.160917749566776,1.0,,,
tabula_sapiens_stomach,44,0.01,H1_baseline_correct_vs_true_rescued,baseline_correct_rare,true_rescued_rare,rare_membership_score,14,4,0.08973023851338775,0.06238928932526994,0.027340949188117816,0.6428571428571428,1.0,0.027340949188117816,0.6428571428571428
tabula_sapiens_stomach,44,0.01,H1_baseline_correct_vs_true_rescued,baseline_correct_rare,true_rescued_rare,rare_rank,14,4,1.0,1.0,0.0,0.0714285714285714,-1.0,-0.0,-0.0714285714285714
tabula_sapiens_stomach,44,0.01,H1_baseline_correct_vs_true_rescued,baseline_correct_rare,true_rescued_rare,rare_standardized_distance,14,4,1.845055113356477,2.229107921774016,-0.3840528084175392,-0.4642857142857143,-1.0,0.3840528084175392,0.4642857142857143
tabula_sapiens_stomach,44,0.01,H1_baseline_correct_vs_true_rescued,baseline_correct_rare,true_rescued_rare,standardized_prototype_margin,14,4,-0.3727627544866079,-0.6286339868966494,0.2558712324100415,0.5714285714285714,1.0,0.2558712324100415,0.5714285714285714
tabula_sapiens_stomach,44,0.01,H1_baseline_correct_vs_true_rescued,baseline_correct_rare,true_rescued_rare,rare_prototype_distance,14,4,4.861196635532469,5.873066799535222,-1.0118701640027528,-0.4642857142857143,-1.0,1.0118701640027528,0.4642857142857143
tabula_sapiens_stomach,44,0.01,H1_baseline_correct_vs_true_rescued,baseline_correct_rare,true_rescued_rare,nearest_nonrare_distance,14,4,6.552054286174942,6.160923309929942,0.39113097624499993,0.25,1.0,0.39113097624499993,0.25
tabula_sapiens_stomach,44,0.01,H1_baseline_correct_vs_true_rescued,baseline_correct_rare,true_rescued_rare,prototype_margin,14,4,1.5623291023662698,0.38051944128085236,1.1818096610854174,0.5357142857142858,1.0,1.1818096610854174,0.5357142857142858
tabula_sapiens_stomach,44,0.01,H1_baseline_correct_vs_true_rescued,baseline_correct_rare,true_rescued_rare,scANVI_rare_probability,14,4,0.94040018,0.10345801,0.83694217,1.0,,,
tabula_sapiens_stomach,44,0.01,H2_true_rescued_vs_unrescued,true_rescued_rare,unrescued_rare,rare_membership_score,4,14,0.06238928932526994,0.019036995373283176,0.04335229395198676,0.9285714285714286,1.0,0.04335229395198676,0.9285714285714286
tabula_sapiens_stomach,44,0.01,H2_true_rescued_vs_unrescued,true_rescued_rare,unrescued_rare,rare_rank,4,14,1.0,16.0,-15.0,-1.0,-1.0,15.0,1.0
tabula_sapiens_stomach,44,0.01,H2_true_rescued_vs_unrescued,true_rescued_rare,unrescued_rare,rare_standardized_distance,4,14,2.229107921774016,3.6170718297242415,-1.3879639079502253,-0.7857142857142857,-1.0,1.3879639079502253,0.7857142857142857
tabula_sapiens_stomach,44,0.01,H2_true_rescued_vs_unrescued,true_rescued_rare,unrescued_rare,standardized_prototype_margin,4,14,-0.6286339868966494,-1.8625719492631516,1.233937962366502,0.9642857142857142,1.0,1.233937962366502,0.9642857142857142
tabula_sapiens_stomach,44,0.01,H2_true_rescued_vs_unrescued,true_rescued_rare,unrescued_rare,rare_prototype_distance,4,14,5.873066799535222,9.529957821773502,-3.6568910222382804,-0.7857142857142857,-1.0,3.6568910222382804,0.7857142857142857
tabula_sapiens_stomach,44,0.01,H2_true_rescued_vs_unrescued,true_rescued_rare,unrescued_rare,nearest_nonrare_distance,4,14,6.160923309929942,6.877042041179303,-0.7161187312493613,-0.2857142857142857,1.0,-0.7161187312493613,-0.2857142857142857
tabula_sapiens_stomach,44,0.01,H2_true_rescued_vs_unrescued,true_rescued_rare,unrescued_rare,prototype_margin,4,14,0.38051944128085236,-2.217225037135381,2.5977444784162333,1.0,1.0,2.5977444784162333,1.0
tabula_sapiens_stomach,44,0.01,H2_true_rescued_vs_unrescued,true_rescued_rare,unrescued_rare,scANVI_rare_probability,4,14,0.10345801,1.670589e-06,0.103456339411,0.8571428571428572,,,
tabula_sapiens_stomach,44,0.01,H3a_true_rescued_vs_non_target,true_rescued_rare,non_target,rare_membership_score,4,9543,0.06238928932526994,0.018899514453281724,0.04348977487198821,0.9999476055747669,1.0,0.04348977487198821,0.9999476055747669
tabula_sapiens_stomach,44,0.01,H3a_true_rescued_vs_non_target,true_rescued_rare,non_target,rare_rank,4,9543,1.0,13.0,-12.0,-1.0,-1.0,12.0,1.0
tabula_sapiens_stomach,44,0.01,H3a_true_rescued_vs_non_target,true_rescued_rare,non_target,rare_standardized_distance,4,9543,2.229107921774016,3.5238734850762627,-1.2947655633022466,-0.9996856334486011,-1.0,1.2947655633022466,0.9996856334486011
tabula_sapiens_stomach,44,0.01,H3a_true_rescued_vs_non_target,true_rescued_rare,non_target,standardized_prototype_margin,4,9543,-0.6286339868966494,-2.097665888464321,1.4690319015676714,1.0,1.0,1.4690319015676714,1.0
tabula_sapiens_stomach,44,0.01,H3a_true_rescued_vs_non_target,true_rescued_rare,non_target,rare_prototype_distance,4,9543,5.873066799535222,9.284406631372603,-3.411339831837381,-0.9996856334486011,-1.0,3.411339831837381,0.9996856334486011
tabula_sapiens_stomach,44,0.01,H3a_true_rescued_vs_non_target,true_rescued_rare,non_target,nearest_nonrare_distance,4,9543,6.160923309929942,4.9836916205002595,1.1772316894296821,0.6798176674001886,1.0,1.1772316894296821,0.6798176674001886
tabula_sapiens_stomach,44,0.01,H3a_true_rescued_vs_non_target,true_rescued_rare,non_target,prototype_margin,4,9543,0.38051944128085236,-4.345459735258714,4.725979176539567,1.0,1.0,4.725979176539567,1.0
tabula_sapiens_stomach,44,0.01,H3a_true_rescued_vs_non_target,true_rescued_rare,non_target,scANVI_rare_probability,4,9543,0.10345801,7.944447e-09,0.103458002055553,1.0,,,
tabula_sapiens_stomach,44,0.01,H3b_true_rescued_vs_closest_competitor,true_rescued_rare,closest_competitor,rare_membership_score,4,6,0.06238928932526994,0.025855406810933238,0.0365338825143367,1.0,1.0,0.0365338825143367,1.0
tabula_sapiens_stomach,44,0.01,H3b_true_rescued_vs_closest_competitor,true_rescued_rare,closest_competitor,rare_rank,4,6,1.0,8.0,-7.0,-1.0,-1.0,7.0,1.0
tabula_sapiens_stomach,44,0.01,H3b_true_rescued_vs_closest_competitor,true_rescued_rare,closest_competitor,rare_standardized_distance,4,6,2.229107921774016,2.9153593237723916,-0.6862514019983754,-1.0,-1.0,0.6862514019983754,1.0
tabula_sapiens_stomach,44,0.01,H3b_true_rescued_vs_closest_competitor,true_rescued_rare,closest_competitor,standardized_prototype_margin,4,6,-0.6286339868966494,-1.5915663563281797,0.9629323694315303,1.0,1.0,0.9629323694315303,1.0
tabula_sapiens_stomach,44,0.01,H3b_true_rescued_vs_closest_competitor,true_rescued_rare,closest_competitor,rare_prototype_distance,4,6,5.873066799535222,7.681144499965088,-1.808077700429866,-1.0,-1.0,1.808077700429866,1.0
tabula_sapiens_stomach,44,0.01,H3b_true_rescued_vs_closest_competitor,true_rescued_rare,closest_competitor,nearest_nonrare_distance,4,6,6.160923309929942,3.727891301734831,2.4330320081951107,1.0,1.0,2.4330320081951107,1.0
tabula_sapiens_stomach,44,0.01,H3b_true_rescued_vs_closest_competitor,true_rescued_rare,closest_competitor,prototype_margin,4,6,0.38051944128085236,-3.778278077322687,4.1587975186035395,1.0,1.0,4.1587975186035395,1.0
tabula_sapiens_stomach,44,0.01,H3b_true_rescued_vs_closest_competitor,true_rescued_rare,closest_competitor,scANVI_rare_probability,4,6,0.10345801,1.437582295e-05,0.10344363417705,1.0,,,
tabula_sapiens_stomach,44,0.05,H1_baseline_correct_vs_true_rescued,baseline_correct_rare,true_rescued_rare,rare_membership_score,14,4,0.08973023851338775,0.06238928932526994,0.027340949188117816,0.6428571428571428,1.0,0.027340949188117816,0.6428571428571428
tabula_sapiens_stomach,44,0.05,H1_baseline_correct_vs_true_rescued,baseline_correct_rare,true_rescued_rare,rare_rank,14,4,1.0,1.0,0.0,0.0714285714285714,-1.0,-0.0,-0.0714285714285714
tabula_sapiens_stomach,44,0.05,H1_baseline_correct_vs_true_rescued,baseline_correct_rare,true_rescued_rare,rare_standardized_distance,14,4,1.845055113356477,2.229107921774016,-0.3840528084175392,-0.4642857142857143,-1.0,0.3840528084175392,0.4642857142857143
tabula_sapiens_stomach,44,0.05,H1_baseline_correct_vs_true_rescued,baseline_correct_rare,true_rescued_rare,standardized_prototype_margin,14,4,-0.3727627544866079,-0.6286339868966494,0.2558712324100415,0.5714285714285714,1.0,0.2558712324100415,0.5714285714285714
tabula_sapiens_stomach,44,0.05,H1_baseline_correct_vs_true_rescued,baseline_correct_rare,true_rescued_rare,rare_prototype_distance,14,4,4.861196635532469,5.873066799535222,-1.0118701640027528,-0.4642857142857143,-1.0,1.0118701640027528,0.4642857142857143
tabula_sapiens_stomach,44,0.05,H1_baseline_correct_vs_true_rescued,baseline_correct_rare,true_rescued_rare,nearest_nonrare_distance,14,4,6.552054286174942,6.160923309929942,0.39113097624499993,0.25,1.0,0.39113097624499993,0.25
tabula_sapiens_stomach,44,0.05,H1_baseline_correct_vs_true_rescued,baseline_correct_rare,true_rescued_rare,prototype_margin,14,4,1.5623291023662698,0.38051944128085236,1.1818096610854174,0.5357142857142858,1.0,1.1818096610854174,0.5357142857142858
tabula_sapiens_stomach,44,0.05,H1_baseline_correct_vs_true_rescued,baseline_correct_rare,true_rescued_rare,scANVI_rare_probability,14,4,0.94040018,0.10345801,0.83694217,1.0,,,
tabula_sapiens_stomach,44,0.05,H2_true_rescued_vs_unrescued,true_rescued_rare,unrescued_rare,rare_membership_score,4,14,0.06238928932526994,0.019036995373283176,0.04335229395198676,0.9285714285714286,1.0,0.04335229395198676,0.9285714285714286
tabula_sapiens_stomach,44,0.05,H2_true_rescued_vs_unrescued,true_rescued_rare,unrescued_rare,rare_rank,4,14,1.0,16.0,-15.0,-1.0,-1.0,15.0,1.0
tabula_sapiens_stomach,44,0.05,H2_true_rescued_vs_unrescued,true_rescued_rare,unrescued_rare,rare_standardized_distance,4,14,2.229107921774016,3.6170718297242415,-1.3879639079502253,-0.7857142857142857,-1.0,1.3879639079502253,0.7857142857142857
tabula_sapiens_stomach,44,0.05,H2_true_rescued_vs_unrescued,true_rescued_rare,unrescued_rare,standardized_prototype_margin,4,14,-0.6286339868966494,-1.8625719492631516,1.233937962366502,0.9642857142857142,1.0,1.233937962366502,0.9642857142857142
tabula_sapiens_stomach,44,0.05,H2_true_rescued_vs_unrescued,true_rescued_rare,unrescued_rare,rare_prototype_distance,4,14,5.873066799535222,9.529957821773502,-3.6568910222382804,-0.7857142857142857,-1.0,3.6568910222382804,0.7857142857142857
tabula_sapiens_stomach,44,0.05,H2_true_rescued_vs_unrescued,true_rescued_rare,unrescued_rare,nearest_nonrare_distance,4,14,6.160923309929942,6.877042041179303,-0.7161187312493613,-0.2857142857142857,1.0,-0.7161187312493613,-0.2857142857142857
tabula_sapiens_stomach,44,0.05,H2_true_rescued_vs_unrescued,true_rescued_rare,unrescued_rare,prototype_margin,4,14,0.38051944128085236,-2.217225037135381,2.5977444784162333,1.0,1.0,2.5977444784162333,1.0
tabula_sapiens_stomach,44,0.05,H2_true_rescued_vs_unrescued,true_rescued_rare,unrescued_rare,scANVI_rare_probability,4,14,0.10345801,1.670589e-06,0.103456339411,0.8571428571428572,,,
tabula_sapiens_stomach,44,0.05,H3a_true_rescued_vs_non_target,true_rescued_rare,non_target,rare_membership_score,4,9543,0.06238928932526994,0.018899514453281724,0.04348977487198821,0.9999476055747669,1.0,0.04348977487198821,0.9999476055747669
tabula_sapiens_stomach,44,0.05,H3a_true_rescued_vs_non_target,true_rescued_rare,non_target,rare_rank,4,9543,1.0,13.0,-12.0,-1.0,-1.0,12.0,1.0
tabula_sapiens_stomach,44,0.05,H3a_true_rescued_vs_non_target,true_rescued_rare,non_target,rare_standardized_distance,4,9543,2.229107921774016,3.5238734850762627,-1.2947655633022466,-0.9996856334486011,-1.0,1.2947655633022466,0.9996856334486011
tabula_sapiens_stomach,44,0.05,H3a_true_rescued_vs_non_target,true_rescued_rare,non_target,standardized_prototype_margin,4,9543,-0.6286339868966494,-2.097665888464321,1.4690319015676714,1.0,1.0,1.4690319015676714,1.0
tabula_sapiens_stomach,44,0.05,H3a_true_rescued_vs_non_target,true_rescued_rare,non_target,rare_prototype_distance,4,9543,5.873066799535222,9.284406631372603,-3.411339831837381,-0.9996856334486011,-1.0,3.411339831837381,0.9996856334486011
tabula_sapiens_stomach,44,0.05,H3a_true_rescued_vs_non_target,true_rescued_rare,non_target,nearest_nonrare_distance,4,9543,6.160923309929942,4.9836916205002595,1.1772316894296821,0.6798176674001886,1.0,1.1772316894296821,0.6798176674001886
tabula_sapiens_stomach,44,0.05,H3a_true_rescued_vs_non_target,true_rescued_rare,non_target,prototype_margin,4,9543,0.38051944128085236,-4.345459735258714,4.725979176539567,1.0,1.0,4.725979176539567,1.0
tabula_sapiens_stomach,44,0.05,H3a_true_rescued_vs_non_target,true_rescued_rare,non_target,scANVI_rare_probability,4,9543,0.10345801,7.944447e-09,0.103458002055553,1.0,,,
tabula_sapiens_stomach,44,0.05,H3b_true_rescued_vs_closest_competitor,true_rescued_rare,closest_competitor,rare_membership_score,4,6,0.06238928932526994,0.025855406810933238,0.0365338825143367,1.0,1.0,0.0365338825143367,1.0
tabula_sapiens_stomach,44,0.05,H3b_true_rescued_vs_closest_competitor,true_rescued_rare,closest_competitor,rare_rank,4,6,1.0,8.0,-7.0,-1.0,-1.0,7.0,1.0
tabula_sapiens_stomach,44,0.05,H3b_true_rescued_vs_closest_competitor,true_rescued_rare,closest_competitor,rare_standardized_distance,4,6,2.229107921774016,2.9153593237723916,-0.6862514019983754,-1.0,-1.0,0.6862514019983754,1.0
tabula_sapiens_stomach,44,0.05,H3b_true_rescued_vs_closest_competitor,true_rescued_rare,closest_competitor,standardized_prototype_margin,4,6,-0.6286339868966494,-1.5915663563281797,0.9629323694315303,1.0,1.0,0.9629323694315303,1.0
tabula_sapiens_stomach,44,0.05,H3b_true_rescued_vs_closest_competitor,true_rescued_rare,closest_competitor,rare_prototype_distance,4,6,5.873066799535222,7.681144499965088,-1.808077700429866,-1.0,-1.0,1.808077700429866,1.0
tabula_sapiens_stomach,44,0.05,H3b_true_rescued_vs_closest_competitor,true_rescued_rare,closest_competitor,nearest_nonrare_distance,4,6,6.160923309929942,3.727891301734831,2.4330320081951107,1.0,1.0,2.4330320081951107,1.0
tabula_sapiens_stomach,44,0.05,H3b_true_rescued_vs_closest_competitor,true_rescued_rare,closest_competitor,prototype_margin,4,6,0.38051944128085236,-3.778278077322687,4.1587975186035395,1.0,1.0,4.1587975186035395,1.0
tabula_sapiens_stomach,44,0.05,H3b_true_rescued_vs_closest_competitor,true_rescued_rare,closest_competitor,scANVI_rare_probability,4,6,0.10345801,1.437582295e-05,0.10344363417705,1.0,,,
tabula_sapiens_stomach,44,0.10,H1_baseline_correct_vs_true_rescued,baseline_correct_rare,true_rescued_rare,rare_membership_score,14,4,0.08973023851338775,0.06238928932526994,0.027340949188117816,0.6428571428571428,1.0,0.027340949188117816,0.6428571428571428
tabula_sapiens_stomach,44,0.10,H1_baseline_correct_vs_true_rescued,baseline_correct_rare,true_rescued_rare,rare_rank,14,4,1.0,1.0,0.0,0.0714285714285714,-1.0,-0.0,-0.0714285714285714
tabula_sapiens_stomach,44,0.10,H1_baseline_correct_vs_true_rescued,baseline_correct_rare,true_rescued_rare,rare_standardized_distance,14,4,1.845055113356477,2.229107921774016,-0.3840528084175392,-0.4642857142857143,-1.0,0.3840528084175392,0.4642857142857143
tabula_sapiens_stomach,44,0.10,H1_baseline_correct_vs_true_rescued,baseline_correct_rare,true_rescued_rare,standardized_prototype_margin,14,4,-0.3727627544866079,-0.6286339868966494,0.2558712324100415,0.5714285714285714,1.0,0.2558712324100415,0.5714285714285714
tabula_sapiens_stomach,44,0.10,H1_baseline_correct_vs_true_rescued,baseline_correct_rare,true_rescued_rare,rare_prototype_distance,14,4,4.861196635532469,5.873066799535222,-1.0118701640027528,-0.4642857142857143,-1.0,1.0118701640027528,0.4642857142857143
tabula_sapiens_stomach,44,0.10,H1_baseline_correct_vs_true_rescued,baseline_correct_rare,true_rescued_rare,nearest_nonrare_distance,14,4,6.552054286174942,6.160923309929942,0.39113097624499993,0.25,1.0,0.39113097624499993,0.25
tabula_sapiens_stomach,44,0.10,H1_baseline_correct_vs_true_rescued,baseline_correct_rare,true_rescued_rare,prototype_margin,14,4,1.5623291023662698,0.38051944128085236,1.1818096610854174,0.5357142857142858,1.0,1.1818096610854174,0.5357142857142858
tabula_sapiens_stomach,44,0.10,H1_baseline_correct_vs_true_rescued,baseline_correct_rare,true_rescued_rare,scANVI_rare_probability,14,4,0.94040018,0.10345801,0.83694217,1.0,,,
tabula_sapiens_stomach,44,0.10,H2_true_rescued_vs_unrescued,true_rescued_rare,unrescued_rare,rare_membership_score,4,14,0.06238928932526994,0.019036995373283176,0.04335229395198676,0.9285714285714286,1.0,0.04335229395198676,0.9285714285714286
tabula_sapiens_stomach,44,0.10,H2_true_rescued_vs_unrescued,true_rescued_rare,unrescued_rare,rare_rank,4,14,1.0,16.0,-15.0,-1.0,-1.0,15.0,1.0
tabula_sapiens_stomach,44,0.10,H2_true_rescued_vs_unrescued,true_rescued_rare,unrescued_rare,rare_standardized_distance,4,14,2.229107921774016,3.6170718297242415,-1.3879639079502253,-0.7857142857142857,-1.0,1.3879639079502253,0.7857142857142857
tabula_sapiens_stomach,44,0.10,H2_true_rescued_vs_unrescued,true_rescued_rare,unrescued_rare,standardized_prototype_margin,4,14,-0.6286339868966494,-1.8625719492631516,1.233937962366502,0.9642857142857142,1.0,1.233937962366502,0.9642857142857142
tabula_sapiens_stomach,44,0.10,H2_true_rescued_vs_unrescued,true_rescued_rare,unrescued_rare,rare_prototype_distance,4,14,5.873066799535222,9.529957821773502,-3.6568910222382804,-0.7857142857142857,-1.0,3.6568910222382804,0.7857142857142857
tabula_sapiens_stomach,44,0.10,H2_true_rescued_vs_unrescued,true_rescued_rare,unrescued_rare,nearest_nonrare_distance,4,14,6.160923309929942,6.877042041179303,-0.7161187312493613,-0.2857142857142857,1.0,-0.7161187312493613,-0.2857142857142857
tabula_sapiens_stomach,44,0.10,H2_true_rescued_vs_unrescued,true_rescued_rare,unrescued_rare,prototype_margin,4,14,0.38051944128085236,-2.217225037135381,2.5977444784162333,1.0,1.0,2.5977444784162333,1.0
tabula_sapiens_stomach,44,0.10,H2_true_rescued_vs_unrescued,true_rescued_rare,unrescued_rare,scANVI_rare_probability,4,14,0.10345801,1.670589e-06,0.103456339411,0.8571428571428572,,,
tabula_sapiens_stomach,44,0.10,H3a_true_rescued_vs_non_target,true_rescued_rare,non_target,rare_membership_score,4,9543,0.06238928932526994,0.018899514453281724,0.04348977487198821,0.9999476055747669,1.0,0.04348977487198821,0.9999476055747669
tabula_sapiens_stomach,44,0.10,H3a_true_rescued_vs_non_target,true_rescued_rare,non_target,rare_rank,4,9543,1.0,13.0,-12.0,-1.0,-1.0,12.0,1.0
tabula_sapiens_stomach,44,0.10,H3a_true_rescued_vs_non_target,true_rescued_rare,non_target,rare_standardized_distance,4,9543,2.229107921774016,3.5238734850762627,-1.2947655633022466,-0.9996856334486011,-1.0,1.2947655633022466,0.9996856334486011
tabula_sapiens_stomach,44,0.10,H3a_true_rescued_vs_non_target,true_rescued_rare,non_target,standardized_prototype_margin,4,9543,-0.6286339868966494,-2.097665888464321,1.4690319015676714,1.0,1.0,1.4690319015676714,1.0
tabula_sapiens_stomach,44,0.10,H3a_true_rescued_vs_non_target,true_rescued_rare,non_target,rare_prototype_distance,4,9543,5.873066799535222,9.284406631372603,-3.411339831837381,-0.9996856334486011,-1.0,3.411339831837381,0.9996856334486011
tabula_sapiens_stomach,44,0.10,H3a_true_rescued_vs_non_target,true_rescued_rare,non_target,nearest_nonrare_distance,4,9543,6.160923309929942,4.9836916205002595,1.1772316894296821,0.6798176674001886,1.0,1.1772316894296821,0.6798176674001886
tabula_sapiens_stomach,44,0.10,H3a_true_rescued_vs_non_target,true_rescued_rare,non_target,prototype_margin,4,9543,0.38051944128085236,-4.345459735258714,4.725979176539567,1.0,1.0,4.725979176539567,1.0
tabula_sapiens_stomach,44,0.10,H3a_true_rescued_vs_non_target,true_rescued_rare,non_target,scANVI_rare_probability,4,9543,0.10345801,7.944447e-09,0.103458002055553,1.0,,,
tabula_sapiens_stomach,44,0.10,H3b_true_rescued_vs_closest_competitor,true_rescued_rare,closest_competitor,rare_membership_score,4,6,0.06238928932526994,0.025855406810933238,0.0365338825143367,1.0,1.0,0.0365338825143367,1.0
tabula_sapiens_stomach,44,0.10,H3b_true_rescued_vs_closest_competitor,true_rescued_rare,closest_competitor,rare_rank,4,6,1.0,8.0,-7.0,-1.0,-1.0,7.0,1.0
tabula_sapiens_stomach,44,0.10,H3b_true_rescued_vs_closest_competitor,true_rescued_rare,closest_competitor,rare_standardized_distance,4,6,2.229107921774016,2.9153593237723916,-0.6862514019983754,-1.0,-1.0,0.6862514019983754,1.0
tabula_sapiens_stomach,44,0.10,H3b_true_rescued_vs_closest_competitor,true_rescued_rare,closest_competitor,standardized_prototype_margin,4,6,-0.6286339868966494,-1.5915663563281797,0.9629323694315303,1.0,1.0,0.9629323694315303,1.0
tabula_sapiens_stomach,44,0.10,H3b_true_rescued_vs_closest_competitor,true_rescued_rare,closest_competitor,rare_prototype_distance,4,6,5.873066799535222,7.681144499965088,-1.808077700429866,-1.0,-1.0,1.808077700429866,1.0
tabula_sapiens_stomach,44,0.10,H3b_true_rescued_vs_closest_competitor,true_rescued_rare,closest_competitor,nearest_nonrare_distance,4,6,6.160923309929942,3.727891301734831,2.4330320081951107,1.0,1.0,2.4330320081951107,1.0
tabula_sapiens_stomach,44,0.10,H3b_true_rescued_vs_closest_competitor,true_rescued_rare,closest_competitor,prototype_margin,4,6,0.38051944128085236,-3.778278077322687,4.1587975186035395,1.0,1.0,4.1587975186035395,1.0
tabula_sapiens_stomach,44,0.10,H3b_true_rescued_vs_closest_competitor,true_rescued_rare,closest_competitor,scANVI_rare_probability,4,6,0.10345801,1.437582295e-05,0.10344363417705,1.0,,,
tabula_sapiens_stomach,44,all,H1_baseline_correct_vs_true_rescued,baseline_correct_rare,true_rescued_rare,rare_membership_score,14,5,0.13324343604920175,0.10323216970141025,0.0300112663477915,0.7142857142857142,1.0,0.0300112663477915,0.7142857142857142
tabula_sapiens_stomach,44,all,H1_baseline_correct_vs_true_rescued,baseline_correct_rare,true_rescued_rare,rare_rank,14,5,1.0,1.0,0.0,0.0714285714285714,-1.0,-0.0,-0.0714285714285714
tabula_sapiens_stomach,44,all,H1_baseline_correct_vs_true_rescued,baseline_correct_rare,true_rescued_rare,rare_standardized_distance,14,5,1.3391675239510001,1.9352497166663696,-0.5960821927153694,-0.8571428571428572,-1.0,0.5960821927153694,0.8571428571428572
tabula_sapiens_stomach,44,all,H1_baseline_correct_vs_true_rescued,baseline_correct_rare,true_rescued_rare,standardized_prototype_margin,14,5,0.08967118490787485,-0.3211078988532783,0.41077908376115313,0.7428571428571429,1.0,0.41077908376115313,0.7428571428571429
tabula_sapiens_stomach,44,all,H1_baseline_correct_vs_true_rescued,baseline_correct_rare,true_rescued_rare,rare_prototype_distance,14,5,4.373477527441401,6.320173536509233,-1.946696009067832,-0.8571428571428572,-1.0,1.946696009067832,0.8571428571428572
tabula_sapiens_stomach,44,all,H1_baseline_correct_vs_true_rescued,baseline_correct_rare,true_rescued_rare,nearest_nonrare_distance,14,5,6.397183368951481,6.837096886832479,-0.4399135178809983,-0.48571428571428577,1.0,-0.4399135178809983,-0.48571428571428577
tabula_sapiens_stomach,44,all,H1_baseline_correct_vs_true_rescued,baseline_correct_rare,true_rescued_rare,prototype_margin,14,5,1.6926318283832562,0.7080937046125042,0.984538123770752,0.48571428571428577,1.0,0.984538123770752,0.48571428571428577
tabula_sapiens_stomach,44,all,H1_baseline_correct_vs_true_rescued,baseline_correct_rare,true_rescued_rare,scANVI_rare_probability,14,5,0.9984872,0.013705212,0.984781988,1.0,,,
tabula_sapiens_stomach,44,all,H2_true_rescued_vs_unrescued,true_rescued_rare,unrescued_rare,rare_membership_score,5,13,0.10323216970141025,0.033670448567244556,0.0695617211341657,0.9384615384615385,1.0,0.0695617211341657,0.9384615384615385
tabula_sapiens_stomach,44,all,H2_true_rescued_vs_unrescued,true_rescued_rare,unrescued_rare,rare_rank,5,13,1.0,16.0,-15.0,-1.0,-1.0,15.0,1.0
tabula_sapiens_stomach,44,all,H2_true_rescued_vs_unrescued,true_rescued_rare,unrescued_rare,rare_standardized_distance,5,13,1.9352497166663696,3.022718254425442,-1.0874685377590723,-0.7846153846153846,-1.0,1.0874685377590723,0.7846153846153846
tabula_sapiens_stomach,44,all,H2_true_rescued_vs_unrescued,true_rescued_rare,unrescued_rare,standardized_prototype_margin,5,13,-0.3211078988532783,-1.3254195036245486,1.0043116047712703,0.9692307692307693,1.0,1.0043116047712703,0.9692307692307693
tabula_sapiens_stomach,44,all,H2_true_rescued_vs_unrescued,true_rescued_rare,unrescued_rare,rare_prototype_distance,5,13,6.320173536509233,9.871647961200319,-3.5514744246910857,-0.7846153846153846,-1.0,3.5514744246910857,0.7846153846153846
tabula_sapiens_stomach,44,all,H2_true_rescued_vs_unrescued,true_rescued_rare,unrescued_rare,nearest_nonrare_distance,5,13,6.837096886832479,6.801737723790695,0.035359163041784214,0.07692307692307687,1.0,0.035359163041784214,0.07692307692307687
tabula_sapiens_stomach,44,all,H2_true_rescued_vs_unrescued,true_rescued_rare,unrescued_rare,prototype_margin,5,13,0.7080937046125042,-2.5211564223055767,3.229250126918081,1.0,1.0,3.229250126918081,1.0
tabula_sapiens_stomach,44,all,H2_true_rescued_vs_unrescued,true_rescued_rare,unrescued_rare,scANVI_rare_probability,5,13,0.013705212,1.1002655e-09,0.0137052108997345,0.6307692307692307,,,
tabula_sapiens_stomach,44,all,H3a_true_rescued_vs_non_target,true_rescued_rare,non_target,rare_membership_score,5,9543,0.10323216970141025,0.03840693945874412,0.06482523024266612,0.999832337839254,1.0,0.06482523024266612,0.999832337839254
tabula_sapiens_stomach,44,all,H3a_true_rescued_vs_non_target,true_rescued_rare,non_target,rare_rank,5,9543,1.0,12.0,-11.0,-1.0,-1.0,11.0,1.0
tabula_sapiens_stomach,44,all,H3a_true_rescued_vs_non_target,true_rescued_rare,non_target,rare_standardized_distance,5,9543,1.9352497166663696,2.7965142428722487,-0.8612645262058791,-0.9986587027140312,-1.0,0.8612645262058791,0.9986587027140312
tabula_sapiens_stomach,44,all,H3a_true_rescued_vs_non_target,true_rescued_rare,non_target,standardized_prototype_margin,5,9543,-0.3211078988532783,-1.4052634942134077,1.0841555953601294,0.9996646756785077,1.0,1.0841555953601294,0.9996646756785077
tabula_sapiens_stomach,44,all,H3a_true_rescued_vs_non_target,true_rescued_rare,non_target,rare_prototype_distance,5,9543,6.320173536509233,9.132906807870809,-2.8127332713615756,-0.9986587027140312,-1.0,2.8127332713615756,0.9986587027140312
tabula_sapiens_stomach,44,all,H3a_true_rescued_vs_non_target,true_rescued_rare,non_target,nearest_nonrare_distance,5,9543,6.837096886832479,5.002199177364202,1.8348977094682777,0.868385203814314,1.0,1.8348977094682777,0.868385203814314
tabula_sapiens_stomach,44,all,H3a_true_rescued_vs_non_target,true_rescued_rare,non_target,prototype_margin,5,9543,0.7080937046125042,-4.19694913607893,4.905042840691435,1.0,1.0,4.905042840691435,1.0
tabula_sapiens_stomach,44,all,H3a_true_rescued_vs_non_target,true_rescued_rare,non_target,scANVI_rare_probability,5,9543,0.013705212,4.0333248e-10,0.01370521159666752,0.9985329560934717,,,
tabula_sapiens_stomach,44,all,H3b_true_rescued_vs_closest_competitor,true_rescued_rare,closest_competitor,rare_membership_score,5,6,0.10323216970141025,0.04580720797734346,0.05742496172406679,1.0,1.0,0.05742496172406679,1.0
tabula_sapiens_stomach,44,all,H3b_true_rescued_vs_closest_competitor,true_rescued_rare,closest_competitor,rare_rank,5,6,1.0,8.0,-7.0,-1.0,-1.0,7.0,1.0
tabula_sapiens_stomach,44,all,H3b_true_rescued_vs_closest_competitor,true_rescued_rare,closest_competitor,rare_standardized_distance,5,6,1.9352497166663696,2.311398078324306,-0.37614836165793664,-1.0,-1.0,0.37614836165793664,1.0
tabula_sapiens_stomach,44,all,H3b_true_rescued_vs_closest_competitor,true_rescued_rare,closest_competitor,standardized_prototype_margin,5,6,-0.3211078988532783,-1.0855065003744717,0.7643986015211934,1.0,1.0,0.7643986015211934,1.0
tabula_sapiens_stomach,44,all,H3b_true_rescued_vs_closest_competitor,true_rescued_rare,closest_competitor,rare_prototype_distance,5,6,6.320173536509233,7.54860566114839,-1.2284321246391565,-1.0,-1.0,1.2284321246391565,1.0
tabula_sapiens_stomach,44,all,H3b_true_rescued_vs_closest_competitor,true_rescued_rare,closest_competitor,nearest_nonrare_distance,5,6,6.837096886832479,3.7456172983581117,3.0914795884743675,1.0,1.0,3.0914795884743675,1.0
tabula_sapiens_stomach,44,all,H3b_true_rescued_vs_closest_competitor,true_rescued_rare,closest_competitor,prototype_margin,5,6,0.7080937046125042,-4.068748469383202,4.776842173995706,1.0,1.0,4.776842173995706,1.0
tabula_sapiens_stomach,44,all,H3b_true_rescued_vs_closest_competitor,true_rescued_rare,closest_competitor,scANVI_rare_probability,5,6,0.013705212,4.462982e-07,0.013704765701799999,1.0,,,
tabula_small_intestine,42,0.01,H1_baseline_correct_vs_true_rescued,baseline_correct_rare,true_rescued_rare,rare_membership_score,65,0,0.13319257551474092,,,,1.0,,
tabula_small_intestine,42,0.01,H1_baseline_correct_vs_true_rescued,baseline_correct_rare,true_rescued_rare,rare_rank,65,0,1.0,,,,-1.0,,
tabula_small_intestine,42,0.01,H1_baseline_correct_vs_true_rescued,baseline_correct_rare,true_rescued_rare,rare_standardized_distance,65,0,1.418565248256817,,,,-1.0,,
tabula_small_intestine,42,0.01,H1_baseline_correct_vs_true_rescued,baseline_correct_rare,true_rescued_rare,standardized_prototype_margin,65,0,0.6449025256780312,,,,1.0,,
tabula_small_intestine,42,0.01,H1_baseline_correct_vs_true_rescued,baseline_correct_rare,true_rescued_rare,rare_prototype_distance,65,0,3.0973355339465467,,,,-1.0,,
tabula_small_intestine,42,0.01,H1_baseline_correct_vs_true_rescued,baseline_correct_rare,true_rescued_rare,nearest_nonrare_distance,65,0,7.238753426373117,,,,1.0,,
tabula_small_intestine,42,0.01,H1_baseline_correct_vs_true_rescued,baseline_correct_rare,true_rescued_rare,prototype_margin,65,0,4.435925358866516,,,,1.0,,
tabula_small_intestine,42,0.01,H1_baseline_correct_vs_true_rescued,baseline_correct_rare,true_rescued_rare,scANVI_rare_probability,65,0,1.0,,,,,,
tabula_small_intestine,42,0.01,H2_true_rescued_vs_unrescued,true_rescued_rare,unrescued_rare,rare_membership_score,0,0,,,,,1.0,,
tabula_small_intestine,42,0.01,H2_true_rescued_vs_unrescued,true_rescued_rare,unrescued_rare,rare_rank,0,0,,,,,-1.0,,
tabula_small_intestine,42,0.01,H2_true_rescued_vs_unrescued,true_rescued_rare,unrescued_rare,rare_standardized_distance,0,0,,,,,-1.0,,
tabula_small_intestine,42,0.01,H2_true_rescued_vs_unrescued,true_rescued_rare,unrescued_rare,standardized_prototype_margin,0,0,,,,,1.0,,
tabula_small_intestine,42,0.01,H2_true_rescued_vs_unrescued,true_rescued_rare,unrescued_rare,rare_prototype_distance,0,0,,,,,-1.0,,
tabula_small_intestine,42,0.01,H2_true_rescued_vs_unrescued,true_rescued_rare,unrescued_rare,nearest_nonrare_distance,0,0,,,,,1.0,,
tabula_small_intestine,42,0.01,H2_true_rescued_vs_unrescued,true_rescued_rare,unrescued_rare,prototype_margin,0,0,,,,,1.0,,
tabula_small_intestine,42,0.01,H2_true_rescued_vs_unrescued,true_rescued_rare,unrescued_rare,scANVI_rare_probability,0,0,,,,,,,
tabula_small_intestine,42,0.01,H3a_true_rescued_vs_non_target,true_rescued_rare,non_target,rare_membership_score,0,6288,,0.005085352170897929,,,1.0,,
tabula_small_intestine,42,0.01,H3a_true_rescued_vs_non_target,true_rescued_rare,non_target,rare_rank,0,6288,,27.0,,,-1.0,,
tabula_small_intestine,42,0.01,H3a_true_rescued_vs_non_target,true_rescued_rare,non_target,rare_standardized_distance,0,6288,,4.233714790815213,,,-1.0,,
tabula_small_intestine,42,0.01,H3a_true_rescued_vs_non_target,true_rescued_rare,non_target,standardized_prototype_margin,0,6288,,-2.897655028104022,,,1.0,,
tabula_small_intestine,42,0.01,H3a_true_rescued_vs_non_target,true_rescued_rare,non_target,rare_prototype_distance,0,6288,,9.244012764517556,,,-1.0,,
tabula_small_intestine,42,0.01,H3a_true_rescued_vs_non_target,true_rescued_rare,non_target,nearest_nonrare_distance,0,6288,,3.7134054002733214,,,1.0,,
tabula_small_intestine,42,0.01,H3a_true_rescued_vs_non_target,true_rescued_rare,non_target,prototype_margin,0,6288,,-5.542141480026139,,,1.0,,
tabula_small_intestine,42,0.01,H3a_true_rescued_vs_non_target,true_rescued_rare,non_target,scANVI_rare_probability,0,6288,,2.4743253500000002e-14,,,,,
tabula_small_intestine,42,0.01,H3b_true_rescued_vs_closest_competitor,true_rescued_rare,closest_competitor,rare_membership_score,0,218,,0.008684176573377757,,,1.0,,
tabula_small_intestine,42,0.01,H3b_true_rescued_vs_closest_competitor,true_rescued_rare,closest_competitor,rare_rank,0,218,,18.0,,,-1.0,,
tabula_small_intestine,42,0.01,H3b_true_rescued_vs_closest_competitor,true_rescued_rare,closest_competitor,rare_standardized_distance,0,218,,3.998252850838838,,,-1.0,,
tabula_small_intestine,42,0.01,H3b_true_rescued_vs_closest_competitor,true_rescued_rare,closest_competitor,standardized_prototype_margin,0,218,,-2.907232915926918,,,1.0,,
tabula_small_intestine,42,0.01,H3b_true_rescued_vs_closest_competitor,true_rescued_rare,closest_competitor,rare_prototype_distance,0,218,,8.729898496966584,,,-1.0,,
tabula_small_intestine,42,0.01,H3b_true_rescued_vs_closest_competitor,true_rescued_rare,closest_competitor,nearest_nonrare_distance,0,218,,3.986254071535001,,,1.0,,
tabula_small_intestine,42,0.01,H3b_true_rescued_vs_closest_competitor,true_rescued_rare,closest_competitor,prototype_margin,0,218,,-4.747999246358667,,,1.0,,
tabula_small_intestine,42,0.01,H3b_true_rescued_vs_closest_competitor,true_rescued_rare,closest_competitor,scANVI_rare_probability,0,218,,6.3609695e-14,,,,,
tabula_small_intestine,42,0.05,H1_baseline_correct_vs_true_rescued,baseline_correct_rare,true_rescued_rare,rare_membership_score,65,0,0.14377963443586905,,,,1.0,,
tabula_small_intestine,42,0.05,H1_baseline_correct_vs_true_rescued,baseline_correct_rare,true_rescued_rare,rare_rank,65,0,1.0,,,,-1.0,,
tabula_small_intestine,42,0.05,H1_baseline_correct_vs_true_rescued,baseline_correct_rare,true_rescued_rare,rare_standardized_distance,65,0,1.2199593015283536,,,,-1.0,,
tabula_small_intestine,42,0.05,H1_baseline_correct_vs_true_rescued,baseline_correct_rare,true_rescued_rare,standardized_prototype_margin,65,0,0.7384069203955537,,,,1.0,,
tabula_small_intestine,42,0.05,H1_baseline_correct_vs_true_rescued,baseline_correct_rare,true_rescued_rare,rare_prototype_distance,65,0,3.207996738605709,,,,-1.0,,
tabula_small_intestine,42,0.05,H1_baseline_correct_vs_true_rescued,baseline_correct_rare,true_rescued_rare,nearest_nonrare_distance,65,0,7.280128228199381,,,,1.0,,
tabula_small_intestine,42,0.05,H1_baseline_correct_vs_true_rescued,baseline_correct_rare,true_rescued_rare,prototype_margin,65,0,4.123959707480674,,,,1.0,,
tabula_small_intestine,42,0.05,H1_baseline_correct_vs_true_rescued,baseline_correct_rare,true_rescued_rare,scANVI_rare_probability,65,0,0.9999999,,,,,,
tabula_small_intestine,42,0.05,H2_true_rescued_vs_unrescued,true_rescued_rare,unrescued_rare,rare_membership_score,0,0,,,,,1.0,,
tabula_small_intestine,42,0.05,H2_true_rescued_vs_unrescued,true_rescued_rare,unrescued_rare,rare_rank,0,0,,,,,-1.0,,
tabula_small_intestine,42,0.05,H2_true_rescued_vs_unrescued,true_rescued_rare,unrescued_rare,rare_standardized_distance,0,0,,,,,-1.0,,
tabula_small_intestine,42,0.05,H2_true_rescued_vs_unrescued,true_rescued_rare,unrescued_rare,standardized_prototype_margin,0,0,,,,,1.0,,
tabula_small_intestine,42,0.05,H2_true_rescued_vs_unrescued,true_rescued_rare,unrescued_rare,rare_prototype_distance,0,0,,,,,-1.0,,
tabula_small_intestine,42,0.05,H2_true_rescued_vs_unrescued,true_rescued_rare,unrescued_rare,nearest_nonrare_distance,0,0,,,,,1.0,,
tabula_small_intestine,42,0.05,H2_true_rescued_vs_unrescued,true_rescued_rare,unrescued_rare,prototype_margin,0,0,,,,,1.0,,
tabula_small_intestine,42,0.05,H2_true_rescued_vs_unrescued,true_rescued_rare,unrescued_rare,scANVI_rare_probability,0,0,,,,,,,
tabula_small_intestine,42,0.05,H3a_true_rescued_vs_non_target,true_rescued_rare,non_target,rare_membership_score,0,6288,,0.011908555997178485,,,1.0,,
tabula_small_intestine,42,0.05,H3a_true_rescued_vs_non_target,true_rescued_rare,non_target,rare_rank,0,6288,,22.0,,,-1.0,,
tabula_small_intestine,42,0.05,H3a_true_rescued_vs_non_target,true_rescued_rare,non_target,rare_standardized_distance,0,6288,,3.3568793726095345,,,-1.0,,
tabula_small_intestine,42,0.05,H3a_true_rescued_vs_non_target,true_rescued_rare,non_target,standardized_prototype_margin,0,6288,,-2.036729639690582,,,1.0,,
tabula_small_intestine,42,0.05,H3a_true_rescued_vs_non_target,true_rescued_rare,non_target,rare_prototype_distance,0,6288,,8.827227322856626,,,-1.0,,
tabula_small_intestine,42,0.05,H3a_true_rescued_vs_non_target,true_rescued_rare,non_target,nearest_nonrare_distance,0,6288,,3.6860951512390248,,,1.0,,
tabula_small_intestine,42,0.05,H3a_true_rescued_vs_non_target,true_rescued_rare,non_target,prototype_margin,0,6288,,-5.165752433017781,,,1.0,,
tabula_small_intestine,42,0.05,H3a_true_rescued_vs_non_target,true_rescued_rare,non_target,scANVI_rare_probability,0,6288,,1.8821935499999998e-14,,,,,
tabula_small_intestine,42,0.05,H3b_true_rescued_vs_closest_competitor,true_rescued_rare,closest_competitor,rare_membership_score,0,218,,0.018578228733984226,,,1.0,,
tabula_small_intestine,42,0.05,H3b_true_rescued_vs_closest_competitor,true_rescued_rare,closest_competitor,rare_rank,0,218,,16.0,,,-1.0,,
tabula_small_intestine,42,0.05,H3b_true_rescued_vs_closest_competitor,true_rescued_rare,closest_competitor,rare_standardized_distance,0,218,,3.2070462091696488,,,-1.0,,
tabula_small_intestine,42,0.05,H3b_true_rescued_vs_closest_competitor,true_rescued_rare,closest_competitor,standardized_prototype_margin,0,218,,-2.1177455077160188,,,1.0,,
tabula_small_intestine,42,0.05,H3b_true_rescued_vs_closest_competitor,true_rescued_rare,closest_competitor,rare_prototype_distance,0,218,,8.433227048381928,,,-1.0,,
tabula_small_intestine,42,0.05,H3b_true_rescued_vs_closest_competitor,true_rescued_rare,closest_competitor,nearest_nonrare_distance,0,218,,4.033458140359089,,,1.0,,
tabula_small_intestine,42,0.05,H3b_true_rescued_vs_closest_competitor,true_rescued_rare,closest_competitor,prototype_margin,0,218,,-4.457226509088516,,,1.0,,
tabula_small_intestine,42,0.05,H3b_true_rescued_vs_closest_competitor,true_rescued_rare,closest_competitor,scANVI_rare_probability,0,218,,1.9295566e-15,,,,,
tabula_small_intestine,42,0.10,H1_baseline_correct_vs_true_rescued,baseline_correct_rare,true_rescued_rare,rare_membership_score,65,0,0.15506223599298388,,,,1.0,,
tabula_small_intestine,42,0.10,H1_baseline_correct_vs_true_rescued,baseline_correct_rare,true_rescued_rare,rare_rank,65,0,1.0,,,,-1.0,,
tabula_small_intestine,42,0.10,H1_baseline_correct_vs_true_rescued,baseline_correct_rare,true_rescued_rare,rare_standardized_distance,65,0,1.2040766559197587,,,,-1.0,,
tabula_small_intestine,42,0.10,H1_baseline_correct_vs_true_rescued,baseline_correct_rare,true_rescued_rare,standardized_prototype_margin,65,0,0.805649399499389,,,,1.0,,
tabula_small_intestine,42,0.10,H1_baseline_correct_vs_true_rescued,baseline_correct_rare,true_rescued_rare,rare_prototype_distance,65,0,3.325438293279221,,,,-1.0,,
tabula_small_intestine,42,0.10,H1_baseline_correct_vs_true_rescued,baseline_correct_rare,true_rescued_rare,nearest_nonrare_distance,65,0,7.366537613374271,,,,1.0,,
tabula_small_intestine,42,0.10,H1_baseline_correct_vs_true_rescued,baseline_correct_rare,true_rescued_rare,prototype_margin,65,0,4.131305191232931,,,,1.0,,
tabula_small_intestine,42,0.10,H1_baseline_correct_vs_true_rescued,baseline_correct_rare,true_rescued_rare,scANVI_rare_probability,65,0,1.0,,,,,,
tabula_small_intestine,42,0.10,H2_true_rescued_vs_unrescued,true_rescued_rare,unrescued_rare,rare_membership_score,0,0,,,,,1.0,,
tabula_small_intestine,42,0.10,H2_true_rescued_vs_unrescued,true_rescued_rare,unrescued_rare,rare_rank,0,0,,,,,-1.0,,
tabula_small_intestine,42,0.10,H2_true_rescued_vs_unrescued,true_rescued_rare,unrescued_rare,rare_standardized_distance,0,0,,,,,-1.0,,
tabula_small_intestine,42,0.10,H2_true_rescued_vs_unrescued,true_rescued_rare,unrescued_rare,standardized_prototype_margin,0,0,,,,,1.0,,
tabula_small_intestine,42,0.10,H2_true_rescued_vs_unrescued,true_rescued_rare,unrescued_rare,rare_prototype_distance,0,0,,,,,-1.0,,
tabula_small_intestine,42,0.10,H2_true_rescued_vs_unrescued,true_rescued_rare,unrescued_rare,nearest_nonrare_distance,0,0,,,,,1.0,,
tabula_small_intestine,42,0.10,H2_true_rescued_vs_unrescued,true_rescued_rare,unrescued_rare,prototype_margin,0,0,,,,,1.0,,
tabula_small_intestine,42,0.10,H2_true_rescued_vs_unrescued,true_rescued_rare,unrescued_rare,scANVI_rare_probability,0,0,,,,,,,
tabula_small_intestine,42,0.10,H3a_true_rescued_vs_non_target,true_rescued_rare,non_target,rare_membership_score,0,6288,,0.014477371454969839,,,1.0,,
tabula_small_intestine,42,0.10,H3a_true_rescued_vs_non_target,true_rescued_rare,non_target,rare_rank,0,6288,,21.0,,,-1.0,,
tabula_small_intestine,42,0.10,H3a_true_rescued_vs_non_target,true_rescued_rare,non_target,rare_standardized_distance,0,6288,,3.1674991112671576,,,-1.0,,
tabula_small_intestine,42,0.10,H3a_true_rescued_vs_non_target,true_rescued_rare,non_target,standardized_prototype_margin,0,6288,,-1.8602053062789532,,,1.0,,
tabula_small_intestine,42,0.10,H3a_true_rescued_vs_non_target,true_rescued_rare,non_target,rare_prototype_distance,0,6288,,8.748050040459933,,,-1.0,,
tabula_small_intestine,42,0.10,H3a_true_rescued_vs_non_target,true_rescued_rare,non_target,nearest_nonrare_distance,0,6288,,3.700596892211816,,,1.0,,
tabula_small_intestine,42,0.10,H3a_true_rescued_vs_non_target,true_rescued_rare,non_target,prototype_margin,0,6288,,-5.064705679614232,,,1.0,,
tabula_small_intestine,42,0.10,H3a_true_rescued_vs_non_target,true_rescued_rare,non_target,scANVI_rare_probability,0,6288,,2.0607934500000003e-15,,,,,
tabula_small_intestine,42,0.10,H3b_true_rescued_vs_closest_competitor,true_rescued_rare,closest_competitor,rare_membership_score,0,218,,0.02267528187601133,,,1.0,,
tabula_small_intestine,42,0.10,H3b_true_rescued_vs_closest_competitor,true_rescued_rare,closest_competitor,rare_rank,0,218,,14.0,,,-1.0,,
tabula_small_intestine,42,0.10,H3b_true_rescued_vs_closest_competitor,true_rescued_rare,closest_competitor,rare_standardized_distance,0,218,,3.0165679238879592,,,-1.0,,
tabula_small_intestine,42,0.10,H3b_true_rescued_vs_closest_competitor,true_rescued_rare,closest_competitor,standardized_prototype_margin,0,218,,-1.8980080548237632,,,1.0,,
tabula_small_intestine,42,0.10,H3b_true_rescued_vs_closest_competitor,true_rescued_rare,closest_competitor,rare_prototype_distance,0,218,,8.331205857248449,,,-1.0,,
tabula_small_intestine,42,0.10,H3b_true_rescued_vs_closest_competitor,true_rescued_rare,closest_competitor,nearest_nonrare_distance,0,218,,4.085475841511609,,,1.0,,
tabula_small_intestine,42,0.10,H3b_true_rescued_vs_closest_competitor,true_rescued_rare,closest_competitor,prototype_margin,0,218,,-4.273647853826944,,,1.0,,
tabula_small_intestine,42,0.10,H3b_true_rescued_vs_closest_competitor,true_rescued_rare,closest_competitor,scANVI_rare_probability,0,218,,5.051276e-15,,,,,
tabula_small_intestine,42,all,H1_baseline_correct_vs_true_rescued,baseline_correct_rare,true_rescued_rare,rare_membership_score,65,0,0.14510971880396623,,,,1.0,,
tabula_small_intestine,42,all,H1_baseline_correct_vs_true_rescued,baseline_correct_rare,true_rescued_rare,rare_rank,65,0,1.0,,,,-1.0,,
tabula_small_intestine,42,all,H1_baseline_correct_vs_true_rescued,baseline_correct_rare,true_rescued_rare,rare_standardized_distance,65,0,1.1836065778648979,,,,-1.0,,
tabula_small_intestine,42,all,H1_baseline_correct_vs_true_rescued,baseline_correct_rare,true_rescued_rare,standardized_prototype_margin,65,0,0.7184709388600219,,,,1.0,,
tabula_small_intestine,42,all,H1_baseline_correct_vs_true_rescued,baseline_correct_rare,true_rescued_rare,rare_prototype_distance,65,0,3.05105663058685,,,,-1.0,,
tabula_small_intestine,42,all,H1_baseline_correct_vs_true_rescued,baseline_correct_rare,true_rescued_rare,nearest_nonrare_distance,65,0,7.266955730703182,,,,1.0,,
tabula_small_intestine,42,all,H1_baseline_correct_vs_true_rescued,baseline_correct_rare,true_rescued_rare,prototype_margin,65,0,4.2258131563073515,,,,1.0,,
tabula_small_intestine,42,all,H1_baseline_correct_vs_true_rescued,baseline_correct_rare,true_rescued_rare,scANVI_rare_probability,65,0,1.0,,,,,,
tabula_small_intestine,42,all,H2_true_rescued_vs_unrescued,true_rescued_rare,unrescued_rare,rare_membership_score,0,0,,,,,1.0,,
tabula_small_intestine,42,all,H2_true_rescued_vs_unrescued,true_rescued_rare,unrescued_rare,rare_rank,0,0,,,,,-1.0,,
tabula_small_intestine,42,all,H2_true_rescued_vs_unrescued,true_rescued_rare,unrescued_rare,rare_standardized_distance,0,0,,,,,-1.0,,
tabula_small_intestine,42,all,H2_true_rescued_vs_unrescued,true_rescued_rare,unrescued_rare,standardized_prototype_margin,0,0,,,,,1.0,,
tabula_small_intestine,42,all,H2_true_rescued_vs_unrescued,true_rescued_rare,unrescued_rare,rare_prototype_distance,0,0,,,,,-1.0,,
tabula_small_intestine,42,all,H2_true_rescued_vs_unrescued,true_rescued_rare,unrescued_rare,nearest_nonrare_distance,0,0,,,,,1.0,,
tabula_small_intestine,42,all,H2_true_rescued_vs_unrescued,true_rescued_rare,unrescued_rare,prototype_margin,0,0,,,,,1.0,,
tabula_small_intestine,42,all,H2_true_rescued_vs_unrescued,true_rescued_rare,unrescued_rare,scANVI_rare_probability,0,0,,,,,,,
tabula_small_intestine,42,all,H3a_true_rescued_vs_non_target,true_rescued_rare,non_target,rare_membership_score,0,6288,,0.012096615831859281,,,1.0,,
tabula_small_intestine,42,all,H3a_true_rescued_vs_non_target,true_rescued_rare,non_target,rare_rank,0,6288,,20.0,,,-1.0,,
tabula_small_intestine,42,all,H3a_true_rescued_vs_non_target,true_rescued_rare,non_target,rare_standardized_distance,0,6288,,3.366313169685084,,,-1.0,,
tabula_small_intestine,42,all,H3a_true_rescued_vs_non_target,true_rescued_rare,non_target,standardized_prototype_margin,0,6288,,-2.02493436233378,,,1.0,,
tabula_small_intestine,42,all,H3a_true_rescued_vs_non_target,true_rescued_rare,non_target,rare_prototype_distance,0,6288,,8.677555793519652,,,-1.0,,
tabula_small_intestine,42,all,H3a_true_rescued_vs_non_target,true_rescued_rare,non_target,nearest_nonrare_distance,0,6288,,3.7756873295659394,,,1.0,,
tabula_small_intestine,42,all,H3a_true_rescued_vs_non_target,true_rescued_rare,non_target,prototype_margin,0,6288,,-4.947019263114861,,,1.0,,
tabula_small_intestine,42,all,H3a_true_rescued_vs_non_target,true_rescued_rare,non_target,scANVI_rare_probability,0,6288,,5.8672008e-16,,,,,
tabula_small_intestine,42,all,H3b_true_rescued_vs_closest_competitor,true_rescued_rare,closest_competitor,rare_membership_score,0,218,,0.018798954750833492,,,1.0,,
tabula_small_intestine,42,all,H3b_true_rescued_vs_closest_competitor,true_rescued_rare,closest_competitor,rare_rank,0,218,,12.5,,,-1.0,,
tabula_small_intestine,42,all,H3b_true_rescued_vs_closest_competitor,true_rescued_rare,closest_competitor,rare_standardized_distance,0,218,,3.2168397190754208,,,-1.0,,
tabula_small_intestine,42,all,H3b_true_rescued_vs_closest_competitor,true_rescued_rare,closest_competitor,standardized_prototype_margin,0,218,,-2.085697793731316,,,1.0,,
tabula_small_intestine,42,all,H3b_true_rescued_vs_closest_competitor,true_rescued_rare,closest_competitor,rare_prototype_distance,0,218,,8.29224874039227,,,-1.0,,
tabula_small_intestine,42,all,H3b_true_rescued_vs_closest_competitor,true_rescued_rare,closest_competitor,nearest_nonrare_distance,0,218,,4.143826396263261,,,1.0,,
tabula_small_intestine,42,all,H3b_true_rescued_vs_closest_competitor,true_rescued_rare,closest_competitor,prototype_margin,0,218,,-4.1628159227092745,,,1.0,,
tabula_small_intestine,42,all,H3b_true_rescued_vs_closest_competitor,true_rescued_rare,closest_competitor,scANVI_rare_probability,0,218,,1.88789805e-15,,,,,
tabula_small_intestine,43,0.01,H1_baseline_correct_vs_true_rescued,baseline_correct_rare,true_rescued_rare,rare_membership_score,65,0,0.18776002589659588,,,,1.0,,
tabula_small_intestine,43,0.01,H1_baseline_correct_vs_true_rescued,baseline_correct_rare,true_rescued_rare,rare_rank,65,0,1.0,,,,-1.0,,
tabula_small_intestine,43,0.01,H1_baseline_correct_vs_true_rescued,baseline_correct_rare,true_rescued_rare,rare_standardized_distance,65,0,1.0238694607784413,,,,-1.0,,
tabula_small_intestine,43,0.01,H1_baseline_correct_vs_true_rescued,baseline_correct_rare,true_rescued_rare,standardized_prototype_margin,65,0,0.9763699728315254,,,,1.0,,
tabula_small_intestine,43,0.01,H1_baseline_correct_vs_true_rescued,baseline_correct_rare,true_rescued_rare,rare_prototype_distance,65,0,3.0281345833222537,,,,-1.0,,
tabula_small_intestine,43,0.01,H1_baseline_correct_vs_true_rescued,baseline_correct_rare,true_rescued_rare,nearest_nonrare_distance,65,0,7.452625166042357,,,,1.0,,
tabula_small_intestine,43,0.01,H1_baseline_correct_vs_true_rescued,baseline_correct_rare,true_rescued_rare,prototype_margin,65,0,4.487362033371547,,,,1.0,,
tabula_small_intestine,43,0.01,H1_baseline_correct_vs_true_rescued,baseline_correct_rare,true_rescued_rare,scANVI_rare_probability,65,0,1.0,,,,,,
tabula_small_intestine,43,0.01,H2_true_rescued_vs_unrescued,true_rescued_rare,unrescued_rare,rare_membership_score,0,0,,,,,1.0,,
tabula_small_intestine,43,0.01,H2_true_rescued_vs_unrescued,true_rescued_rare,unrescued_rare,rare_rank,0,0,,,,,-1.0,,
tabula_small_intestine,43,0.01,H2_true_rescued_vs_unrescued,true_rescued_rare,unrescued_rare,rare_standardized_distance,0,0,,,,,-1.0,,
tabula_small_intestine,43,0.01,H2_true_rescued_vs_unrescued,true_rescued_rare,unrescued_rare,standardized_prototype_margin,0,0,,,,,1.0,,
tabula_small_intestine,43,0.01,H2_true_rescued_vs_unrescued,true_rescued_rare,unrescued_rare,rare_prototype_distance,0,0,,,,,-1.0,,
tabula_small_intestine,43,0.01,H2_true_rescued_vs_unrescued,true_rescued_rare,unrescued_rare,nearest_nonrare_distance,0,0,,,,,1.0,,
tabula_small_intestine,43,0.01,H2_true_rescued_vs_unrescued,true_rescued_rare,unrescued_rare,prototype_margin,0,0,,,,,1.0,,
tabula_small_intestine,43,0.01,H2_true_rescued_vs_unrescued,true_rescued_rare,unrescued_rare,scANVI_rare_probability,0,0,,,,,,,
tabula_small_intestine,43,0.01,H3a_true_rescued_vs_non_target,true_rescued_rare,non_target,rare_membership_score,0,6288,,0.015437176793935463,,,1.0,,
tabula_small_intestine,43,0.01,H3a_true_rescued_vs_non_target,true_rescued_rare,non_target,rare_rank,0,6288,,26.0,,,-1.0,,
tabula_small_intestine,43,0.01,H3a_true_rescued_vs_non_target,true_rescued_rare,non_target,rare_standardized_distance,0,6288,,3.0706717020867673,,,-1.0,,
tabula_small_intestine,43,0.01,H3a_true_rescued_vs_non_target,true_rescued_rare,non_target,standardized_prototype_margin,0,6288,,-1.7666547975121776,,,1.0,,
tabula_small_intestine,43,0.01,H3a_true_rescued_vs_non_target,true_rescued_rare,non_target,rare_prototype_distance,0,6288,,9.08163348094046,,,-1.0,,
tabula_small_intestine,43,0.01,H3a_true_rescued_vs_non_target,true_rescued_rare,non_target,nearest_nonrare_distance,0,6288,,3.6320702581283033,,,1.0,,
tabula_small_intestine,43,0.01,H3a_true_rescued_vs_non_target,true_rescued_rare,non_target,prototype_margin,0,6288,,-5.4870123874896315,,,1.0,,
tabula_small_intestine,43,0.01,H3a_true_rescued_vs_non_target,true_rescued_rare,non_target,scANVI_rare_probability,0,6288,,1.09757441e-16,,,,,
tabula_small_intestine,43,0.01,H3b_true_rescued_vs_closest_competitor,true_rescued_rare,closest_competitor,rare_membership_score,0,67,,0.02183511562979117,,,1.0,,
tabula_small_intestine,43,0.01,H3b_true_rescued_vs_closest_competitor,true_rescued_rare,closest_competitor,rare_rank,0,67,,17.0,,,-1.0,,
tabula_small_intestine,43,0.01,H3b_true_rescued_vs_closest_competitor,true_rescued_rare,closest_competitor,rare_standardized_distance,0,67,,2.98667006894076,,,-1.0,,
tabula_small_intestine,43,0.01,H3b_true_rescued_vs_closest_competitor,true_rescued_rare,closest_competitor,standardized_prototype_margin,0,67,,-1.7710108170276477,,,1.0,,
tabula_small_intestine,43,0.01,H3b_true_rescued_vs_closest_competitor,true_rescued_rare,closest_competitor,rare_prototype_distance,0,67,,8.833195315598973,,,-1.0,,
tabula_small_intestine,43,0.01,H3b_true_rescued_vs_closest_competitor,true_rescued_rare,closest_competitor,nearest_nonrare_distance,0,67,,4.7028341346261175,,,1.0,,
tabula_small_intestine,43,0.01,H3b_true_rescued_vs_closest_competitor,true_rescued_rare,closest_competitor,prototype_margin,0,67,,-4.27144775667912,,,1.0,,
tabula_small_intestine,43,0.01,H3b_true_rescued_vs_closest_competitor,true_rescued_rare,closest_competitor,scANVI_rare_probability,0,67,,7.964895e-13,,,,,
tabula_small_intestine,43,0.05,H1_baseline_correct_vs_true_rescued,baseline_correct_rare,true_rescued_rare,rare_membership_score,65,0,0.16644324280438186,,,,1.0,,
tabula_small_intestine,43,0.05,H1_baseline_correct_vs_true_rescued,baseline_correct_rare,true_rescued_rare,rare_rank,65,0,1.0,,,,-1.0,,
tabula_small_intestine,43,0.05,H1_baseline_correct_vs_true_rescued,baseline_correct_rare,true_rescued_rare,rare_standardized_distance,65,0,1.1086566366896646,,,,-1.0,,
tabula_small_intestine,43,0.05,H1_baseline_correct_vs_true_rescued,baseline_correct_rare,true_rescued_rare,standardized_prototype_margin,65,0,0.8908652768648653,,,,1.0,,
tabula_small_intestine,43,0.05,H1_baseline_correct_vs_true_rescued,baseline_correct_rare,true_rescued_rare,rare_prototype_distance,65,0,2.943810832003581,,,,-1.0,,
tabula_small_intestine,43,0.05,H1_baseline_correct_vs_true_rescued,baseline_correct_rare,true_rescued_rare,nearest_nonrare_distance,65,0,7.286639500751299,,,,1.0,,
tabula_small_intestine,43,0.05,H1_baseline_correct_vs_true_rescued,baseline_correct_rare,true_rescued_rare,prototype_margin,65,0,4.352189956537595,,,,1.0,,
tabula_small_intestine,43,0.05,H1_baseline_correct_vs_true_rescued,baseline_correct_rare,true_rescued_rare,scANVI_rare_probability,65,0,0.9999999,,,,,,
tabula_small_intestine,43,0.05,H2_true_rescued_vs_unrescued,true_rescued_rare,unrescued_rare,rare_membership_score,0,0,,,,,1.0,,
tabula_small_intestine,43,0.05,H2_true_rescued_vs_unrescued,true_rescued_rare,unrescued_rare,rare_rank,0,0,,,,,-1.0,,
tabula_small_intestine,43,0.05,H2_true_rescued_vs_unrescued,true_rescued_rare,unrescued_rare,rare_standardized_distance,0,0,,,,,-1.0,,
tabula_small_intestine,43,0.05,H2_true_rescued_vs_unrescued,true_rescued_rare,unrescued_rare,standardized_prototype_margin,0,0,,,,,1.0,,
tabula_small_intestine,43,0.05,H2_true_rescued_vs_unrescued,true_rescued_rare,unrescued_rare,rare_prototype_distance,0,0,,,,,-1.0,,
tabula_small_intestine,43,0.05,H2_true_rescued_vs_unrescued,true_rescued_rare,unrescued_rare,nearest_nonrare_distance,0,0,,,,,1.0,,
tabula_small_intestine,43,0.05,H2_true_rescued_vs_unrescued,true_rescued_rare,unrescued_rare,prototype_margin,0,0,,,,,1.0,,
tabula_small_intestine,43,0.05,H2_true_rescued_vs_unrescued,true_rescued_rare,unrescued_rare,scANVI_rare_probability,0,0,,,,,,,
tabula_small_intestine,43,0.05,H3a_true_rescued_vs_non_target,true_rescued_rare,non_target,rare_membership_score,0,6288,,0.012136536863901808,,,1.0,,
tabula_small_intestine,43,0.05,H3a_true_rescued_vs_non_target,true_rescued_rare,non_target,rare_rank,0,6288,,23.0,,,-1.0,,
tabula_small_intestine,43,0.05,H3a_true_rescued_vs_non_target,true_rescued_rare,non_target,rare_standardized_distance,0,6288,,3.302843141089748,,,-1.0,,
tabula_small_intestine,43,0.05,H3a_true_rescued_vs_non_target,true_rescued_rare,non_target,standardized_prototype_margin,0,6288,,-2.0080848305421144,,,1.0,,
tabula_small_intestine,43,0.05,H3a_true_rescued_vs_non_target,true_rescued_rare,non_target,rare_prototype_distance,0,6288,,8.770024093465452,,,-1.0,,
tabula_small_intestine,43,0.05,H3a_true_rescued_vs_non_target,true_rescued_rare,non_target,nearest_nonrare_distance,0,6288,,3.620978681064151,,,1.0,,
tabula_small_intestine,43,0.05,H3a_true_rescued_vs_non_target,true_rescued_rare,non_target,prototype_margin,0,6288,,-5.205917636434383,,,1.0,,
tabula_small_intestine,43,0.05,H3a_true_rescued_vs_non_target,true_rescued_rare,non_target,scANVI_rare_probability,0,6288,,7.01942835e-16,,,,,
tabula_small_intestine,43,0.05,H3b_true_rescued_vs_closest_competitor,true_rescued_rare,closest_competitor,rare_membership_score,0,67,,0.01730417497123056,,,1.0,,
tabula_small_intestine,43,0.05,H3b_true_rescued_vs_closest_competitor,true_rescued_rare,closest_competitor,rare_rank,0,67,,16.0,,,-1.0,,
tabula_small_intestine,43,0.05,H3b_true_rescued_vs_closest_competitor,true_rescued_rare,closest_competitor,rare_standardized_distance,0,67,,3.2388975572796324,,,-1.0,,
tabula_small_intestine,43,0.05,H3b_true_rescued_vs_closest_competitor,true_rescued_rare,closest_competitor,standardized_prototype_margin,0,67,,-2.0306932183524453,,,1.0,,
tabula_small_intestine,43,0.05,H3b_true_rescued_vs_closest_competitor,true_rescued_rare,closest_competitor,rare_prototype_distance,0,67,,8.600229680976218,,,-1.0,,
tabula_small_intestine,43,0.05,H3b_true_rescued_vs_closest_competitor,true_rescued_rare,closest_competitor,nearest_nonrare_distance,0,67,,4.714414924760733,,,1.0,,
tabula_small_intestine,43,0.05,H3b_true_rescued_vs_closest_competitor,true_rescued_rare,closest_competitor,prototype_margin,0,67,,-4.088112329672401,,,1.0,,
tabula_small_intestine,43,0.05,H3b_true_rescued_vs_closest_competitor,true_rescued_rare,closest_competitor,scANVI_rare_probability,0,67,,2.5325228e-12,,,,,
tabula_small_intestine,43,0.10,H1_baseline_correct_vs_true_rescued,baseline_correct_rare,true_rescued_rare,rare_membership_score,65,0,0.15096770869014284,,,,1.0,,
tabula_small_intestine,43,0.10,H1_baseline_correct_vs_true_rescued,baseline_correct_rare,true_rescued_rare,rare_rank,65,0,1.0,,,,-1.0,,
tabula_small_intestine,43,0.10,H1_baseline_correct_vs_true_rescued,baseline_correct_rare,true_rescued_rare,rare_standardized_distance,65,0,1.2485959612013173,,,,-1.0,,
tabula_small_intestine,43,0.10,H1_baseline_correct_vs_true_rescued,baseline_correct_rare,true_rescued_rare,standardized_prototype_margin,65,0,0.7334221828474696,,,,1.0,,
tabula_small_intestine,43,0.10,H1_baseline_correct_vs_true_rescued,baseline_correct_rare,true_rescued_rare,rare_prototype_distance,65,0,2.8024013587192202,,,,-1.0,,
tabula_small_intestine,43,0.10,H1_baseline_correct_vs_true_rescued,baseline_correct_rare,true_rescued_rare,nearest_nonrare_distance,65,0,7.44377228263741,,,,1.0,,
tabula_small_intestine,43,0.10,H1_baseline_correct_vs_true_rescued,baseline_correct_rare,true_rescued_rare,prototype_margin,65,0,4.593230224839708,,,,1.0,,
tabula_small_intestine,43,0.10,H1_baseline_correct_vs_true_rescued,baseline_correct_rare,true_rescued_rare,scANVI_rare_probability,65,0,1.0,,,,,,
tabula_small_intestine,43,0.10,H2_true_rescued_vs_unrescued,true_rescued_rare,unrescued_rare,rare_membership_score,0,0,,,,,1.0,,
tabula_small_intestine,43,0.10,H2_true_rescued_vs_unrescued,true_rescued_rare,unrescued_rare,rare_rank,0,0,,,,,-1.0,,
tabula_small_intestine,43,0.10,H2_true_rescued_vs_unrescued,true_rescued_rare,unrescued_rare,rare_standardized_distance,0,0,,,,,-1.0,,
tabula_small_intestine,43,0.10,H2_true_rescued_vs_unrescued,true_rescued_rare,unrescued_rare,standardized_prototype_margin,0,0,,,,,1.0,,
tabula_small_intestine,43,0.10,H2_true_rescued_vs_unrescued,true_rescued_rare,unrescued_rare,rare_prototype_distance,0,0,,,,,-1.0,,
tabula_small_intestine,43,0.10,H2_true_rescued_vs_unrescued,true_rescued_rare,unrescued_rare,nearest_nonrare_distance,0,0,,,,,1.0,,
tabula_small_intestine,43,0.10,H2_true_rescued_vs_unrescued,true_rescued_rare,unrescued_rare,prototype_margin,0,0,,,,,1.0,,
tabula_small_intestine,43,0.10,H2_true_rescued_vs_unrescued,true_rescued_rare,unrescued_rare,scANVI_rare_probability,0,0,,,,,,,
tabula_small_intestine,43,0.10,H3a_true_rescued_vs_non_target,true_rescued_rare,non_target,rare_membership_score,0,6288,,0.005550100841587812,,,1.0,,
tabula_small_intestine,43,0.10,H3a_true_rescued_vs_non_target,true_rescued_rare,non_target,rare_rank,0,6288,,26.0,,,-1.0,,
tabula_small_intestine,43,0.10,H3a_true_rescued_vs_non_target,true_rescued_rare,non_target,rare_standardized_distance,0,6288,,4.0851282097054185,,,-1.0,,
tabula_small_intestine,43,0.10,H3a_true_rescued_vs_non_target,true_rescued_rare,non_target,standardized_prototype_margin,0,6288,,-2.7978935890803163,,,1.0,,
tabula_small_intestine,43,0.10,H3a_true_rescued_vs_non_target,true_rescued_rare,non_target,rare_prototype_distance,0,6288,,9.16883379504608,,,-1.0,,
tabula_small_intestine,43,0.10,H3a_true_rescued_vs_non_target,true_rescued_rare,non_target,nearest_nonrare_distance,0,6288,,3.580487576255378,,,1.0,,
tabula_small_intestine,43,0.10,H3a_true_rescued_vs_non_target,true_rescued_rare,non_target,prototype_margin,0,6288,,-5.624906193985522,,,1.0,,
tabula_small_intestine,43,0.10,H3a_true_rescued_vs_non_target,true_rescued_rare,non_target,scANVI_rare_probability,0,6288,,6.14464475e-16,,,,,
tabula_small_intestine,43,0.10,H3b_true_rescued_vs_closest_competitor,true_rescued_rare,closest_competitor,rare_membership_score,0,67,,0.008261292038571861,,,1.0,,
tabula_small_intestine,43,0.10,H3b_true_rescued_vs_closest_competitor,true_rescued_rare,closest_competitor,rare_rank,0,67,,19.0,,,-1.0,,
tabula_small_intestine,43,0.10,H3b_true_rescued_vs_closest_competitor,true_rescued_rare,closest_competitor,rare_standardized_distance,0,67,,3.9837247373814257,,,-1.0,,
tabula_small_intestine,43,0.10,H3b_true_rescued_vs_closest_competitor,true_rescued_rare,closest_competitor,standardized_prototype_margin,0,67,,-2.7903868935556106,,,1.0,,
tabula_small_intestine,43,0.10,H3b_true_rescued_vs_closest_competitor,true_rescued_rare,closest_competitor,rare_prototype_distance,0,67,,8.941239571253947,,,-1.0,,
tabula_small_intestine,43,0.10,H3b_true_rescued_vs_closest_competitor,true_rescued_rare,closest_competitor,nearest_nonrare_distance,0,67,,4.638071606780924,,,1.0,,
tabula_small_intestine,43,0.10,H3b_true_rescued_vs_closest_competitor,true_rescued_rare,closest_competitor,prototype_margin,0,67,,-4.391320626042502,,,1.0,,
tabula_small_intestine,43,0.10,H3b_true_rescued_vs_closest_competitor,true_rescued_rare,closest_competitor,scANVI_rare_probability,0,67,,7.131215e-14,,,,,
tabula_small_intestine,43,all,H1_baseline_correct_vs_true_rescued,baseline_correct_rare,true_rescued_rare,rare_membership_score,65,0,0.1619762508492005,,,,1.0,,
tabula_small_intestine,43,all,H1_baseline_correct_vs_true_rescued,baseline_correct_rare,true_rescued_rare,rare_rank,65,0,1.0,,,,-1.0,,
tabula_small_intestine,43,all,H1_baseline_correct_vs_true_rescued,baseline_correct_rare,true_rescued_rare,rare_standardized_distance,65,0,1.161189907902582,,,,-1.0,,
tabula_small_intestine,43,all,H1_baseline_correct_vs_true_rescued,baseline_correct_rare,true_rescued_rare,standardized_prototype_margin,65,0,0.8800288182847045,,,,1.0,,
tabula_small_intestine,43,all,H1_baseline_correct_vs_true_rescued,baseline_correct_rare,true_rescued_rare,rare_prototype_distance,65,0,2.846223653789739,,,,-1.0,,
tabula_small_intestine,43,all,H1_baseline_correct_vs_true_rescued,baseline_correct_rare,true_rescued_rare,nearest_nonrare_distance,65,0,7.295867103457662,,,,1.0,,
tabula_small_intestine,43,all,H1_baseline_correct_vs_true_rescued,baseline_correct_rare,true_rescued_rare,prototype_margin,65,0,4.441501881879633,,,,1.0,,
tabula_small_intestine,43,all,H1_baseline_correct_vs_true_rescued,baseline_correct_rare,true_rescued_rare,scANVI_rare_probability,65,0,1.0,,,,,,
tabula_small_intestine,43,all,H2_true_rescued_vs_unrescued,true_rescued_rare,unrescued_rare,rare_membership_score,0,0,,,,,1.0,,
tabula_small_intestine,43,all,H2_true_rescued_vs_unrescued,true_rescued_rare,unrescued_rare,rare_rank,0,0,,,,,-1.0,,
tabula_small_intestine,43,all,H2_true_rescued_vs_unrescued,true_rescued_rare,unrescued_rare,rare_standardized_distance,0,0,,,,,-1.0,,
tabula_small_intestine,43,all,H2_true_rescued_vs_unrescued,true_rescued_rare,unrescued_rare,standardized_prototype_margin,0,0,,,,,1.0,,
tabula_small_intestine,43,all,H2_true_rescued_vs_unrescued,true_rescued_rare,unrescued_rare,rare_prototype_distance,0,0,,,,,-1.0,,
tabula_small_intestine,43,all,H2_true_rescued_vs_unrescued,true_rescued_rare,unrescued_rare,nearest_nonrare_distance,0,0,,,,,1.0,,
tabula_small_intestine,43,all,H2_true_rescued_vs_unrescued,true_rescued_rare,unrescued_rare,prototype_margin,0,0,,,,,1.0,,
tabula_small_intestine,43,all,H2_true_rescued_vs_unrescued,true_rescued_rare,unrescued_rare,scANVI_rare_probability,0,0,,,,,,,
tabula_small_intestine,43,all,H3a_true_rescued_vs_non_target,true_rescued_rare,non_target,rare_membership_score,0,6288,,0.008958904754812706,,,1.0,,
tabula_small_intestine,43,all,H3a_true_rescued_vs_non_target,true_rescued_rare,non_target,rare_rank,0,6288,,26.0,,,-1.0,,
tabula_small_intestine,43,all,H3a_true_rescued_vs_non_target,true_rescued_rare,non_target,rare_standardized_distance,0,6288,,3.6207292372452065,,,-1.0,,
tabula_small_intestine,43,all,H3a_true_rescued_vs_non_target,true_rescued_rare,non_target,standardized_prototype_margin,0,6288,,-2.306630659041309,,,1.0,,
tabula_small_intestine,43,all,H3a_true_rescued_vs_non_target,true_rescued_rare,non_target,rare_prototype_distance,0,6288,,8.874866315045479,,,-1.0,,
tabula_small_intestine,43,all,H3a_true_rescued_vs_non_target,true_rescued_rare,non_target,nearest_nonrare_distance,0,6288,,3.5671758761944816,,,1.0,,
tabula_small_intestine,43,all,H3a_true_rescued_vs_non_target,true_rescued_rare,non_target,prototype_margin,0,6288,,-5.324103301614607,,,1.0,,
tabula_small_intestine,43,all,H3a_true_rescued_vs_non_target,true_rescued_rare,non_target,scANVI_rare_probability,0,6288,,3.22767035e-17,,,,,
tabula_small_intestine,43,all,H3b_true_rescued_vs_closest_competitor,true_rescued_rare,closest_competitor,rare_membership_score,0,67,,0.013317621262033655,,,1.0,,
tabula_small_intestine,43,all,H3b_true_rescued_vs_closest_competitor,true_rescued_rare,closest_competitor,rare_rank,0,67,,16.0,,,-1.0,,
tabula_small_intestine,43,all,H3b_true_rescued_vs_closest_competitor,true_rescued_rare,closest_competitor,rare_standardized_distance,0,67,,3.5239209688999504,,,-1.0,,
tabula_small_intestine,43,all,H3b_true_rescued_vs_closest_competitor,true_rescued_rare,closest_competitor,standardized_prototype_margin,0,67,,-2.273291773541353,,,1.0,,
tabula_small_intestine,43,all,H3b_true_rescued_vs_closest_competitor,true_rescued_rare,closest_competitor,rare_prototype_distance,0,67,,8.637576978157952,,,-1.0,,
tabula_small_intestine,43,all,H3b_true_rescued_vs_closest_competitor,true_rescued_rare,closest_competitor,nearest_nonrare_distance,0,67,,4.5341671804061985,,,1.0,,
tabula_small_intestine,43,all,H3b_true_rescued_vs_closest_competitor,true_rescued_rare,closest_competitor,prototype_margin,0,67,,-4.221177169627959,,,1.0,,
tabula_small_intestine,43,all,H3b_true_rescued_vs_closest_competitor,true_rescued_rare,closest_competitor,scANVI_rare_probability,0,67,,2.2482736e-13,,,,,
tabula_small_intestine,44,0.01,H1_baseline_correct_vs_true_rescued,baseline_correct_rare,true_rescued_rare,rare_membership_score,65,0,0.13181532663198944,,,,1.0,,
tabula_small_intestine,44,0.01,H1_baseline_correct_vs_true_rescued,baseline_correct_rare,true_rescued_rare,rare_rank,65,0,1.0,,,,-1.0,,
tabula_small_intestine,44,0.01,H1_baseline_correct_vs_true_rescued,baseline_correct_rare,true_rescued_rare,rare_standardized_distance,65,0,1.3313376475325185,,,,-1.0,,
tabula_small_intestine,44,0.01,H1_baseline_correct_vs_true_rescued,baseline_correct_rare,true_rescued_rare,standardized_prototype_margin,65,0,0.6299219034001524,,,,1.0,,
tabula_small_intestine,44,0.01,H1_baseline_correct_vs_true_rescued,baseline_correct_rare,true_rescued_rare,rare_prototype_distance,65,0,3.325046027084295,,,,-1.0,,
tabula_small_intestine,44,0.01,H1_baseline_correct_vs_true_rescued,baseline_correct_rare,true_rescued_rare,nearest_nonrare_distance,65,0,7.2145525158318,,,,1.0,,
tabula_small_intestine,44,0.01,H1_baseline_correct_vs_true_rescued,baseline_correct_rare,true_rescued_rare,prototype_margin,65,0,3.693540550649445,,,,1.0,,
tabula_small_intestine,44,0.01,H1_baseline_correct_vs_true_rescued,baseline_correct_rare,true_rescued_rare,scANVI_rare_probability,65,0,1.0,,,,,,
tabula_small_intestine,44,0.01,H2_true_rescued_vs_unrescued,true_rescued_rare,unrescued_rare,rare_membership_score,0,0,,,,,1.0,,
tabula_small_intestine,44,0.01,H2_true_rescued_vs_unrescued,true_rescued_rare,unrescued_rare,rare_rank,0,0,,,,,-1.0,,
tabula_small_intestine,44,0.01,H2_true_rescued_vs_unrescued,true_rescued_rare,unrescued_rare,rare_standardized_distance,0,0,,,,,-1.0,,
tabula_small_intestine,44,0.01,H2_true_rescued_vs_unrescued,true_rescued_rare,unrescued_rare,standardized_prototype_margin,0,0,,,,,1.0,,
tabula_small_intestine,44,0.01,H2_true_rescued_vs_unrescued,true_rescued_rare,unrescued_rare,rare_prototype_distance,0,0,,,,,-1.0,,
tabula_small_intestine,44,0.01,H2_true_rescued_vs_unrescued,true_rescued_rare,unrescued_rare,nearest_nonrare_distance,0,0,,,,,1.0,,
tabula_small_intestine,44,0.01,H2_true_rescued_vs_unrescued,true_rescued_rare,unrescued_rare,prototype_margin,0,0,,,,,1.0,,
tabula_small_intestine,44,0.01,H2_true_rescued_vs_unrescued,true_rescued_rare,unrescued_rare,scANVI_rare_probability,0,0,,,,,,,
tabula_small_intestine,44,0.01,H3a_true_rescued_vs_non_target,true_rescued_rare,non_target,rare_membership_score,0,6288,,0.0092697188025022,,,1.0,,
tabula_small_intestine,44,0.01,H3a_true_rescued_vs_non_target,true_rescued_rare,non_target,rare_rank,0,6288,,26.0,,,-1.0,,
tabula_small_intestine,44,0.01,H3a_true_rescued_vs_non_target,true_rescued_rare,non_target,rare_standardized_distance,0,6288,,3.5293023126636864,,,-1.0,,
tabula_small_intestine,44,0.01,H3a_true_rescued_vs_non_target,true_rescued_rare,non_target,standardized_prototype_margin,0,6288,,-2.240865869202643,,,1.0,,
tabula_small_intestine,44,0.01,H3a_true_rescued_vs_non_target,true_rescued_rare,non_target,rare_prototype_distance,0,6288,,8.814512723238506,,,-1.0,,
tabula_small_intestine,44,0.01,H3a_true_rescued_vs_non_target,true_rescued_rare,non_target,nearest_nonrare_distance,0,6288,,3.610851106462441,,,1.0,,
tabula_small_intestine,44,0.01,H3a_true_rescued_vs_non_target,true_rescued_rare,non_target,prototype_margin,0,6288,,-5.270621504866991,,,1.0,,
tabula_small_intestine,44,0.01,H3a_true_rescued_vs_non_target,true_rescued_rare,non_target,scANVI_rare_probability,0,6288,,1.56998725e-13,,,,,
tabula_small_intestine,44,0.01,H3b_true_rescued_vs_closest_competitor,true_rescued_rare,closest_competitor,rare_membership_score,0,36,,0.018856022372954986,,,1.0,,
tabula_small_intestine,44,0.01,H3b_true_rescued_vs_closest_competitor,true_rescued_rare,closest_competitor,rare_rank,0,36,,9.0,,,-1.0,,
tabula_small_intestine,44,0.01,H3b_true_rescued_vs_closest_competitor,true_rescued_rare,closest_competitor,rare_standardized_distance,0,36,,3.0701800714721363,,,-1.0,,
tabula_small_intestine,44,0.01,H3b_true_rescued_vs_closest_competitor,true_rescued_rare,closest_competitor,standardized_prototype_margin,0,36,,-2.1306082915431634,,,1.0,,
tabula_small_intestine,44,0.01,H3b_true_rescued_vs_closest_competitor,true_rescued_rare,closest_competitor,rare_prototype_distance,0,36,,7.667844493094647,,,-1.0,,
tabula_small_intestine,44,0.01,H3b_true_rescued_vs_closest_competitor,true_rescued_rare,closest_competitor,nearest_nonrare_distance,0,36,,3.5927223847270753,,,1.0,,
tabula_small_intestine,44,0.01,H3b_true_rescued_vs_closest_competitor,true_rescued_rare,closest_competitor,prototype_margin,0,36,,-4.223821879170568,,,1.0,,
tabula_small_intestine,44,0.01,H3b_true_rescued_vs_closest_competitor,true_rescued_rare,closest_competitor,scANVI_rare_probability,0,36,,1.2365815e-12,,,,,
tabula_small_intestine,44,0.05,H1_baseline_correct_vs_true_rescued,baseline_correct_rare,true_rescued_rare,rare_membership_score,65,0,0.16336277061407872,,,,1.0,,
tabula_small_intestine,44,0.05,H1_baseline_correct_vs_true_rescued,baseline_correct_rare,true_rescued_rare,rare_rank,65,0,1.0,,,,-1.0,,
tabula_small_intestine,44,0.05,H1_baseline_correct_vs_true_rescued,baseline_correct_rare,true_rescued_rare,rare_standardized_distance,65,0,1.1166824497480132,,,,-1.0,,
tabula_small_intestine,44,0.05,H1_baseline_correct_vs_true_rescued,baseline_correct_rare,true_rescued_rare,standardized_prototype_margin,65,0,0.862962656104864,,,,1.0,,
tabula_small_intestine,44,0.05,H1_baseline_correct_vs_true_rescued,baseline_correct_rare,true_rescued_rare,rare_prototype_distance,65,0,3.128056020377708,,,,-1.0,,
tabula_small_intestine,44,0.05,H1_baseline_correct_vs_true_rescued,baseline_correct_rare,true_rescued_rare,nearest_nonrare_distance,65,0,7.276177859841391,,,,1.0,,
tabula_small_intestine,44,0.05,H1_baseline_correct_vs_true_rescued,baseline_correct_rare,true_rescued_rare,prototype_margin,65,0,4.09016638912767,,,,1.0,,
tabula_small_intestine,44,0.05,H1_baseline_correct_vs_true_rescued,baseline_correct_rare,true_rescued_rare,scANVI_rare_probability,65,0,0.99999976,,,,,,
tabula_small_intestine,44,0.05,H2_true_rescued_vs_unrescued,true_rescued_rare,unrescued_rare,rare_membership_score,0,0,,,,,1.0,,
tabula_small_intestine,44,0.05,H2_true_rescued_vs_unrescued,true_rescued_rare,unrescued_rare,rare_rank,0,0,,,,,-1.0,,
tabula_small_intestine,44,0.05,H2_true_rescued_vs_unrescued,true_rescued_rare,unrescued_rare,rare_standardized_distance,0,0,,,,,-1.0,,
tabula_small_intestine,44,0.05,H2_true_rescued_vs_unrescued,true_rescued_rare,unrescued_rare,standardized_prototype_margin,0,0,,,,,1.0,,
tabula_small_intestine,44,0.05,H2_true_rescued_vs_unrescued,true_rescued_rare,unrescued_rare,rare_prototype_distance,0,0,,,,,-1.0,,
tabula_small_intestine,44,0.05,H2_true_rescued_vs_unrescued,true_rescued_rare,unrescued_rare,nearest_nonrare_distance,0,0,,,,,1.0,,
tabula_small_intestine,44,0.05,H2_true_rescued_vs_unrescued,true_rescued_rare,unrescued_rare,prototype_margin,0,0,,,,,1.0,,
tabula_small_intestine,44,0.05,H2_true_rescued_vs_unrescued,true_rescued_rare,unrescued_rare,scANVI_rare_probability,0,0,,,,,,,
tabula_small_intestine,44,0.05,H3a_true_rescued_vs_non_target,true_rescued_rare,non_target,rare_membership_score,0,6288,,0.014646803987409755,,,1.0,,
tabula_small_intestine,44,0.05,H3a_true_rescued_vs_non_target,true_rescued_rare,non_target,rare_rank,0,6288,,24.0,,,-1.0,,
tabula_small_intestine,44,0.05,H3a_true_rescued_vs_non_target,true_rescued_rare,non_target,rare_standardized_distance,0,6288,,3.0807690149198144,,,-1.0,,
tabula_small_intestine,44,0.05,H3a_true_rescued_vs_non_target,true_rescued_rare,non_target,standardized_prototype_margin,0,6288,,-1.7903532683698693,,,1.0,,
tabula_small_intestine,44,0.05,H3a_true_rescued_vs_non_target,true_rescued_rare,non_target,rare_prototype_distance,0,6288,,8.629864351040563,,,-1.0,,
tabula_small_intestine,44,0.05,H3a_true_rescued_vs_non_target,true_rescued_rare,non_target,nearest_nonrare_distance,0,6288,,3.6040003472959663,,,1.0,,
tabula_small_intestine,44,0.05,H3a_true_rescued_vs_non_target,true_rescued_rare,non_target,prototype_margin,0,6288,,-5.059199468838004,,,1.0,,
tabula_small_intestine,44,0.05,H3a_true_rescued_vs_non_target,true_rescued_rare,non_target,scANVI_rare_probability,0,6288,,3.41636005e-14,,,,,
tabula_small_intestine,44,0.05,H3b_true_rescued_vs_closest_competitor,true_rescued_rare,closest_competitor,rare_membership_score,0,36,,0.03105057501687064,,,1.0,,
tabula_small_intestine,44,0.05,H3b_true_rescued_vs_closest_competitor,true_rescued_rare,closest_competitor,rare_rank,0,36,,6.0,,,-1.0,,
tabula_small_intestine,44,0.05,H3b_true_rescued_vs_closest_competitor,true_rescued_rare,closest_competitor,rare_standardized_distance,0,36,,2.692562849045153,,,-1.0,,
tabula_small_intestine,44,0.05,H3b_true_rescued_vs_closest_competitor,true_rescued_rare,closest_competitor,standardized_prototype_margin,0,36,,-1.671962949891289,,,1.0,,
tabula_small_intestine,44,0.05,H3b_true_rescued_vs_closest_competitor,true_rescued_rare,closest_competitor,rare_prototype_distance,0,36,,7.542419451565335,,,-1.0,,
tabula_small_intestine,44,0.05,H3b_true_rescued_vs_closest_competitor,true_rescued_rare,closest_competitor,nearest_nonrare_distance,0,36,,3.6139597087286353,,,1.0,,
tabula_small_intestine,44,0.05,H3b_true_rescued_vs_closest_competitor,true_rescued_rare,closest_competitor,prototype_margin,0,36,,-3.9415958316086384,,,1.0,,
tabula_small_intestine,44,0.05,H3b_true_rescued_vs_closest_competitor,true_rescued_rare,closest_competitor,scANVI_rare_probability,0,36,,1.2471492499999999e-14,,,,,
tabula_small_intestine,44,0.10,H1_baseline_correct_vs_true_rescued,baseline_correct_rare,true_rescued_rare,rare_membership_score,65,0,0.14691567182483872,,,,1.0,,
tabula_small_intestine,44,0.10,H1_baseline_correct_vs_true_rescued,baseline_correct_rare,true_rescued_rare,rare_rank,65,0,1.0,,,,-1.0,,
tabula_small_intestine,44,0.10,H1_baseline_correct_vs_true_rescued,baseline_correct_rare,true_rescued_rare,rare_standardized_distance,65,0,1.2493352385144552,,,,-1.0,,
tabula_small_intestine,44,0.10,H1_baseline_correct_vs_true_rescued,baseline_correct_rare,true_rescued_rare,standardized_prototype_margin,65,0,0.7176178025315199,,,,1.0,,
tabula_small_intestine,44,0.10,H1_baseline_correct_vs_true_rescued,baseline_correct_rare,true_rescued_rare,rare_prototype_distance,65,0,3.161490377873356,,,,-1.0,,
tabula_small_intestine,44,0.10,H1_baseline_correct_vs_true_rescued,baseline_correct_rare,true_rescued_rare,nearest_nonrare_distance,65,0,7.256280365549368,,,,1.0,,
tabula_small_intestine,44,0.10,H1_baseline_correct_vs_true_rescued,baseline_correct_rare,true_rescued_rare,prototype_margin,65,0,4.238631585440901,,,,1.0,,
tabula_small_intestine,44,0.10,H1_baseline_correct_vs_true_rescued,baseline_correct_rare,true_rescued_rare,scANVI_rare_probability,65,0,1.0,,,,,,
tabula_small_intestine,44,0.10,H2_true_rescued_vs_unrescued,true_rescued_rare,unrescued_rare,rare_membership_score,0,0,,,,,1.0,,
tabula_small_intestine,44,0.10,H2_true_rescued_vs_unrescued,true_rescued_rare,unrescued_rare,rare_rank,0,0,,,,,-1.0,,
tabula_small_intestine,44,0.10,H2_true_rescued_vs_unrescued,true_rescued_rare,unrescued_rare,rare_standardized_distance,0,0,,,,,-1.0,,
tabula_small_intestine,44,0.10,H2_true_rescued_vs_unrescued,true_rescued_rare,unrescued_rare,standardized_prototype_margin,0,0,,,,,1.0,,
tabula_small_intestine,44,0.10,H2_true_rescued_vs_unrescued,true_rescued_rare,unrescued_rare,rare_prototype_distance,0,0,,,,,-1.0,,
tabula_small_intestine,44,0.10,H2_true_rescued_vs_unrescued,true_rescued_rare,unrescued_rare,nearest_nonrare_distance,0,0,,,,,1.0,,
tabula_small_intestine,44,0.10,H2_true_rescued_vs_unrescued,true_rescued_rare,unrescued_rare,prototype_margin,0,0,,,,,1.0,,
tabula_small_intestine,44,0.10,H2_true_rescued_vs_unrescued,true_rescued_rare,unrescued_rare,scANVI_rare_probability,0,0,,,,,,,
tabula_small_intestine,44,0.10,H3a_true_rescued_vs_non_target,true_rescued_rare,non_target,rare_membership_score,0,6288,,0.009564184941315605,,,1.0,,
tabula_small_intestine,44,0.10,H3a_true_rescued_vs_non_target,true_rescued_rare,non_target,rare_rank,0,6288,,26.0,,,-1.0,,
tabula_small_intestine,44,0.10,H3a_true_rescued_vs_non_target,true_rescued_rare,non_target,rare_standardized_distance,0,6288,,3.5210351876502237,,,-1.0,,
tabula_small_intestine,44,0.10,H3a_true_rescued_vs_non_target,true_rescued_rare,non_target,standardized_prototype_margin,0,6288,,-2.2202692453496127,,,1.0,,
tabula_small_intestine,44,0.10,H3a_true_rescued_vs_non_target,true_rescued_rare,non_target,rare_prototype_distance,0,6288,,8.910113572995877,,,-1.0,,
tabula_small_intestine,44,0.10,H3a_true_rescued_vs_non_target,true_rescued_rare,non_target,nearest_nonrare_distance,0,6288,,3.63730705144618,,,1.0,,
tabula_small_intestine,44,0.10,H3a_true_rescued_vs_non_target,true_rescued_rare,non_target,prototype_margin,0,6288,,-5.315169679829701,,,1.0,,
tabula_small_intestine,44,0.10,H3a_true_rescued_vs_non_target,true_rescued_rare,non_target,scANVI_rare_probability,0,6288,,1.1696783e-14,,,,,
tabula_small_intestine,44,0.10,H3b_true_rescued_vs_closest_competitor,true_rescued_rare,closest_competitor,rare_membership_score,0,67,,0.01478873583171492,,,1.0,,
tabula_small_intestine,44,0.10,H3b_true_rescued_vs_closest_competitor,true_rescued_rare,closest_competitor,rare_rank,0,67,,16.0,,,-1.0,,
tabula_small_intestine,44,0.10,H3b_true_rescued_vs_closest_competitor,true_rescued_rare,closest_competitor,rare_standardized_distance,0,67,,3.2698245241551005,,,-1.0,,
tabula_small_intestine,44,0.10,H3b_true_rescued_vs_closest_competitor,true_rescued_rare,closest_competitor,standardized_prototype_margin,0,67,,-2.0904621325068744,,,1.0,,
tabula_small_intestine,44,0.10,H3b_true_rescued_vs_closest_competitor,true_rescued_rare,closest_competitor,rare_prototype_distance,0,67,,8.274415426513295,,,-1.0,,
tabula_small_intestine,44,0.10,H3b_true_rescued_vs_closest_competitor,true_rescued_rare,closest_competitor,nearest_nonrare_distance,0,67,,4.402173078158013,,,1.0,,
tabula_small_intestine,44,0.10,H3b_true_rescued_vs_closest_competitor,true_rescued_rare,closest_competitor,prototype_margin,0,67,,-3.9085275067439973,,,1.0,,
tabula_small_intestine,44,0.10,H3b_true_rescued_vs_closest_competitor,true_rescued_rare,closest_competitor,scANVI_rare_probability,0,67,,1.3208085e-15,,,,,
tabula_small_intestine,44,all,H1_baseline_correct_vs_true_rescued,baseline_correct_rare,true_rescued_rare,rare_membership_score,65,0,0.14532353356335148,,,,1.0,,
tabula_small_intestine,44,all,H1_baseline_correct_vs_true_rescued,baseline_correct_rare,true_rescued_rare,rare_rank,65,0,1.0,,,,-1.0,,
tabula_small_intestine,44,all,H1_baseline_correct_vs_true_rescued,baseline_correct_rare,true_rescued_rare,rare_standardized_distance,65,0,1.2036822185148772,,,,-1.0,,
tabula_small_intestine,44,all,H1_baseline_correct_vs_true_rescued,baseline_correct_rare,true_rescued_rare,standardized_prototype_margin,65,0,0.73030730085283,,,,1.0,,
tabula_small_intestine,44,all,H1_baseline_correct_vs_true_rescued,baseline_correct_rare,true_rescued_rare,rare_prototype_distance,65,0,3.132750330815864,,,,-1.0,,
tabula_small_intestine,44,all,H1_baseline_correct_vs_true_rescued,baseline_correct_rare,true_rescued_rare,nearest_nonrare_distance,65,0,7.199563658407722,,,,1.0,,
tabula_small_intestine,44,all,H1_baseline_correct_vs_true_rescued,baseline_correct_rare,true_rescued_rare,prototype_margin,65,0,4.005327996431664,,,,1.0,,
tabula_small_intestine,44,all,H1_baseline_correct_vs_true_rescued,baseline_correct_rare,true_rescued_rare,scANVI_rare_probability,65,0,1.0,,,,,,
tabula_small_intestine,44,all,H2_true_rescued_vs_unrescued,true_rescued_rare,unrescued_rare,rare_membership_score,0,0,,,,,1.0,,
tabula_small_intestine,44,all,H2_true_rescued_vs_unrescued,true_rescued_rare,unrescued_rare,rare_rank,0,0,,,,,-1.0,,
tabula_small_intestine,44,all,H2_true_rescued_vs_unrescued,true_rescued_rare,unrescued_rare,rare_standardized_distance,0,0,,,,,-1.0,,
tabula_small_intestine,44,all,H2_true_rescued_vs_unrescued,true_rescued_rare,unrescued_rare,standardized_prototype_margin,0,0,,,,,1.0,,
tabula_small_intestine,44,all,H2_true_rescued_vs_unrescued,true_rescued_rare,unrescued_rare,rare_prototype_distance,0,0,,,,,-1.0,,
tabula_small_intestine,44,all,H2_true_rescued_vs_unrescued,true_rescued_rare,unrescued_rare,nearest_nonrare_distance,0,0,,,,,1.0,,
tabula_small_intestine,44,all,H2_true_rescued_vs_unrescued,true_rescued_rare,unrescued_rare,prototype_margin,0,0,,,,,1.0,,
tabula_small_intestine,44,all,H2_true_rescued_vs_unrescued,true_rescued_rare,unrescued_rare,scANVI_rare_probability,0,0,,,,,,,
tabula_small_intestine,44,all,H3a_true_rescued_vs_non_target,true_rescued_rare,non_target,rare_membership_score,0,6288,,0.011841494284176881,,,1.0,,
tabula_small_intestine,44,all,H3a_true_rescued_vs_non_target,true_rescued_rare,non_target,rare_rank,0,6288,,23.0,,,-1.0,,
tabula_small_intestine,44,all,H3a_true_rescued_vs_non_target,true_rescued_rare,non_target,rare_standardized_distance,0,6288,,3.303761812273679,,,-1.0,,
tabula_small_intestine,44,all,H3a_true_rescued_vs_non_target,true_rescued_rare,non_target,standardized_prototype_margin,0,6288,,-1.974879572148976,,,1.0,,
tabula_small_intestine,44,all,H3a_true_rescued_vs_non_target,true_rescued_rare,non_target,rare_prototype_distance,0,6288,,8.598499463676564,,,-1.0,,
tabula_small_intestine,44,all,H3a_true_rescued_vs_non_target,true_rescued_rare,non_target,nearest_nonrare_distance,0,6288,,3.683347583799654,,,1.0,,
tabula_small_intestine,44,all,H3a_true_rescued_vs_non_target,true_rescued_rare,non_target,prototype_margin,0,6288,,-4.932561595695172,,,1.0,,
tabula_small_intestine,44,all,H3a_true_rescued_vs_non_target,true_rescued_rare,non_target,scANVI_rare_probability,0,6288,,1.99667655e-14,,,,,
tabula_small_intestine,44,all,H3b_true_rescued_vs_closest_competitor,true_rescued_rare,closest_competitor,rare_membership_score,0,36,,0.023527767245648295,,,1.0,,
tabula_small_intestine,44,all,H3b_true_rescued_vs_closest_competitor,true_rescued_rare,closest_competitor,rare_rank,0,36,,7.0,,,-1.0,,
tabula_small_intestine,44,all,H3b_true_rescued_vs_closest_competitor,true_rescued_rare,closest_competitor,rare_standardized_distance,0,36,,2.8995525613542927,,,-1.0,,
tabula_small_intestine,44,all,H3b_true_rescued_vs_closest_competitor,true_rescued_rare,closest_competitor,standardized_prototype_margin,0,36,,-1.8519266734329718,,,1.0,,
tabula_small_intestine,44,all,H3b_true_rescued_vs_closest_competitor,true_rescued_rare,closest_competitor,rare_prototype_distance,0,36,,7.546488687859915,,,-1.0,,
tabula_small_intestine,44,all,H3b_true_rescued_vs_closest_competitor,true_rescued_rare,closest_competitor,nearest_nonrare_distance,0,36,,3.7438750263153135,,,1.0,,
tabula_small_intestine,44,all,H3b_true_rescued_vs_closest_competitor,true_rescued_rare,closest_competitor,prototype_margin,0,36,,-3.7576525573490716,,,1.0,,
tabula_small_intestine,44,all,H3b_true_rescued_vs_closest_competitor,true_rescued_rare,closest_competitor,scANVI_rare_probability,0,36,,9.1796365e-12,,,,,
mouse_lung_tms_10x,42,0.01,H1_baseline_correct_vs_true_rescued,baseline_correct_rare,true_rescued_rare,rare_membership_score,0,7,,0.06489128916673825,,,1.0,,
mouse_lung_tms_10x,42,0.01,H1_baseline_correct_vs_true_rescued,baseline_correct_rare,true_rescued_rare,rare_rank,0,7,,1.0,,,-1.0,,
mouse_lung_tms_10x,42,0.01,H1_baseline_correct_vs_true_rescued,baseline_correct_rare,true_rescued_rare,rare_standardized_distance,0,7,,1.901424479547172,,,-1.0,,
mouse_lung_tms_10x,42,0.01,H1_baseline_correct_vs_true_rescued,baseline_correct_rare,true_rescued_rare,standardized_prototype_margin,0,7,,-0.6645084175398412,,,1.0,,
mouse_lung_tms_10x,42,0.01,H1_baseline_correct_vs_true_rescued,baseline_correct_rare,true_rescued_rare,rare_prototype_distance,0,7,,3.0918400350493602,,,-1.0,,
mouse_lung_tms_10x,42,0.01,H1_baseline_correct_vs_true_rescued,baseline_correct_rare,true_rescued_rare,nearest_nonrare_distance,0,7,,3.4438348804670316,,,1.0,,
mouse_lung_tms_10x,42,0.01,H1_baseline_correct_vs_true_rescued,baseline_correct_rare,true_rescued_rare,prototype_margin,0,7,,0.16152960646823367,,,1.0,,
mouse_lung_tms_10x,42,0.01,H1_baseline_correct_vs_true_rescued,baseline_correct_rare,true_rescued_rare,scANVI_rare_probability,0,7,,0.000283638,,,,,
mouse_lung_tms_10x,42,0.01,H2_true_rescued_vs_unrescued,true_rescued_rare,unrescued_rare,rare_membership_score,7,44,0.06489128916673825,0.0407025066140726,0.024188782552665655,0.922077922077922,1.0,0.024188782552665655,0.922077922077922
mouse_lung_tms_10x,42,0.01,H2_true_rescued_vs_unrescued,true_rescued_rare,unrescued_rare,rare_rank,7,44,1.0,2.0,-1.0,-0.9772727272727273,-1.0,1.0,0.9772727272727273
mouse_lung_tms_10x,42,0.01,H2_true_rescued_vs_unrescued,true_rescued_rare,unrescued_rare,rare_standardized_distance,7,44,1.901424479547172,2.440348060845891,-0.5389235812987192,-0.8181818181818181,-1.0,0.5389235812987192,0.8181818181818181
mouse_lung_tms_10x,42,0.01,H2_true_rescued_vs_unrescued,true_rescued_rare,unrescued_rare,standardized_prototype_margin,7,44,-0.6645084175398412,-1.2948764331486995,0.6303680156088582,0.9675324675324675,1.0,0.6303680156088582,0.9675324675324675
mouse_lung_tms_10x,42,0.01,H2_true_rescued_vs_unrescued,true_rescued_rare,unrescued_rare,rare_prototype_distance,7,44,3.0918400350493602,3.9681648759330654,-0.8763248408837052,-0.8181818181818181,-1.0,0.8763248408837052,0.8181818181818181
mouse_lung_tms_10x,42,0.01,H2_true_rescued_vs_unrescued,true_rescued_rare,unrescued_rare,nearest_nonrare_distance,7,44,3.4438348804670316,3.1473585247356715,0.2964763557313601,0.42207792207792205,1.0,0.2964763557313601,0.42207792207792205
mouse_lung_tms_10x,42,0.01,H2_true_rescued_vs_unrescued,true_rescued_rare,unrescued_rare,prototype_margin,7,44,0.16152960646823367,-0.859115725626973,1.0206453320952067,1.0,1.0,1.0206453320952067,1.0
mouse_lung_tms_10x,42,0.01,H2_true_rescued_vs_unrescued,true_rescued_rare,unrescued_rare,scANVI_rare_probability,7,44,0.000283638,4.3511668500000004e-07,0.000283202883315,0.8181818181818181,,,
mouse_lung_tms_10x,42,0.01,H3a_true_rescued_vs_non_target,true_rescued_rare,non_target,rare_membership_score,7,1316,0.06489128916673825,0.004020684616923712,0.06087060454981454,0.9930525401650021,1.0,0.06087060454981454,0.9930525401650021
mouse_lung_tms_10x,42,0.01,H3a_true_rescued_vs_non_target,true_rescued_rare,non_target,rare_rank,7,1316,1.0,20.0,-19.0,-1.0,-1.0,19.0,1.0
mouse_lung_tms_10x,42,0.01,H3a_true_rescued_vs_non_target,true_rescued_rare,non_target,rare_standardized_distance,7,1316,1.901424479547172,4.617156927937085,-2.715732448389913,-0.9843682153712549,-1.0,2.715732448389913,0.9843682153712549
mouse_lung_tms_10x,42,0.01,H3a_true_rescued_vs_non_target,true_rescued_rare,non_target,standardized_prototype_margin,7,1316,-0.6645084175398412,-3.6386825981844524,2.974174180644611,0.9991315675206254,1.0,2.974174180644611,0.9991315675206254
mouse_lung_tms_10x,42,0.01,H3a_true_rescued_vs_non_target,true_rescued_rare,non_target,rare_prototype_distance,7,1316,3.0918400350493602,7.50779785968735,-4.41595782463799,-0.9843682153712549,-1.0,4.41595782463799,0.9843682153712549
mouse_lung_tms_10x,42,0.01,H3a_true_rescued_vs_non_target,true_rescued_rare,non_target,nearest_nonrare_distance,7,1316,3.4438348804670316,2.468280730525457,0.9755541499415745,0.746634824142423,1.0,0.9755541499415745,0.746634824142423
mouse_lung_tms_10x,42,0.01,H3a_true_rescued_vs_non_target,true_rescued_rare,non_target,prototype_margin,7,1316,0.16152960646823367,-4.953041234304436,5.11457084077267,1.0,1.0,5.11457084077267,1.0
mouse_lung_tms_10x,42,0.01,H3a_true_rescued_vs_non_target,true_rescued_rare,non_target,scANVI_rare_probability,7,1316,0.000283638,1.2484764e-13,0.0002836379998751524,0.997177594442032,,,
mouse_lung_tms_10x,42,0.01,H3b_true_rescued_vs_closest_competitor,true_rescued_rare,closest_competitor,rare_membership_score,7,339,0.06489128916673825,0.029124908178797065,0.03576638098794119,0.9738727349346818,1.0,0.03576638098794119,0.9738727349346818
mouse_lung_tms_10x,42,0.01,H3b_true_rescued_vs_closest_competitor,true_rescued_rare,closest_competitor,rare_rank,7,339,1.0,2.0,-1.0,-1.0,-1.0,1.0,1.0
mouse_lung_tms_10x,42,0.01,H3b_true_rescued_vs_closest_competitor,true_rescued_rare,closest_competitor,rare_standardized_distance,7,339,1.901424479547172,2.758020525103152,-0.8565960455559802,-0.9401601348504003,-1.0,0.8565960455559802,0.9401601348504003
mouse_lung_tms_10x,42,0.01,H3b_true_rescued_vs_closest_competitor,true_rescued_rare,closest_competitor,standardized_prototype_margin,7,339,-0.6645084175398412,-1.8264635857501834,1.1619551682103422,0.9966287399915719,1.0,1.1619551682103422,0.9966287399915719
mouse_lung_tms_10x,42,0.01,H3b_true_rescued_vs_closest_competitor,true_rescued_rare,closest_competitor,rare_prototype_distance,7,339,3.0918400350493602,4.484720991407764,-1.392880956358404,-0.9401601348504003,-1.0,1.392880956358404,0.9401601348504003
mouse_lung_tms_10x,42,0.01,H3b_true_rescued_vs_closest_competitor,true_rescued_rare,closest_competitor,nearest_nonrare_distance,7,339,3.4438348804670316,2.646171549974569,0.7976633304924627,0.683944374209861,1.0,0.7976633304924627,0.683944374209861
mouse_lung_tms_10x,42,0.01,H3b_true_rescued_vs_closest_competitor,true_rescued_rare,closest_competitor,prototype_margin,7,339,0.16152960646823367,-1.8950285226538213,2.056558129122055,1.0,1.0,2.056558129122055,1.0
mouse_lung_tms_10x,42,0.01,H3b_true_rescued_vs_closest_competitor,true_rescued_rare,closest_competitor,scANVI_rare_probability,7,339,0.000283638,1.8387496e-10,0.00028363781612504,0.9983143699957859,,,
mouse_lung_tms_10x,42,0.05,H1_baseline_correct_vs_true_rescued,baseline_correct_rare,true_rescued_rare,rare_membership_score,0,0,,,,,1.0,,
mouse_lung_tms_10x,42,0.05,H1_baseline_correct_vs_true_rescued,baseline_correct_rare,true_rescued_rare,rare_rank,0,0,,,,,-1.0,,
mouse_lung_tms_10x,42,0.05,H1_baseline_correct_vs_true_rescued,baseline_correct_rare,true_rescued_rare,rare_standardized_distance,0,0,,,,,-1.0,,
mouse_lung_tms_10x,42,0.05,H1_baseline_correct_vs_true_rescued,baseline_correct_rare,true_rescued_rare,standardized_prototype_margin,0,0,,,,,1.0,,
mouse_lung_tms_10x,42,0.05,H1_baseline_correct_vs_true_rescued,baseline_correct_rare,true_rescued_rare,rare_prototype_distance,0,0,,,,,-1.0,,
mouse_lung_tms_10x,42,0.05,H1_baseline_correct_vs_true_rescued,baseline_correct_rare,true_rescued_rare,nearest_nonrare_distance,0,0,,,,,1.0,,
mouse_lung_tms_10x,42,0.05,H1_baseline_correct_vs_true_rescued,baseline_correct_rare,true_rescued_rare,prototype_margin,0,0,,,,,1.0,,
mouse_lung_tms_10x,42,0.05,H1_baseline_correct_vs_true_rescued,baseline_correct_rare,true_rescued_rare,scANVI_rare_probability,0,0,,,,,,,
mouse_lung_tms_10x,42,0.05,H2_true_rescued_vs_unrescued,true_rescued_rare,unrescued_rare,rare_membership_score,0,51,,0.0903464874426007,,,1.0,,
mouse_lung_tms_10x,42,0.05,H2_true_rescued_vs_unrescued,true_rescued_rare,unrescued_rare,rare_rank,0,51,,2.0,,,-1.0,,
mouse_lung_tms_10x,42,0.05,H2_true_rescued_vs_unrescued,true_rescued_rare,unrescued_rare,rare_standardized_distance,0,51,,1.5152968225247265,,,-1.0,,
mouse_lung_tms_10x,42,0.05,H2_true_rescued_vs_unrescued,true_rescued_rare,unrescued_rare,standardized_prototype_margin,0,51,,-0.3760253790340906,,,1.0,,
mouse_lung_tms_10x,42,0.05,H2_true_rescued_vs_unrescued,true_rescued_rare,unrescued_rare,rare_prototype_distance,0,51,,3.270305616375799,,,-1.0,,
mouse_lung_tms_10x,42,0.05,H2_true_rescued_vs_unrescued,true_rescued_rare,unrescued_rare,nearest_nonrare_distance,0,51,,3.151695614959393,,,1.0,,
mouse_lung_tms_10x,42,0.05,H2_true_rescued_vs_unrescued,true_rescued_rare,unrescued_rare,prototype_margin,0,51,,-0.12331950735823405,,,1.0,,
mouse_lung_tms_10x,42,0.05,H2_true_rescued_vs_unrescued,true_rescued_rare,unrescued_rare,scANVI_rare_probability,0,51,,0.00013503661,,,,,
mouse_lung_tms_10x,42,0.05,H3a_true_rescued_vs_non_target,true_rescued_rare,non_target,rare_membership_score,0,1316,,0.014320835043918175,,,1.0,,
mouse_lung_tms_10x,42,0.05,H3a_true_rescued_vs_non_target,true_rescued_rare,non_target,rare_rank,0,1316,,16.0,,,-1.0,,
mouse_lung_tms_10x,42,0.05,H3a_true_rescued_vs_non_target,true_rescued_rare,non_target,rare_standardized_distance,0,1316,,3.3305727477902742,,,-1.0,,
mouse_lung_tms_10x,42,0.05,H3a_true_rescued_vs_non_target,true_rescued_rare,non_target,standardized_prototype_margin,0,1316,,-2.336109184854561,,,1.0,,
mouse_lung_tms_10x,42,0.05,H3a_true_rescued_vs_non_target,true_rescued_rare,non_target,rare_prototype_distance,0,1316,,7.188024551321182,,,-1.0,,
mouse_lung_tms_10x,42,0.05,H3a_true_rescued_vs_non_target,true_rescued_rare,non_target,nearest_nonrare_distance,0,1316,,2.4925158351175014,,,1.0,,
mouse_lung_tms_10x,42,0.05,H3a_true_rescued_vs_non_target,true_rescued_rare,non_target,prototype_margin,0,1316,,-4.601995864704879,,,1.0,,
mouse_lung_tms_10x,42,0.05,H3a_true_rescued_vs_non_target,true_rescued_rare,non_target,scANVI_rare_probability,0,1316,,2.86353005e-13,,,,,
mouse_lung_tms_10x,42,0.05,H3b_true_rescued_vs_closest_competitor,true_rescued_rare,closest_competitor,rare_membership_score,0,11,,0.07236875948987521,,,1.0,,
mouse_lung_tms_10x,42,0.05,H3b_true_rescued_vs_closest_competitor,true_rescued_rare,closest_competitor,rare_rank,0,11,,2.0,,,-1.0,,
mouse_lung_tms_10x,42,0.05,H3b_true_rescued_vs_closest_competitor,true_rescued_rare,closest_competitor,rare_standardized_distance,0,11,,1.8377150940567748,,,-1.0,,
mouse_lung_tms_10x,42,0.05,H3b_true_rescued_vs_closest_competitor,true_rescued_rare,closest_competitor,standardized_prototype_margin,0,11,,-0.7803480532534043,,,1.0,,
mouse_lung_tms_10x,42,0.05,H3b_true_rescued_vs_closest_competitor,true_rescued_rare,closest_competitor,rare_prototype_distance,0,11,,3.966147030770521,,,-1.0,,
mouse_lung_tms_10x,42,0.05,H3b_true_rescued_vs_closest_competitor,true_rescued_rare,closest_competitor,nearest_nonrare_distance,0,11,,2.9863437077663715,,,1.0,,
mouse_lung_tms_10x,42,0.05,H3b_true_rescued_vs_closest_competitor,true_rescued_rare,closest_competitor,prototype_margin,0,11,,-0.9485076965904149,,,1.0,,
mouse_lung_tms_10x,42,0.05,H3b_true_rescued_vs_closest_competitor,true_rescued_rare,closest_competitor,scANVI_rare_probability,0,11,,5.674022e-07,,,,,
mouse_lung_tms_10x,42,0.10,H1_baseline_correct_vs_true_rescued,baseline_correct_rare,true_rescued_rare,rare_membership_score,14,15,0.14374618917122034,0.12202566136942397,0.02172052780179637,0.7428571428571429,1.0,0.02172052780179637,0.7428571428571429
mouse_lung_tms_10x,42,0.10,H1_baseline_correct_vs_true_rescued,baseline_correct_rare,true_rescued_rare,rare_rank,14,15,1.0,1.0,0.0,0.0,-1.0,-0.0,-0.0
mouse_lung_tms_10x,42,0.10,H1_baseline_correct_vs_true_rescued,baseline_correct_rare,true_rescued_rare,rare_standardized_distance,14,15,1.1167339275090868,1.2693714198224284,-0.15263749231334156,-0.4571428571428572,-1.0,0.15263749231334156,0.4571428571428572
mouse_lung_tms_10x,42,0.10,H1_baseline_correct_vs_true_rescued,baseline_correct_rare,true_rescued_rare,standardized_prototype_margin,14,15,0.2695687488160572,-0.00045620314188710154,0.2700249519579443,0.9428571428571428,1.0,0.2700249519579443,0.9428571428571428
mouse_lung_tms_10x,42,0.10,H1_baseline_correct_vs_true_rescued,baseline_correct_rare,true_rescued_rare,rare_prototype_distance,14,15,2.775645740337602,3.15502671455081,-0.37938097421320816,-0.4571428571428572,-1.0,0.37938097421320816,0.4571428571428572
mouse_lung_tms_10x,42,0.10,H1_baseline_correct_vs_true_rescued,baseline_correct_rare,true_rescued_rare,nearest_nonrare_distance,14,15,3.434704862848496,3.3874668951409728,0.04723796770752342,0.10476190476190483,1.0,0.04723796770752342,0.10476190476190483
mouse_lung_tms_10x,42,0.10,H1_baseline_correct_vs_true_rescued,baseline_correct_rare,true_rescued_rare,prototype_margin,14,15,0.6758847155129717,0.27455064056316303,0.40133407494980866,0.638095238095238,1.0,0.40133407494980866,0.638095238095238
mouse_lung_tms_10x,42,0.10,H1_baseline_correct_vs_true_rescued,baseline_correct_rare,true_rescued_rare,scANVI_rare_probability,14,15,0.981556125,0.005219978,0.976336147,1.0,,,
mouse_lung_tms_10x,42,0.10,H2_true_rescued_vs_unrescued,true_rescued_rare,unrescued_rare,rare_membership_score,15,22,0.12202566136942397,0.10048484388236607,0.021540817487057898,0.7575757575757576,1.0,0.021540817487057898,0.7575757575757576
mouse_lung_tms_10x,42,0.10,H2_true_rescued_vs_unrescued,true_rescued_rare,unrescued_rare,rare_rank,15,22,1.0,2.0,-1.0,-0.9545454545454546,-1.0,1.0,0.9545454545454546
mouse_lung_tms_10x,42,0.10,H2_true_rescued_vs_unrescued,true_rescued_rare,unrescued_rare,rare_standardized_distance,15,22,1.2693714198224284,1.37974713114196,-0.11037571131953161,-0.49090909090909096,-1.0,0.11037571131953161,0.49090909090909096
mouse_lung_tms_10x,42,0.10,H2_true_rescued_vs_unrescued,true_rescued_rare,unrescued_rare,standardized_prototype_margin,15,22,-0.00045620314188710154,-0.3252936423339814,0.3248374391920943,0.9393939393939394,1.0,0.3248374391920943,0.9393939393939394
mouse_lung_tms_10x,42,0.10,H2_true_rescued_vs_unrescued,true_rescued_rare,unrescued_rare,rare_prototype_distance,15,22,3.15502671455081,3.4293658972459626,-0.2743391826951527,-0.49090909090909096,-1.0,0.2743391826951527,0.49090909090909096
mouse_lung_tms_10x,42,0.10,H2_true_rescued_vs_unrescued,true_rescued_rare,unrescued_rare,nearest_nonrare_distance,15,22,3.3874668951409728,2.849589441564466,0.537877453576507,0.5757575757575757,1.0,0.537877453576507,0.5757575757575757
mouse_lung_tms_10x,42,0.10,H2_true_rescued_vs_unrescued,true_rescued_rare,unrescued_rare,prototype_margin,15,22,0.27455064056316303,-0.4757004581820361,0.7502510987451991,0.9878787878787878,1.0,0.7502510987451991,0.9878787878787878
mouse_lung_tms_10x,42,0.10,H2_true_rescued_vs_unrescued,true_rescued_rare,unrescued_rare,scANVI_rare_probability,15,22,0.005219978,7.2515760999999994e-06,0.0052127264239,0.9030303030303031,,,
mouse_lung_tms_10x,42,0.10,H3a_true_rescued_vs_non_target,true_rescued_rare,non_target,rare_membership_score,15,1316,0.12202566136942397,0.020674529742464073,0.1013511316269599,0.9947315096251266,1.0,0.1013511316269599,0.9947315096251266
mouse_lung_tms_10x,42,0.10,H3a_true_rescued_vs_non_target,true_rescued_rare,non_target,rare_rank,15,1316,1.0,18.0,-17.0,-0.9969604863221885,-1.0,17.0,0.9969604863221885
mouse_lung_tms_10x,42,0.10,H3a_true_rescued_vs_non_target,true_rescued_rare,non_target,rare_standardized_distance,15,1316,1.2693714198224284,2.934825940419889,-1.6654545205974607,-0.9891590678824721,-1.0,1.6654545205974607,0.9891590678824721
mouse_lung_tms_10x,42,0.10,H3a_true_rescued_vs_non_target,true_rescued_rare,non_target,standardized_prototype_margin,15,1316,-0.00045620314188710154,-1.9438426097001882,1.943386406558301,0.9978723404255319,1.0,1.943386406558301,0.9978723404255319
mouse_lung_tms_10x,42,0.10,H3a_true_rescued_vs_non_target,true_rescued_rare,non_target,rare_prototype_distance,15,1316,3.15502671455081,7.2945192399847425,-4.1394925254339325,-0.9891590678824721,-1.0,4.1394925254339325,0.9891590678824721
mouse_lung_tms_10x,42,0.10,H3a_true_rescued_vs_non_target,true_rescued_rare,non_target,nearest_nonrare_distance,15,1316,3.3874668951409728,2.4926570509645023,0.8948098441764705,0.7801418439716312,1.0,0.8948098441764705,0.7801418439716312
mouse_lung_tms_10x,42,0.10,H3a_true_rescued_vs_non_target,true_rescued_rare,non_target,prototype_margin,15,1316,0.27455064056316303,-4.706547004936581,4.981097645499744,0.9984802431610942,1.0,4.981097645499744,0.9984802431610942
mouse_lung_tms_10x,42,0.10,H3a_true_rescued_vs_non_target,true_rescued_rare,non_target,scANVI_rare_probability,15,1316,0.005219978,5.3765525e-13,0.005219977999462345,0.9952380952380953,,,
mouse_lung_tms_10x,42,0.10,H3b_true_rescued_vs_closest_competitor,true_rescued_rare,closest_competitor,rare_membership_score,15,11,0.12202566136942397,0.09351326798114479,0.028512393388279184,0.7575757575757576,1.0,0.028512393388279184,0.7575757575757576
mouse_lung_tms_10x,42,0.10,H3b_true_rescued_vs_closest_competitor,true_rescued_rare,closest_competitor,rare_rank,15,11,1.0,2.0,-1.0,-0.9090909090909091,-1.0,1.0,0.9090909090909091
mouse_lung_tms_10x,42,0.10,H3b_true_rescued_vs_closest_competitor,true_rescued_rare,closest_competitor,rare_standardized_distance,15,11,1.2693714198224284,1.4933834390366005,-0.22401201921417213,-0.8787878787878788,-1.0,0.22401201921417213,0.8787878787878788
mouse_lung_tms_10x,42,0.10,H3b_true_rescued_vs_closest_competitor,true_rescued_rare,closest_competitor,standardized_prototype_margin,15,11,-0.00045620314188710154,-0.3969359971991262,0.3964797940572391,0.8060606060606061,1.0,0.3964797940572391,0.8060606060606061
mouse_lung_tms_10x,42,0.10,H3b_true_rescued_vs_closest_competitor,true_rescued_rare,closest_competitor,rare_prototype_distance,15,11,3.15502671455081,3.7118093031331583,-0.5567825885823483,-0.8787878787878788,-1.0,0.5567825885823483,0.8787878787878788
mouse_lung_tms_10x,42,0.10,H3b_true_rescued_vs_closest_competitor,true_rescued_rare,closest_competitor,nearest_nonrare_distance,15,11,3.3874668951409728,2.887840420552442,0.4996264745885308,0.6363636363636365,1.0,0.4996264745885308,0.6363636363636365
mouse_lung_tms_10x,42,0.10,H3b_true_rescued_vs_closest_competitor,true_rescued_rare,closest_competitor,prototype_margin,15,11,0.27455064056316303,-1.1016952458809306,1.3762458864440936,0.9030303030303031,1.0,1.3762458864440936,0.9030303030303031
mouse_lung_tms_10x,42,0.10,H3b_true_rescued_vs_closest_competitor,true_rescued_rare,closest_competitor,scANVI_rare_probability,15,11,0.005219978,8.2422535e-05,0.0051375554650000006,0.7333333333333334,,,
mouse_lung_tms_10x,42,all,H1_baseline_correct_vs_true_rescued,baseline_correct_rare,true_rescued_rare,rare_membership_score,34,0,0.150205957188627,,,,1.0,,
mouse_lung_tms_10x,42,all,H1_baseline_correct_vs_true_rescued,baseline_correct_rare,true_rescued_rare,rare_rank,34,0,1.0,,,,-1.0,,
mouse_lung_tms_10x,42,all,H1_baseline_correct_vs_true_rescued,baseline_correct_rare,true_rescued_rare,rare_standardized_distance,34,0,0.987282660005274,,,,-1.0,,
mouse_lung_tms_10x,42,all,H1_baseline_correct_vs_true_rescued,baseline_correct_rare,true_rescued_rare,standardized_prototype_margin,34,0,0.35977383235057053,,,,1.0,,
mouse_lung_tms_10x,42,all,H1_baseline_correct_vs_true_rescued,baseline_correct_rare,true_rescued_rare,rare_prototype_distance,34,0,2.4583303866008004,,,,-1.0,,
mouse_lung_tms_10x,42,all,H1_baseline_correct_vs_true_rescued,baseline_correct_rare,true_rescued_rare,nearest_nonrare_distance,34,0,3.692736506606587,,,,1.0,,
mouse_lung_tms_10x,42,all,H1_baseline_correct_vs_true_rescued,baseline_correct_rare,true_rescued_rare,prototype_margin,34,0,1.0764489374527626,,,,1.0,,
mouse_lung_tms_10x,42,all,H1_baseline_correct_vs_true_rescued,baseline_correct_rare,true_rescued_rare,scANVI_rare_probability,34,0,0.9992087000000001,,,,,,
mouse_lung_tms_10x,42,all,H2_true_rescued_vs_unrescued,true_rescued_rare,unrescued_rare,rare_membership_score,0,17,,0.10852095228621186,,,1.0,,
mouse_lung_tms_10x,42,all,H2_true_rescued_vs_unrescued,true_rescued_rare,unrescued_rare,rare_rank,0,17,,1.0,,,-1.0,,
mouse_lung_tms_10x,42,all,H2_true_rescued_vs_unrescued,true_rescued_rare,unrescued_rare,rare_standardized_distance,0,17,,1.2621676579858903,,,-1.0,,
mouse_lung_tms_10x,42,all,H2_true_rescued_vs_unrescued,true_rescued_rare,unrescued_rare,standardized_prototype_margin,0,17,,-0.06508414704354237,,,1.0,,
mouse_lung_tms_10x,42,all,H2_true_rescued_vs_unrescued,true_rescued_rare,unrescued_rare,rare_prototype_distance,0,17,,3.142793074675195,,,-1.0,,
mouse_lung_tms_10x,42,all,H2_true_rescued_vs_unrescued,true_rescued_rare,unrescued_rare,nearest_nonrare_distance,0,17,,3.305763509296677,,,1.0,,
mouse_lung_tms_10x,42,all,H2_true_rescued_vs_unrescued,true_rescued_rare,unrescued_rare,prototype_margin,0,17,,0.27438506883225955,,,1.0,,
mouse_lung_tms_10x,42,all,H2_true_rescued_vs_unrescued,true_rescued_rare,unrescued_rare,scANVI_rare_probability,0,17,,0.012361782,,,,,
mouse_lung_tms_10x,42,all,H3a_true_rescued_vs_non_target,true_rescued_rare,non_target,rare_membership_score,0,1316,,0.022977535862065752,,,1.0,,
mouse_lung_tms_10x,42,all,H3a_true_rescued_vs_non_target,true_rescued_rare,non_target,rare_rank,0,1316,,16.0,,,-1.0,,
mouse_lung_tms_10x,42,all,H3a_true_rescued_vs_non_target,true_rescued_rare,non_target,rare_standardized_distance,0,1316,,2.853177718705372,,,-1.0,,
mouse_lung_tms_10x,42,all,H3a_true_rescued_vs_non_target,true_rescued_rare,non_target,standardized_prototype_margin,0,1316,,-1.861310894330322,,,1.0,,
mouse_lung_tms_10x,42,all,H3a_true_rescued_vs_non_target,true_rescued_rare,non_target,rare_prototype_distance,0,1316,,7.104402587429519,,,-1.0,,
mouse_lung_tms_10x,42,all,H3a_true_rescued_vs_non_target,true_rescued_rare,non_target,nearest_nonrare_distance,0,1316,,2.5060219651799605,,,1.0,,
mouse_lung_tms_10x,42,all,H3a_true_rescued_vs_non_target,true_rescued_rare,non_target,prototype_margin,0,1316,,-4.50275782811824,,,1.0,,
mouse_lung_tms_10x,42,all,H3a_true_rescued_vs_non_target,true_rescued_rare,non_target,scANVI_rare_probability,0,1316,,3.38745045e-14,,,,,
mouse_lung_tms_10x,42,all,H3b_true_rescued_vs_closest_competitor,true_rescued_rare,closest_competitor,rare_membership_score,0,11,,0.08995122853836282,,,1.0,,
mouse_lung_tms_10x,42,all,H3b_true_rescued_vs_closest_competitor,true_rescued_rare,closest_competitor,rare_rank,0,11,,2.0,,,-1.0,,
mouse_lung_tms_10x,42,all,H3b_true_rescued_vs_closest_competitor,true_rescued_rare,closest_competitor,rare_standardized_distance,0,11,,1.5858744266275686,,,-1.0,,
mouse_lung_tms_10x,42,all,H3b_true_rescued_vs_closest_competitor,true_rescued_rare,closest_competitor,standardized_prototype_margin,0,11,,-0.3936868954647752,,,1.0,,
mouse_lung_tms_10x,42,all,H3b_true_rescued_vs_closest_competitor,true_rescued_rare,closest_competitor,rare_prototype_distance,0,11,,3.9488218017430263,,,-1.0,,
mouse_lung_tms_10x,42,all,H3b_true_rescued_vs_closest_competitor,true_rescued_rare,closest_competitor,nearest_nonrare_distance,0,11,,2.8139179260068983,,,1.0,,
mouse_lung_tms_10x,42,all,H3b_true_rescued_vs_closest_competitor,true_rescued_rare,closest_competitor,prototype_margin,0,11,,-0.6599140148836531,,,1.0,,
mouse_lung_tms_10x,42,all,H3b_true_rescued_vs_closest_competitor,true_rescued_rare,closest_competitor,scANVI_rare_probability,0,11,,2.8372222e-06,,,,,
mouse_lung_tms_10x,43,0.01,H1_baseline_correct_vs_true_rescued,baseline_correct_rare,true_rescued_rare,rare_membership_score,0,0,,,,,1.0,,
mouse_lung_tms_10x,43,0.01,H1_baseline_correct_vs_true_rescued,baseline_correct_rare,true_rescued_rare,rare_rank,0,0,,,,,-1.0,,
mouse_lung_tms_10x,43,0.01,H1_baseline_correct_vs_true_rescued,baseline_correct_rare,true_rescued_rare,rare_standardized_distance,0,0,,,,,-1.0,,
mouse_lung_tms_10x,43,0.01,H1_baseline_correct_vs_true_rescued,baseline_correct_rare,true_rescued_rare,standardized_prototype_margin,0,0,,,,,1.0,,
mouse_lung_tms_10x,43,0.01,H1_baseline_correct_vs_true_rescued,baseline_correct_rare,true_rescued_rare,rare_prototype_distance,0,0,,,,,-1.0,,
mouse_lung_tms_10x,43,0.01,H1_baseline_correct_vs_true_rescued,baseline_correct_rare,true_rescued_rare,nearest_nonrare_distance,0,0,,,,,1.0,,
mouse_lung_tms_10x,43,0.01,H1_baseline_correct_vs_true_rescued,baseline_correct_rare,true_rescued_rare,prototype_margin,0,0,,,,,1.0,,
mouse_lung_tms_10x,43,0.01,H1_baseline_correct_vs_true_rescued,baseline_correct_rare,true_rescued_rare,scANVI_rare_probability,0,0,,,,,,,
mouse_lung_tms_10x,43,0.01,H2_true_rescued_vs_unrescued,true_rescued_rare,unrescued_rare,rare_membership_score,0,51,,0.1297331305770061,,,1.0,,
mouse_lung_tms_10x,43,0.01,H2_true_rescued_vs_unrescued,true_rescued_rare,unrescued_rare,rare_rank,0,51,,2.0,,,-1.0,,
mouse_lung_tms_10x,43,0.01,H2_true_rescued_vs_unrescued,true_rescued_rare,unrescued_rare,rare_standardized_distance,0,51,,1.2065950612968037,,,-1.0,,
mouse_lung_tms_10x,43,0.01,H2_true_rescued_vs_unrescued,true_rescued_rare,unrescued_rare,standardized_prototype_margin,0,51,,-0.0821929790191478,,,1.0,,
mouse_lung_tms_10x,43,0.01,H2_true_rescued_vs_unrescued,true_rescued_rare,unrescued_rare,rare_prototype_distance,0,51,,3.177360269069407,,,-1.0,,
mouse_lung_tms_10x,43,0.01,H2_true_rescued_vs_unrescued,true_rescued_rare,unrescued_rare,nearest_nonrare_distance,0,51,,3.0458038870780286,,,1.0,,
mouse_lung_tms_10x,43,0.01,H2_true_rescued_vs_unrescued,true_rescued_rare,unrescued_rare,prototype_margin,0,51,,-0.06709731176212674,,,1.0,,
mouse_lung_tms_10x,43,0.01,H2_true_rescued_vs_unrescued,true_rescued_rare,unrescued_rare,scANVI_rare_probability,0,51,,3.5717828e-06,,,,,
mouse_lung_tms_10x,43,0.01,H3a_true_rescued_vs_non_target,true_rescued_rare,non_target,rare_membership_score,0,1316,,0.02621683665682644,,,1.0,,
mouse_lung_tms_10x,43,0.01,H3a_true_rescued_vs_non_target,true_rescued_rare,non_target,rare_rank,0,1316,,15.0,,,-1.0,,
mouse_lung_tms_10x,43,0.01,H3a_true_rescued_vs_non_target,true_rescued_rare,non_target,rare_standardized_distance,0,1316,,2.680719921458649,,,-1.0,,
mouse_lung_tms_10x,43,0.01,H3a_true_rescued_vs_non_target,true_rescued_rare,non_target,standardized_prototype_margin,0,1316,,-1.6845141008252835,,,1.0,,
mouse_lung_tms_10x,43,0.01,H3a_true_rescued_vs_non_target,true_rescued_rare,non_target,rare_prototype_distance,0,1316,,7.059214183912834,,,-1.0,,
mouse_lung_tms_10x,43,0.01,H3a_true_rescued_vs_non_target,true_rescued_rare,non_target,nearest_nonrare_distance,0,1316,,2.468167352303466,,,1.0,,
mouse_lung_tms_10x,43,0.01,H3a_true_rescued_vs_non_target,true_rescued_rare,non_target,prototype_margin,0,1316,,-4.47173995929446,,,1.0,,
mouse_lung_tms_10x,43,0.01,H3a_true_rescued_vs_non_target,true_rescued_rare,non_target,scANVI_rare_probability,0,1316,,4.12758265e-11,,,,,
mouse_lung_tms_10x,43,0.01,H3b_true_rescued_vs_closest_competitor,true_rescued_rare,closest_competitor,rare_membership_score,0,11,,0.10253290901744803,,,1.0,,
mouse_lung_tms_10x,43,0.01,H3b_true_rescued_vs_closest_competitor,true_rescued_rare,closest_competitor,rare_rank,0,11,,2.0,,,-1.0,,
mouse_lung_tms_10x,43,0.01,H3b_true_rescued_vs_closest_competitor,true_rescued_rare,closest_competitor,rare_standardized_distance,0,11,,1.5034763300374814,,,-1.0,,
mouse_lung_tms_10x,43,0.01,H3b_true_rescued_vs_closest_competitor,true_rescued_rare,closest_competitor,standardized_prototype_margin,0,11,,-0.28978205600609397,,,1.0,,
mouse_lung_tms_10x,43,0.01,H3b_true_rescued_vs_closest_competitor,true_rescued_rare,closest_competitor,rare_prototype_distance,0,11,,3.9591459552413064,,,-1.0,,
mouse_lung_tms_10x,43,0.01,H3b_true_rescued_vs_closest_competitor,true_rescued_rare,closest_competitor,nearest_nonrare_distance,0,11,,2.9896041428369013,,,1.0,,
mouse_lung_tms_10x,43,0.01,H3b_true_rescued_vs_closest_competitor,true_rescued_rare,closest_competitor,prototype_margin,0,11,,-1.0240960698092323,,,1.0,,
mouse_lung_tms_10x,43,0.01,H3b_true_rescued_vs_closest_competitor,true_rescued_rare,closest_competitor,scANVI_rare_probability,0,11,,7.81119e-07,,,,,
mouse_lung_tms_10x,43,0.05,H1_baseline_correct_vs_true_rescued,baseline_correct_rare,true_rescued_rare,rare_membership_score,0,0,,,,,1.0,,
mouse_lung_tms_10x,43,0.05,H1_baseline_correct_vs_true_rescued,baseline_correct_rare,true_rescued_rare,rare_rank,0,0,,,,,-1.0,,
mouse_lung_tms_10x,43,0.05,H1_baseline_correct_vs_true_rescued,baseline_correct_rare,true_rescued_rare,rare_standardized_distance,0,0,,,,,-1.0,,
mouse_lung_tms_10x,43,0.05,H1_baseline_correct_vs_true_rescued,baseline_correct_rare,true_rescued_rare,standardized_prototype_margin,0,0,,,,,1.0,,
mouse_lung_tms_10x,43,0.05,H1_baseline_correct_vs_true_rescued,baseline_correct_rare,true_rescued_rare,rare_prototype_distance,0,0,,,,,-1.0,,
mouse_lung_tms_10x,43,0.05,H1_baseline_correct_vs_true_rescued,baseline_correct_rare,true_rescued_rare,nearest_nonrare_distance,0,0,,,,,1.0,,
mouse_lung_tms_10x,43,0.05,H1_baseline_correct_vs_true_rescued,baseline_correct_rare,true_rescued_rare,prototype_margin,0,0,,,,,1.0,,
mouse_lung_tms_10x,43,0.05,H1_baseline_correct_vs_true_rescued,baseline_correct_rare,true_rescued_rare,scANVI_rare_probability,0,0,,,,,,,
mouse_lung_tms_10x,43,0.05,H2_true_rescued_vs_unrescued,true_rescued_rare,unrescued_rare,rare_membership_score,0,51,,0.12194004366162516,,,1.0,,
mouse_lung_tms_10x,43,0.05,H2_true_rescued_vs_unrescued,true_rescued_rare,unrescued_rare,rare_rank,0,51,,2.0,,,-1.0,,
mouse_lung_tms_10x,43,0.05,H2_true_rescued_vs_unrescued,true_rescued_rare,unrescued_rare,rare_standardized_distance,0,51,,1.2586025427667722,,,-1.0,,
mouse_lung_tms_10x,43,0.05,H2_true_rescued_vs_unrescued,true_rescued_rare,unrescued_rare,standardized_prototype_margin,0,51,,-0.13991458892785502,,,1.0,,
mouse_lung_tms_10x,43,0.05,H2_true_rescued_vs_unrescued,true_rescued_rare,unrescued_rare,rare_prototype_distance,0,51,,3.115381264881102,,,-1.0,,
mouse_lung_tms_10x,43,0.05,H2_true_rescued_vs_unrescued,true_rescued_rare,unrescued_rare,nearest_nonrare_distance,0,51,,3.0360676334364993,,,1.0,,
mouse_lung_tms_10x,43,0.05,H2_true_rescued_vs_unrescued,true_rescued_rare,unrescued_rare,prototype_margin,0,51,,-0.014130139377216633,,,1.0,,
mouse_lung_tms_10x,43,0.05,H2_true_rescued_vs_unrescued,true_rescued_rare,unrescued_rare,scANVI_rare_probability,0,51,,7.962832e-07,,,,,
mouse_lung_tms_10x,43,0.05,H3a_true_rescued_vs_non_target,true_rescued_rare,non_target,rare_membership_score,0,1316,,0.02341959502424965,,,1.0,,
mouse_lung_tms_10x,43,0.05,H3a_true_rescued_vs_non_target,true_rescued_rare,non_target,rare_rank,0,1316,,14.0,,,-1.0,,
mouse_lung_tms_10x,43,0.05,H3a_true_rescued_vs_non_target,true_rescued_rare,non_target,rare_standardized_distance,0,1316,,2.814601746388777,,,-1.0,,
mouse_lung_tms_10x,43,0.05,H3a_true_rescued_vs_non_target,true_rescued_rare,non_target,standardized_prototype_margin,0,1316,,-1.8348813541970546,,,1.0,,
mouse_lung_tms_10x,43,0.05,H3a_true_rescued_vs_non_target,true_rescued_rare,non_target,rare_prototype_distance,0,1316,,6.966899597648519,,,-1.0,,
mouse_lung_tms_10x,43,0.05,H3a_true_rescued_vs_non_target,true_rescued_rare,non_target,nearest_nonrare_distance,0,1316,,2.472679721110042,,,1.0,,
mouse_lung_tms_10x,43,0.05,H3a_true_rescued_vs_non_target,true_rescued_rare,non_target,prototype_margin,0,1316,,-4.434386138742962,,,1.0,,
mouse_lung_tms_10x,43,0.05,H3a_true_rescued_vs_non_target,true_rescued_rare,non_target,scANVI_rare_probability,0,1316,,1.081359275e-13,,,,,
mouse_lung_tms_10x,43,0.05,H3b_true_rescued_vs_closest_competitor,true_rescued_rare,closest_competitor,rare_membership_score,0,11,,0.09975681853098384,,,1.0,,
mouse_lung_tms_10x,43,0.05,H3b_true_rescued_vs_closest_competitor,true_rescued_rare,closest_competitor,rare_rank,0,11,,2.0,,,-1.0,,
mouse_lung_tms_10x,43,0.05,H3b_true_rescued_vs_closest_competitor,true_rescued_rare,closest_competitor,rare_standardized_distance,0,11,,1.5425397737618451,,,-1.0,,
mouse_lung_tms_10x,43,0.05,H3b_true_rescued_vs_closest_competitor,true_rescued_rare,closest_competitor,standardized_prototype_margin,0,11,,-0.4418322311186925,,,1.0,,
mouse_lung_tms_10x,43,0.05,H3b_true_rescued_vs_closest_competitor,true_rescued_rare,closest_competitor,rare_prototype_distance,0,11,,3.8182026082256986,,,-1.0,,
mouse_lung_tms_10x,43,0.05,H3b_true_rescued_vs_closest_competitor,true_rescued_rare,closest_competitor,nearest_nonrare_distance,0,11,,2.871351800293155,,,1.0,,
mouse_lung_tms_10x,43,0.05,H3b_true_rescued_vs_closest_competitor,true_rescued_rare,closest_competitor,prototype_margin,0,11,,-0.6968331210793521,,,1.0,,
mouse_lung_tms_10x,43,0.05,H3b_true_rescued_vs_closest_competitor,true_rescued_rare,closest_competitor,scANVI_rare_probability,0,11,,6.588643e-08,,,,,
mouse_lung_tms_10x,43,0.10,H1_baseline_correct_vs_true_rescued,baseline_correct_rare,true_rescued_rare,rare_membership_score,0,0,,,,,1.0,,
mouse_lung_tms_10x,43,0.10,H1_baseline_correct_vs_true_rescued,baseline_correct_rare,true_rescued_rare,rare_rank,0,0,,,,,-1.0,,
mouse_lung_tms_10x,43,0.10,H1_baseline_correct_vs_true_rescued,baseline_correct_rare,true_rescued_rare,rare_standardized_distance,0,0,,,,,-1.0,,
mouse_lung_tms_10x,43,0.10,H1_baseline_correct_vs_true_rescued,baseline_correct_rare,true_rescued_rare,standardized_prototype_margin,0,0,,,,,1.0,,
mouse_lung_tms_10x,43,0.10,H1_baseline_correct_vs_true_rescued,baseline_correct_rare,true_rescued_rare,rare_prototype_distance,0,0,,,,,-1.0,,
mouse_lung_tms_10x,43,0.10,H1_baseline_correct_vs_true_rescued,baseline_correct_rare,true_rescued_rare,nearest_nonrare_distance,0,0,,,,,1.0,,
mouse_lung_tms_10x,43,0.10,H1_baseline_correct_vs_true_rescued,baseline_correct_rare,true_rescued_rare,prototype_margin,0,0,,,,,1.0,,
mouse_lung_tms_10x,43,0.10,H1_baseline_correct_vs_true_rescued,baseline_correct_rare,true_rescued_rare,scANVI_rare_probability,0,0,,,,,,,
mouse_lung_tms_10x,43,0.10,H2_true_rescued_vs_unrescued,true_rescued_rare,unrescued_rare,rare_membership_score,0,51,,0.10585089967387677,,,1.0,,
mouse_lung_tms_10x,43,0.10,H2_true_rescued_vs_unrescued,true_rescued_rare,unrescued_rare,rare_rank,0,51,,1.0,,,-1.0,,
mouse_lung_tms_10x,43,0.10,H2_true_rescued_vs_unrescued,true_rescued_rare,unrescued_rare,rare_standardized_distance,0,51,,1.3509685838581376,,,-1.0,,
mouse_lung_tms_10x,43,0.10,H2_true_rescued_vs_unrescued,true_rescued_rare,unrescued_rare,standardized_prototype_margin,0,51,,-0.2062108328026263,,,1.0,,
mouse_lung_tms_10x,43,0.10,H2_true_rescued_vs_unrescued,true_rescued_rare,unrescued_rare,rare_prototype_distance,0,51,,2.9666907792179327,,,-1.0,,
mouse_lung_tms_10x,43,0.10,H2_true_rescued_vs_unrescued,true_rescued_rare,unrescued_rare,nearest_nonrare_distance,0,51,,3.0479094441599304,,,1.0,,
mouse_lung_tms_10x,43,0.10,H2_true_rescued_vs_unrescued,true_rescued_rare,unrescued_rare,prototype_margin,0,51,,0.1778208579332734,,,1.0,,
mouse_lung_tms_10x,43,0.10,H2_true_rescued_vs_unrescued,true_rescued_rare,unrescued_rare,scANVI_rare_probability,0,51,,0.00038957244,,,,,
mouse_lung_tms_10x,43,0.10,H3a_true_rescued_vs_non_target,true_rescued_rare,non_target,rare_membership_score,0,1316,,0.014949322893242759,,,1.0,,
mouse_lung_tms_10x,43,0.10,H3a_true_rescued_vs_non_target,true_rescued_rare,non_target,rare_rank,0,1316,,17.0,,,-1.0,,
mouse_lung_tms_10x,43,0.10,H3a_true_rescued_vs_non_target,true_rescued_rare,non_target,rare_standardized_distance,0,1316,,3.261345842666024,,,-1.0,,
mouse_lung_tms_10x,43,0.10,H3a_true_rescued_vs_non_target,true_rescued_rare,non_target,standardized_prototype_margin,0,1316,,-2.287241418318956,,,1.0,,
mouse_lung_tms_10x,43,0.10,H3a_true_rescued_vs_non_target,true_rescued_rare,non_target,rare_prototype_distance,0,1316,,7.161828006130768,,,-1.0,,
mouse_lung_tms_10x,43,0.10,H3a_true_rescued_vs_non_target,true_rescued_rare,non_target,nearest_nonrare_distance,0,1316,,2.47641113143141,,,1.0,,
mouse_lung_tms_10x,43,0.10,H3a_true_rescued_vs_non_target,true_rescued_rare,non_target,prototype_margin,0,1316,,-4.597118929689277,,,1.0,,
mouse_lung_tms_10x,43,0.10,H3a_true_rescued_vs_non_target,true_rescued_rare,non_target,scANVI_rare_probability,0,1316,,1.4347663500000002e-13,,,,,
mouse_lung_tms_10x,43,0.10,H3b_true_rescued_vs_closest_competitor,true_rescued_rare,closest_competitor,rare_membership_score,0,11,,0.0741751949637223,,,1.0,,
mouse_lung_tms_10x,43,0.10,H3b_true_rescued_vs_closest_competitor,true_rescued_rare,closest_competitor,rare_rank,0,11,,2.0,,,-1.0,,
mouse_lung_tms_10x,43,0.10,H3b_true_rescued_vs_closest_competitor,true_rescued_rare,closest_competitor,rare_standardized_distance,0,11,,1.826267076380074,,,-1.0,,
mouse_lung_tms_10x,43,0.10,H3b_true_rescued_vs_closest_competitor,true_rescued_rare,closest_competitor,standardized_prototype_margin,0,11,,-0.6087754650799038,,,1.0,,
mouse_lung_tms_10x,43,0.10,H3b_true_rescued_vs_closest_competitor,true_rescued_rare,closest_competitor,rare_prototype_distance,0,11,,4.010433522009263,,,-1.0,,
mouse_lung_tms_10x,43,0.10,H3b_true_rescued_vs_closest_competitor,true_rescued_rare,closest_competitor,nearest_nonrare_distance,0,11,,2.982837169071803,,,1.0,,
mouse_lung_tms_10x,43,0.10,H3b_true_rescued_vs_closest_competitor,true_rescued_rare,closest_competitor,prototype_margin,0,11,,-0.9956761778892358,,,1.0,,
mouse_lung_tms_10x,43,0.10,H3b_true_rescued_vs_closest_competitor,true_rescued_rare,closest_competitor,scANVI_rare_probability,0,11,,3.1458666e-07,,,,,
mouse_lung_tms_10x,43,all,H1_baseline_correct_vs_true_rescued,baseline_correct_rare,true_rescued_rare,rare_membership_score,37,0,0.14421271221749118,,,,1.0,,
mouse_lung_tms_10x,43,all,H1_baseline_correct_vs_true_rescued,baseline_correct_rare,true_rescued_rare,rare_rank,37,0,1.0,,,,-1.0,,
mouse_lung_tms_10x,43,all,H1_baseline_correct_vs_true_rescued,baseline_correct_rare,true_rescued_rare,rare_standardized_distance,37,0,1.0302989121619155,,,,-1.0,,
mouse_lung_tms_10x,43,all,H1_baseline_correct_vs_true_rescued,baseline_correct_rare,true_rescued_rare,standardized_prototype_margin,37,0,0.2538289345450182,,,,1.0,,
mouse_lung_tms_10x,43,all,H1_baseline_correct_vs_true_rescued,baseline_correct_rare,true_rescued_rare,rare_prototype_distance,37,0,2.4831894111825807,,,,-1.0,,
mouse_lung_tms_10x,43,all,H1_baseline_correct_vs_true_rescued,baseline_correct_rare,true_rescued_rare,nearest_nonrare_distance,37,0,3.4321185389440307,,,,1.0,,
mouse_lung_tms_10x,43,all,H1_baseline_correct_vs_true_rescued,baseline_correct_rare,true_rescued_rare,prototype_margin,37,0,0.9857931994718201,,,,1.0,,
mouse_lung_tms_10x,43,all,H1_baseline_correct_vs_true_rescued,baseline_correct_rare,true_rescued_rare,scANVI_rare_probability,37,0,0.99985754,,,,,,
mouse_lung_tms_10x,43,all,H2_true_rescued_vs_unrescued,true_rescued_rare,unrescued_rare,rare_membership_score,0,14,,0.10081516306796438,,,1.0,,
mouse_lung_tms_10x,43,all,H2_true_rescued_vs_unrescued,true_rescued_rare,unrescued_rare,rare_rank,0,14,,2.0,,,-1.0,,
mouse_lung_tms_10x,43,all,H2_true_rescued_vs_unrescued,true_rescued_rare,unrescued_rare,rare_standardized_distance,0,14,,1.4015807433704857,,,-1.0,,
mouse_lung_tms_10x,43,all,H2_true_rescued_vs_unrescued,true_rescued_rare,unrescued_rare,standardized_prototype_margin,0,14,,-0.3265518667735696,,,1.0,,
mouse_lung_tms_10x,43,all,H2_true_rescued_vs_unrescued,true_rescued_rare,unrescued_rare,rare_prototype_distance,0,14,,3.378039537625022,,,-1.0,,
mouse_lung_tms_10x,43,all,H2_true_rescued_vs_unrescued,true_rescued_rare,unrescued_rare,nearest_nonrare_distance,0,14,,2.9660696559358914,,,1.0,,
mouse_lung_tms_10x,43,all,H2_true_rescued_vs_unrescued,true_rescued_rare,unrescued_rare,prototype_margin,0,14,,-0.35372443021509214,,,1.0,,
mouse_lung_tms_10x,43,all,H2_true_rescued_vs_unrescued,true_rescued_rare,unrescued_rare,scANVI_rare_probability,0,14,,0.00219203395,,,,,
mouse_lung_tms_10x,43,all,H3a_true_rescued_vs_non_target,true_rescued_rare,non_target,rare_membership_score,0,1316,,0.02148114416186954,,,1.0,,
mouse_lung_tms_10x,43,all,H3a_true_rescued_vs_non_target,true_rescued_rare,non_target,rare_rank,0,1316,,15.0,,,-1.0,,
mouse_lung_tms_10x,43,all,H3a_true_rescued_vs_non_target,true_rescued_rare,non_target,rare_standardized_distance,0,1316,,2.887745542193018,,,-1.0,,
mouse_lung_tms_10x,43,all,H3a_true_rescued_vs_non_target,true_rescued_rare,non_target,standardized_prototype_margin,0,1316,,-1.9144793751638736,,,1.0,,
mouse_lung_tms_10x,43,all,H3a_true_rescued_vs_non_target,true_rescued_rare,non_target,rare_prototype_distance,0,1316,,6.959940525916503,,,-1.0,,
mouse_lung_tms_10x,43,all,H3a_true_rescued_vs_non_target,true_rescued_rare,non_target,nearest_nonrare_distance,0,1316,,2.4772019141545973,,,1.0,,
mouse_lung_tms_10x,43,all,H3a_true_rescued_vs_non_target,true_rescued_rare,non_target,prototype_margin,0,1316,,-4.391776319453537,,,1.0,,
mouse_lung_tms_10x,43,all,H3a_true_rescued_vs_non_target,true_rescued_rare,non_target,scANVI_rare_probability,0,1316,,3.673405e-13,,,,,
mouse_lung_tms_10x,43,all,H3b_true_rescued_vs_closest_competitor,true_rescued_rare,closest_competitor,rare_membership_score,0,11,,0.0853860525358402,,,1.0,,
mouse_lung_tms_10x,43,all,H3b_true_rescued_vs_closest_competitor,true_rescued_rare,closest_competitor,rare_rank,0,11,,2.0,,,-1.0,,
mouse_lung_tms_10x,43,all,H3b_true_rescued_vs_closest_competitor,true_rescued_rare,closest_competitor,rare_standardized_distance,0,11,,1.6414086475064402,,,-1.0,,
mouse_lung_tms_10x,43,all,H3b_true_rescued_vs_closest_competitor,true_rescued_rare,closest_competitor,standardized_prototype_margin,0,11,,-0.5305406168455837,,,1.0,,
mouse_lung_tms_10x,43,all,H3b_true_rescued_vs_closest_competitor,true_rescued_rare,closest_competitor,rare_prototype_distance,0,11,,3.9560641332318185,,,-1.0,,
mouse_lung_tms_10x,43,all,H3b_true_rescued_vs_closest_competitor,true_rescued_rare,closest_competitor,nearest_nonrare_distance,0,11,,2.8915306222795456,,,1.0,,
mouse_lung_tms_10x,43,all,H3b_true_rescued_vs_closest_competitor,true_rescued_rare,closest_competitor,prototype_margin,0,11,,-1.0375899790625955,,,1.0,,
mouse_lung_tms_10x,43,all,H3b_true_rescued_vs_closest_competitor,true_rescued_rare,closest_competitor,scANVI_rare_probability,0,11,,0.000515724,,,,,
mouse_lung_tms_10x,44,0.01,H1_baseline_correct_vs_true_rescued,baseline_correct_rare,true_rescued_rare,rare_membership_score,0,11,,0.10312450396515885,,,1.0,,
mouse_lung_tms_10x,44,0.01,H1_baseline_correct_vs_true_rescued,baseline_correct_rare,true_rescued_rare,rare_rank,0,11,,1.0,,,-1.0,,
mouse_lung_tms_10x,44,0.01,H1_baseline_correct_vs_true_rescued,baseline_correct_rare,true_rescued_rare,rare_standardized_distance,0,11,,1.3869109540347477,,,-1.0,,
mouse_lung_tms_10x,44,0.01,H1_baseline_correct_vs_true_rescued,baseline_correct_rare,true_rescued_rare,standardized_prototype_margin,0,11,,-0.16188706989824597,,,1.0,,
mouse_lung_tms_10x,44,0.01,H1_baseline_correct_vs_true_rescued,baseline_correct_rare,true_rescued_rare,rare_prototype_distance,0,11,,3.0138583699154347,,,-1.0,,
mouse_lung_tms_10x,44,0.01,H1_baseline_correct_vs_true_rescued,baseline_correct_rare,true_rescued_rare,nearest_nonrare_distance,0,11,,3.54754473762062,,,1.0,,
mouse_lung_tms_10x,44,0.01,H1_baseline_correct_vs_true_rescued,baseline_correct_rare,true_rescued_rare,prototype_margin,0,11,,0.5129075029408412,,,1.0,,
mouse_lung_tms_10x,44,0.01,H1_baseline_correct_vs_true_rescued,baseline_correct_rare,true_rescued_rare,scANVI_rare_probability,0,11,,0.0001522807,,,,,
mouse_lung_tms_10x,44,0.01,H2_true_rescued_vs_unrescued,true_rescued_rare,unrescued_rare,rare_membership_score,11,40,0.10312450396515885,0.07124506960248253,0.03187943436267632,0.9181818181818182,1.0,0.03187943436267632,0.9181818181818182
mouse_lung_tms_10x,44,0.01,H2_true_rescued_vs_unrescued,true_rescued_rare,unrescued_rare,rare_rank,11,40,1.0,2.0,-1.0,-0.975,-1.0,1.0,0.975
mouse_lung_tms_10x,44,0.01,H2_true_rescued_vs_unrescued,true_rescued_rare,unrescued_rare,rare_standardized_distance,11,40,1.3869109540347477,1.7991262030220079,-0.41221524898726014,-0.8454545454545455,-1.0,0.41221524898726014,0.8454545454545455
mouse_lung_tms_10x,44,0.01,H2_true_rescued_vs_unrescued,true_rescued_rare,unrescued_rare,standardized_prototype_margin,11,40,-0.16188706989824597,-0.6662742038552725,0.5043871339570265,0.990909090909091,1.0,0.5043871339570265,0.990909090909091
mouse_lung_tms_10x,44,0.01,H2_true_rescued_vs_unrescued,true_rescued_rare,unrescued_rare,rare_prototype_distance,11,40,3.0138583699154347,3.909632085418083,-0.8957737155026484,-0.8454545454545455,-1.0,0.8957737155026484,0.8454545454545455
mouse_lung_tms_10x,44,0.01,H2_true_rescued_vs_unrescued,true_rescued_rare,unrescued_rare,nearest_nonrare_distance,11,40,3.54754473762062,3.0306497080135353,0.5168950296070847,0.49090909090909096,1.0,0.5168950296070847,0.49090909090909096
mouse_lung_tms_10x,44,0.01,H2_true_rescued_vs_unrescued,true_rescued_rare,unrescued_rare,prototype_margin,11,40,0.5129075029408412,-0.7667623456164745,1.2796698485573157,1.0,1.0,1.2796698485573157,1.0
mouse_lung_tms_10x,44,0.01,H2_true_rescued_vs_unrescued,true_rescued_rare,unrescued_rare,scANVI_rare_probability,11,40,0.0001522807,1.27614015e-07,0.000152153085985,0.7863636363636364,,,
mouse_lung_tms_10x,44,0.01,H3a_true_rescued_vs_non_target,true_rescued_rare,non_target,rare_membership_score,11,1316,0.10312450396515885,0.015453235503409858,0.087671268461749,0.9982039237358387,1.0,0.087671268461749,0.9982039237358387
mouse_lung_tms_10x,44,0.01,H3a_true_rescued_vs_non_target,true_rescued_rare,non_target,rare_rank,11,1316,1.0,15.0,-14.0,-0.9992401215805471,-1.0,14.0,0.9992401215805471
mouse_lung_tms_10x,44,0.01,H3a_true_rescued_vs_non_target,true_rescued_rare,non_target,rare_standardized_distance,11,1316,1.3869109540347477,3.196766430534814,-1.809855476500066,-0.9950262503453993,-1.0,1.809855476500066,0.9950262503453993
mouse_lung_tms_10x,44,0.01,H3a_true_rescued_vs_non_target,true_rescued_rare,non_target,standardized_prototype_margin,11,1316,-0.16188706989824597,-2.231541016512889,2.069653946614643,0.9997236805747445,1.0,2.069653946614643,0.9997236805747445
mouse_lung_tms_10x,44,0.01,H3a_true_rescued_vs_non_target,true_rescued_rare,non_target,rare_prototype_distance,11,1316,3.0138583699154347,6.946805946916367,-3.9329475770009323,-0.9950262503453993,-1.0,3.9329475770009323,0.9950262503453993
mouse_lung_tms_10x,44,0.01,H3a_true_rescued_vs_non_target,true_rescued_rare,non_target,nearest_nonrare_distance,11,1316,3.54754473762062,2.5208338459819837,1.0267108916386363,0.7783918209450125,1.0,1.0267108916386363,0.7783918209450125
mouse_lung_tms_10x,44,0.01,H3a_true_rescued_vs_non_target,true_rescued_rare,non_target,prototype_margin,11,1316,0.5129075029408412,-4.4196687663732055,4.932576269314047,0.9995855208621167,1.0,4.932576269314047,0.9995855208621167
mouse_lung_tms_10x,44,0.01,H3a_true_rescued_vs_non_target,true_rescued_rare,non_target,scANVI_rare_probability,11,1316,0.0001522807,8.3218805e-12,0.00015228069167811948,0.9922630560928434,,,
mouse_lung_tms_10x,44,0.01,H3b_true_rescued_vs_closest_competitor,true_rescued_rare,closest_competitor,rare_membership_score,11,11,0.10312450396515885,0.059994667072254454,0.043129836892904394,0.9173553719008265,1.0,0.043129836892904394,0.9173553719008265
mouse_lung_tms_10x,44,0.01,H3b_true_rescued_vs_closest_competitor,true_rescued_rare,closest_competitor,rare_rank,11,11,1.0,2.0,-1.0,-1.0,-1.0,1.0,1.0
mouse_lung_tms_10x,44,0.01,H3b_true_rescued_vs_closest_competitor,true_rescued_rare,closest_competitor,rare_standardized_distance,11,11,1.3869109540347477,2.048896548122164,-0.6619855940874164,-0.8347107438016529,-1.0,0.6619855940874164,0.8347107438016529
mouse_lung_tms_10x,44,0.01,H3b_true_rescued_vs_closest_competitor,true_rescued_rare,closest_competitor,standardized_prototype_margin,11,11,-0.16188706989824597,-0.7657032111584793,0.6038161412602333,0.9834710743801653,1.0,0.6038161412602333,0.9834710743801653
mouse_lung_tms_10x,44,0.01,H3b_true_rescued_vs_closest_competitor,true_rescued_rare,closest_competitor,rare_prototype_distance,11,11,3.0138583699154347,4.45240121053519,-1.4385428406197556,-0.8347107438016529,-1.0,1.4385428406197556,0.8347107438016529
mouse_lung_tms_10x,44,0.01,H3b_true_rescued_vs_closest_competitor,true_rescued_rare,closest_competitor,nearest_nonrare_distance,11,11,3.54754473762062,2.9797470892576805,0.5677976483629394,0.5537190082644627,1.0,0.5677976483629394,0.5537190082644627
mouse_lung_tms_10x,44,0.01,H3b_true_rescued_vs_closest_competitor,true_rescued_rare,closest_competitor,prototype_margin,11,11,0.5129075029408412,-1.2549577383519455,1.7678652412927867,1.0,1.0,1.7678652412927867,1.0
mouse_lung_tms_10x,44,0.01,H3b_true_rescued_vs_closest_competitor,true_rescued_rare,closest_competitor,scANVI_rare_probability,11,11,0.0001522807,4.2108204e-06,0.00014806987959999998,0.5867768595041323,,,
mouse_lung_tms_10x,44,0.05,H1_baseline_correct_vs_true_rescued,baseline_correct_rare,true_rescued_rare,rare_membership_score,1,16,0.11947871034005397,0.1097396706306652,0.009739039709388775,0.5,1.0,0.009739039709388775,0.5
mouse_lung_tms_10x,44,0.05,H1_baseline_correct_vs_true_rescued,baseline_correct_rare,true_rescued_rare,rare_rank,1,16,1.0,1.0,0.0,0.0,-1.0,-0.0,-0.0
mouse_lung_tms_10x,44,0.05,H1_baseline_correct_vs_true_rescued,baseline_correct_rare,true_rescued_rare,rare_standardized_distance,1,16,1.220088202841849,1.3030830998953498,-0.08299489705350083,-0.5,-1.0,0.08299489705350083,0.5
mouse_lung_tms_10x,44,0.05,H1_baseline_correct_vs_true_rescued,baseline_correct_rare,true_rescued_rare,standardized_prototype_margin,1,16,0.15360441505611888,-0.1444755980572459,0.2980800131133648,1.0,1.0,0.2980800131133648,1.0
mouse_lung_tms_10x,44,0.05,H1_baseline_correct_vs_true_rescued,baseline_correct_rare,true_rescued_rare,rare_prototype_distance,1,16,2.577642176321076,2.7529828988739515,-0.17534072255287558,-0.5,-1.0,0.17534072255287558,0.5
mouse_lung_tms_10x,44,0.05,H1_baseline_correct_vs_true_rescued,baseline_correct_rare,true_rescued_rare,nearest_nonrare_distance,1,16,3.839326817434891,3.287674078693846,0.551652738741045,0.75,1.0,0.551652738741045,0.75
mouse_lung_tms_10x,44,0.05,H1_baseline_correct_vs_true_rescued,baseline_correct_rare,true_rescued_rare,prototype_margin,1,16,1.2616846411138152,0.564964330869494,0.6967203102443211,1.0,1.0,0.6967203102443211,1.0
mouse_lung_tms_10x,44,0.05,H1_baseline_correct_vs_true_rescued,baseline_correct_rare,true_rescued_rare,scANVI_rare_probability,1,16,0.93937516,0.006859503,0.9325156569999999,1.0,,,
mouse_lung_tms_10x,44,0.05,H2_true_rescued_vs_unrescued,true_rescued_rare,unrescued_rare,rare_membership_score,16,34,0.1097396706306652,0.07606227927643822,0.03367739135422698,0.8970588235294117,1.0,0.03367739135422698,0.8970588235294117
mouse_lung_tms_10x,44,0.05,H2_true_rescued_vs_unrescued,true_rescued_rare,unrescued_rare,rare_rank,16,34,1.0,2.0,-1.0,-0.8529411764705882,-1.0,1.0,0.8529411764705882
mouse_lung_tms_10x,44,0.05,H2_true_rescued_vs_unrescued,true_rescued_rare,unrescued_rare,rare_standardized_distance,16,34,1.3030830998953498,1.7237128210864445,-0.42062972119109476,-0.8602941176470589,-1.0,0.42062972119109476,0.8602941176470589
mouse_lung_tms_10x,44,0.05,H2_true_rescued_vs_unrescued,true_rescued_rare,unrescued_rare,standardized_prototype_margin,16,34,-0.1444755980572459,-0.5876956078342241,0.44322000977697823,0.9522058823529411,1.0,0.44322000977697823,0.9522058823529411
mouse_lung_tms_10x,44,0.05,H2_true_rescued_vs_unrescued,true_rescued_rare,unrescued_rare,rare_prototype_distance,16,34,2.7529828988739515,3.641634151652995,-0.8886512527790433,-0.8602941176470589,-1.0,0.8886512527790433,0.8602941176470589
mouse_lung_tms_10x,44,0.05,H2_true_rescued_vs_unrescued,true_rescued_rare,unrescued_rare,nearest_nonrare_distance,16,34,3.287674078693846,3.0941534238941015,0.19352065479974456,0.21691176470588225,1.0,0.19352065479974456,0.21691176470588225
mouse_lung_tms_10x,44,0.05,H2_true_rescued_vs_unrescued,true_rescued_rare,unrescued_rare,prototype_margin,16,34,0.564964330869494,-0.3627185828604349,0.927682913729929,0.974264705882353,1.0,0.927682913729929,0.974264705882353
mouse_lung_tms_10x,44,0.05,H2_true_rescued_vs_unrescued,true_rescued_rare,unrescued_rare,scANVI_rare_probability,16,34,0.006859503,1.3928986e-05,0.006845574014,0.713235294117647,,,
mouse_lung_tms_10x,44,0.05,H3a_true_rescued_vs_non_target,true_rescued_rare,non_target,rare_membership_score,16,1316,0.1097396706306652,0.014709998805663989,0.09502967182500122,0.9983852583586625,1.0,0.09502967182500122,0.9983852583586625
mouse_lung_tms_10x,44,0.05,H3a_true_rescued_vs_non_target,true_rescued_rare,non_target,rare_rank,16,1316,1.0,14.0,-13.0,-0.9992401215805471,-1.0,13.0,0.9992401215805471
mouse_lung_tms_10x,44,0.05,H3a_true_rescued_vs_non_target,true_rescued_rare,non_target,rare_standardized_distance,16,1316,1.3030830998953498,3.2114936767144124,-1.9084105768190627,-0.9949658054711246,-1.0,1.9084105768190627,0.9949658054711246
mouse_lung_tms_10x,44,0.05,H3a_true_rescued_vs_non_target,true_rescued_rare,non_target,standardized_prototype_margin,16,1316,-0.1444755980572459,-2.234446201602838,2.0899706035455923,1.0,1.0,2.0899706035455923,1.0
mouse_lung_tms_10x,44,0.05,H3a_true_rescued_vs_non_target,true_rescued_rare,non_target,rare_prototype_distance,16,1316,2.7529828988739515,6.784822220890319,-4.031839322016367,-0.9949658054711246,-1.0,4.031839322016367,0.9949658054711246
mouse_lung_tms_10x,44,0.05,H3a_true_rescued_vs_non_target,true_rescued_rare,non_target,nearest_nonrare_distance,16,1316,3.287674078693846,2.5445052416833844,0.7431688370104617,0.7054521276595744,1.0,0.7431688370104617,0.7054521276595744
mouse_lung_tms_10x,44,0.05,H3a_true_rescued_vs_non_target,true_rescued_rare,non_target,prototype_margin,16,1316,0.564964330869494,-4.23625746742094,4.801221798290435,1.0,1.0,4.801221798290435,1.0
mouse_lung_tms_10x,44,0.05,H3a_true_rescued_vs_non_target,true_rescued_rare,non_target,scANVI_rare_probability,16,1316,0.006859503,1.35729477e-11,0.006859502986427053,0.9972454407294833,,,
mouse_lung_tms_10x,44,0.05,H3b_true_rescued_vs_closest_competitor,true_rescued_rare,closest_competitor,rare_membership_score,16,11,0.1097396706306652,0.05744888616928891,0.05229078446137629,0.9545454545454546,1.0,0.05229078446137629,0.9545454545454546
mouse_lung_tms_10x,44,0.05,H3b_true_rescued_vs_closest_competitor,true_rescued_rare,closest_competitor,rare_rank,16,11,1.0,2.0,-1.0,-1.0,-1.0,1.0,1.0
mouse_lung_tms_10x,44,0.05,H3b_true_rescued_vs_closest_competitor,true_rescued_rare,closest_competitor,rare_standardized_distance,16,11,1.3030830998953498,1.9875392987875533,-0.6844561988922035,-0.9318181818181819,-1.0,0.6844561988922035,0.9318181818181819
mouse_lung_tms_10x,44,0.05,H3b_true_rescued_vs_closest_competitor,true_rescued_rare,closest_competitor,standardized_prototype_margin,16,11,-0.1444755980572459,-0.7545556487848766,0.6100800507276307,1.0,1.0,0.6100800507276307,1.0
mouse_lung_tms_10x,44,0.05,H3b_true_rescued_vs_closest_competitor,true_rescued_rare,closest_competitor,rare_prototype_distance,16,11,2.7529828988739515,4.199012097418413,-1.446029198544461,-0.9318181818181819,-1.0,1.446029198544461,0.9318181818181819
mouse_lung_tms_10x,44,0.05,H3b_true_rescued_vs_closest_competitor,true_rescued_rare,closest_competitor,nearest_nonrare_distance,16,11,3.287674078693846,3.0603243210587965,0.2273497576350496,0.3295454545454546,1.0,0.2273497576350496,0.3295454545454546
mouse_lung_tms_10x,44,0.05,H3b_true_rescued_vs_closest_competitor,true_rescued_rare,closest_competitor,prototype_margin,16,11,0.564964330869494,-0.8589160164540361,1.4238803473235302,1.0,1.0,1.4238803473235302,1.0
mouse_lung_tms_10x,44,0.05,H3b_true_rescued_vs_closest_competitor,true_rescued_rare,closest_competitor,scANVI_rare_probability,16,11,0.006859503,1.679824e-05,0.00684270476,0.9090909090909092,,,
mouse_lung_tms_10x,44,0.10,H1_baseline_correct_vs_true_rescued,baseline_correct_rare,true_rescued_rare,rare_membership_score,18,0,0.14026200403502478,,,,1.0,,
mouse_lung_tms_10x,44,0.10,H1_baseline_correct_vs_true_rescued,baseline_correct_rare,true_rescued_rare,rare_rank,18,0,1.0,,,,-1.0,,
mouse_lung_tms_10x,44,0.10,H1_baseline_correct_vs_true_rescued,baseline_correct_rare,true_rescued_rare,rare_standardized_distance,18,0,1.0327034279549354,,,,-1.0,,
mouse_lung_tms_10x,44,0.10,H1_baseline_correct_vs_true_rescued,baseline_correct_rare,true_rescued_rare,standardized_prototype_margin,18,0,0.28236355296315396,,,,1.0,,
mouse_lung_tms_10x,44,0.10,H1_baseline_correct_vs_true_rescued,baseline_correct_rare,true_rescued_rare,rare_prototype_distance,18,0,2.575720689213849,,,,-1.0,,
mouse_lung_tms_10x,44,0.10,H1_baseline_correct_vs_true_rescued,baseline_correct_rare,true_rescued_rare,nearest_nonrare_distance,18,0,3.5934890315305092,,,,1.0,,
mouse_lung_tms_10x,44,0.10,H1_baseline_correct_vs_true_rescued,baseline_correct_rare,true_rescued_rare,prototype_margin,18,0,0.933029918624305,,,,1.0,,
mouse_lung_tms_10x,44,0.10,H1_baseline_correct_vs_true_rescued,baseline_correct_rare,true_rescued_rare,scANVI_rare_probability,18,0,0.9819464,,,,,,
mouse_lung_tms_10x,44,0.10,H2_true_rescued_vs_unrescued,true_rescued_rare,unrescued_rare,rare_membership_score,0,33,,0.1022901044495742,,,1.0,,
mouse_lung_tms_10x,44,0.10,H2_true_rescued_vs_unrescued,true_rescued_rare,unrescued_rare,rare_rank,0,33,,2.0,,,-1.0,,
mouse_lung_tms_10x,44,0.10,H2_true_rescued_vs_unrescued,true_rescued_rare,unrescued_rare,rare_standardized_distance,0,33,,1.391343465520698,,,-1.0,,
mouse_lung_tms_10x,44,0.10,H2_true_rescued_vs_unrescued,true_rescued_rare,unrescued_rare,standardized_prototype_margin,0,33,,-0.25225172300963883,,,1.0,,
mouse_lung_tms_10x,44,0.10,H2_true_rescued_vs_unrescued,true_rescued_rare,unrescued_rare,rare_prototype_distance,0,33,,3.4702239316092807,,,-1.0,,
mouse_lung_tms_10x,44,0.10,H2_true_rescued_vs_unrescued,true_rescued_rare,unrescued_rare,nearest_nonrare_distance,0,33,,3.105280380954158,,,1.0,,
mouse_lung_tms_10x,44,0.10,H2_true_rescued_vs_unrescued,true_rescued_rare,unrescued_rare,prototype_margin,0,33,,-0.17636383581520576,,,1.0,,
mouse_lung_tms_10x,44,0.10,H2_true_rescued_vs_unrescued,true_rescued_rare,unrescued_rare,scANVI_rare_probability,0,33,,0.00061289925,,,,,
mouse_lung_tms_10x,44,0.10,H3a_true_rescued_vs_non_target,true_rescued_rare,non_target,rare_membership_score,0,1316,,0.024360811888499416,,,1.0,,
mouse_lung_tms_10x,44,0.10,H3a_true_rescued_vs_non_target,true_rescued_rare,non_target,rare_rank,0,1316,,14.0,,,-1.0,,
mouse_lung_tms_10x,44,0.10,H3a_true_rescued_vs_non_target,true_rescued_rare,non_target,rare_standardized_distance,0,1316,,2.7018392030062843,,,-1.0,,
mouse_lung_tms_10x,44,0.10,H3a_true_rescued_vs_non_target,true_rescued_rare,non_target,standardized_prototype_margin,0,1316,,-1.72789643146576,,,1.0,,
mouse_lung_tms_10x,44,0.10,H3a_true_rescued_vs_non_target,true_rescued_rare,non_target,rare_prototype_distance,0,1316,,6.738801233470897,,,-1.0,,
mouse_lung_tms_10x,44,0.10,H3a_true_rescued_vs_non_target,true_rescued_rare,non_target,nearest_nonrare_distance,0,1316,,2.5348793688790376,,,1.0,,
mouse_lung_tms_10x,44,0.10,H3a_true_rescued_vs_non_target,true_rescued_rare,non_target,prototype_margin,0,1316,,-4.189277329724105,,,1.0,,
mouse_lung_tms_10x,44,0.10,H3a_true_rescued_vs_non_target,true_rescued_rare,non_target,scANVI_rare_probability,0,1316,,1.8919117e-11,,,,,
mouse_lung_tms_10x,44,0.10,H3b_true_rescued_vs_closest_competitor,true_rescued_rare,closest_competitor,rare_membership_score,0,11,,0.08643753166925429,,,1.0,,
mouse_lung_tms_10x,44,0.10,H3b_true_rescued_vs_closest_competitor,true_rescued_rare,closest_competitor,rare_rank,0,11,,2.0,,,-1.0,,
mouse_lung_tms_10x,44,0.10,H3b_true_rescued_vs_closest_competitor,true_rescued_rare,closest_competitor,rare_standardized_distance,0,11,,1.4974595185398496,,,-1.0,,
mouse_lung_tms_10x,44,0.10,H3b_true_rescued_vs_closest_competitor,true_rescued_rare,closest_competitor,standardized_prototype_margin,0,11,,-0.2881425805669333,,,1.0,,
mouse_lung_tms_10x,44,0.10,H3b_true_rescued_vs_closest_competitor,true_rescued_rare,closest_competitor,rare_prototype_distance,0,11,,3.7348936381487556,,,-1.0,,
mouse_lung_tms_10x,44,0.10,H3b_true_rescued_vs_closest_competitor,true_rescued_rare,closest_competitor,nearest_nonrare_distance,0,11,,2.8898325257452027,,,1.0,,
mouse_lung_tms_10x,44,0.10,H3b_true_rescued_vs_closest_competitor,true_rescued_rare,closest_competitor,prototype_margin,0,11,,-0.6494724313085278,,,1.0,,
mouse_lung_tms_10x,44,0.10,H3b_true_rescued_vs_closest_competitor,true_rescued_rare,closest_competitor,scANVI_rare_probability,0,11,,0.00018966728,,,,,
mouse_lung_tms_10x,44,all,H1_baseline_correct_vs_true_rescued,baseline_correct_rare,true_rescued_rare,rare_membership_score,42,1,0.1483332522019879,0.11719555121609368,0.031137700985894218,0.8095238095238095,1.0,0.031137700985894218,0.8095238095238095
mouse_lung_tms_10x,44,all,H1_baseline_correct_vs_true_rescued,baseline_correct_rare,true_rescued_rare,rare_rank,42,1,1.0,1.0,0.0,0.023809523809523725,-1.0,-0.0,-0.023809523809523725
mouse_lung_tms_10x,44,all,H1_baseline_correct_vs_true_rescued,baseline_correct_rare,true_rescued_rare,rare_standardized_distance,42,1,1.0593965284405997,1.2474008189685404,-0.18800429052794065,-0.7619047619047619,-1.0,0.18800429052794065,0.7619047619047619
mouse_lung_tms_10x,44,all,H1_baseline_correct_vs_true_rescued,baseline_correct_rare,true_rescued_rare,standardized_prototype_margin,42,1,0.3164214538514651,-0.05837697564930533,0.3747984295007704,0.7619047619047619,1.0,0.3747984295007704,0.7619047619047619
mouse_lung_tms_10x,44,all,H1_baseline_correct_vs_true_rescued,baseline_correct_rare,true_rescued_rare,rare_prototype_distance,42,1,2.6971148682731805,3.175754502885208,-0.47863963461202763,-0.7619047619047619,-1.0,0.47863963461202763,0.7619047619047619
mouse_lung_tms_10x,44,all,H1_baseline_correct_vs_true_rescued,baseline_correct_rare,true_rescued_rare,nearest_nonrare_distance,42,1,3.7411313984454817,3.5170015117791142,0.22412988666636746,0.33333333333333326,1.0,0.22412988666636746,0.33333333333333326
mouse_lung_tms_10x,44,all,H1_baseline_correct_vs_true_rescued,baseline_correct_rare,true_rescued_rare,prototype_margin,42,1,1.0667456240950781,0.34124700889390613,0.725498615201172,0.7142857142857142,1.0,0.725498615201172,0.7142857142857142
mouse_lung_tms_10x,44,all,H1_baseline_correct_vs_true_rescued,baseline_correct_rare,true_rescued_rare,scANVI_rare_probability,42,1,0.999984025,0.4537241,0.546259925,1.0,,,
mouse_lung_tms_10x,44,all,H2_true_rescued_vs_unrescued,true_rescued_rare,unrescued_rare,rare_membership_score,1,8,0.11719555121609368,0.08719674378984357,0.029998807426250107,1.0,1.0,0.029998807426250107,1.0
mouse_lung_tms_10x,44,all,H2_true_rescued_vs_unrescued,true_rescued_rare,unrescued_rare,rare_rank,1,8,1.0,2.0,-1.0,-1.0,-1.0,1.0,1.0
mouse_lung_tms_10x,44,all,H2_true_rescued_vs_unrescued,true_rescued_rare,unrescued_rare,rare_standardized_distance,1,8,1.2474008189685404,1.4513128198261436,-0.2039120008576032,-1.0,-1.0,0.2039120008576032,1.0
mouse_lung_tms_10x,44,all,H2_true_rescued_vs_unrescued,true_rescued_rare,unrescued_rare,standardized_prototype_margin,1,8,-0.05837697564930533,-0.4011659494878712,0.3427889738385659,1.0,1.0,0.3427889738385659,1.0
mouse_lung_tms_10x,44,all,H2_true_rescued_vs_unrescued,true_rescued_rare,unrescued_rare,rare_prototype_distance,1,8,3.175754502885208,3.6948935358797006,-0.5191390329944925,-1.0,-1.0,0.5191390329944925,1.0
mouse_lung_tms_10x,44,all,H2_true_rescued_vs_unrescued,true_rescued_rare,unrescued_rare,nearest_nonrare_distance,1,8,3.5170015117791142,3.223254490683916,0.29374702109519824,0.5,1.0,0.29374702109519824,0.5
mouse_lung_tms_10x,44,all,H2_true_rescued_vs_unrescued,true_rescued_rare,unrescued_rare,prototype_margin,1,8,0.34124700889390613,-0.5886748075323038,0.92992181642621,1.0,1.0,0.92992181642621,1.0
mouse_lung_tms_10x,44,all,H2_true_rescued_vs_unrescued,true_rescued_rare,unrescued_rare,scANVI_rare_probability,1,8,0.4537241,0.007495733300000001,0.44622836670000005,1.0,,,
mouse_lung_tms_10x,44,all,H3a_true_rescued_vs_non_target,true_rescued_rare,non_target,rare_membership_score,1,1316,0.11719555121609368,0.024126982256762297,0.09306856895933138,0.9908814589665653,1.0,0.09306856895933138,0.9908814589665653
mouse_lung_tms_10x,44,all,H3a_true_rescued_vs_non_target,true_rescued_rare,non_target,rare_rank,1,1316,1.0,16.0,-15.0,-0.9924012158054711,-1.0,15.0,0.9924012158054711
mouse_lung_tms_10x,44,all,H3a_true_rescued_vs_non_target,true_rescued_rare,non_target,rare_standardized_distance,1,1316,1.2474008189685404,2.714204044129493,-1.4668032251609526,-0.9848024316109423,-1.0,1.4668032251609526,0.9848024316109423
mouse_lung_tms_10x,44,all,H3a_true_rescued_vs_non_target,true_rescued_rare,non_target,standardized_prototype_margin,1,1316,-0.05837697564930533,-1.72407922662455,1.6657022509752446,0.9924012158054711,1.0,1.6657022509752446,0.9924012158054711
mouse_lung_tms_10x,44,all,H3a_true_rescued_vs_non_target,true_rescued_rare,non_target,rare_prototype_distance,1,1316,3.175754502885208,6.910085021445596,-3.734330518560388,-0.9848024316109423,-1.0,3.734330518560388,0.9848024316109423
mouse_lung_tms_10x,44,all,H3a_true_rescued_vs_non_target,true_rescued_rare,non_target,nearest_nonrare_distance,1,1316,3.5170015117791142,2.593019221863475,0.9239822899156391,0.7933130699088147,1.0,0.9239822899156391,0.7933130699088147
mouse_lung_tms_10x,44,all,H3a_true_rescued_vs_non_target,true_rescued_rare,non_target,prototype_margin,1,1316,0.34124700889390613,-4.293037091609308,4.634284100503214,0.9954407294832828,1.0,4.634284100503214,0.9954407294832828
mouse_lung_tms_10x,44,all,H3a_true_rescued_vs_non_target,true_rescued_rare,non_target,scANVI_rare_probability,1,1316,0.4537241,6.32710465e-13,0.4537240999993673,0.9832826747720365,,,
mouse_lung_tms_10x,44,all,H3b_true_rescued_vs_closest_competitor,true_rescued_rare,closest_competitor,rare_membership_score,1,11,0.11719555121609368,0.08924137921481068,0.027954172001283,0.8181818181818181,1.0,0.027954172001283,0.8181818181818181
mouse_lung_tms_10x,44,all,H3b_true_rescued_vs_closest_competitor,true_rescued_rare,closest_competitor,rare_rank,1,11,1.0,2.0,-1.0,-0.9090909090909091,-1.0,1.0,0.9090909090909091
mouse_lung_tms_10x,44,all,H3b_true_rescued_vs_closest_competitor,true_rescued_rare,closest_competitor,rare_standardized_distance,1,11,1.2474008189685404,1.6151861661477829,-0.3677853471792425,-0.6363636363636364,-1.0,0.3677853471792425,0.6363636363636364
mouse_lung_tms_10x,44,all,H3b_true_rescued_vs_closest_competitor,true_rescued_rare,closest_competitor,standardized_prototype_margin,1,11,-0.05837697564930533,-0.24793470387247218,0.18955772822316685,0.6363636363636365,1.0,0.18955772822316685,0.6363636363636365
mouse_lung_tms_10x,44,all,H3b_true_rescued_vs_closest_competitor,true_rescued_rare,closest_competitor,rare_prototype_distance,1,11,3.175754502885208,4.112098262355785,-0.9363437594705766,-0.6363636363636364,-1.0,0.9363437594705766,0.6363636363636364
mouse_lung_tms_10x,44,all,H3b_true_rescued_vs_closest_competitor,true_rescued_rare,closest_competitor,nearest_nonrare_distance,1,11,3.5170015117791142,3.0304036013231888,0.4865979104559255,0.2727272727272727,1.0,0.4865979104559255,0.2727272727272727
mouse_lung_tms_10x,44,all,H3b_true_rescued_vs_closest_competitor,true_rescued_rare,closest_competitor,prototype_margin,1,11,0.34124700889390613,-0.6332721484832811,0.9745191573771872,1.0,1.0,0.9745191573771872,1.0
mouse_lung_tms_10x,44,all,H3b_true_rescued_vs_closest_competitor,true_rescued_rare,closest_competitor,scANVI_rare_probability,1,11,0.4537241,0.06687759,0.38684651000000003,0.6363636363636365,,,
mouse_pancreas_tms_10x,42,0.01,H1_baseline_correct_vs_true_rescued,baseline_correct_rare,true_rescued_rare,rare_membership_score,4,0,0.2325300926632721,,,,1.0,,
mouse_pancreas_tms_10x,42,0.01,H1_baseline_correct_vs_true_rescued,baseline_correct_rare,true_rescued_rare,rare_rank,4,0,1.0,,,,-1.0,,
mouse_pancreas_tms_10x,42,0.01,H1_baseline_correct_vs_true_rescued,baseline_correct_rare,true_rescued_rare,rare_standardized_distance,4,0,0.9596284520507593,,,,-1.0,,
mouse_pancreas_tms_10x,42,0.01,H1_baseline_correct_vs_true_rescued,baseline_correct_rare,true_rescued_rare,standardized_prototype_margin,4,0,0.14154802446207854,,,,1.0,,
mouse_pancreas_tms_10x,42,0.01,H1_baseline_correct_vs_true_rescued,baseline_correct_rare,true_rescued_rare,rare_prototype_distance,4,0,3.217851386256591,,,,-1.0,,
mouse_pancreas_tms_10x,42,0.01,H1_baseline_correct_vs_true_rescued,baseline_correct_rare,true_rescued_rare,nearest_nonrare_distance,4,0,4.870383107672008,,,,1.0,,
mouse_pancreas_tms_10x,42,0.01,H1_baseline_correct_vs_true_rescued,baseline_correct_rare,true_rescued_rare,prototype_margin,4,0,1.5524519613719399,,,,1.0,,
mouse_pancreas_tms_10x,42,0.01,H1_baseline_correct_vs_true_rescued,baseline_correct_rare,true_rescued_rare,scANVI_rare_probability,4,0,0.6081831499999999,,,,,,
mouse_pancreas_tms_10x,42,0.01,H2_true_rescued_vs_unrescued,true_rescued_rare,unrescued_rare,rare_membership_score,0,67,,0.19323973963590763,,,1.0,,
mouse_pancreas_tms_10x,42,0.01,H2_true_rescued_vs_unrescued,true_rescued_rare,unrescued_rare,rare_rank,0,67,,1.0,,,-1.0,,
mouse_pancreas_tms_10x,42,0.01,H2_true_rescued_vs_unrescued,true_rescued_rare,unrescued_rare,rare_standardized_distance,0,67,,1.213285303307573,,,-1.0,,
mouse_pancreas_tms_10x,42,0.01,H2_true_rescued_vs_unrescued,true_rescued_rare,unrescued_rare,standardized_prototype_margin,0,67,,0.08009877334355497,,,1.0,,
mouse_pancreas_tms_10x,42,0.01,H2_true_rescued_vs_unrescued,true_rescued_rare,unrescued_rare,rare_prototype_distance,0,67,,4.068420217043036,,,-1.0,,
mouse_pancreas_tms_10x,42,0.01,H2_true_rescued_vs_unrescued,true_rescued_rare,unrescued_rare,nearest_nonrare_distance,0,67,,4.099139240151363,,,1.0,,
mouse_pancreas_tms_10x,42,0.01,H2_true_rescued_vs_unrescued,true_rescued_rare,unrescued_rare,prototype_margin,0,67,,0.1772142860922865,,,1.0,,
mouse_pancreas_tms_10x,42,0.01,H2_true_rescued_vs_unrescued,true_rescued_rare,unrescued_rare,scANVI_rare_probability,0,67,,0.0036262379,,,,,
mouse_pancreas_tms_10x,42,0.01,H3a_true_rescued_vs_non_target,true_rescued_rare,non_target,rare_membership_score,0,864,,0.09754683913285128,,,1.0,,
mouse_pancreas_tms_10x,42,0.01,H3a_true_rescued_vs_non_target,true_rescued_rare,non_target,rare_rank,0,864,,5.0,,,-1.0,,
mouse_pancreas_tms_10x,42,0.01,H3a_true_rescued_vs_non_target,true_rescued_rare,non_target,rare_standardized_distance,0,864,,1.9679791836457232,,,-1.0,,
mouse_pancreas_tms_10x,42,0.01,H3a_true_rescued_vs_non_target,true_rescued_rare,non_target,standardized_prototype_margin,0,864,,-1.121519606035908,,,1.0,,
mouse_pancreas_tms_10x,42,0.01,H3a_true_rescued_vs_non_target,true_rescued_rare,non_target,rare_prototype_distance,0,864,,6.599079602824803,,,-1.0,,
mouse_pancreas_tms_10x,42,0.01,H3a_true_rescued_vs_non_target,true_rescued_rare,non_target,nearest_nonrare_distance,0,864,,2.98727814734601,,,1.0,,
mouse_pancreas_tms_10x,42,0.01,H3a_true_rescued_vs_non_target,true_rescued_rare,non_target,prototype_margin,0,864,,-3.4567853412627283,,,1.0,,
mouse_pancreas_tms_10x,42,0.01,H3a_true_rescued_vs_non_target,true_rescued_rare,non_target,scANVI_rare_probability,0,864,,4.215435e-08,,,,,
mouse_pancreas_tms_10x,42,0.01,H3b_true_rescued_vs_closest_competitor,true_rescued_rare,closest_competitor,rare_membership_score,0,110,,0.1101806950040655,,,1.0,,
mouse_pancreas_tms_10x,42,0.01,H3b_true_rescued_vs_closest_competitor,true_rescued_rare,closest_competitor,rare_rank,0,110,,4.0,,,-1.0,,
mouse_pancreas_tms_10x,42,0.01,H3b_true_rescued_vs_closest_competitor,true_rescued_rare,closest_competitor,rare_standardized_distance,0,110,,1.7727823373865892,,,-1.0,,
mouse_pancreas_tms_10x,42,0.01,H3b_true_rescued_vs_closest_competitor,true_rescued_rare,closest_competitor,standardized_prototype_margin,0,110,,-1.0291783880568284,,,1.0,,
mouse_pancreas_tms_10x,42,0.01,H3b_true_rescued_vs_closest_competitor,true_rescued_rare,closest_competitor,rare_prototype_distance,0,110,,5.9445403996722,,,-1.0,,
mouse_pancreas_tms_10x,42,0.01,H3b_true_rescued_vs_closest_competitor,true_rescued_rare,closest_competitor,nearest_nonrare_distance,0,110,,3.0821929261975978,,,1.0,,
mouse_pancreas_tms_10x,42,0.01,H3b_true_rescued_vs_closest_competitor,true_rescued_rare,closest_competitor,prototype_margin,0,110,,-2.77897862154448,,,1.0,,
mouse_pancreas_tms_10x,42,0.01,H3b_true_rescued_vs_closest_competitor,true_rescued_rare,closest_competitor,scANVI_rare_probability,0,110,,1.3590724499999999e-05,,,,,
mouse_pancreas_tms_10x,42,0.05,H1_baseline_correct_vs_true_rescued,baseline_correct_rare,true_rescued_rare,rare_membership_score,59,0,0.2182273242054537,,,,1.0,,
mouse_pancreas_tms_10x,42,0.05,H1_baseline_correct_vs_true_rescued,baseline_correct_rare,true_rescued_rare,rare_rank,59,0,1.0,,,,-1.0,,
mouse_pancreas_tms_10x,42,0.05,H1_baseline_correct_vs_true_rescued,baseline_correct_rare,true_rescued_rare,rare_standardized_distance,59,0,0.9582093542413653,,,,-1.0,,
mouse_pancreas_tms_10x,42,0.05,H1_baseline_correct_vs_true_rescued,baseline_correct_rare,true_rescued_rare,standardized_prototype_margin,59,0,0.2729055039574244,,,,1.0,,
mouse_pancreas_tms_10x,42,0.05,H1_baseline_correct_vs_true_rescued,baseline_correct_rare,true_rescued_rare,rare_prototype_distance,59,0,2.434315555632035,,,,-1.0,,
mouse_pancreas_tms_10x,42,0.05,H1_baseline_correct_vs_true_rescued,baseline_correct_rare,true_rescued_rare,nearest_nonrare_distance,59,0,4.285001740573259,,,,1.0,,
mouse_pancreas_tms_10x,42,0.05,H1_baseline_correct_vs_true_rescued,baseline_correct_rare,true_rescued_rare,prototype_margin,59,0,1.6908491697419805,,,,1.0,,
mouse_pancreas_tms_10x,42,0.05,H1_baseline_correct_vs_true_rescued,baseline_correct_rare,true_rescued_rare,scANVI_rare_probability,59,0,0.96441424,,,,,,
mouse_pancreas_tms_10x,42,0.05,H2_true_rescued_vs_unrescued,true_rescued_rare,unrescued_rare,rare_membership_score,0,12,,0.1552496030285086,,,1.0,,
mouse_pancreas_tms_10x,42,0.05,H2_true_rescued_vs_unrescued,true_rescued_rare,unrescued_rare,rare_rank,0,12,,2.0,,,-1.0,,
mouse_pancreas_tms_10x,42,0.05,H2_true_rescued_vs_unrescued,true_rescued_rare,unrescued_rare,rare_standardized_distance,0,12,,1.3128700049211073,,,-1.0,,
mouse_pancreas_tms_10x,42,0.05,H2_true_rescued_vs_unrescued,true_rescued_rare,unrescued_rare,standardized_prototype_margin,0,12,,-0.4272223594931488,,,1.0,,
mouse_pancreas_tms_10x,42,0.05,H2_true_rescued_vs_unrescued,true_rescued_rare,unrescued_rare,rare_prototype_distance,0,12,,3.3353252724530655,,,-1.0,,
mouse_pancreas_tms_10x,42,0.05,H2_true_rescued_vs_unrescued,true_rescued_rare,unrescued_rare,nearest_nonrare_distance,0,12,,3.2905460254850034,,,1.0,,
mouse_pancreas_tms_10x,42,0.05,H2_true_rescued_vs_unrescued,true_rescued_rare,unrescued_rare,prototype_margin,0,12,,-0.07260338075678008,,,1.0,,
mouse_pancreas_tms_10x,42,0.05,H2_true_rescued_vs_unrescued,true_rescued_rare,unrescued_rare,scANVI_rare_probability,0,12,,0.0172122335,,,,,
mouse_pancreas_tms_10x,42,0.05,H3a_true_rescued_vs_non_target,true_rescued_rare,non_target,rare_membership_score,0,864,,0.07958991041447039,,,1.0,,
mouse_pancreas_tms_10x,42,0.05,H3a_true_rescued_vs_non_target,true_rescued_rare,non_target,rare_rank,0,864,,3.0,,,-1.0,,
mouse_pancreas_tms_10x,42,0.05,H3a_true_rescued_vs_non_target,true_rescued_rare,non_target,rare_standardized_distance,0,864,,2.1241945898304957,,,-1.0,,
mouse_pancreas_tms_10x,42,0.05,H3a_true_rescued_vs_non_target,true_rescued_rare,non_target,standardized_prototype_margin,0,864,,-1.349692810547443,,,1.0,,
mouse_pancreas_tms_10x,42,0.05,H3a_true_rescued_vs_non_target,true_rescued_rare,non_target,rare_prototype_distance,0,864,,5.396482418299646,,,-1.0,,
mouse_pancreas_tms_10x,42,0.05,H3a_true_rescued_vs_non_target,true_rescued_rare,non_target,nearest_nonrare_distance,0,864,,3.0045692132223074,,,1.0,,
mouse_pancreas_tms_10x,42,0.05,H3a_true_rescued_vs_non_target,true_rescued_rare,non_target,prototype_margin,0,864,,-2.354860657435587,,,1.0,,
mouse_pancreas_tms_10x,42,0.05,H3a_true_rescued_vs_non_target,true_rescued_rare,non_target,scANVI_rare_probability,0,864,,2.5795339e-07,,,,,
mouse_pancreas_tms_10x,42,0.05,H3b_true_rescued_vs_closest_competitor,true_rescued_rare,closest_competitor,rare_membership_score,0,32,,0.10568255230257477,,,1.0,,
mouse_pancreas_tms_10x,42,0.05,H3b_true_rescued_vs_closest_competitor,true_rescued_rare,closest_competitor,rare_rank,0,32,,2.0,,,-1.0,,
mouse_pancreas_tms_10x,42,0.05,H3b_true_rescued_vs_closest_competitor,true_rescued_rare,closest_competitor,rare_standardized_distance,0,32,,1.6326079228755246,,,-1.0,,
mouse_pancreas_tms_10x,42,0.05,H3b_true_rescued_vs_closest_competitor,true_rescued_rare,closest_competitor,standardized_prototype_margin,0,32,,-0.699523267824508,,,1.0,,
mouse_pancreas_tms_10x,42,0.05,H3b_true_rescued_vs_closest_competitor,true_rescued_rare,closest_competitor,rare_prototype_distance,0,32,,4.147614344727952,,,-1.0,,
mouse_pancreas_tms_10x,42,0.05,H3b_true_rescued_vs_closest_competitor,true_rescued_rare,closest_competitor,nearest_nonrare_distance,0,32,,2.2918984767116855,,,1.0,,
mouse_pancreas_tms_10x,42,0.05,H3b_true_rescued_vs_closest_competitor,true_rescued_rare,closest_competitor,prototype_margin,0,32,,-1.959118450586086,,,1.0,,
mouse_pancreas_tms_10x,42,0.05,H3b_true_rescued_vs_closest_competitor,true_rescued_rare,closest_competitor,scANVI_rare_probability,0,32,,0.00021502892500000002,,,,,
mouse_pancreas_tms_10x,42,0.10,H1_baseline_correct_vs_true_rescued,baseline_correct_rare,true_rescued_rare,rare_membership_score,61,0,0.2038821476255291,,,,1.0,,
mouse_pancreas_tms_10x,42,0.10,H1_baseline_correct_vs_true_rescued,baseline_correct_rare,true_rescued_rare,rare_rank,61,0,1.0,,,,-1.0,,
mouse_pancreas_tms_10x,42,0.10,H1_baseline_correct_vs_true_rescued,baseline_correct_rare,true_rescued_rare,rare_standardized_distance,61,0,1.0587126318142013,,,,-1.0,,
mouse_pancreas_tms_10x,42,0.10,H1_baseline_correct_vs_true_rescued,baseline_correct_rare,true_rescued_rare,standardized_prototype_margin,61,0,0.15952856903281343,,,,1.0,,
mouse_pancreas_tms_10x,42,0.10,H1_baseline_correct_vs_true_rescued,baseline_correct_rare,true_rescued_rare,rare_prototype_distance,61,0,2.6125803731092727,,,,-1.0,,
mouse_pancreas_tms_10x,42,0.10,H1_baseline_correct_vs_true_rescued,baseline_correct_rare,true_rescued_rare,nearest_nonrare_distance,61,0,4.2261039333755015,,,,1.0,,
mouse_pancreas_tms_10x,42,0.10,H1_baseline_correct_vs_true_rescued,baseline_correct_rare,true_rescued_rare,prototype_margin,61,0,1.4631637473693724,,,,1.0,,
mouse_pancreas_tms_10x,42,0.10,H1_baseline_correct_vs_true_rescued,baseline_correct_rare,true_rescued_rare,scANVI_rare_probability,61,0,0.9965204,,,,,,
mouse_pancreas_tms_10x,42,0.10,H2_true_rescued_vs_unrescued,true_rescued_rare,unrescued_rare,rare_membership_score,0,10,,0.11758084320845905,,,1.0,,
mouse_pancreas_tms_10x,42,0.10,H2_true_rescued_vs_unrescued,true_rescued_rare,unrescued_rare,rare_rank,0,10,,2.0,,,-1.0,,
mouse_pancreas_tms_10x,42,0.10,H2_true_rescued_vs_unrescued,true_rescued_rare,unrescued_rare,rare_standardized_distance,0,10,,1.6882042532089625,,,-1.0,,
mouse_pancreas_tms_10x,42,0.10,H2_true_rescued_vs_unrescued,true_rescued_rare,unrescued_rare,standardized_prototype_margin,0,10,,-0.7935121387248274,,,1.0,,
mouse_pancreas_tms_10x,42,0.10,H2_true_rescued_vs_unrescued,true_rescued_rare,unrescued_rare,rare_prototype_distance,0,10,,4.1659740001169325,,,-1.0,,
mouse_pancreas_tms_10x,42,0.10,H2_true_rescued_vs_unrescued,true_rescued_rare,unrescued_rare,nearest_nonrare_distance,0,10,,3.38756463221712,,,1.0,,
mouse_pancreas_tms_10x,42,0.10,H2_true_rescued_vs_unrescued,true_rescued_rare,unrescued_rare,prototype_margin,0,10,,-0.6448921458680297,,,1.0,,
mouse_pancreas_tms_10x,42,0.10,H2_true_rescued_vs_unrescued,true_rescued_rare,unrescued_rare,scANVI_rare_probability,0,10,,0.00690406385,,,,,
mouse_pancreas_tms_10x,42,0.10,H3a_true_rescued_vs_non_target,true_rescued_rare,non_target,rare_membership_score,0,864,,0.06568762610453242,,,1.0,,
mouse_pancreas_tms_10x,42,0.10,H3a_true_rescued_vs_non_target,true_rescued_rare,non_target,rare_rank,0,864,,4.0,,,-1.0,,
mouse_pancreas_tms_10x,42,0.10,H3a_true_rescued_vs_non_target,true_rescued_rare,non_target,rare_standardized_distance,0,864,,2.3511709960886864,,,-1.0,,
mouse_pancreas_tms_10x,42,0.10,H3a_true_rescued_vs_non_target,true_rescued_rare,non_target,standardized_prototype_margin,0,864,,-1.5730511251581407,,,1.0,,
mouse_pancreas_tms_10x,42,0.10,H3a_true_rescued_vs_non_target,true_rescued_rare,non_target,rare_prototype_distance,0,864,,5.801974033009441,,,-1.0,,
mouse_pancreas_tms_10x,42,0.10,H3a_true_rescued_vs_non_target,true_rescued_rare,non_target,nearest_nonrare_distance,0,864,,3.0598892361832246,,,1.0,,
mouse_pancreas_tms_10x,42,0.10,H3a_true_rescued_vs_non_target,true_rescued_rare,non_target,prototype_margin,0,864,,-2.702665532597072,,,1.0,,
mouse_pancreas_tms_10x,42,0.10,H3a_true_rescued_vs_non_target,true_rescued_rare,non_target,scANVI_rare_probability,0,864,,4.9216215e-08,,,,,
mouse_pancreas_tms_10x,42,0.10,H3b_true_rescued_vs_closest_competitor,true_rescued_rare,closest_competitor,rare_membership_score,0,32,,0.0918707924471994,,,1.0,,
mouse_pancreas_tms_10x,42,0.10,H3b_true_rescued_vs_closest_competitor,true_rescued_rare,closest_competitor,rare_rank,0,32,,3.0,,,-1.0,,
mouse_pancreas_tms_10x,42,0.10,H3b_true_rescued_vs_closest_competitor,true_rescued_rare,closest_competitor,rare_standardized_distance,0,32,,1.812438790030221,,,-1.0,,
mouse_pancreas_tms_10x,42,0.10,H3b_true_rescued_vs_closest_competitor,true_rescued_rare,closest_competitor,standardized_prototype_margin,0,32,,-0.811299876917188,,,1.0,,
mouse_pancreas_tms_10x,42,0.10,H3b_true_rescued_vs_closest_competitor,true_rescued_rare,closest_competitor,rare_prototype_distance,0,32,,4.472547004734206,,,-1.0,,
mouse_pancreas_tms_10x,42,0.10,H3b_true_rescued_vs_closest_competitor,true_rescued_rare,closest_competitor,nearest_nonrare_distance,0,32,,2.232352209289606,,,1.0,,
mouse_pancreas_tms_10x,42,0.10,H3b_true_rescued_vs_closest_competitor,true_rescued_rare,closest_competitor,prototype_margin,0,32,,-2.3006723717200916,,,1.0,,
mouse_pancreas_tms_10x,42,0.10,H3b_true_rescued_vs_closest_competitor,true_rescued_rare,closest_competitor,scANVI_rare_probability,0,32,,0.000429366905,,,,,
mouse_pancreas_tms_10x,42,all,H1_baseline_correct_vs_true_rescued,baseline_correct_rare,true_rescued_rare,rare_membership_score,67,0,0.21229180730370265,,,,1.0,,
mouse_pancreas_tms_10x,42,all,H1_baseline_correct_vs_true_rescued,baseline_correct_rare,true_rescued_rare,rare_rank,67,0,1.0,,,,-1.0,,
mouse_pancreas_tms_10x,42,all,H1_baseline_correct_vs_true_rescued,baseline_correct_rare,true_rescued_rare,rare_standardized_distance,67,0,1.0244878541678286,,,,-1.0,,
mouse_pancreas_tms_10x,42,all,H1_baseline_correct_vs_true_rescued,baseline_correct_rare,true_rescued_rare,standardized_prototype_margin,67,0,0.21674197029514364,,,,1.0,,
mouse_pancreas_tms_10x,42,all,H1_baseline_correct_vs_true_rescued,baseline_correct_rare,true_rescued_rare,rare_prototype_distance,67,0,2.3058737754204914,,,,-1.0,,
mouse_pancreas_tms_10x,42,all,H1_baseline_correct_vs_true_rescued,baseline_correct_rare,true_rescued_rare,nearest_nonrare_distance,67,0,4.422625466568355,,,,1.0,,
mouse_pancreas_tms_10x,42,all,H1_baseline_correct_vs_true_rescued,baseline_correct_rare,true_rescued_rare,prototype_margin,67,0,1.7832808078084819,,,,1.0,,
mouse_pancreas_tms_10x,42,all,H1_baseline_correct_vs_true_rescued,baseline_correct_rare,true_rescued_rare,scANVI_rare_probability,67,0,0.9998882,,,,,,
mouse_pancreas_tms_10x,42,all,H2_true_rescued_vs_unrescued,true_rescued_rare,unrescued_rare,rare_membership_score,0,4,,0.11357686979017015,,,1.0,,
mouse_pancreas_tms_10x,42,all,H2_true_rescued_vs_unrescued,true_rescued_rare,unrescued_rare,rare_rank,0,4,,2.0,,,-1.0,,
mouse_pancreas_tms_10x,42,all,H2_true_rescued_vs_unrescued,true_rescued_rare,unrescued_rare,rare_standardized_distance,0,4,,1.563615551748477,,,-1.0,,
mouse_pancreas_tms_10x,42,all,H2_true_rescued_vs_unrescued,true_rescued_rare,unrescued_rare,standardized_prototype_margin,0,4,,-0.7073797123821999,,,1.0,,
mouse_pancreas_tms_10x,42,all,H2_true_rescued_vs_unrescued,true_rescued_rare,unrescued_rare,rare_prototype_distance,0,4,,3.519319512621389,,,-1.0,,
mouse_pancreas_tms_10x,42,all,H2_true_rescued_vs_unrescued,true_rescued_rare,unrescued_rare,nearest_nonrare_distance,0,4,,3.328284606039058,,,1.0,,
mouse_pancreas_tms_10x,42,all,H2_true_rescued_vs_unrescued,true_rescued_rare,unrescued_rare,prototype_margin,0,4,,-0.21746251886878243,,,1.0,,
mouse_pancreas_tms_10x,42,all,H2_true_rescued_vs_unrescued,true_rescued_rare,unrescued_rare,scANVI_rare_probability,0,4,,0.22013641,,,,,
mouse_pancreas_tms_10x,42,all,H3a_true_rescued_vs_non_target,true_rescued_rare,non_target,rare_membership_score,0,864,,0.06354536896539273,,,1.0,,
mouse_pancreas_tms_10x,42,all,H3a_true_rescued_vs_non_target,true_rescued_rare,non_target,rare_rank,0,864,,3.0,,,-1.0,,
mouse_pancreas_tms_10x,42,all,H3a_true_rescued_vs_non_target,true_rescued_rare,non_target,rare_standardized_distance,0,864,,2.368790109080577,,,-1.0,,
mouse_pancreas_tms_10x,42,all,H3a_true_rescued_vs_non_target,true_rescued_rare,non_target,standardized_prototype_margin,0,864,,-1.6052347857002784,,,1.0,,
mouse_pancreas_tms_10x,42,all,H3a_true_rescued_vs_non_target,true_rescued_rare,non_target,rare_prototype_distance,0,864,,5.331572228780721,,,-1.0,,
mouse_pancreas_tms_10x,42,all,H3a_true_rescued_vs_non_target,true_rescued_rare,non_target,nearest_nonrare_distance,0,864,,2.9689250831232616,,,1.0,,
mouse_pancreas_tms_10x,42,all,H3a_true_rescued_vs_non_target,true_rescued_rare,non_target,prototype_margin,0,864,,-2.278477312895887,,,1.0,,
mouse_pancreas_tms_10x,42,all,H3a_true_rescued_vs_non_target,true_rescued_rare,non_target,scANVI_rare_probability,0,864,,5.1078045e-08,,,,,
mouse_pancreas_tms_10x,42,all,H3b_true_rescued_vs_closest_competitor,true_rescued_rare,closest_competitor,rare_membership_score,0,32,,0.08983248921143264,,,1.0,,
mouse_pancreas_tms_10x,42,all,H3b_true_rescued_vs_closest_competitor,true_rescued_rare,closest_competitor,rare_rank,0,32,,2.0,,,-1.0,,
mouse_pancreas_tms_10x,42,all,H3b_true_rescued_vs_closest_competitor,true_rescued_rare,closest_competitor,rare_standardized_distance,0,32,,1.8259848527493827,,,-1.0,,
mouse_pancreas_tms_10x,42,all,H3b_true_rescued_vs_closest_competitor,true_rescued_rare,closest_competitor,standardized_prototype_margin,0,32,,-0.8786391378902899,,,1.0,,
mouse_pancreas_tms_10x,42,all,H3b_true_rescued_vs_closest_competitor,true_rescued_rare,closest_competitor,rare_prototype_distance,0,32,,4.109849198446524,,,-1.0,,
mouse_pancreas_tms_10x,42,all,H3b_true_rescued_vs_closest_competitor,true_rescued_rare,closest_competitor,nearest_nonrare_distance,0,32,,2.3377680697769936,,,1.0,,
mouse_pancreas_tms_10x,42,all,H3b_true_rescued_vs_closest_competitor,true_rescued_rare,closest_competitor,prototype_margin,0,32,,-1.9450283588979134,,,1.0,,
mouse_pancreas_tms_10x,42,all,H3b_true_rescued_vs_closest_competitor,true_rescued_rare,closest_competitor,scANVI_rare_probability,0,32,,0.0005547634499999999,,,,,
mouse_pancreas_tms_10x,43,0.01,H1_baseline_correct_vs_true_rescued,baseline_correct_rare,true_rescued_rare,rare_membership_score,27,0,0.173177045132984,,,,1.0,,
mouse_pancreas_tms_10x,43,0.01,H1_baseline_correct_vs_true_rescued,baseline_correct_rare,true_rescued_rare,rare_rank,27,0,1.0,,,,-1.0,,
mouse_pancreas_tms_10x,43,0.01,H1_baseline_correct_vs_true_rescued,baseline_correct_rare,true_rescued_rare,rare_standardized_distance,27,0,1.3953959040354076,,,,-1.0,,
mouse_pancreas_tms_10x,43,0.01,H1_baseline_correct_vs_true_rescued,baseline_correct_rare,true_rescued_rare,standardized_prototype_margin,27,0,-0.1580891171497516,,,,1.0,,
mouse_pancreas_tms_10x,43,0.01,H1_baseline_correct_vs_true_rescued,baseline_correct_rare,true_rescued_rare,rare_prototype_distance,27,0,2.8519295033062746,,,,-1.0,,
mouse_pancreas_tms_10x,43,0.01,H1_baseline_correct_vs_true_rescued,baseline_correct_rare,true_rescued_rare,nearest_nonrare_distance,27,0,4.336812428590916,,,,1.0,,
mouse_pancreas_tms_10x,43,0.01,H1_baseline_correct_vs_true_rescued,baseline_correct_rare,true_rescued_rare,prototype_margin,27,0,1.7732637730842136,,,,1.0,,
mouse_pancreas_tms_10x,43,0.01,H1_baseline_correct_vs_true_rescued,baseline_correct_rare,true_rescued_rare,scANVI_rare_probability,27,0,0.6528629,,,,,,
mouse_pancreas_tms_10x,43,0.01,H2_true_rescued_vs_unrescued,true_rescued_rare,unrescued_rare,rare_membership_score,0,44,,0.1069685141708632,,,1.0,,
mouse_pancreas_tms_10x,43,0.01,H2_true_rescued_vs_unrescued,true_rescued_rare,unrescued_rare,rare_rank,0,44,,1.0,,,-1.0,,
mouse_pancreas_tms_10x,43,0.01,H2_true_rescued_vs_unrescued,true_rescued_rare,unrescued_rare,rare_standardized_distance,0,44,,1.927906961153003,,,-1.0,,
mouse_pancreas_tms_10x,43,0.01,H2_true_rescued_vs_unrescued,true_rescued_rare,unrescued_rare,standardized_prototype_margin,0,44,,-0.8433957071130492,,,1.0,,
mouse_pancreas_tms_10x,43,0.01,H2_true_rescued_vs_unrescued,true_rescued_rare,unrescued_rare,rare_prototype_distance,0,44,,3.9402829879614423,,,-1.0,,
mouse_pancreas_tms_10x,43,0.01,H2_true_rescued_vs_unrescued,true_rescued_rare,unrescued_rare,nearest_nonrare_distance,0,44,,3.8247695755950915,,,1.0,,
mouse_pancreas_tms_10x,43,0.01,H2_true_rescued_vs_unrescued,true_rescued_rare,unrescued_rare,prototype_margin,0,44,,0.4238491909019131,,,1.0,,
mouse_pancreas_tms_10x,43,0.01,H2_true_rescued_vs_unrescued,true_rescued_rare,unrescued_rare,scANVI_rare_probability,0,44,,0.067470212,,,,,
mouse_pancreas_tms_10x,43,0.01,H3a_true_rescued_vs_non_target,true_rescued_rare,non_target,rare_membership_score,0,864,,0.0365578876006884,,,1.0,,
mouse_pancreas_tms_10x,43,0.01,H3a_true_rescued_vs_non_target,true_rescued_rare,non_target,rare_rank,0,864,,5.0,,,-1.0,,
mouse_pancreas_tms_10x,43,0.01,H3a_true_rescued_vs_non_target,true_rescued_rare,non_target,rare_standardized_distance,0,864,,2.952801908231793,,,-1.0,,
mouse_pancreas_tms_10x,43,0.01,H3a_true_rescued_vs_non_target,true_rescued_rare,non_target,standardized_prototype_margin,0,864,,-2.1492443230238223,,,1.0,,
mouse_pancreas_tms_10x,43,0.01,H3a_true_rescued_vs_non_target,true_rescued_rare,non_target,rare_prototype_distance,0,864,,6.034977496459408,,,-1.0,,
mouse_pancreas_tms_10x,43,0.01,H3a_true_rescued_vs_non_target,true_rescued_rare,non_target,nearest_nonrare_distance,0,864,,3.0339517162594927,,,1.0,,
mouse_pancreas_tms_10x,43,0.01,H3a_true_rescued_vs_non_target,true_rescued_rare,non_target,prototype_margin,0,864,,-2.9265053706433237,,,1.0,,
mouse_pancreas_tms_10x,43,0.01,H3a_true_rescued_vs_non_target,true_rescued_rare,non_target,scANVI_rare_probability,0,864,,7.183805300000001e-07,,,,,
mouse_pancreas_tms_10x,43,0.01,H3b_true_rescued_vs_closest_competitor,true_rescued_rare,closest_competitor,rare_membership_score,0,32,,0.05490540752564192,,,1.0,,
mouse_pancreas_tms_10x,43,0.01,H3b_true_rescued_vs_closest_competitor,true_rescued_rare,closest_competitor,rare_rank,0,32,,3.0,,,-1.0,,
mouse_pancreas_tms_10x,43,0.01,H3b_true_rescued_vs_closest_competitor,true_rescued_rare,closest_competitor,rare_standardized_distance,0,32,,2.346733235323745,,,-1.0,,
mouse_pancreas_tms_10x,43,0.01,H3b_true_rescued_vs_closest_competitor,true_rescued_rare,closest_competitor,standardized_prototype_margin,0,32,,-1.4803812669840488,,,1.0,,
mouse_pancreas_tms_10x,43,0.01,H3b_true_rescued_vs_closest_competitor,true_rescued_rare,closest_competitor,rare_prototype_distance,0,32,,4.7962859363813575,,,-1.0,,
mouse_pancreas_tms_10x,43,0.01,H3b_true_rescued_vs_closest_competitor,true_rescued_rare,closest_competitor,nearest_nonrare_distance,0,32,,2.0850477969016863,,,1.0,,
mouse_pancreas_tms_10x,43,0.01,H3b_true_rescued_vs_closest_competitor,true_rescued_rare,closest_competitor,prototype_margin,0,32,,-2.6976713736599316,,,1.0,,
mouse_pancreas_tms_10x,43,0.01,H3b_true_rescued_vs_closest_competitor,true_rescued_rare,closest_competitor,scANVI_rare_probability,0,32,,0.00024625783,,,,,
mouse_pancreas_tms_10x,43,0.05,H1_baseline_correct_vs_true_rescued,baseline_correct_rare,true_rescued_rare,rare_membership_score,51,0,0.1723813314793269,,,,1.0,,
mouse_pancreas_tms_10x,43,0.05,H1_baseline_correct_vs_true_rescued,baseline_correct_rare,true_rescued_rare,rare_rank,51,0,1.0,,,,-1.0,,
mouse_pancreas_tms_10x,43,0.05,H1_baseline_correct_vs_true_rescued,baseline_correct_rare,true_rescued_rare,rare_standardized_distance,51,0,1.3352707490040547,,,,-1.0,,
mouse_pancreas_tms_10x,43,0.05,H1_baseline_correct_vs_true_rescued,baseline_correct_rare,true_rescued_rare,standardized_prototype_margin,51,0,-0.20692601512175401,,,,1.0,,
mouse_pancreas_tms_10x,43,0.05,H1_baseline_correct_vs_true_rescued,baseline_correct_rare,true_rescued_rare,rare_prototype_distance,51,0,2.188320622584291,,,,-1.0,,
mouse_pancreas_tms_10x,43,0.05,H1_baseline_correct_vs_true_rescued,baseline_correct_rare,true_rescued_rare,nearest_nonrare_distance,51,0,4.13039167651089,,,,1.0,,
mouse_pancreas_tms_10x,43,0.05,H1_baseline_correct_vs_true_rescued,baseline_correct_rare,true_rescued_rare,prototype_margin,51,0,1.7951878089243254,,,,1.0,,
mouse_pancreas_tms_10x,43,0.05,H1_baseline_correct_vs_true_rescued,baseline_correct_rare,true_rescued_rare,scANVI_rare_probability,51,0,0.9384183,,,,,,
mouse_pancreas_tms_10x,43,0.05,H2_true_rescued_vs_unrescued,true_rescued_rare,unrescued_rare,rare_membership_score,0,20,,0.07848886919034989,,,1.0,,
mouse_pancreas_tms_10x,43,0.05,H2_true_rescued_vs_unrescued,true_rescued_rare,unrescued_rare,rare_rank,0,20,,1.0,,,-1.0,,
mouse_pancreas_tms_10x,43,0.05,H2_true_rescued_vs_unrescued,true_rescued_rare,unrescued_rare,rare_standardized_distance,0,20,,2.13691283363839,,,-1.0,,
mouse_pancreas_tms_10x,43,0.05,H2_true_rescued_vs_unrescued,true_rescued_rare,unrescued_rare,standardized_prototype_margin,0,20,,-1.196231863761622,,,1.0,,
mouse_pancreas_tms_10x,43,0.05,H2_true_rescued_vs_unrescued,true_rescued_rare,unrescued_rare,rare_prototype_distance,0,20,,3.502099050701007,,,-1.0,,
mouse_pancreas_tms_10x,43,0.05,H2_true_rescued_vs_unrescued,true_rescued_rare,unrescued_rare,nearest_nonrare_distance,0,20,,4.26165036775966,,,1.0,,
mouse_pancreas_tms_10x,43,0.05,H2_true_rescued_vs_unrescued,true_rescued_rare,unrescued_rare,prototype_margin,0,20,,0.6386705135651751,,,1.0,,
mouse_pancreas_tms_10x,43,0.05,H2_true_rescued_vs_unrescued,true_rescued_rare,unrescued_rare,scANVI_rare_probability,0,20,,0.044640814,,,,,
mouse_pancreas_tms_10x,43,0.05,H3a_true_rescued_vs_non_target,true_rescued_rare,non_target,rare_membership_score,0,864,,0.02534725585333325,,,1.0,,
mouse_pancreas_tms_10x,43,0.05,H3a_true_rescued_vs_non_target,true_rescued_rare,non_target,rare_rank,0,864,,3.0,,,-1.0,,
mouse_pancreas_tms_10x,43,0.05,H3a_true_rescued_vs_non_target,true_rescued_rare,non_target,rare_standardized_distance,0,864,,3.34691154390742,,,-1.0,,
mouse_pancreas_tms_10x,43,0.05,H3a_true_rescued_vs_non_target,true_rescued_rare,non_target,standardized_prototype_margin,0,864,,-2.572605359374619,,,1.0,,
mouse_pancreas_tms_10x,43,0.05,H3a_true_rescued_vs_non_target,true_rescued_rare,non_target,rare_prototype_distance,0,864,,5.485116452195864,,,-1.0,,
mouse_pancreas_tms_10x,43,0.05,H3a_true_rescued_vs_non_target,true_rescued_rare,non_target,nearest_nonrare_distance,0,864,,3.0227809589591734,,,1.0,,
mouse_pancreas_tms_10x,43,0.05,H3a_true_rescued_vs_non_target,true_rescued_rare,non_target,prototype_margin,0,864,,-2.3758196296309206,,,1.0,,
mouse_pancreas_tms_10x,43,0.05,H3a_true_rescued_vs_non_target,true_rescued_rare,non_target,scANVI_rare_probability,0,864,,6.66678975e-07,,,,,
mouse_pancreas_tms_10x,43,0.05,H3b_true_rescued_vs_closest_competitor,true_rescued_rare,closest_competitor,rare_membership_score,0,32,,0.04662236614033875,,,1.0,,
mouse_pancreas_tms_10x,43,0.05,H3b_true_rescued_vs_closest_competitor,true_rescued_rare,closest_competitor,rare_rank,0,32,,2.0,,,-1.0,,
mouse_pancreas_tms_10x,43,0.05,H3b_true_rescued_vs_closest_competitor,true_rescued_rare,closest_competitor,rare_standardized_distance,0,32,,2.5560395309082384,,,-1.0,,
mouse_pancreas_tms_10x,43,0.05,H3b_true_rescued_vs_closest_competitor,true_rescued_rare,closest_competitor,standardized_prototype_margin,0,32,,-1.6813363901451945,,,1.0,,
mouse_pancreas_tms_10x,43,0.05,H3b_true_rescued_vs_closest_competitor,true_rescued_rare,closest_competitor,rare_prototype_distance,0,32,,4.188988654023296,,,-1.0,,
mouse_pancreas_tms_10x,43,0.05,H3b_true_rescued_vs_closest_competitor,true_rescued_rare,closest_competitor,nearest_nonrare_distance,0,32,,2.0165383328934654,,,1.0,,
mouse_pancreas_tms_10x,43,0.05,H3b_true_rescued_vs_closest_competitor,true_rescued_rare,closest_competitor,prototype_margin,0,32,,-2.1062585778558454,,,1.0,,
mouse_pancreas_tms_10x,43,0.05,H3b_true_rescued_vs_closest_competitor,true_rescued_rare,closest_competitor,scANVI_rare_probability,0,32,,0.00039463283500000004,,,,,
mouse_pancreas_tms_10x,43,0.10,H1_baseline_correct_vs_true_rescued,baseline_correct_rare,true_rescued_rare,rare_membership_score,61,0,0.23199953972070375,,,,1.0,,
mouse_pancreas_tms_10x,43,0.10,H1_baseline_correct_vs_true_rescued,baseline_correct_rare,true_rescued_rare,rare_rank,61,0,1.0,,,,-1.0,,
mouse_pancreas_tms_10x,43,0.10,H1_baseline_correct_vs_true_rescued,baseline_correct_rare,true_rescued_rare,rare_standardized_distance,61,0,0.995007134206811,,,,-1.0,,
mouse_pancreas_tms_10x,43,0.10,H1_baseline_correct_vs_true_rescued,baseline_correct_rare,true_rescued_rare,standardized_prototype_margin,61,0,0.2418147229592198,,,,1.0,,
mouse_pancreas_tms_10x,43,0.10,H1_baseline_correct_vs_true_rescued,baseline_correct_rare,true_rescued_rare,rare_prototype_distance,61,0,2.5745313543183506,,,,-1.0,,
mouse_pancreas_tms_10x,43,0.10,H1_baseline_correct_vs_true_rescued,baseline_correct_rare,true_rescued_rare,nearest_nonrare_distance,61,0,4.449796530919353,,,,1.0,,
mouse_pancreas_tms_10x,43,0.10,H1_baseline_correct_vs_true_rescued,baseline_correct_rare,true_rescued_rare,prototype_margin,61,0,1.7230459897198105,,,,1.0,,
mouse_pancreas_tms_10x,43,0.10,H1_baseline_correct_vs_true_rescued,baseline_correct_rare,true_rescued_rare,scANVI_rare_probability,61,0,0.99515873,,,,,,
mouse_pancreas_tms_10x,43,0.10,H2_true_rescued_vs_unrescued,true_rescued_rare,unrescued_rare,rare_membership_score,0,10,,0.14513196010513085,,,1.0,,
mouse_pancreas_tms_10x,43,0.10,H2_true_rescued_vs_unrescued,true_rescued_rare,unrescued_rare,rare_rank,0,10,,1.5,,,-1.0,,
mouse_pancreas_tms_10x,43,0.10,H2_true_rescued_vs_unrescued,true_rescued_rare,unrescued_rare,rare_standardized_distance,0,10,,1.6232014553030605,,,-1.0,,
mouse_pancreas_tms_10x,43,0.10,H2_true_rescued_vs_unrescued,true_rescued_rare,unrescued_rare,standardized_prototype_margin,0,10,,-0.5000635422912204,,,1.0,,
mouse_pancreas_tms_10x,43,0.10,H2_true_rescued_vs_unrescued,true_rescued_rare,unrescued_rare,rare_prototype_distance,0,10,,4.199952841930386,,,-1.0,,
mouse_pancreas_tms_10x,43,0.10,H2_true_rescued_vs_unrescued,true_rescued_rare,unrescued_rare,nearest_nonrare_distance,0,10,,3.573022870987863,,,1.0,,
mouse_pancreas_tms_10x,43,0.10,H2_true_rescued_vs_unrescued,true_rescued_rare,unrescued_rare,prototype_margin,0,10,,-0.021481490218778987,,,1.0,,
mouse_pancreas_tms_10x,43,0.10,H2_true_rescued_vs_unrescued,true_rescued_rare,unrescued_rare,scANVI_rare_probability,0,10,,0.12591617,,,,,
mouse_pancreas_tms_10x,43,0.10,H3a_true_rescued_vs_non_target,true_rescued_rare,non_target,rare_membership_score,0,864,,0.0779049367611111,,,1.0,,
mouse_pancreas_tms_10x,43,0.10,H3a_true_rescued_vs_non_target,true_rescued_rare,non_target,rare_rank,0,864,,3.0,,,-1.0,,
mouse_pancreas_tms_10x,43,0.10,H3a_true_rescued_vs_non_target,true_rescued_rare,non_target,rare_standardized_distance,0,864,,2.191985612368407,,,-1.0,,
mouse_pancreas_tms_10x,43,0.10,H3a_true_rescued_vs_non_target,true_rescued_rare,non_target,standardized_prototype_margin,0,864,,-1.3780411750501278,,,1.0,,
mouse_pancreas_tms_10x,43,0.10,H3a_true_rescued_vs_non_target,true_rescued_rare,non_target,rare_prototype_distance,0,864,,5.671653491968042,,,-1.0,,
mouse_pancreas_tms_10x,43,0.10,H3a_true_rescued_vs_non_target,true_rescued_rare,non_target,nearest_nonrare_distance,0,864,,3.0453252993231725,,,1.0,,
mouse_pancreas_tms_10x,43,0.10,H3a_true_rescued_vs_non_target,true_rescued_rare,non_target,prototype_margin,0,864,,-2.585927607996031,,,1.0,,
mouse_pancreas_tms_10x,43,0.10,H3a_true_rescued_vs_non_target,true_rescued_rare,non_target,scANVI_rare_probability,0,864,,6.4695187e-07,,,,,
mouse_pancreas_tms_10x,43,0.10,H3b_true_rescued_vs_closest_competitor,true_rescued_rare,closest_competitor,rare_membership_score,0,32,,0.09758653085589317,,,1.0,,
mouse_pancreas_tms_10x,43,0.10,H3b_true_rescued_vs_closest_competitor,true_rescued_rare,closest_competitor,rare_rank,0,32,,3.0,,,-1.0,,
mouse_pancreas_tms_10x,43,0.10,H3b_true_rescued_vs_closest_competitor,true_rescued_rare,closest_competitor,rare_standardized_distance,0,32,,1.8069221136399838,,,-1.0,,
mouse_pancreas_tms_10x,43,0.10,H3b_true_rescued_vs_closest_competitor,true_rescued_rare,closest_competitor,standardized_prototype_margin,0,32,,-0.9025082589338386,,,1.0,,
mouse_pancreas_tms_10x,43,0.10,H3b_true_rescued_vs_closest_competitor,true_rescued_rare,closest_competitor,rare_prototype_distance,0,32,,4.675320886101723,,,-1.0,,
mouse_pancreas_tms_10x,43,0.10,H3b_true_rescued_vs_closest_competitor,true_rescued_rare,closest_competitor,nearest_nonrare_distance,0,32,,2.0756547658678772,,,1.0,,
mouse_pancreas_tms_10x,43,0.10,H3b_true_rescued_vs_closest_competitor,true_rescued_rare,closest_competitor,prototype_margin,0,32,,-2.5611056762876365,,,1.0,,
mouse_pancreas_tms_10x,43,0.10,H3b_true_rescued_vs_closest_competitor,true_rescued_rare,closest_competitor,scANVI_rare_probability,0,32,,0.00016096146,,,,,
mouse_pancreas_tms_10x,43,all,H1_baseline_correct_vs_true_rescued,baseline_correct_rare,true_rescued_rare,rare_membership_score,67,0,0.22002543495473612,,,,1.0,,
mouse_pancreas_tms_10x,43,all,H1_baseline_correct_vs_true_rescued,baseline_correct_rare,true_rescued_rare,rare_rank,67,0,1.0,,,,-1.0,,
mouse_pancreas_tms_10x,43,all,H1_baseline_correct_vs_true_rescued,baseline_correct_rare,true_rescued_rare,rare_standardized_distance,67,0,1.0961205109978616,,,,-1.0,,
mouse_pancreas_tms_10x,43,all,H1_baseline_correct_vs_true_rescued,baseline_correct_rare,true_rescued_rare,standardized_prototype_margin,67,0,0.0909509599429561,,,,1.0,,
mouse_pancreas_tms_10x,43,all,H1_baseline_correct_vs_true_rescued,baseline_correct_rare,true_rescued_rare,rare_prototype_distance,67,0,2.3314428638337423,,,,-1.0,,
mouse_pancreas_tms_10x,43,all,H1_baseline_correct_vs_true_rescued,baseline_correct_rare,true_rescued_rare,nearest_nonrare_distance,67,0,4.387615879972683,,,,1.0,,
mouse_pancreas_tms_10x,43,all,H1_baseline_correct_vs_true_rescued,baseline_correct_rare,true_rescued_rare,prototype_margin,67,0,1.9295220105496314,,,,1.0,,
mouse_pancreas_tms_10x,43,all,H1_baseline_correct_vs_true_rescued,baseline_correct_rare,true_rescued_rare,scANVI_rare_probability,67,0,0.99981195,,,,,,
mouse_pancreas_tms_10x,43,all,H2_true_rescued_vs_unrescued,true_rescued_rare,unrescued_rare,rare_membership_score,0,4,,0.10591480355885743,,,1.0,,
mouse_pancreas_tms_10x,43,all,H2_true_rescued_vs_unrescued,true_rescued_rare,unrescued_rare,rare_rank,0,4,,1.5,,,-1.0,,
mouse_pancreas_tms_10x,43,all,H2_true_rescued_vs_unrescued,true_rescued_rare,unrescued_rare,rare_standardized_distance,0,4,,1.8268725527823606,,,-1.0,,
mouse_pancreas_tms_10x,43,all,H2_true_rescued_vs_unrescued,true_rescued_rare,unrescued_rare,standardized_prototype_margin,0,4,,-0.8384337008087073,,,1.0,,
mouse_pancreas_tms_10x,43,all,H2_true_rescued_vs_unrescued,true_rescued_rare,unrescued_rare,rare_prototype_distance,0,4,,3.8857488146451407,,,-1.0,,
mouse_pancreas_tms_10x,43,all,H2_true_rescued_vs_unrescued,true_rescued_rare,unrescued_rare,nearest_nonrare_distance,0,4,,3.234461419020114,,,1.0,,
mouse_pancreas_tms_10x,43,all,H2_true_rescued_vs_unrescued,true_rescued_rare,unrescued_rare,prototype_margin,0,4,,-0.1574608052028501,,,1.0,,
mouse_pancreas_tms_10x,43,all,H2_true_rescued_vs_unrescued,true_rescued_rare,unrescued_rare,scANVI_rare_probability,0,4,,0.081572369,,,,,
mouse_pancreas_tms_10x,43,all,H3a_true_rescued_vs_non_target,true_rescued_rare,non_target,rare_membership_score,0,864,,0.054497587766514866,,,1.0,,
mouse_pancreas_tms_10x,43,all,H3a_true_rescued_vs_non_target,true_rescued_rare,non_target,rare_rank,0,864,,3.0,,,-1.0,,
mouse_pancreas_tms_10x,43,all,H3a_true_rescued_vs_non_target,true_rescued_rare,non_target,rare_standardized_distance,0,864,,2.569484804960206,,,-1.0,,
mouse_pancreas_tms_10x,43,all,H3a_true_rescued_vs_non_target,true_rescued_rare,non_target,standardized_prototype_margin,0,864,,-1.7596251220254822,,,1.0,,
mouse_pancreas_tms_10x,43,all,H3a_true_rescued_vs_non_target,true_rescued_rare,non_target,rare_prototype_distance,0,864,,5.465281373851964,,,-1.0,,
mouse_pancreas_tms_10x,43,all,H3a_true_rescued_vs_non_target,true_rescued_rare,non_target,nearest_nonrare_distance,0,864,,2.9857824304548544,,,1.0,,
mouse_pancreas_tms_10x,43,all,H3a_true_rescued_vs_non_target,true_rescued_rare,non_target,prototype_margin,0,864,,-2.3882328880493677,,,1.0,,
mouse_pancreas_tms_10x,43,all,H3a_true_rescued_vs_non_target,true_rescued_rare,non_target,scANVI_rare_probability,0,864,,1.94072935e-07,,,,,
mouse_pancreas_tms_10x,43,all,H3b_true_rescued_vs_closest_competitor,true_rescued_rare,closest_competitor,rare_membership_score,0,32,,0.07729413322916977,,,1.0,,
mouse_pancreas_tms_10x,43,all,H3b_true_rescued_vs_closest_competitor,true_rescued_rare,closest_competitor,rare_rank,0,32,,3.0,,,-1.0,,
mouse_pancreas_tms_10x,43,all,H3b_true_rescued_vs_closest_competitor,true_rescued_rare,closest_competitor,rare_standardized_distance,0,32,,2.0166639407559446,,,-1.0,,
mouse_pancreas_tms_10x,43,all,H3b_true_rescued_vs_closest_competitor,true_rescued_rare,closest_competitor,standardized_prototype_margin,0,32,,-1.1434009168849322,,,1.0,,
mouse_pancreas_tms_10x,43,all,H3b_true_rescued_vs_closest_competitor,true_rescued_rare,closest_competitor,rare_prototype_distance,0,32,,4.2894341509457,,,-1.0,,
mouse_pancreas_tms_10x,43,all,H3b_true_rescued_vs_closest_competitor,true_rescued_rare,closest_competitor,nearest_nonrare_distance,0,32,,2.148548238056699,,,1.0,,
mouse_pancreas_tms_10x,43,all,H3b_true_rescued_vs_closest_competitor,true_rescued_rare,closest_competitor,prototype_margin,0,32,,-2.348697526330885,,,1.0,,
mouse_pancreas_tms_10x,43,all,H3b_true_rescued_vs_closest_competitor,true_rescued_rare,closest_competitor,scANVI_rare_probability,0,32,,7.311055700000001e-05,,,,,
mouse_pancreas_tms_10x,44,0.01,H1_baseline_correct_vs_true_rescued,baseline_correct_rare,true_rescued_rare,rare_membership_score,39,0,0.1625803433321659,,,,1.0,,
mouse_pancreas_tms_10x,44,0.01,H1_baseline_correct_vs_true_rescued,baseline_correct_rare,true_rescued_rare,rare_rank,39,0,1.0,,,,-1.0,,
mouse_pancreas_tms_10x,44,0.01,H1_baseline_correct_vs_true_rescued,baseline_correct_rare,true_rescued_rare,rare_standardized_distance,39,0,1.3801205799205432,,,,-1.0,,
mouse_pancreas_tms_10x,44,0.01,H1_baseline_correct_vs_true_rescued,baseline_correct_rare,true_rescued_rare,standardized_prototype_margin,39,0,-0.16770318301017206,,,,1.0,,
mouse_pancreas_tms_10x,44,0.01,H1_baseline_correct_vs_true_rescued,baseline_correct_rare,true_rescued_rare,rare_prototype_distance,39,0,2.6352752801701587,,,,-1.0,,
mouse_pancreas_tms_10x,44,0.01,H1_baseline_correct_vs_true_rescued,baseline_correct_rare,true_rescued_rare,nearest_nonrare_distance,39,0,4.144509786282008,,,,1.0,,
mouse_pancreas_tms_10x,44,0.01,H1_baseline_correct_vs_true_rescued,baseline_correct_rare,true_rescued_rare,prototype_margin,39,0,1.5629334307258835,,,,1.0,,
mouse_pancreas_tms_10x,44,0.01,H1_baseline_correct_vs_true_rescued,baseline_correct_rare,true_rescued_rare,scANVI_rare_probability,39,0,0.8409475,,,,,,
mouse_pancreas_tms_10x,44,0.01,H2_true_rescued_vs_unrescued,true_rescued_rare,unrescued_rare,rare_membership_score,0,32,,0.10632972683788916,,,1.0,,
mouse_pancreas_tms_10x,44,0.01,H2_true_rescued_vs_unrescued,true_rescued_rare,unrescued_rare,rare_rank,0,32,,1.0,,,-1.0,,
mouse_pancreas_tms_10x,44,0.01,H2_true_rescued_vs_unrescued,true_rescued_rare,unrescued_rare,rare_standardized_distance,0,32,,1.6209243283138224,,,-1.0,,
mouse_pancreas_tms_10x,44,0.01,H2_true_rescued_vs_unrescued,true_rescued_rare,unrescued_rare,standardized_prototype_margin,0,32,,-0.6836035658720458,,,1.0,,
mouse_pancreas_tms_10x,44,0.01,H2_true_rescued_vs_unrescued,true_rescued_rare,unrescued_rare,rare_prototype_distance,0,32,,3.0950787022375676,,,-1.0,,
mouse_pancreas_tms_10x,44,0.01,H2_true_rescued_vs_unrescued,true_rescued_rare,unrescued_rare,nearest_nonrare_distance,0,32,,3.455288785308094,,,1.0,,
mouse_pancreas_tms_10x,44,0.01,H2_true_rescued_vs_unrescued,true_rescued_rare,unrescued_rare,prototype_margin,0,32,,0.5485764713756607,,,1.0,,
mouse_pancreas_tms_10x,44,0.01,H2_true_rescued_vs_unrescued,true_rescued_rare,unrescued_rare,scANVI_rare_probability,0,32,,0.165442435,,,,,
mouse_pancreas_tms_10x,44,0.01,H3a_true_rescued_vs_non_target,true_rescued_rare,non_target,rare_membership_score,0,864,,0.04007855740886111,,,1.0,,
mouse_pancreas_tms_10x,44,0.01,H3a_true_rescued_vs_non_target,true_rescued_rare,non_target,rare_rank,0,864,,3.0,,,-1.0,,
mouse_pancreas_tms_10x,44,0.01,H3a_true_rescued_vs_non_target,true_rescued_rare,non_target,rare_standardized_distance,0,864,,2.8048327714023813,,,-1.0,,
mouse_pancreas_tms_10x,44,0.01,H3a_true_rescued_vs_non_target,true_rescued_rare,non_target,standardized_prototype_margin,0,864,,-2.008890151177332,,,1.0,,
mouse_pancreas_tms_10x,44,0.01,H3a_true_rescued_vs_non_target,true_rescued_rare,non_target,rare_prototype_distance,0,864,,5.355696143530734,,,-1.0,,
mouse_pancreas_tms_10x,44,0.01,H3a_true_rescued_vs_non_target,true_rescued_rare,non_target,nearest_nonrare_distance,0,864,,3.0507658504391273,,,1.0,,
mouse_pancreas_tms_10x,44,0.01,H3a_true_rescued_vs_non_target,true_rescued_rare,non_target,prototype_margin,0,864,,-2.218018168982784,,,1.0,,
mouse_pancreas_tms_10x,44,0.01,H3a_true_rescued_vs_non_target,true_rescued_rare,non_target,scANVI_rare_probability,0,864,,2.23689e-06,,,,,
mouse_pancreas_tms_10x,44,0.01,H3b_true_rescued_vs_closest_competitor,true_rescued_rare,closest_competitor,rare_membership_score,0,32,,0.06043537687162695,,,1.0,,
mouse_pancreas_tms_10x,44,0.01,H3b_true_rescued_vs_closest_competitor,true_rescued_rare,closest_competitor,rare_rank,0,32,,3.0,,,-1.0,,
mouse_pancreas_tms_10x,44,0.01,H3b_true_rescued_vs_closest_competitor,true_rescued_rare,closest_competitor,rare_standardized_distance,0,32,,2.2512168439966436,,,-1.0,,
mouse_pancreas_tms_10x,44,0.01,H3b_true_rescued_vs_closest_competitor,true_rescued_rare,closest_competitor,standardized_prototype_margin,0,32,,-1.3699930009432744,,,1.0,,
mouse_pancreas_tms_10x,44,0.01,H3b_true_rescued_vs_closest_competitor,true_rescued_rare,closest_competitor,rare_prototype_distance,0,32,,4.29859259082173,,,-1.0,,
mouse_pancreas_tms_10x,44,0.01,H3b_true_rescued_vs_closest_competitor,true_rescued_rare,closest_competitor,nearest_nonrare_distance,0,32,,2.1848617979773604,,,1.0,,
mouse_pancreas_tms_10x,44,0.01,H3b_true_rescued_vs_closest_competitor,true_rescued_rare,closest_competitor,prototype_margin,0,32,,-2.2582761669500084,,,1.0,,
mouse_pancreas_tms_10x,44,0.01,H3b_true_rescued_vs_closest_competitor,true_rescued_rare,closest_competitor,scANVI_rare_probability,0,32,,0.00016032557,,,,,
mouse_pancreas_tms_10x,44,0.05,H1_baseline_correct_vs_true_rescued,baseline_correct_rare,true_rescued_rare,rare_membership_score,59,0,0.1784283997780678,,,,1.0,,
mouse_pancreas_tms_10x,44,0.05,H1_baseline_correct_vs_true_rescued,baseline_correct_rare,true_rescued_rare,rare_rank,59,0,1.0,,,,-1.0,,
mouse_pancreas_tms_10x,44,0.05,H1_baseline_correct_vs_true_rescued,baseline_correct_rare,true_rescued_rare,rare_standardized_distance,59,0,1.2289672012583617,,,,-1.0,,
mouse_pancreas_tms_10x,44,0.05,H1_baseline_correct_vs_true_rescued,baseline_correct_rare,true_rescued_rare,standardized_prototype_margin,59,0,0.000685713016383982,,,,1.0,,
mouse_pancreas_tms_10x,44,0.05,H1_baseline_correct_vs_true_rescued,baseline_correct_rare,true_rescued_rare,rare_prototype_distance,59,0,2.1031383224098357,,,,-1.0,,
mouse_pancreas_tms_10x,44,0.05,H1_baseline_correct_vs_true_rescued,baseline_correct_rare,true_rescued_rare,nearest_nonrare_distance,59,0,4.133615153302804,,,,1.0,,
mouse_pancreas_tms_10x,44,0.05,H1_baseline_correct_vs_true_rescued,baseline_correct_rare,true_rescued_rare,prototype_margin,59,0,1.9636186972210798,,,,1.0,,
mouse_pancreas_tms_10x,44,0.05,H1_baseline_correct_vs_true_rescued,baseline_correct_rare,true_rescued_rare,scANVI_rare_probability,59,0,0.9894573,,,,,,
mouse_pancreas_tms_10x,44,0.05,H2_true_rescued_vs_unrescued,true_rescued_rare,unrescued_rare,rare_membership_score,0,12,,0.10405885611178356,,,1.0,,
mouse_pancreas_tms_10x,44,0.05,H2_true_rescued_vs_unrescued,true_rescued_rare,unrescued_rare,rare_rank,0,12,,1.0,,,-1.0,,
mouse_pancreas_tms_10x,44,0.05,H2_true_rescued_vs_unrescued,true_rescued_rare,unrescued_rare,rare_standardized_distance,0,12,,1.7567527870838355,,,-1.0,,
mouse_pancreas_tms_10x,44,0.05,H2_true_rescued_vs_unrescued,true_rescued_rare,unrescued_rare,standardized_prototype_margin,0,12,,-0.8151142730697594,,,1.0,,
mouse_pancreas_tms_10x,44,0.05,H2_true_rescued_vs_unrescued,true_rescued_rare,unrescued_rare,rare_prototype_distance,0,12,,3.0063406946363074,,,-1.0,,
mouse_pancreas_tms_10x,44,0.05,H2_true_rescued_vs_unrescued,true_rescued_rare,unrescued_rare,nearest_nonrare_distance,0,12,,3.3292799264371076,,,1.0,,
mouse_pancreas_tms_10x,44,0.05,H2_true_rescued_vs_unrescued,true_rescued_rare,unrescued_rare,prototype_margin,0,12,,0.25040084658284045,,,1.0,,
mouse_pancreas_tms_10x,44,0.05,H2_true_rescued_vs_unrescued,true_rescued_rare,unrescued_rare,scANVI_rare_probability,0,12,,0.10374640000000002,,,,,
mouse_pancreas_tms_10x,44,0.05,H3a_true_rescued_vs_non_target,true_rescued_rare,non_target,rare_membership_score,0,864,,0.03302365340029138,,,1.0,,
mouse_pancreas_tms_10x,44,0.05,H3a_true_rescued_vs_non_target,true_rescued_rare,non_target,rare_rank,0,864,,3.0,,,-1.0,,
mouse_pancreas_tms_10x,44,0.05,H3a_true_rescued_vs_non_target,true_rescued_rare,non_target,rare_standardized_distance,0,864,,3.030312424770825,,,-1.0,,
mouse_pancreas_tms_10x,44,0.05,H3a_true_rescued_vs_non_target,true_rescued_rare,non_target,standardized_prototype_margin,0,864,,-2.2413444875712685,,,1.0,,
mouse_pancreas_tms_10x,44,0.05,H3a_true_rescued_vs_non_target,true_rescued_rare,non_target,rare_prototype_distance,0,864,,5.185790298459223,,,-1.0,,
mouse_pancreas_tms_10x,44,0.05,H3a_true_rescued_vs_non_target,true_rescued_rare,non_target,nearest_nonrare_distance,0,864,,2.91769013012823,,,1.0,,
mouse_pancreas_tms_10x,44,0.05,H3a_true_rescued_vs_non_target,true_rescued_rare,non_target,prototype_margin,0,864,,-2.16822095004327,,,1.0,,
mouse_pancreas_tms_10x,44,0.05,H3a_true_rescued_vs_non_target,true_rescued_rare,non_target,scANVI_rare_probability,0,864,,2.68033045e-06,,,,,
mouse_pancreas_tms_10x,44,0.05,H3b_true_rescued_vs_closest_competitor,true_rescued_rare,closest_competitor,rare_membership_score,0,32,,0.05612797004303382,,,1.0,,
mouse_pancreas_tms_10x,44,0.05,H3b_true_rescued_vs_closest_competitor,true_rescued_rare,closest_competitor,rare_rank,0,32,,2.5,,,-1.0,,
mouse_pancreas_tms_10x,44,0.05,H3b_true_rescued_vs_closest_competitor,true_rescued_rare,closest_competitor,rare_standardized_distance,0,32,,2.350144861677121,,,-1.0,,
mouse_pancreas_tms_10x,44,0.05,H3b_true_rescued_vs_closest_competitor,true_rescued_rare,closest_competitor,standardized_prototype_margin,0,32,,-1.4999515543320752,,,1.0,,
mouse_pancreas_tms_10x,44,0.05,H3b_true_rescued_vs_closest_competitor,true_rescued_rare,closest_competitor,rare_prototype_distance,0,32,,4.021815811477163,,,-1.0,,
mouse_pancreas_tms_10x,44,0.05,H3b_true_rescued_vs_closest_competitor,true_rescued_rare,closest_competitor,nearest_nonrare_distance,0,32,,2.121162025720565,,,1.0,,
mouse_pancreas_tms_10x,44,0.05,H3b_true_rescued_vs_closest_competitor,true_rescued_rare,closest_competitor,prototype_margin,0,32,,-1.9245272170894359,,,1.0,,
mouse_pancreas_tms_10x,44,0.05,H3b_true_rescued_vs_closest_competitor,true_rescued_rare,closest_competitor,scANVI_rare_probability,0,32,,0.000139406445,,,,,
mouse_pancreas_tms_10x,44,0.10,H1_baseline_correct_vs_true_rescued,baseline_correct_rare,true_rescued_rare,rare_membership_score,61,0,0.20007137165003597,,,,1.0,,
mouse_pancreas_tms_10x,44,0.10,H1_baseline_correct_vs_true_rescued,baseline_correct_rare,true_rescued_rare,rare_rank,61,0,1.0,,,,-1.0,,
mouse_pancreas_tms_10x,44,0.10,H1_baseline_correct_vs_true_rescued,baseline_correct_rare,true_rescued_rare,rare_standardized_distance,61,0,1.0866826266479859,,,,-1.0,,
mouse_pancreas_tms_10x,44,0.10,H1_baseline_correct_vs_true_rescued,baseline_correct_rare,true_rescued_rare,standardized_prototype_margin,61,0,0.061790660670452136,,,,1.0,,
mouse_pancreas_tms_10x,44,0.10,H1_baseline_correct_vs_true_rescued,baseline_correct_rare,true_rescued_rare,rare_prototype_distance,61,0,2.653815829490292,,,,-1.0,,
mouse_pancreas_tms_10x,44,0.10,H1_baseline_correct_vs_true_rescued,baseline_correct_rare,true_rescued_rare,nearest_nonrare_distance,61,0,4.20446362906934,,,,1.0,,
mouse_pancreas_tms_10x,44,0.10,H1_baseline_correct_vs_true_rescued,baseline_correct_rare,true_rescued_rare,prototype_margin,61,0,1.3699765543088125,,,,1.0,,
mouse_pancreas_tms_10x,44,0.10,H1_baseline_correct_vs_true_rescued,baseline_correct_rare,true_rescued_rare,scANVI_rare_probability,61,0,0.9897988,,,,,,
mouse_pancreas_tms_10x,44,0.10,H2_true_rescued_vs_unrescued,true_rescued_rare,unrescued_rare,rare_membership_score,0,10,,0.12428455845488809,,,1.0,,
mouse_pancreas_tms_10x,44,0.10,H2_true_rescued_vs_unrescued,true_rescued_rare,unrescued_rare,rare_rank,0,10,,2.0,,,-1.0,,
mouse_pancreas_tms_10x,44,0.10,H2_true_rescued_vs_unrescued,true_rescued_rare,unrescued_rare,rare_standardized_distance,0,10,,1.506370005948437,,,-1.0,,
mouse_pancreas_tms_10x,44,0.10,H2_true_rescued_vs_unrescued,true_rescued_rare,unrescued_rare,standardized_prototype_margin,0,10,,-0.541339343449172,,,1.0,,
mouse_pancreas_tms_10x,44,0.10,H2_true_rescued_vs_unrescued,true_rescued_rare,unrescued_rare,rare_prototype_distance,0,10,,3.6787452645548893,,,-1.0,,
mouse_pancreas_tms_10x,44,0.10,H2_true_rescued_vs_unrescued,true_rescued_rare,unrescued_rare,nearest_nonrare_distance,0,10,,3.481930884607917,,,1.0,,
mouse_pancreas_tms_10x,44,0.10,H2_true_rescued_vs_unrescued,true_rescued_rare,unrescued_rare,prototype_margin,0,10,,-0.5695731690213452,,,1.0,,
mouse_pancreas_tms_10x,44,0.10,H2_true_rescued_vs_unrescued,true_rescued_rare,unrescued_rare,scANVI_rare_probability,0,10,,0.084464925,,,,,
mouse_pancreas_tms_10x,44,0.10,H3a_true_rescued_vs_non_target,true_rescued_rare,non_target,rare_membership_score,0,864,,0.06046591275425295,,,1.0,,
mouse_pancreas_tms_10x,44,0.10,H3a_true_rescued_vs_non_target,true_rescued_rare,non_target,rare_rank,0,864,,4.0,,,-1.0,,
mouse_pancreas_tms_10x,44,0.10,H3a_true_rescued_vs_non_target,true_rescued_rare,non_target,rare_standardized_distance,0,864,,2.3955232019819936,,,-1.0,,
mouse_pancreas_tms_10x,44,0.10,H3a_true_rescued_vs_non_target,true_rescued_rare,non_target,standardized_prototype_margin,0,864,,-1.5923701080458355,,,1.0,,
mouse_pancreas_tms_10x,44,0.10,H3a_true_rescued_vs_non_target,true_rescued_rare,non_target,rare_prototype_distance,0,864,,5.8501693479180155,,,-1.0,,
mouse_pancreas_tms_10x,44,0.10,H3a_true_rescued_vs_non_target,true_rescued_rare,non_target,nearest_nonrare_distance,0,864,,3.046165934635833,,,1.0,,
mouse_pancreas_tms_10x,44,0.10,H3a_true_rescued_vs_non_target,true_rescued_rare,non_target,prototype_margin,0,864,,-2.6686109159678875,,,1.0,,
mouse_pancreas_tms_10x,44,0.10,H3a_true_rescued_vs_non_target,true_rescued_rare,non_target,scANVI_rare_probability,0,864,,2.0118982e-07,,,,,
mouse_pancreas_tms_10x,44,0.10,H3b_true_rescued_vs_closest_competitor,true_rescued_rare,closest_competitor,rare_membership_score,0,32,,0.08404402782296155,,,1.0,,
mouse_pancreas_tms_10x,44,0.10,H3b_true_rescued_vs_closest_competitor,true_rescued_rare,closest_competitor,rare_rank,0,32,,3.0,,,-1.0,,
mouse_pancreas_tms_10x,44,0.10,H3b_true_rescued_vs_closest_competitor,true_rescued_rare,closest_competitor,rare_standardized_distance,0,32,,1.85794070595473,,,-1.0,,
mouse_pancreas_tms_10x,44,0.10,H3b_true_rescued_vs_closest_competitor,true_rescued_rare,closest_competitor,standardized_prototype_margin,0,32,,-0.9963577520826217,,,1.0,,
mouse_pancreas_tms_10x,44,0.10,H3b_true_rescued_vs_closest_competitor,true_rescued_rare,closest_competitor,rare_prototype_distance,0,32,,4.537325190268485,,,-1.0,,
mouse_pancreas_tms_10x,44,0.10,H3b_true_rescued_vs_closest_competitor,true_rescued_rare,closest_competitor,nearest_nonrare_distance,0,32,,2.299940301994461,,,1.0,,
mouse_pancreas_tms_10x,44,0.10,H3b_true_rescued_vs_closest_competitor,true_rescued_rare,closest_competitor,prototype_margin,0,32,,-2.594860604713891,,,1.0,,
mouse_pancreas_tms_10x,44,0.10,H3b_true_rescued_vs_closest_competitor,true_rescued_rare,closest_competitor,scANVI_rare_probability,0,32,,0.00030050477999999997,,,,,
mouse_pancreas_tms_10x,44,all,H1_baseline_correct_vs_true_rescued,baseline_correct_rare,true_rescued_rare,rare_membership_score,67,0,0.21605944996665627,,,,1.0,,
mouse_pancreas_tms_10x,44,all,H1_baseline_correct_vs_true_rescued,baseline_correct_rare,true_rescued_rare,rare_rank,67,0,1.0,,,,-1.0,,
mouse_pancreas_tms_10x,44,all,H1_baseline_correct_vs_true_rescued,baseline_correct_rare,true_rescued_rare,rare_standardized_distance,67,0,1.0209834833708198,,,,-1.0,,
mouse_pancreas_tms_10x,44,all,H1_baseline_correct_vs_true_rescued,baseline_correct_rare,true_rescued_rare,standardized_prototype_margin,67,0,0.1880753699381459,,,,1.0,,
mouse_pancreas_tms_10x,44,all,H1_baseline_correct_vs_true_rescued,baseline_correct_rare,true_rescued_rare,rare_prototype_distance,67,0,2.123502662701508,,,,-1.0,,
mouse_pancreas_tms_10x,44,all,H1_baseline_correct_vs_true_rescued,baseline_correct_rare,true_rescued_rare,nearest_nonrare_distance,67,0,4.159585914708853,,,,1.0,,
mouse_pancreas_tms_10x,44,all,H1_baseline_correct_vs_true_rescued,baseline_correct_rare,true_rescued_rare,prototype_margin,67,0,2.0467601353745923,,,,1.0,,
mouse_pancreas_tms_10x,44,all,H1_baseline_correct_vs_true_rescued,baseline_correct_rare,true_rescued_rare,scANVI_rare_probability,67,0,0.99985945,,,,,,
mouse_pancreas_tms_10x,44,all,H2_true_rescued_vs_unrescued,true_rescued_rare,unrescued_rare,rare_membership_score,0,4,,0.1187560876970806,,,1.0,,
mouse_pancreas_tms_10x,44,all,H2_true_rescued_vs_unrescued,true_rescued_rare,unrescued_rare,rare_rank,0,4,,1.0,,,-1.0,,
mouse_pancreas_tms_10x,44,all,H2_true_rescued_vs_unrescued,true_rescued_rare,unrescued_rare,rare_standardized_distance,0,4,,1.6097752414510123,,,-1.0,,
mouse_pancreas_tms_10x,44,all,H2_true_rescued_vs_unrescued,true_rescued_rare,unrescued_rare,standardized_prototype_margin,0,4,,-0.6521330854162061,,,1.0,,
mouse_pancreas_tms_10x,44,all,H2_true_rescued_vs_unrescued,true_rescued_rare,unrescued_rare,rare_prototype_distance,0,4,,3.3481070626983325,,,-1.0,,
mouse_pancreas_tms_10x,44,all,H2_true_rescued_vs_unrescued,true_rescued_rare,unrescued_rare,nearest_nonrare_distance,0,4,,3.5033744145186323,,,1.0,,
mouse_pancreas_tms_10x,44,all,H2_true_rescued_vs_unrescued,true_rescued_rare,unrescued_rare,prototype_margin,0,4,,0.1552673518202996,,,1.0,,
mouse_pancreas_tms_10x,44,all,H2_true_rescued_vs_unrescued,true_rescued_rare,unrescued_rare,scANVI_rare_probability,0,4,,0.14343916,,,,,
mouse_pancreas_tms_10x,44,all,H3a_true_rescued_vs_non_target,true_rescued_rare,non_target,rare_membership_score,0,864,,0.052710268535022885,,,1.0,,
mouse_pancreas_tms_10x,44,all,H3a_true_rescued_vs_non_target,true_rescued_rare,non_target,rare_rank,0,864,,3.0,,,-1.0,,
mouse_pancreas_tms_10x,44,all,H3a_true_rescued_vs_non_target,true_rescued_rare,non_target,rare_standardized_distance,0,864,,2.557081977203372,,,-1.0,,
mouse_pancreas_tms_10x,44,all,H3a_true_rescued_vs_non_target,true_rescued_rare,non_target,standardized_prototype_margin,0,864,,-1.7622517306727414,,,1.0,,
mouse_pancreas_tms_10x,44,all,H3a_true_rescued_vs_non_target,true_rescued_rare,non_target,rare_prototype_distance,0,864,,5.318372408347021,,,-1.0,,
mouse_pancreas_tms_10x,44,all,H3a_true_rescued_vs_non_target,true_rescued_rare,non_target,nearest_nonrare_distance,0,864,,3.0270800931184545,,,1.0,,
mouse_pancreas_tms_10x,44,all,H3a_true_rescued_vs_non_target,true_rescued_rare,non_target,prototype_margin,0,864,,-2.1552659890217933,,,1.0,,
mouse_pancreas_tms_10x,44,all,H3a_true_rescued_vs_non_target,true_rescued_rare,non_target,scANVI_rare_probability,0,864,,2.2196168499999998e-07,,,,,
mouse_pancreas_tms_10x,44,all,H3b_true_rescued_vs_closest_competitor,true_rescued_rare,closest_competitor,rare_membership_score,0,32,,0.08151590827169564,,,1.0,,
mouse_pancreas_tms_10x,44,all,H3b_true_rescued_vs_closest_competitor,true_rescued_rare,closest_competitor,rare_rank,0,32,,2.0,,,-1.0,,
mouse_pancreas_tms_10x,44,all,H3b_true_rescued_vs_closest_competitor,true_rescued_rare,closest_competitor,rare_standardized_distance,0,32,,1.8810964383602484,,,-1.0,,
mouse_pancreas_tms_10x,44,all,H3b_true_rescued_vs_closest_competitor,true_rescued_rare,closest_competitor,standardized_prototype_margin,0,32,,-0.9589037891352767,,,1.0,,
mouse_pancreas_tms_10x,44,all,H3b_true_rescued_vs_closest_competitor,true_rescued_rare,closest_competitor,rare_prototype_distance,0,32,,3.9124171553375744,,,-1.0,,
mouse_pancreas_tms_10x,44,all,H3b_true_rescued_vs_closest_competitor,true_rescued_rare,closest_competitor,nearest_nonrare_distance,0,32,,2.26604640115432,,,1.0,,
mouse_pancreas_tms_10x,44,all,H3b_true_rescued_vs_closest_competitor,true_rescued_rare,closest_competitor,prototype_margin,0,32,,-1.9877924407103829,,,1.0,,
mouse_pancreas_tms_10x,44,all,H3b_true_rescued_vs_closest_competitor,true_rescued_rare,closest_competitor,scANVI_rare_probability,0,32,,0.000178087955,,,,,
