dataset,seed,rare_train_size,primary_group,metric,n,median,q25,q75
immune_dc,42,0.01,non_target,rare_membership_score,6004,0.04479266524439046,0.03568821010846289,0.05691034994908295
immune_dc,42,0.01,true_rescued_rare,rare_membership_score,107,0.19526996753816903,0.1729212876159652,0.22229023825812982
immune_dc,42,0.01,unrescued_rare,rare_membership_score,23,0.13058132525398278,0.10286975851208086,0.13410131070160847
immune_dc,42,0.05,non_target,rare_membership_score,6004,0.07235053806981152,0.059651752296291605,0.0884436627872203
immune_dc,42,0.05,baseline_correct_rare,rare_membership_score,94,0.3862942053362315,0.3432532879953548,0.4213984240260457
immune_dc,42,0.05,unrescued_rare,rare_membership_score,13,0.17660173857263425,0.1542352199469795,0.2039842077699906
immune_dc,42,0.05,true_rescued_rare,rare_membership_score,23,0.2792456253569517,0.244839106017972,0.30147380041055155
immune_dc,42,0.10,non_target,rare_membership_score,6004,0.06824666506679693,0.057849229278089595,0.08066676995968275
immune_dc,42,0.10,baseline_correct_rare,rare_membership_score,103,0.36844039521827254,0.3184230898239119,0.4134293654487904
immune_dc,42,0.10,unrescued_rare,rare_membership_score,15,0.16073056400746188,0.13730921303239996,0.1758021177648612
immune_dc,42,0.10,true_rescued_rare,rare_membership_score,12,0.23392076902061482,0.21951030607188898,0.25937563803251357
immune_dc,42,all,non_target,rare_membership_score,6004,0.08393850657693853,0.07131306871317042,0.10006482753326884
immune_dc,42,all,baseline_correct_rare,rare_membership_score,117,0.39189137443556815,0.3387678807381476,0.4354388694255339
immune_dc,42,all,unrescued_rare,rare_membership_score,9,0.18946541544802437,0.16308232176474668,0.2037943678637497
immune_dc,42,all,true_rescued_rare,rare_membership_score,4,0.2424968142949893,0.22945914196858527,0.24773644408057818
immune_dc,43,0.01,non_target,rare_membership_score,6004,0.030035647345324545,0.024644034690280526,0.03789038072663302
immune_dc,43,0.01,true_rescued_rare,rare_membership_score,114,0.22874528252556192,0.18940764257534137,0.2672984689929936
immune_dc,43,0.01,unrescued_rare,rare_membership_score,16,0.0915689020704691,0.07666623138617507,0.11209376803362134
immune_dc,43,0.05,non_target,rare_membership_score,6004,0.05358585834320268,0.04420043610679146,0.06422479932893524
immune_dc,43,0.05,baseline_correct_rare,rare_membership_score,105,0.36457354923479884,0.2973893621134023,0.3965602665052798
immune_dc,43,0.05,unrescued_rare,rare_membership_score,13,0.1474569235584145,0.12561853948339677,0.1642812226324241
immune_dc,43,0.05,true_rescued_rare,rare_membership_score,12,0.2131567623890139,0.20005554935490968,0.23658194928125512
immune_dc,43,0.10,non_target,rare_membership_score,6004,0.09328661579890091,0.07958851839861417,0.11049382624318622
immune_dc,43,0.10,baseline_correct_rare,rare_membership_score,113,0.41206017463492284,0.3734876737203594,0.4656429288358909
immune_dc,43,0.10,unrescued_rare,rare_membership_score,9,0.20413371749540563,0.18133243268004048,0.21505489362752458
immune_dc,43,0.10,true_rescued_rare,rare_membership_score,8,0.27543564065430093,0.2650748727943518,0.2859142740010457
immune_dc,43,all,non_target,rare_membership_score,6004,0.07459818083139794,0.06196435204161073,0.09089870438570546
immune_dc,43,all,baseline_correct_rare,rare_membership_score,119,0.43044573639177675,0.3567904824946625,0.4760451742533365
immune_dc,43,all,unrescued_rare,rare_membership_score,9,0.19903765859061343,0.15381391563961952,0.2211394547746543
immune_dc,43,all,true_rescued_rare,rare_membership_score,2,0.22394752700109702,0.21380039072488932,0.23409466327730472
immune_dc,44,0.01,non_target,rare_membership_score,6004,0.03735349945753852,0.030717601077889088,0.04628560758972313
immune_dc,44,0.01,true_rescued_rare,rare_membership_score,117,0.22299920088013014,0.18938937281709078,0.26153981796279224
immune_dc,44,0.01,unrescued_rare,rare_membership_score,13,0.09890380156654759,0.08495537814545777,0.11751583181846631
immune_dc,44,0.05,non_target,rare_membership_score,6004,0.058929033072285295,0.048466423874849326,0.07304426997301271
immune_dc,44,0.05,baseline_correct_rare,rare_membership_score,103,0.3550919691413674,0.2961439915317146,0.39169763935434637
immune_dc,44,0.05,unrescued_rare,rare_membership_score,10,0.15000950373101846,0.10798554700365101,0.17402075204643444
immune_dc,44,0.05,true_rescued_rare,rare_membership_score,17,0.22187514312336618,0.21407377161409902,0.2654635656876647
immune_dc,44,0.10,non_target,rare_membership_score,6004,0.06156478994893359,0.05070273987383129,0.0765341913702291
immune_dc,44,0.10,baseline_correct_rare,rare_membership_score,111,0.40619440242262456,0.3341076496185731,0.44360135411911494
immune_dc,44,0.10,unrescued_rare,rare_membership_score,9,0.15585766321953654,0.11671859740321355,0.16860357372728524
immune_dc,44,0.10,true_rescued_rare,rare_membership_score,10,0.22716182475715352,0.21829047565718182,0.264591913810057
immune_dc,44,all,non_target,rare_membership_score,6004,0.08339964664688362,0.07082935410425462,0.09992065914866219
immune_dc,44,all,baseline_correct_rare,rare_membership_score,120,0.39443507659321075,0.3337220490268041,0.4424852235970152
immune_dc,44,all,unrescued_rare,rare_membership_score,8,0.18023355807016403,0.15280622984526282,0.19737400392666374
immune_dc,44,all,true_rescued_rare,rare_membership_score,2,0.24343763884049285,0.23784940481009564,0.24902587287089006
pancreas_baron,42,0.01,non_target,rare_membership_score,1638,0.07212800880630085,0.05734042119593482,0.08257701075935042
pancreas_baron,42,0.01,unrescued_rare,rare_membership_score,21,0.10701547881519081,0.09938575739821258,0.11594285898032754
pancreas_baron,42,0.01,true_rescued_rare,rare_membership_score,54,0.1444608943502736,0.134058213794723,0.15501140473504407
pancreas_baron,42,0.01,baseline_correct_rare,rare_membership_score,11,0.15533344211733738,0.14365460655104478,0.1695961970424541
pancreas_baron,42,0.05,non_target,rare_membership_score,1638,0.07212800880630085,0.05734042119593482,0.08257701075935042
pancreas_baron,42,0.05,unrescued_rare,rare_membership_score,21,0.10701547881519081,0.09938575739821258,0.11594285898032754
pancreas_baron,42,0.05,true_rescued_rare,rare_membership_score,54,0.1444608943502736,0.134058213794723,0.15501140473504407
pancreas_baron,42,0.05,baseline_correct_rare,rare_membership_score,11,0.15533344211733738,0.14365460655104478,0.1695961970424541
pancreas_baron,42,0.10,non_target,rare_membership_score,1638,0.07077414954553099,0.057825293425773285,0.08036675900410312
pancreas_baron,42,0.10,unrescued_rare,rare_membership_score,24,0.11159973684473912,0.0987725376417325,0.11560168993193454
pancreas_baron,42,0.10,baseline_correct_rare,rare_membership_score,57,0.14439198803911688,0.13325449903873202,0.15754385614392863
pancreas_baron,42,0.10,true_rescued_rare,rare_membership_score,5,0.1352408211237213,0.125805373910067,0.14241886621762354
pancreas_baron,42,all,non_target,rare_membership_score,1638,0.08536350758476591,0.058795522900272734,0.10053634847931436
pancreas_baron,42,all,baseline_correct_rare,rare_membership_score,80,0.16281063889353042,0.1425667997734705,0.18731612575765394
pancreas_baron,42,all,unrescued_rare,rare_membership_score,6,0.12614066742819574,0.11871067039822258,0.13313686789831666
pancreas_baron,43,0.01,non_target,rare_membership_score,1638,0.0918439160413958,0.07245626356526645,0.10248157827405435
pancreas_baron,43,0.01,unrescued_rare,rare_membership_score,74,0.14168813684854215,0.12395805376813152,0.15621481932816578
pancreas_baron,43,0.01,baseline_correct_rare,rare_membership_score,12,0.17231282788300994,0.16568874025355249,0.17989122346861677
pancreas_baron,43,0.05,non_target,rare_membership_score,1638,0.0918439160413958,0.07245626356526645,0.10248157827405435
pancreas_baron,43,0.05,unrescued_rare,rare_membership_score,74,0.14168813684854215,0.12395805376813152,0.15621481932816578
pancreas_baron,43,0.05,baseline_correct_rare,rare_membership_score,12,0.17231282788300994,0.16568874025355249,0.17989122346861677
pancreas_baron,43,0.10,non_target,rare_membership_score,1638,0.053414775819225366,0.031812490669990916,0.06392630106441619
pancreas_baron,43,0.10,baseline_correct_rare,rare_membership_score,57,0.09988732842438804,0.0894068465306201,0.1226303898678039
pancreas_baron,43,0.10,unrescued_rare,rare_membership_score,18,0.0676446501127896,0.06033412503193863,0.08182567348463533
pancreas_baron,43,0.10,true_rescued_rare,rare_membership_score,11,0.10490851841410585,0.10301344730813652,0.11287264123348054
pancreas_baron,43,all,non_target,rare_membership_score,1638,0.09852907074318679,0.06940597979452275,0.10958496050714797
pancreas_baron,43,all,baseline_correct_rare,rare_membership_score,77,0.16999050952388411,0.1512740349948992,0.18466943028477678
pancreas_baron,43,all,unrescued_rare,rare_membership_score,9,0.12839552271298627,0.11763033549215375,0.13372681062244604
pancreas_baron,44,0.01,non_target,rare_membership_score,1638,0.07215682599187331,0.04414724236131636,0.0887121996831062
pancreas_baron,44,0.01,unrescued_rare,rare_membership_score,42,0.13628206690109465,0.12027996321565632,0.15542642857247851
pancreas_baron,44,0.01,baseline_correct_rare,rare_membership_score,44,0.17169501493382777,0.15370211074709436,0.1918241934906602
pancreas_baron,44,0.05,non_target,rare_membership_score,1638,0.07215682599187331,0.04414724236131636,0.0887121996831062
pancreas_baron,44,0.05,unrescued_rare,rare_membership_score,42,0.13628206690109465,0.12027996321565632,0.15542642857247851
pancreas_baron,44,0.05,baseline_correct_rare,rare_membership_score,44,0.17169501493382777,0.15370211074709436,0.1918241934906602
pancreas_baron,44,0.10,non_target,rare_membership_score,1638,0.08915097125385227,0.06265367626155995,0.10487382845896444
pancreas_baron,44,0.10,baseline_correct_rare,rare_membership_score,71,0.18077130961921253,0.16582023350886757,0.19581854728339498
pancreas_baron,44,0.10,unrescued_rare,rare_membership_score,15,0.13995356593856956,0.126338962936081,0.14829787708303122
pancreas_baron,44,all,non_target,rare_membership_score,1638,0.09759412428439557,0.06386047699963292,0.11441192838182367
pancreas_baron,44,all,baseline_correct_rare,rare_membership_score,74,0.17150659426147039,0.15372128016117922,0.19014890832207088
pancreas_baron,44,all,unrescued_rare,rare_membership_score,12,0.13940991604188813,0.1295273927324617,0.15200848213529614
pancreas_integrated,42,0.01,non_target,rare_membership_score,1701,0.07818337568412091,0.06815541564440188,0.08783493304164783
pancreas_integrated,42,0.01,baseline_correct_rare,rare_membership_score,23,0.25808580703371015,0.23864175309337604,0.2660250047053113
pancreas_integrated,42,0.05,non_target,rare_membership_score,1701,0.07830977965538859,0.07021504349961318,0.09289495758121141
pancreas_integrated,42,0.05,baseline_correct_rare,rare_membership_score,23,0.2795730275698146,0.2647162677191317,0.288981129602948
pancreas_integrated,42,0.10,non_target,rare_membership_score,1701,0.08781632156531126,0.07910583083324124,0.09988455779084958
pancreas_integrated,42,0.10,baseline_correct_rare,rare_membership_score,23,0.27740097250291124,0.27119575710758576,0.29070529945021634
pancreas_integrated,42,all,non_target,rare_membership_score,1701,0.08323673647775331,0.07458756583055869,0.09564791486185528
pancreas_integrated,42,all,baseline_correct_rare,rare_membership_score,23,0.28726349761877706,0.2729474498908997,0.29876582284127273
pancreas_integrated,43,0.01,non_target,rare_membership_score,1701,0.018581043722366648,0.016013676774315727,0.02222007431123035
pancreas_integrated,43,0.01,baseline_correct_rare,rare_membership_score,23,0.1817122161901442,0.14799047344267224,0.20194687210896434
pancreas_integrated,43,0.05,non_target,rare_membership_score,1701,0.06054901011895304,0.05487413457836385,0.06799367323480339
pancreas_integrated,43,0.05,baseline_correct_rare,rare_membership_score,23,0.25446345946578064,0.23692972858885275,0.2765515531075601
pancreas_integrated,43,0.10,non_target,rare_membership_score,1701,0.09213477547766571,0.0836041300124549,0.10337961151784299
pancreas_integrated,43,0.10,baseline_correct_rare,rare_membership_score,23,0.29176157766287164,0.2651461876117047,0.3106419405006109
pancreas_integrated,43,all,non_target,rare_membership_score,1701,0.07342615001073796,0.06718691567973949,0.08229719106556052
pancreas_integrated,43,all,baseline_correct_rare,rare_membership_score,23,0.28700406840263826,0.2645605126346926,0.31069462511804247
pancreas_integrated,44,0.01,non_target,rare_membership_score,1701,0.0700986529306201,0.06302210680636233,0.0798919684768261
pancreas_integrated,44,0.01,true_rescued_rare,rare_membership_score,23,0.22971861478066863,0.2016176829075021,0.24517612297841168
pancreas_integrated,44,0.05,non_target,rare_membership_score,1701,0.07340125772558366,0.06635300088602972,0.08351928534189058
pancreas_integrated,44,0.05,baseline_correct_rare,rare_membership_score,23,0.2516310995684572,0.2368054706828806,0.26668605040034477
pancreas_integrated,44,0.10,non_target,rare_membership_score,1701,0.056289870923826715,0.05136927427265216,0.06465156751437907
pancreas_integrated,44,0.10,baseline_correct_rare,rare_membership_score,23,0.23658437983051728,0.21913493022318187,0.26893099655898955
pancreas_integrated,44,all,non_target,rare_membership_score,1701,0.06942355673283968,0.063634114579402,0.07869673459301225
pancreas_integrated,44,all,baseline_correct_rare,rare_membership_score,23,0.2422648316460092,0.22629164227599424,0.26537878930580583
tabula_lung_endo,42,0.01,non_target,rare_membership_score,1716,0.060020909820219626,0.05050571187838994,0.07315333357517384
tabula_lung_endo,42,0.01,true_rescued_rare,rare_membership_score,65,0.2557363647311926,0.2209241638907789,0.2891734435052987
tabula_lung_endo,42,0.05,non_target,rare_membership_score,1716,0.11503722536000408,0.10040769656439517,0.13269839408116862
tabula_lung_endo,42,0.05,true_rescued_rare,rare_membership_score,32,0.36754910294138965,0.336190943202567,0.40016890948832023
tabula_lung_endo,42,0.05,baseline_correct_rare,rare_membership_score,33,0.4309619179657287,0.3806823790084903,0.4637112114983117
tabula_lung_endo,42,0.10,non_target,rare_membership_score,1716,0.11956833369274275,0.10616993136060356,0.13586200085762062
tabula_lung_endo,42,0.10,baseline_correct_rare,rare_membership_score,64,0.41528161104438205,0.3804446222703418,0.46706604983261163
tabula_lung_endo,42,0.10,unrescued_rare,rare_membership_score,1,0.24515552963446186,0.24515552963446186,0.24515552963446186
tabula_lung_endo,42,all,non_target,rare_membership_score,1716,0.12653934169092382,0.11052197782454946,0.14364750728460207
tabula_lung_endo,42,all,baseline_correct_rare,rare_membership_score,65,0.44381581310313467,0.40303226629103667,0.4814478679226234
tabula_lung_endo,43,0.01,non_target,rare_membership_score,1716,0.049722050666829165,0.04395369892257279,0.05695617819718002
tabula_lung_endo,43,0.01,true_rescued_rare,rare_membership_score,56,0.24953272827986459,0.19839666080219842,0.28399152737754807
tabula_lung_endo,43,0.01,baseline_correct_rare,rare_membership_score,7,0.359438942342064,0.3158414571190414,0.39269502093515546
tabula_lung_endo,43,0.01,unrescued_rare,rare_membership_score,2,0.09951493208153064,0.09876578501498046,0.10026407914808083
tabula_lung_endo,43,0.05,non_target,rare_membership_score,1716,0.1271738104549695,0.11494032275398335,0.141780085913706
tabula_lung_endo,43,0.05,baseline_correct_rare,rare_membership_score,60,0.4002906783814185,0.34486813022251617,0.42618650437408534
tabula_lung_endo,43,0.05,true_rescued_rare,rare_membership_score,5,0.34536782447405096,0.2588891406289664,0.36477534633759556
tabula_lung_endo,43,0.10,non_target,rare_membership_score,1716,0.0886349461235505,0.07873440461976376,0.09830211857306162
tabula_lung_endo,43,0.10,baseline_correct_rare,rare_membership_score,63,0.33878554171244674,0.3174785705265031,0.3918524407981545
tabula_lung_endo,43,0.10,unrescued_rare,rare_membership_score,2,0.17248103527867764,0.1687251839491218,0.1762368866082335
tabula_lung_endo,43,all,non_target,rare_membership_score,1716,0.14514202090038453,0.13095739979268217,0.16127498429723713
tabula_lung_endo,43,all,baseline_correct_rare,rare_membership_score,65,0.42001759315772175,0.36119077113200576,0.44157785863184773
tabula_lung_endo,44,0.01,non_target,rare_membership_score,1716,0.09414758318222279,0.0832940381962858,0.10647584927789135
tabula_lung_endo,44,0.01,true_rescued_rare,rare_membership_score,23,0.2809678322008254,0.2324676348264879,0.31956702334849374
tabula_lung_endo,44,0.01,baseline_correct_rare,rare_membership_score,40,0.33036787604422935,0.305362669809228,0.3689937354799909
tabula_lung_endo,44,0.01,unrescued_rare,rare_membership_score,2,0.15137246994875644,0.14954517772104287,0.15319976217647002
tabula_lung_endo,44,0.05,non_target,rare_membership_score,1716,0.1287402381406716,0.11417461485162753,0.146383433469844
tabula_lung_endo,44,0.05,baseline_correct_rare,rare_membership_score,59,0.38443807218262704,0.3490661591853507,0.433239447017748
tabula_lung_endo,44,0.05,true_rescued_rare,rare_membership_score,6,0.253054258848955,0.24238309670460412,0.2602224498686297
tabula_lung_endo,44,0.10,non_target,rare_membership_score,1716,0.11666067830699822,0.10290805926358994,0.13280481266247457
tabula_lung_endo,44,0.10,baseline_correct_rare,rare_membership_score,63,0.3934165875563291,0.3519384563502262,0.4408606591260691
tabula_lung_endo,44,0.10,unrescued_rare,rare_membership_score,2,0.20688585181718094,0.20347861387525748,0.21029308975910443
tabula_lung_endo,44,all,non_target,rare_membership_score,1716,0.13275113980508374,0.11632258985355626,0.15207232011907698
tabula_lung_endo,44,all,baseline_correct_rare,rare_membership_score,63,0.41869243796939104,0.3706482582301611,0.4577697624539049
tabula_lung_endo,44,all,unrescued_rare,rare_membership_score,2,0.24779640401318165,0.2456116147513744,0.24998119327498886
tabula_sapiens_stomach,42,0.01,non_target,rare_membership_score,9543,0.0360099538590931,0.03232199746280576,0.03984547968300938
tabula_sapiens_stomach,42,0.01,baseline_correct_rare,rare_membership_score,12,0.11932514060163567,0.10943868202307865,0.14107577874043414
tabula_sapiens_stomach,42,0.01,unrescued_rare,rare_membership_score,13,0.04978072515797847,0.04192953402110687,0.05678709175704753
tabula_sapiens_stomach,42,0.01,true_rescued_rare,rare_membership_score,7,0.07402881369135071,0.06849974378839181,0.08286145715922594
tabula_sapiens_stomach,42,0.05,non_target,rare_membership_score,9543,0.0360099538590931,0.03232199746280576,0.03984547968300938
tabula_sapiens_stomach,42,0.05,baseline_correct_rare,rare_membership_score,12,0.11932514060163567,0.10943868202307865,0.14107577874043414
tabula_sapiens_stomach,42,0.05,unrescued_rare,rare_membership_score,13,0.04978072515797847,0.04192953402110687,0.05678709175704753
tabula_sapiens_stomach,42,0.05,true_rescued_rare,rare_membership_score,7,0.07402881369135071,0.06849974378839181,0.08286145715922594
tabula_sapiens_stomach,42,0.10,non_target,rare_membership_score,9543,0.0360099538590931,0.03232199746280576,0.03984547968300938
tabula_sapiens_stomach,42,0.10,baseline_correct_rare,rare_membership_score,12,0.11932514060163567,0.10943868202307865,0.14107577874043414
tabula_sapiens_stomach,42,0.10,unrescued_rare,rare_membership_score,13,0.04978072515797847,0.04192953402110687,0.05678709175704753
tabula_sapiens_stomach,42,0.10,true_rescued_rare,rare_membership_score,7,0.07402881369135071,0.06849974378839181,0.08286145715922594
tabula_sapiens_stomach,42,all,non_target,rare_membership_score,9543,0.04292875135093018,0.03853036836578014,0.04763641957994053
tabula_sapiens_stomach,42,all,true_rescued_rare,rare_membership_score,9,0.09632352370088472,0.08389899009491701,0.11548729534142939
tabula_sapiens_stomach,42,all,unrescued_rare,rare_membership_score,15,0.05751877400559129,0.051557549744549354,0.06740247593973628
tabula_sapiens_stomach,42,all,baseline_correct_rare,rare_membership_score,8,0.14305036723735964,0.12388682829563147,0.17675949740645788
tabula_sapiens_stomach,43,0.01,non_target,rare_membership_score,9543,0.012482296332621344,0.011256600577008925,0.013941170281952546
tabula_sapiens_stomach,43,0.01,baseline_correct_rare,rare_membership_score,17,0.06515063095270121,0.04792169834939102,0.0987476139194379
tabula_sapiens_stomach,43,0.01,unrescued_rare,rare_membership_score,14,0.020555860833066816,0.016872495755672047,0.028872734160174336
tabula_sapiens_stomach,43,0.01,true_rescued_rare,rare_membership_score,1,0.0423218067048081,0.0423218067048081,0.0423218067048081
tabula_sapiens_stomach,43,0.05,non_target,rare_membership_score,9543,0.012482296332621344,0.011256600577008925,0.013941170281952546
tabula_sapiens_stomach,43,0.05,baseline_correct_rare,rare_membership_score,17,0.06515063095270121,0.04792169834939102,0.0987476139194379
tabula_sapiens_stomach,43,0.05,unrescued_rare,rare_membership_score,14,0.020555860833066816,0.016872495755672047,0.028872734160174336
tabula_sapiens_stomach,43,0.05,true_rescued_rare,rare_membership_score,1,0.0423218067048081,0.0423218067048081,0.0423218067048081
tabula_sapiens_stomach,43,0.10,non_target,rare_membership_score,9543,0.012482296332621344,0.011256600577008925,0.013941170281952546
tabula_sapiens_stomach,43,0.10,baseline_correct_rare,rare_membership_score,17,0.06515063095270121,0.04792169834939102,0.0987476139194379
tabula_sapiens_stomach,43,0.10,unrescued_rare,rare_membership_score,14,0.020555860833066816,0.016872495755672047,0.028872734160174336
tabula_sapiens_stomach,43,0.10,true_rescued_rare,rare_membership_score,1,0.0423218067048081,0.0423218067048081,0.0423218067048081
tabula_sapiens_stomach,43,all,non_target,rare_membership_score,9543,0.04076259453108,0.03749105924383879,0.04462353620568324
tabula_sapiens_stomach,43,all,baseline_correct_rare,rare_membership_score,16,0.1443783009115921,0.12339899839134563,0.19052184171893646
tabula_sapiens_stomach,43,all,unrescued_rare,rare_membership_score,14,0.05619822752663309,0.05041039451482478,0.07383294547081737
tabula_sapiens_stomach,43,all,true_rescued_rare,rare_membership_score,2,0.10104894123960981,0.0998121719326042,0.10228571054661544
tabula_sapiens_stomach,44,0.01,non_target,rare_membership_score,9543,0.018899514453281724,0.016838857709114745,0.021632293488300414
tabula_sapiens_stomach,44,0.01,true_rescued_rare,rare_membership_score,4,0.06238928932526994,0.05516513541773608,0.07067730357193784
tabula_sapiens_stomach,44,0.01,unrescued_rare,rare_membership_score,14,0.019036995373283176,0.01570527915595707,0.04152603093934146
tabula_sapiens_stomach,44,0.01,baseline_correct_rare,rare_membership_score,14,0.08973023851338775,0.07414324302183369,0.12390934158972976
tabula_sapiens_stomach,44,0.05,non_target,rare_membership_score,9543,0.018899514453281724,0.016838857709114745,0.021632293488300414
tabula_sapiens_stomach,44,0.05,true_rescued_rare,rare_membership_score,4,0.06238928932526994,0.05516513541773608,0.07067730357193784
tabula_sapiens_stomach,44,0.05,unrescued_rare,rare_membership_score,14,0.019036995373283176,0.01570527915595707,0.04152603093934146
tabula_sapiens_stomach,44,0.05,baseline_correct_rare,rare_membership_score,14,0.08973023851338775,0.07414324302183369,0.12390934158972976
tabula_sapiens_stomach,44,0.10,non_target,rare_membership_score,9543,0.018899514453281724,0.016838857709114745,0.021632293488300414
tabula_sapiens_stomach,44,0.10,true_rescued_rare,rare_membership_score,4,0.06238928932526994,0.05516513541773608,0.07067730357193784
tabula_sapiens_stomach,44,0.10,unrescued_rare,rare_membership_score,14,0.019036995373283176,0.01570527915595707,0.04152603093934146
tabula_sapiens_stomach,44,0.10,baseline_correct_rare,rare_membership_score,14,0.08973023851338775,0.07414324302183369,0.12390934158972976
tabula_sapiens_stomach,44,all,non_target,rare_membership_score,9543,0.03840693945874412,0.03483636991314383,0.042615393671359525
tabula_sapiens_stomach,44,all,true_rescued_rare,rare_membership_score,5,0.10323216970141025,0.07982472805054093,0.10689253427058346
tabula_sapiens_stomach,44,all,unrescued_rare,rare_membership_score,13,0.033670448567244556,0.02920210603108591,0.05992233426878769
tabula_sapiens_stomach,44,all,baseline_correct_rare,rare_membership_score,14,0.13324343604920175,0.11045278160856073,0.18126889048484074
tabula_small_intestine,42,0.01,non_target,rare_membership_score,6288,0.005085352170897929,0.004128230794512181,0.0061094085313817634
tabula_small_intestine,42,0.01,baseline_correct_rare,rare_membership_score,65,0.13319257551474092,0.10920388881774047,0.16144915191517167
tabula_small_intestine,42,0.05,non_target,rare_membership_score,6288,0.011908555997178485,0.010157504425095047,0.013825920286048376
tabula_small_intestine,42,0.05,baseline_correct_rare,rare_membership_score,65,0.14377963443586905,0.12109879923445657,0.16460367483902566
tabula_small_intestine,42,0.10,non_target,rare_membership_score,6288,0.014477371454969839,0.012239594102921232,0.016918592159991495
tabula_small_intestine,42,0.10,baseline_correct_rare,rare_membership_score,65,0.15506223599298388,0.13068569955075018,0.17611836778845671
tabula_small_intestine,42,all,non_target,rare_membership_score,6288,0.012096615831859281,0.010219685092928116,0.014149529665569545
tabula_small_intestine,42,all,baseline_correct_rare,rare_membership_score,65,0.14510971880396623,0.12282048200473046,0.16907010206616527
tabula_small_intestine,43,0.01,non_target,rare_membership_score,6288,0.015437176793935463,0.013328000698514397,0.017908900780255213
tabula_small_intestine,43,0.01,baseline_correct_rare,rare_membership_score,65,0.18776002589659588,0.1673024250819368,0.20982112544232373
tabula_small_intestine,43,0.05,non_target,rare_membership_score,6288,0.012136536863901808,0.010496471142425546,0.01423887351756275
tabula_small_intestine,43,0.05,baseline_correct_rare,rare_membership_score,65,0.16644324280438186,0.14113630160474808,0.19230730333773954
tabula_small_intestine,43,0.10,non_target,rare_membership_score,6288,0.005550100841587812,0.004730076437251589,0.006604051126694986
tabula_small_intestine,43,0.10,baseline_correct_rare,rare_membership_score,65,0.15096770869014284,0.12404193311221663,0.17467341756572727
tabula_small_intestine,43,all,non_target,rare_membership_score,6288,0.008958904754812706,0.007777540640524798,0.010428632872351582
tabula_small_intestine,43,all,baseline_correct_rare,rare_membership_score,65,0.1619762508492005,0.14410799307257768,0.1830575057945114
tabula_small_intestine,44,0.01,non_target,rare_membership_score,6288,0.0092697188025022,0.007860702102505578,0.010926482948104922
tabula_small_intestine,44,0.01,baseline_correct_rare,rare_membership_score,65,0.13181532663198944,0.1122989909147616,0.15156358422837185
tabula_small_intestine,44,0.05,non_target,rare_membership_score,6288,0.014646803987409755,0.012852271122919427,0.01670694875375295
tabula_small_intestine,44,0.05,baseline_correct_rare,rare_membership_score,65,0.16336277061407872,0.14371754504306528,0.1869460537440605
tabula_small_intestine,44,0.10,non_target,rare_membership_score,6288,0.009564184941315605,0.008375666899646306,0.011056680027805344
tabula_small_intestine,44,0.10,baseline_correct_rare,rare_membership_score,65,0.14691567182483872,0.1300063590092507,0.1666274226219739
tabula_small_intestine,44,all,non_target,rare_membership_score,6288,0.011841494284176881,0.010392395401648396,0.013489377987171355
tabula_small_intestine,44,all,baseline_correct_rare,rare_membership_score,65,0.14532353356335148,0.12722896336042733,0.17045857464207362
mouse_lung_tms_10x,42,0.01,non_target,rare_membership_score,1316,0.004020684616923712,0.0028306670031124914,0.013947989172514543
mouse_lung_tms_10x,42,0.01,unrescued_rare,rare_membership_score,44,0.0407025066140726,0.03371480143411179,0.04950454165974865
mouse_lung_tms_10x,42,0.01,true_rescued_rare,rare_membership_score,7,0.06489128916673825,0.06235857066806886,0.070464612802673
mouse_lung_tms_10x,42,0.05,non_target,rare_membership_score,1316,0.014320835043918175,0.011435561410471539,0.03086284257196992
mouse_lung_tms_10x,42,0.05,unrescued_rare,rare_membership_score,51,0.0903464874426007,0.08027490844966825,0.10570920393311914
mouse_lung_tms_10x,42,0.10,non_target,rare_membership_score,1316,0.020674529742464073,0.01683141359728659,0.04670534265279513
mouse_lung_tms_10x,42,0.10,unrescued_rare,rare_membership_score,22,0.10048484388236607,0.09360766026980447,0.11211232143709665
mouse_lung_tms_10x,42,0.10,baseline_correct_rare,rare_membership_score,14,0.14374618917122034,0.13100402077596138,0.16041230183584854
mouse_lung_tms_10x,42,0.10,true_rescued_rare,rare_membership_score,15,0.12202566136942397,0.11509331574170495,0.12569176796988007
mouse_lung_tms_10x,42,all,non_target,rare_membership_score,1316,0.022977535862065752,0.018983751393799295,0.04548615306715586
mouse_lung_tms_10x,42,all,baseline_correct_rare,rare_membership_score,34,0.150205957188627,0.1387127184298304,0.16523400780489117
mouse_lung_tms_10x,42,all,unrescued_rare,rare_membership_score,17,0.10852095228621186,0.10437018628373834,0.13174194988097157
mouse_lung_tms_10x,43,0.01,non_target,rare_membership_score,1316,0.02621683665682644,0.020789894652020274,0.06902840744096786
mouse_lung_tms_10x,43,0.01,unrescued_rare,rare_membership_score,51,0.1297331305770061,0.11480230344584119,0.1453440300672197
mouse_lung_tms_10x,43,0.05,non_target,rare_membership_score,1316,0.02341959502424965,0.019759079386693627,0.06026899444662169
mouse_lung_tms_10x,43,0.05,unrescued_rare,rare_membership_score,51,0.12194004366162516,0.10593824607625263,0.1304450453424158
mouse_lung_tms_10x,43,0.10,non_target,rare_membership_score,1316,0.014949322893242759,0.011278035773959801,0.04224391129749044
mouse_lung_tms_10x,43,0.10,unrescued_rare,rare_membership_score,51,0.10585089967387677,0.09661943880608079,0.12238377880619122
mouse_lung_tms_10x,43,all,non_target,rare_membership_score,1316,0.02148114416186954,0.017091109363488524,0.0477453622408502
mouse_lung_tms_10x,43,all,baseline_correct_rare,rare_membership_score,37,0.14421271221749118,0.13448360956380015,0.15144109587851798
mouse_lung_tms_10x,43,all,unrescued_rare,rare_membership_score,14,0.10081516306796438,0.09319999828392124,0.10933625856762558
mouse_lung_tms_10x,44,0.01,non_target,rare_membership_score,1316,0.015453235503409858,0.012388861591349613,0.03504742424507221
mouse_lung_tms_10x,44,0.01,unrescued_rare,rare_membership_score,40,0.07124506960248253,0.06498198725273477,0.08031510629357158
mouse_lung_tms_10x,44,0.01,true_rescued_rare,rare_membership_score,11,0.10312450396515885,0.10075669634005346,0.11120308856908279
mouse_lung_tms_10x,44,0.05,non_target,rare_membership_score,1316,0.014709998805663989,0.011647169456017965,0.03488903582409923
mouse_lung_tms_10x,44,0.05,unrescued_rare,rare_membership_score,34,0.07606227927643822,0.06523203729187943,0.08495575439497263
mouse_lung_tms_10x,44,0.05,true_rescued_rare,rare_membership_score,16,0.1097396706306652,0.1024523315293999,0.11750218457400091
mouse_lung_tms_10x,44,0.05,baseline_correct_rare,rare_membership_score,1,0.11947871034005397,0.11947871034005397,0.11947871034005397
mouse_lung_tms_10x,44,0.10,non_target,rare_membership_score,1316,0.024360811888499416,0.02013057340268362,0.05122702249474696
mouse_lung_tms_10x,44,0.10,unrescued_rare,rare_membership_score,33,0.1022901044495742,0.0935173455044357,0.1231280067371423
mouse_lung_tms_10x,44,0.10,baseline_correct_rare,rare_membership_score,18,0.14026200403502478,0.1338262170736475,0.15501025703173063
mouse_lung_tms_10x,44,all,non_target,rare_membership_score,1316,0.024126982256762297,0.019855617690543465,0.04807827111022339
mouse_lung_tms_10x,44,all,baseline_correct_rare,rare_membership_score,42,0.1483332522019879,0.1321100891411064,0.17330382425243365
mouse_lung_tms_10x,44,all,unrescued_rare,rare_membership_score,8,0.08719674378984357,0.08326508300015513,0.09592611535754528
mouse_lung_tms_10x,44,all,true_rescued_rare,rare_membership_score,1,0.11719555121609368,0.11719555121609368,0.11719555121609368
mouse_pancreas_tms_10x,42,0.01,non_target,rare_membership_score,864,0.09754683913285128,0.08823757638593002,0.11011993994409286
mouse_pancreas_tms_10x,42,0.01,unrescued_rare,rare_membership_score,67,0.19323973963590763,0.16712563454297402,0.21828646163931517
mouse_pancreas_tms_10x,42,0.01,baseline_correct_rare,rare_membership_score,4,0.2325300926632721,0.22396601729492083,0.2538525840805608
mouse_pancreas_tms_10x,42,0.05,non_target,rare_membership_score,864,0.07958991041447039,0.06810723139325722,0.09133250686634549
mouse_pancreas_tms_10x,42,0.05,baseline_correct_rare,rare_membership_score,59,0.2182273242054537,0.19649013954244074,0.24353025378103305
mouse_pancreas_tms_10x,42,0.05,unrescued_rare,rare_membership_score,12,0.1552496030285086,0.1277881541474211,0.17420393751843768
mouse_pancreas_tms_10x,42,0.10,non_target,rare_membership_score,864,0.06568762610453242,0.05526403521160574,0.07542994103992434
mouse_pancreas_tms_10x,42,0.10,baseline_correct_rare,rare_membership_score,61,0.2038821476255291,0.1758118580000902,0.22827311496763297
mouse_pancreas_tms_10x,42,0.10,unrescued_rare,rare_membership_score,10,0.11758084320845905,0.10276036239410513,0.13026120223656695
mouse_pancreas_tms_10x,42,all,non_target,rare_membership_score,864,0.06354536896539273,0.05025891523106625,0.0743612897347781
mouse_pancreas_tms_10x,42,all,baseline_correct_rare,rare_membership_score,67,0.21229180730370265,0.17213720676502878,0.24041536686050763
mouse_pancreas_tms_10x,42,all,unrescued_rare,rare_membership_score,4,0.11357686979017015,0.10289270375359767,0.1218753838126116
mouse_pancreas_tms_10x,43,0.01,non_target,rare_membership_score,864,0.0365578876006884,0.029174250774895702,0.04358128063966607
mouse_pancreas_tms_10x,43,0.01,unrescued_rare,rare_membership_score,44,0.1069685141708632,0.08853228649777811,0.15593654348636612
mouse_pancreas_tms_10x,43,0.01,baseline_correct_rare,rare_membership_score,27,0.173177045132984,0.14918397116720566,0.19681005209718144
mouse_pancreas_tms_10x,43,0.05,non_target,rare_membership_score,864,0.02534725585333325,0.01704020238148083,0.03315490859058195
mouse_pancreas_tms_10x,43,0.05,unrescued_rare,rare_membership_score,20,0.07848886919034989,0.05257107674808844,0.09292662060428897
mouse_pancreas_tms_10x,43,0.05,baseline_correct_rare,rare_membership_score,51,0.1723813314793269,0.122976096367798,0.20505493862215424
mouse_pancreas_tms_10x,43,0.10,non_target,rare_membership_score,864,0.0779049367611111,0.06643110892917056,0.08952213990261157
mouse_pancreas_tms_10x,43,0.10,baseline_correct_rare,rare_membership_score,61,0.23199953972070375,0.20879160518020962,0.26063541919771116
mouse_pancreas_tms_10x,43,0.10,unrescued_rare,rare_membership_score,10,0.14513196010513085,0.12452087434065515,0.16421911965643904
mouse_pancreas_tms_10x,43,all,non_target,rare_membership_score,864,0.054497587766514866,0.04209149650092097,0.06569021441652738
mouse_pancreas_tms_10x,43,all,baseline_correct_rare,rare_membership_score,67,0.22002543495473612,0.16584451413365559,0.24921612022695167
mouse_pancreas_tms_10x,43,all,unrescued_rare,rare_membership_score,4,0.10591480355885743,0.10114740811838983,0.11427623622390054
mouse_pancreas_tms_10x,44,0.01,non_target,rare_membership_score,864,0.04007855740886111,0.027211893363073086,0.0534338764700998
mouse_pancreas_tms_10x,44,0.01,unrescued_rare,rare_membership_score,32,0.10632972683788916,0.0947479191512898,0.13246722673358882
mouse_pancreas_tms_10x,44,0.01,baseline_correct_rare,rare_membership_score,39,0.1625803433321659,0.1457607624675552,0.1722011741388868
mouse_pancreas_tms_10x,44,0.05,non_target,rare_membership_score,864,0.03302365340029138,0.019663909270413824,0.043358069365880304
mouse_pancreas_tms_10x,44,0.05,unrescued_rare,rare_membership_score,12,0.10405885611178356,0.0887029700117929,0.11721659071621783
mouse_pancreas_tms_10x,44,0.05,baseline_correct_rare,rare_membership_score,59,0.1784283997780678,0.14073632240078837,0.22019681694240784
mouse_pancreas_tms_10x,44,0.10,non_target,rare_membership_score,864,0.06046591275425295,0.04970173051567215,0.07168225188855426
mouse_pancreas_tms_10x,44,0.10,baseline_correct_rare,rare_membership_score,61,0.20007137165003597,0.17976805650855732,0.22453607317012397
mouse_pancreas_tms_10x,44,0.10,unrescued_rare,rare_membership_score,10,0.12428455845488809,0.10942660889590919,0.12904114245399745
mouse_pancreas_tms_10x,44,all,non_target,rare_membership_score,864,0.052710268535022885,0.03671104902871586,0.06654476508753882
mouse_pancreas_tms_10x,44,all,baseline_correct_rare,rare_membership_score,67,0.21605944996665627,0.16967645770564,0.2499303529861202
mouse_pancreas_tms_10x,44,all,unrescued_rare,rare_membership_score,4,0.1187560876970806,0.09976318085072337,0.12698236953147304
immune_dc,42,0.01,non_target,rare_rank,6004,5.0,4.0,6.0
immune_dc,42,0.01,true_rescued_rare,rare_rank,107,1.0,1.0,1.0
immune_dc,42,0.01,unrescued_rare,rare_rank,23,2.0,2.0,2.0
immune_dc,42,0.05,non_target,rare_rank,6004,6.0,4.0,6.0
immune_dc,42,0.05,baseline_correct_rare,rare_rank,94,1.0,1.0,1.0
immune_dc,42,0.05,unrescued_rare,rare_rank,13,2.0,2.0,2.0
immune_dc,42,0.05,true_rescued_rare,rare_rank,23,1.0,1.0,1.0
immune_dc,42,0.10,non_target,rare_rank,6004,5.0,4.0,6.0
immune_dc,42,0.10,baseline_correct_rare,rare_rank,103,1.0,1.0,1.0
immune_dc,42,0.10,unrescued_rare,rare_rank,15,2.0,2.0,2.0
immune_dc,42,0.10,true_rescued_rare,rare_rank,12,1.0,1.0,1.0
immune_dc,42,all,non_target,rare_rank,6004,5.0,4.0,6.0
immune_dc,42,all,baseline_correct_rare,rare_rank,117,1.0,1.0,1.0
immune_dc,42,all,unrescued_rare,rare_rank,9,2.0,2.0,2.0
immune_dc,42,all,true_rescued_rare,rare_rank,4,1.0,1.0,1.0
immune_dc,43,0.01,non_target,rare_rank,6004,5.0,5.0,5.0
immune_dc,43,0.01,true_rescued_rare,rare_rank,114,1.0,1.0,1.0
immune_dc,43,0.01,unrescued_rare,rare_rank,16,2.0,2.0,2.25
immune_dc,43,0.05,non_target,rare_rank,6004,5.0,5.0,6.0
immune_dc,43,0.05,baseline_correct_rare,rare_rank,105,1.0,1.0,1.0
immune_dc,43,0.05,unrescued_rare,rare_rank,13,2.0,2.0,2.0
immune_dc,43,0.05,true_rescued_rare,rare_rank,12,1.0,1.0,1.0
immune_dc,43,0.10,non_target,rare_rank,6004,5.0,4.0,5.0
immune_dc,43,0.10,baseline_correct_rare,rare_rank,113,1.0,1.0,1.0
immune_dc,43,0.10,unrescued_rare,rare_rank,9,2.0,2.0,2.0
immune_dc,43,0.10,true_rescued_rare,rare_rank,8,1.0,1.0,1.0
immune_dc,43,all,non_target,rare_rank,6004,5.0,5.0,6.0
immune_dc,43,all,baseline_correct_rare,rare_rank,119,1.0,1.0,1.0
immune_dc,43,all,unrescued_rare,rare_rank,9,2.0,2.0,2.0
immune_dc,43,all,true_rescued_rare,rare_rank,2,1.0,1.0,1.0
immune_dc,44,0.01,non_target,rare_rank,6004,5.0,5.0,6.0
immune_dc,44,0.01,true_rescued_rare,rare_rank,117,1.0,1.0,1.0
immune_dc,44,0.01,unrescued_rare,rare_rank,13,2.0,2.0,2.0
immune_dc,44,0.05,non_target,rare_rank,6004,5.0,5.0,6.0
immune_dc,44,0.05,baseline_correct_rare,rare_rank,103,1.0,1.0,1.0
immune_dc,44,0.05,unrescued_rare,rare_rank,10,2.0,2.0,2.75
immune_dc,44,0.05,true_rescued_rare,rare_rank,17,1.0,1.0,1.0
immune_dc,44,0.10,non_target,rare_rank,6004,5.0,4.0,6.0
immune_dc,44,0.10,baseline_correct_rare,rare_rank,111,1.0,1.0,1.0
immune_dc,44,0.10,unrescued_rare,rare_rank,9,2.0,2.0,2.0
immune_dc,44,0.10,true_rescued_rare,rare_rank,10,1.0,1.0,1.0
immune_dc,44,all,non_target,rare_rank,6004,5.0,4.0,6.0
immune_dc,44,all,baseline_correct_rare,rare_rank,120,1.0,1.0,1.0
immune_dc,44,all,unrescued_rare,rare_rank,8,2.0,2.0,2.0
immune_dc,44,all,true_rescued_rare,rare_rank,2,1.0,1.0,1.0
pancreas_baron,42,0.01,non_target,rare_rank,1638,5.0,5.0,9.0
pancreas_baron,42,0.01,unrescued_rare,rare_rank,21,4.0,3.0,4.0
pancreas_baron,42,0.01,true_rescued_rare,rare_rank,54,1.0,1.0,2.0
pancreas_baron,42,0.01,baseline_correct_rare,rare_rank,11,1.0,1.0,1.0
pancreas_baron,42,0.05,non_target,rare_rank,1638,5.0,5.0,9.0
pancreas_baron,42,0.05,unrescued_rare,rare_rank,21,4.0,3.0,4.0
pancreas_baron,42,0.05,true_rescued_rare,rare_rank,54,1.0,1.0,2.0
pancreas_baron,42,0.05,baseline_correct_rare,rare_rank,11,1.0,1.0,1.0
pancreas_baron,42,0.10,non_target,rare_rank,1638,5.0,5.0,8.0
pancreas_baron,42,0.10,unrescued_rare,rare_rank,24,3.0,2.0,3.0
pancreas_baron,42,0.10,baseline_correct_rare,rare_rank,57,1.0,1.0,1.0
pancreas_baron,42,0.10,true_rescued_rare,rare_rank,5,1.0,1.0,1.0
pancreas_baron,42,all,non_target,rare_rank,1638,4.0,3.0,6.0
pancreas_baron,42,all,baseline_correct_rare,rare_rank,80,1.0,1.0,1.0
pancreas_baron,42,all,unrescued_rare,rare_rank,6,2.0,1.25,2.0
pancreas_baron,43,0.01,non_target,rare_rank,1638,4.0,3.0,5.0
pancreas_baron,43,0.01,unrescued_rare,rare_rank,74,1.0,1.0,2.0
pancreas_baron,43,0.01,baseline_correct_rare,rare_rank,12,1.0,1.0,1.0
pancreas_baron,43,0.05,non_target,rare_rank,1638,4.0,3.0,5.0
pancreas_baron,43,0.05,unrescued_rare,rare_rank,74,1.0,1.0,2.0
pancreas_baron,43,0.05,baseline_correct_rare,rare_rank,12,1.0,1.0,1.0
pancreas_baron,43,0.10,non_target,rare_rank,1638,3.0,3.0,5.0
pancreas_baron,43,0.10,baseline_correct_rare,rare_rank,57,1.0,1.0,1.0
pancreas_baron,43,0.10,unrescued_rare,rare_rank,18,2.0,1.25,2.0
pancreas_baron,43,0.10,true_rescued_rare,rare_rank,11,1.0,1.0,1.0
pancreas_baron,43,all,non_target,rare_rank,1638,4.0,3.0,5.0
pancreas_baron,43,all,baseline_correct_rare,rare_rank,77,1.0,1.0,1.0
pancreas_baron,43,all,unrescued_rare,rare_rank,9,2.0,1.0,2.0
pancreas_baron,44,0.01,non_target,rare_rank,1638,4.0,3.0,6.0
pancreas_baron,44,0.01,unrescued_rare,rare_rank,42,1.0,1.0,1.0
pancreas_baron,44,0.01,baseline_correct_rare,rare_rank,44,1.0,1.0,1.0
pancreas_baron,44,0.05,non_target,rare_rank,1638,4.0,3.0,6.0
pancreas_baron,44,0.05,unrescued_rare,rare_rank,42,1.0,1.0,1.0
pancreas_baron,44,0.05,baseline_correct_rare,rare_rank,44,1.0,1.0,1.0
pancreas_baron,44,0.10,non_target,rare_rank,1638,4.0,3.0,5.75
pancreas_baron,44,0.10,baseline_correct_rare,rare_rank,71,1.0,1.0,1.0
pancreas_baron,44,0.10,unrescued_rare,rare_rank,15,2.0,1.0,2.0
pancreas_baron,44,all,non_target,rare_rank,1638,3.0,2.0,5.0
pancreas_baron,44,all,baseline_correct_rare,rare_rank,74,1.0,1.0,1.0
pancreas_baron,44,all,unrescued_rare,rare_rank,12,1.0,1.0,1.0
pancreas_integrated,42,0.01,non_target,rare_rank,1701,8.0,7.0,9.0
pancreas_integrated,42,0.01,baseline_correct_rare,rare_rank,23,1.0,1.0,1.0
pancreas_integrated,42,0.05,non_target,rare_rank,1701,8.0,6.0,8.0
pancreas_integrated,42,0.05,baseline_correct_rare,rare_rank,23,1.0,1.0,1.0
pancreas_integrated,42,0.10,non_target,rare_rank,1701,8.0,7.0,9.0
pancreas_integrated,42,0.10,baseline_correct_rare,rare_rank,23,1.0,1.0,1.0
pancreas_integrated,42,all,non_target,rare_rank,1701,8.0,7.0,10.0
pancreas_integrated,42,all,baseline_correct_rare,rare_rank,23,1.0,1.0,1.0
pancreas_integrated,43,0.01,non_target,rare_rank,1701,9.0,8.0,11.0
pancreas_integrated,43,0.01,baseline_correct_rare,rare_rank,23,1.0,1.0,1.0
pancreas_integrated,43,0.05,non_target,rare_rank,1701,9.0,8.0,10.0
pancreas_integrated,43,0.05,baseline_correct_rare,rare_rank,23,1.0,1.0,1.0
pancreas_integrated,43,0.10,non_target,rare_rank,1701,9.0,8.0,11.0
pancreas_integrated,43,0.10,baseline_correct_rare,rare_rank,23,1.0,1.0,1.0
pancreas_integrated,43,all,non_target,rare_rank,1701,8.0,7.0,9.0
pancreas_integrated,43,all,baseline_correct_rare,rare_rank,23,1.0,1.0,1.0
pancreas_integrated,44,0.01,non_target,rare_rank,1701,9.0,8.0,10.0
pancreas_integrated,44,0.01,true_rescued_rare,rare_rank,23,1.0,1.0,1.0
pancreas_integrated,44,0.05,non_target,rare_rank,1701,9.0,8.0,10.0
pancreas_integrated,44,0.05,baseline_correct_rare,rare_rank,23,1.0,1.0,1.0
pancreas_integrated,44,0.10,non_target,rare_rank,1701,10.0,9.0,11.0
pancreas_integrated,44,0.10,baseline_correct_rare,rare_rank,23,1.0,1.0,1.0
pancreas_integrated,44,all,non_target,rare_rank,1701,10.0,9.0,11.0
pancreas_integrated,44,all,baseline_correct_rare,rare_rank,23,1.0,1.0,1.0
tabula_lung_endo,42,0.01,non_target,rare_rank,1716,4.0,4.0,4.0
tabula_lung_endo,42,0.01,true_rescued_rare,rare_rank,65,1.0,1.0,1.0
tabula_lung_endo,42,0.05,non_target,rare_rank,1716,4.0,4.0,4.0
tabula_lung_endo,42,0.05,true_rescued_rare,rare_rank,32,1.0,1.0,1.0
tabula_lung_endo,42,0.05,baseline_correct_rare,rare_rank,33,1.0,1.0,1.0
tabula_lung_endo,42,0.10,non_target,rare_rank,1716,4.0,4.0,4.0
tabula_lung_endo,42,0.10,baseline_correct_rare,rare_rank,64,1.0,1.0,1.0
tabula_lung_endo,42,0.10,unrescued_rare,rare_rank,1,1.0,1.0,1.0
tabula_lung_endo,42,all,non_target,rare_rank,1716,4.0,4.0,4.0
tabula_lung_endo,42,all,baseline_correct_rare,rare_rank,65,1.0,1.0,1.0
tabula_lung_endo,43,0.01,non_target,rare_rank,1716,4.0,4.0,4.0
tabula_lung_endo,43,0.01,true_rescued_rare,rare_rank,56,1.0,1.0,1.0
tabula_lung_endo,43,0.01,baseline_correct_rare,rare_rank,7,1.0,1.0,1.0
tabula_lung_endo,43,0.01,unrescued_rare,rare_rank,2,2.0,2.0,2.0
tabula_lung_endo,43,0.05,non_target,rare_rank,1716,4.0,4.0,4.0
tabula_lung_endo,43,0.05,baseline_correct_rare,rare_rank,60,1.0,1.0,1.0
tabula_lung_endo,43,0.05,true_rescued_rare,rare_rank,5,1.0,1.0,1.0
tabula_lung_endo,43,0.10,non_target,rare_rank,1716,4.0,4.0,4.0
tabula_lung_endo,43,0.10,baseline_correct_rare,rare_rank,63,1.0,1.0,1.0
tabula_lung_endo,43,0.10,unrescued_rare,rare_rank,2,1.0,1.0,1.0
tabula_lung_endo,43,all,non_target,rare_rank,1716,4.0,4.0,4.0
tabula_lung_endo,43,all,baseline_correct_rare,rare_rank,65,1.0,1.0,1.0
tabula_lung_endo,44,0.01,non_target,rare_rank,1716,4.0,4.0,4.0
tabula_lung_endo,44,0.01,true_rescued_rare,rare_rank,23,1.0,1.0,1.0
tabula_lung_endo,44,0.01,baseline_correct_rare,rare_rank,40,1.0,1.0,1.0
tabula_lung_endo,44,0.01,unrescued_rare,rare_rank,2,3.0,3.0,3.0
tabula_lung_endo,44,0.05,non_target,rare_rank,1716,4.0,4.0,4.0
tabula_lung_endo,44,0.05,baseline_correct_rare,rare_rank,59,1.0,1.0,1.0
tabula_lung_endo,44,0.05,true_rescued_rare,rare_rank,6,1.0,1.0,1.0
tabula_lung_endo,44,0.10,non_target,rare_rank,1716,4.0,4.0,4.0
tabula_lung_endo,44,0.10,baseline_correct_rare,rare_rank,63,1.0,1.0,1.0
tabula_lung_endo,44,0.10,unrescued_rare,rare_rank,2,1.0,1.0,1.0
tabula_lung_endo,44,all,non_target,rare_rank,1716,4.0,4.0,4.0
tabula_lung_endo,44,all,baseline_correct_rare,rare_rank,63,1.0,1.0,1.0
tabula_lung_endo,44,all,unrescued_rare,rare_rank,2,1.0,1.0,1.0
tabula_sapiens_stomach,42,0.01,non_target,rare_rank,9543,11.0,8.0,14.0
tabula_sapiens_stomach,42,0.01,baseline_correct_rare,rare_rank,12,1.0,1.0,1.0
tabula_sapiens_stomach,42,0.01,unrescued_rare,rare_rank,13,7.0,6.0,11.0
tabula_sapiens_stomach,42,0.01,true_rescued_rare,rare_rank,7,2.0,1.0,2.0
tabula_sapiens_stomach,42,0.05,non_target,rare_rank,9543,11.0,8.0,14.0
tabula_sapiens_stomach,42,0.05,baseline_correct_rare,rare_rank,12,1.0,1.0,1.0
tabula_sapiens_stomach,42,0.05,unrescued_rare,rare_rank,13,7.0,6.0,11.0
tabula_sapiens_stomach,42,0.05,true_rescued_rare,rare_rank,7,2.0,1.0,2.0
tabula_sapiens_stomach,42,0.10,non_target,rare_rank,9543,11.0,8.0,14.0
tabula_sapiens_stomach,42,0.10,baseline_correct_rare,rare_rank,12,1.0,1.0,1.0
tabula_sapiens_stomach,42,0.10,unrescued_rare,rare_rank,13,7.0,6.0,11.0
tabula_sapiens_stomach,42,0.10,true_rescued_rare,rare_rank,7,2.0,1.0,2.0
tabula_sapiens_stomach,42,all,non_target,rare_rank,9543,10.0,8.0,14.0
tabula_sapiens_stomach,42,all,true_rescued_rare,rare_rank,9,1.0,1.0,2.0
tabula_sapiens_stomach,42,all,unrescued_rare,rare_rank,15,8.0,5.5,10.5
tabula_sapiens_stomach,42,all,baseline_correct_rare,rare_rank,8,1.0,1.0,1.0
tabula_sapiens_stomach,43,0.01,non_target,rare_rank,9543,15.0,15.0,16.0
tabula_sapiens_stomach,43,0.01,baseline_correct_rare,rare_rank,17,2.0,1.0,2.0
tabula_sapiens_stomach,43,0.01,unrescued_rare,rare_rank,14,13.5,10.25,16.75
tabula_sapiens_stomach,43,0.01,true_rescued_rare,rare_rank,1,3.0,3.0,3.0
tabula_sapiens_stomach,43,0.05,non_target,rare_rank,9543,15.0,15.0,16.0
tabula_sapiens_stomach,43,0.05,baseline_correct_rare,rare_rank,17,2.0,1.0,2.0
tabula_sapiens_stomach,43,0.05,unrescued_rare,rare_rank,14,13.5,10.25,16.75
tabula_sapiens_stomach,43,0.05,true_rescued_rare,rare_rank,1,3.0,3.0,3.0
tabula_sapiens_stomach,43,0.10,non_target,rare_rank,9543,15.0,15.0,16.0
tabula_sapiens_stomach,43,0.10,baseline_correct_rare,rare_rank,17,2.0,1.0,2.0
tabula_sapiens_stomach,43,0.10,unrescued_rare,rare_rank,14,13.5,10.25,16.75
tabula_sapiens_stomach,43,0.10,true_rescued_rare,rare_rank,1,3.0,3.0,3.0
tabula_sapiens_stomach,43,all,non_target,rare_rank,9543,15.0,12.0,15.0
tabula_sapiens_stomach,43,all,baseline_correct_rare,rare_rank,16,1.0,1.0,1.0
tabula_sapiens_stomach,43,all,unrescued_rare,rare_rank,14,9.5,6.0,12.0
tabula_sapiens_stomach,43,all,true_rescued_rare,rare_rank,2,1.0,1.0,1.0
tabula_sapiens_stomach,44,0.01,non_target,rare_rank,9543,13.0,9.0,15.0
tabula_sapiens_stomach,44,0.01,true_rescued_rare,rare_rank,4,1.0,1.0,1.0
tabula_sapiens_stomach,44,0.01,unrescued_rare,rare_rank,14,16.0,5.0,17.0
tabula_sapiens_stomach,44,0.01,baseline_correct_rare,rare_rank,14,1.0,1.0,1.0
tabula_sapiens_stomach,44,0.05,non_target,rare_rank,9543,13.0,9.0,15.0
tabula_sapiens_stomach,44,0.05,true_rescued_rare,rare_rank,4,1.0,1.0,1.0
tabula_sapiens_stomach,44,0.05,unrescued_rare,rare_rank,14,16.0,5.0,17.0
tabula_sapiens_stomach,44,0.05,baseline_correct_rare,rare_rank,14,1.0,1.0,1.0
tabula_sapiens_stomach,44,0.10,non_target,rare_rank,9543,13.0,9.0,15.0
tabula_sapiens_stomach,44,0.10,true_rescued_rare,rare_rank,4,1.0,1.0,1.0
tabula_sapiens_stomach,44,0.10,unrescued_rare,rare_rank,14,16.0,5.0,17.0
tabula_sapiens_stomach,44,0.10,baseline_correct_rare,rare_rank,14,1.0,1.0,1.0
tabula_sapiens_stomach,44,all,non_target,rare_rank,9543,12.0,9.0,15.0
tabula_sapiens_stomach,44,all,true_rescued_rare,rare_rank,5,1.0,1.0,1.0
tabula_sapiens_stomach,44,all,unrescued_rare,rare_rank,13,16.0,5.0,18.0
tabula_sapiens_stomach,44,all,baseline_correct_rare,rare_rank,14,1.0,1.0,1.0
tabula_small_intestine,42,0.01,non_target,rare_rank,6288,27.0,23.0,29.0
tabula_small_intestine,42,0.01,baseline_correct_rare,rare_rank,65,1.0,1.0,1.0
tabula_small_intestine,42,0.05,non_target,rare_rank,6288,22.0,19.0,27.0
tabula_small_intestine,42,0.05,baseline_correct_rare,rare_rank,65,1.0,1.0,1.0
tabula_small_intestine,42,0.10,non_target,rare_rank,6288,21.0,18.0,26.0
tabula_small_intestine,42,0.10,baseline_correct_rare,rare_rank,65,1.0,1.0,1.0
tabula_small_intestine,42,all,non_target,rare_rank,6288,20.0,18.0,25.0
tabula_small_intestine,42,all,baseline_correct_rare,rare_rank,65,1.0,1.0,1.0
tabula_small_intestine,43,0.01,non_target,rare_rank,6288,26.0,22.0,28.0
tabula_small_intestine,43,0.01,baseline_correct_rare,rare_rank,65,1.0,1.0,1.0
tabula_small_intestine,43,0.05,non_target,rare_rank,6288,23.0,20.0,27.0
tabula_small_intestine,43,0.05,baseline_correct_rare,rare_rank,65,1.0,1.0,1.0
tabula_small_intestine,43,0.10,non_target,rare_rank,6288,26.0,22.0,29.0
tabula_small_intestine,43,0.10,baseline_correct_rare,rare_rank,65,1.0,1.0,1.0
tabula_small_intestine,43,all,non_target,rare_rank,6288,26.0,22.0,29.0
tabula_small_intestine,43,all,baseline_correct_rare,rare_rank,65,1.0,1.0,1.0
tabula_small_intestine,44,0.01,non_target,rare_rank,6288,26.0,22.0,30.0
tabula_small_intestine,44,0.01,baseline_correct_rare,rare_rank,65,1.0,1.0,1.0
tabula_small_intestine,44,0.05,non_target,rare_rank,6288,24.0,20.0,27.0
tabula_small_intestine,44,0.05,baseline_correct_rare,rare_rank,65,1.0,1.0,1.0
tabula_small_intestine,44,0.10,non_target,rare_rank,6288,26.0,22.0,29.0
tabula_small_intestine,44,0.10,baseline_correct_rare,rare_rank,65,1.0,1.0,1.0
tabula_small_intestine,44,all,non_target,rare_rank,6288,23.0,20.0,27.0
tabula_small_intestine,44,all,baseline_correct_rare,rare_rank,65,1.0,1.0,1.0
mouse_lung_tms_10x,42,0.01,non_target,rare_rank,1316,20.0,4.0,23.0
mouse_lung_tms_10x,42,0.01,unrescued_rare,rare_rank,44,2.0,2.0,3.0
mouse_lung_tms_10x,42,0.01,true_rescued_rare,rare_rank,7,1.0,1.0,1.0
mouse_lung_tms_10x,42,0.05,non_target,rare_rank,1316,16.0,4.0,21.0
mouse_lung_tms_10x,42,0.05,unrescued_rare,rare_rank,51,2.0,1.0,2.0
mouse_lung_tms_10x,42,0.10,non_target,rare_rank,1316,18.0,4.0,22.0
mouse_lung_tms_10x,42,0.10,unrescued_rare,rare_rank,22,2.0,2.0,2.0
mouse_lung_tms_10x,42,0.10,baseline_correct_rare,rare_rank,14,1.0,1.0,1.0
mouse_lung_tms_10x,42,0.10,true_rescued_rare,rare_rank,15,1.0,1.0,1.0
mouse_lung_tms_10x,42,all,non_target,rare_rank,1316,16.0,3.0,19.0
mouse_lung_tms_10x,42,all,baseline_correct_rare,rare_rank,34,1.0,1.0,1.0
mouse_lung_tms_10x,42,all,unrescued_rare,rare_rank,17,1.0,1.0,2.0
mouse_lung_tms_10x,43,0.01,non_target,rare_rank,1316,15.0,2.0,21.0
mouse_lung_tms_10x,43,0.01,unrescued_rare,rare_rank,51,2.0,1.0,2.0
mouse_lung_tms_10x,43,0.05,non_target,rare_rank,1316,14.0,2.0,18.0
mouse_lung_tms_10x,43,0.05,unrescued_rare,rare_rank,51,2.0,1.0,2.0
mouse_lung_tms_10x,43,0.10,non_target,rare_rank,1316,17.0,2.0,21.0
mouse_lung_tms_10x,43,0.10,unrescued_rare,rare_rank,51,1.0,1.0,2.0
mouse_lung_tms_10x,43,all,non_target,rare_rank,1316,15.0,3.0,20.0
mouse_lung_tms_10x,43,all,baseline_correct_rare,rare_rank,37,1.0,1.0,1.0
mouse_lung_tms_10x,43,all,unrescued_rare,rare_rank,14,2.0,2.0,2.0
mouse_lung_tms_10x,44,0.01,non_target,rare_rank,1316,15.0,3.0,20.0
mouse_lung_tms_10x,44,0.01,unrescued_rare,rare_rank,40,2.0,2.0,2.0
mouse_lung_tms_10x,44,0.01,true_rescued_rare,rare_rank,11,1.0,1.0,1.0
mouse_lung_tms_10x,44,0.05,non_target,rare_rank,1316,14.0,3.0,19.0
mouse_lung_tms_10x,44,0.05,unrescued_rare,rare_rank,34,2.0,2.0,2.0
mouse_lung_tms_10x,44,0.05,true_rescued_rare,rare_rank,16,1.0,1.0,1.0
mouse_lung_tms_10x,44,0.05,baseline_correct_rare,rare_rank,1,1.0,1.0,1.0
mouse_lung_tms_10x,44,0.10,non_target,rare_rank,1316,14.0,3.0,18.0
mouse_lung_tms_10x,44,0.10,unrescued_rare,rare_rank,33,2.0,1.0,2.0
mouse_lung_tms_10x,44,0.10,baseline_correct_rare,rare_rank,18,1.0,1.0,1.0
mouse_lung_tms_10x,44,all,non_target,rare_rank,1316,16.0,3.0,20.0
mouse_lung_tms_10x,44,all,baseline_correct_rare,rare_rank,42,1.0,1.0,1.0
mouse_lung_tms_10x,44,all,unrescued_rare,rare_rank,8,2.0,2.0,2.0
mouse_lung_tms_10x,44,all,true_rescued_rare,rare_rank,1,1.0,1.0,1.0
mouse_pancreas_tms_10x,42,0.01,non_target,rare_rank,864,5.0,4.0,6.0
mouse_pancreas_tms_10x,42,0.01,unrescued_rare,rare_rank,67,1.0,1.0,2.0
mouse_pancreas_tms_10x,42,0.01,baseline_correct_rare,rare_rank,4,1.0,1.0,1.0
mouse_pancreas_tms_10x,42,0.05,non_target,rare_rank,864,3.0,2.0,4.0
mouse_pancreas_tms_10x,42,0.05,baseline_correct_rare,rare_rank,59,1.0,1.0,1.0
mouse_pancreas_tms_10x,42,0.05,unrescued_rare,rare_rank,12,2.0,2.0,2.0
mouse_pancreas_tms_10x,42,0.10,non_target,rare_rank,864,4.0,3.0,4.0
mouse_pancreas_tms_10x,42,0.10,baseline_correct_rare,rare_rank,61,1.0,1.0,1.0
mouse_pancreas_tms_10x,42,0.10,unrescued_rare,rare_rank,10,2.0,2.0,2.75
mouse_pancreas_tms_10x,42,all,non_target,rare_rank,864,3.0,2.0,4.0
mouse_pancreas_tms_10x,42,all,baseline_correct_rare,rare_rank,67,1.0,1.0,1.0
mouse_pancreas_tms_10x,42,all,unrescued_rare,rare_rank,4,2.0,1.75,2.0
mouse_pancreas_tms_10x,43,0.01,non_target,rare_rank,864,5.0,4.0,5.0
mouse_pancreas_tms_10x,43,0.01,unrescued_rare,rare_rank,44,1.0,1.0,1.0
mouse_pancreas_tms_10x,43,0.01,baseline_correct_rare,rare_rank,27,1.0,1.0,1.0
mouse_pancreas_tms_10x,43,0.05,non_target,rare_rank,864,3.0,3.0,4.0
mouse_pancreas_tms_10x,43,0.05,unrescued_rare,rare_rank,20,1.0,1.0,2.0
mouse_pancreas_tms_10x,43,0.05,baseline_correct_rare,rare_rank,51,1.0,1.0,1.0
mouse_pancreas_tms_10x,43,0.10,non_target,rare_rank,864,3.0,3.0,4.0
mouse_pancreas_tms_10x,43,0.10,baseline_correct_rare,rare_rank,61,1.0,1.0,1.0
mouse_pancreas_tms_10x,43,0.10,unrescued_rare,rare_rank,10,1.5,1.0,2.0
mouse_pancreas_tms_10x,43,all,non_target,rare_rank,864,3.0,3.0,4.0
mouse_pancreas_tms_10x,43,all,baseline_correct_rare,rare_rank,67,1.0,1.0,1.0
mouse_pancreas_tms_10x,43,all,unrescued_rare,rare_rank,4,1.5,1.0,2.25
mouse_pancreas_tms_10x,44,0.01,non_target,rare_rank,864,3.0,2.0,4.0
mouse_pancreas_tms_10x,44,0.01,unrescued_rare,rare_rank,32,1.0,1.0,1.0
mouse_pancreas_tms_10x,44,0.01,baseline_correct_rare,rare_rank,39,1.0,1.0,1.0
mouse_pancreas_tms_10x,44,0.05,non_target,rare_rank,864,3.0,2.0,4.0
mouse_pancreas_tms_10x,44,0.05,unrescued_rare,rare_rank,12,1.0,1.0,1.25
mouse_pancreas_tms_10x,44,0.05,baseline_correct_rare,rare_rank,59,1.0,1.0,1.0
mouse_pancreas_tms_10x,44,0.10,non_target,rare_rank,864,4.0,3.0,5.0
mouse_pancreas_tms_10x,44,0.10,baseline_correct_rare,rare_rank,61,1.0,1.0,1.0
mouse_pancreas_tms_10x,44,0.10,unrescued_rare,rare_rank,10,2.0,1.25,2.0
mouse_pancreas_tms_10x,44,all,non_target,rare_rank,864,3.0,2.0,4.0
mouse_pancreas_tms_10x,44,all,baseline_correct_rare,rare_rank,67,1.0,1.0,1.0
mouse_pancreas_tms_10x,44,all,unrescued_rare,rare_rank,4,1.0,1.0,1.25
immune_dc,42,0.01,non_target,rare_standardized_distance,6004,2.9640893306188394,2.735259999088852,3.2310241889559133
immune_dc,42,0.01,true_rescued_rare,rare_standardized_distance,107,1.8508681534403657,1.638596141072098,2.0336613348882002
immune_dc,42,0.01,unrescued_rare,rare_standardized_distance,23,2.215760983762991,1.9667749759163269,2.3927738733415183
immune_dc,42,0.05,non_target,rare_standardized_distance,6004,2.4935270347794942,2.292091549025139,2.7111590512416615
immune_dc,42,0.05,baseline_correct_rare,rare_standardized_distance,94,0.9712843319113648,0.8231703585542055,1.1111550745695065
immune_dc,42,0.05,unrescued_rare,rare_standardized_distance,13,1.771934823881054,1.5680660333007521,1.9816004595662884
immune_dc,42,0.05,true_rescued_rare,rare_standardized_distance,23,1.3118563145270232,1.197599883456482,1.4220634850253613
immune_dc,42,0.10,non_target,rare_standardized_distance,6004,2.572989508556611,2.37278037290303,2.787979687484663
immune_dc,42,0.10,baseline_correct_rare,rare_standardized_distance,103,1.0479490826521853,0.8854611205521707,1.2180406464040154
immune_dc,42,0.10,unrescued_rare,rare_standardized_distance,15,1.8373215417857431,1.6928259773623267,2.1370112397220717
immune_dc,42,0.10,true_rescued_rare,rare_standardized_distance,12,1.405944045779877,1.3738920548735196,1.5349602198338732
immune_dc,42,all,non_target,rare_standardized_distance,6004,2.3329723381701717,2.145506995196775,2.542174207477131
immune_dc,42,all,baseline_correct_rare,rare_standardized_distance,117,0.9256681566682096,0.76477103027957,1.0726792784216956
immune_dc,42,all,unrescued_rare,rare_standardized_distance,9,1.680340547079834,1.532329941803407,1.8356522613405393
immune_dc,42,all,true_rescued_rare,rare_standardized_distance,4,1.3292590221434013,1.3059329412677743,1.4909478395992701
immune_dc,43,0.01,non_target,rare_standardized_distance,6004,3.4046403654259203,3.112488875968177,3.7149464760486572
immune_dc,43,0.01,true_rescued_rare,rare_standardized_distance,114,1.6648156750969032,1.4975785121941683,1.859762095923658
immune_dc,43,0.01,unrescued_rare,rare_standardized_distance,16,2.414471654270637,2.293681999382207,2.6084229941465176
immune_dc,43,0.05,non_target,rare_standardized_distance,6004,2.804320778386333,2.589038885253134,3.0543071796322634
immune_dc,43,0.05,baseline_correct_rare,rare_standardized_distance,105,1.0524023659246176,0.9250972538846042,1.2544095579703383
immune_dc,43,0.05,unrescued_rare,rare_standardized_distance,13,1.8539632113575137,1.7117034627424903,2.2297500561767087
immune_dc,43,0.05,true_rescued_rare,rare_standardized_distance,12,1.534662023232909,1.4865641376843683,1.640859998707997
immune_dc,43,0.10,non_target,rare_standardized_distance,6004,2.2187197957152494,2.0533024921785374,2.4057088112644838
immune_dc,43,0.10,baseline_correct_rare,rare_standardized_distance,113,0.8702825221357617,0.7586436483737418,1.0101209035550551
immune_dc,43,0.10,unrescued_rare,rare_standardized_distance,9,1.6533228747193953,1.405047518384018,1.6972959657380422
immune_dc,43,0.10,true_rescued_rare,rare_standardized_distance,8,1.2131001485211792,1.1748905486955161,1.3351061505474926
immune_dc,43,all,non_target,rare_standardized_distance,6004,2.4564459932968497,2.2665747288125804,2.661348147169203
immune_dc,43,all,baseline_correct_rare,rare_standardized_distance,119,0.8888725371443055,0.7724394013218923,1.0884263674588266
immune_dc,43,all,unrescued_rare,rare_standardized_distance,9,1.5354119331176308,1.4245641215563611,1.8253828077305485
immune_dc,43,all,true_rescued_rare,rare_standardized_distance,2,1.7501101721653787,1.6317376280143208,1.8684827163164368
immune_dc,44,0.01,non_target,rare_standardized_distance,6004,3.1631462308005647,2.9203537354862665,3.4432899483352792
immune_dc,44,0.01,true_rescued_rare,rare_standardized_distance,117,1.707503932691878,1.5222605413140229,1.908523384989624
immune_dc,44,0.01,unrescued_rare,rare_standardized_distance,13,2.406760650433772,2.1457146415187385,2.495197397988061
immune_dc,44,0.05,non_target,rare_standardized_distance,6004,2.680024277950815,2.469671979474871,2.9183957581874105
immune_dc,44,0.05,baseline_correct_rare,rare_standardized_distance,103,1.1061007875023636,0.9218589187016026,1.2739451835266329
immune_dc,44,0.05,unrescued_rare,rare_standardized_distance,10,1.8169212614950325,1.656352325231976,2.1635796206951796
immune_dc,44,0.05,true_rescued_rare,rare_standardized_distance,17,1.439526390259163,1.3952776643767006,1.5016664051627702
immune_dc,44,0.10,non_target,rare_standardized_distance,6004,2.664844885753884,2.4582008987748813,2.895653432758486
immune_dc,44,0.10,baseline_correct_rare,rare_standardized_distance,111,0.9830022927567427,0.8470078665354323,1.1500096800652542
immune_dc,44,0.10,unrescued_rare,rare_standardized_distance,9,1.8721125146089463,1.7952514214839,2.2614235024395524
immune_dc,44,0.10,true_rescued_rare,rare_standardized_distance,10,1.5422298687047165,1.431061942895528,1.5974269409884616
immune_dc,44,all,non_target,rare_standardized_distance,6004,2.316828466116131,2.132807477116873,2.534102866828791
immune_dc,44,all,baseline_correct_rare,rare_standardized_distance,120,0.911775619874936,0.7756110997026469,1.0586935308673384
immune_dc,44,all,unrescued_rare,rare_standardized_distance,8,1.599272507753192,1.511119094138401,1.8335895989726427
immune_dc,44,all,true_rescued_rare,rare_standardized_distance,2,1.227952701415465,1.2211522851568608,1.2347531176740694
pancreas_baron,42,0.01,non_target,rare_standardized_distance,1638,2.016088181608913,1.875843536925342,2.291081971525923
pancreas_baron,42,0.01,unrescued_rare,rare_standardized_distance,21,1.5877767490405086,1.4810176647622735,1.6542954119567468
pancreas_baron,42,0.01,true_rescued_rare,rare_standardized_distance,54,1.3564989041454112,1.2511263954288232,1.4462728269703957
pancreas_baron,42,0.01,baseline_correct_rare,rare_standardized_distance,11,1.3699932540331252,1.279100629233192,1.4306862273402952
pancreas_baron,42,0.05,non_target,rare_standardized_distance,1638,2.016088181608913,1.875843536925342,2.291081971525923
pancreas_baron,42,0.05,unrescued_rare,rare_standardized_distance,21,1.5877767490405086,1.4810176647622735,1.6542954119567468
pancreas_baron,42,0.05,true_rescued_rare,rare_standardized_distance,54,1.3564989041454112,1.2511263954288232,1.4462728269703957
pancreas_baron,42,0.05,baseline_correct_rare,rare_standardized_distance,11,1.3699932540331252,1.279100629233192,1.4306862273402952
pancreas_baron,42,0.10,non_target,rare_standardized_distance,1638,2.0131350905185803,1.8675259704566862,2.27587705616069
pancreas_baron,42,0.10,unrescued_rare,rare_standardized_distance,24,1.5459635127026652,1.4786368047004466,1.666808660405845
pancreas_baron,42,0.10,baseline_correct_rare,rare_standardized_distance,57,1.2949841983974892,1.201250492507887,1.4586813935992335
pancreas_baron,42,0.10,true_rescued_rare,rare_standardized_distance,5,1.375153065962807,1.329761715428089,1.528426685280623
pancreas_baron,42,all,non_target,rare_standardized_distance,1638,1.8096992125038165,1.6172572045180214,2.1959738144134704
pancreas_baron,42,all,baseline_correct_rare,rare_standardized_distance,80,1.135742222511706,1.0104504596853345,1.4006796060445479
pancreas_baron,42,all,unrescued_rare,rare_standardized_distance,6,1.412809668587078,1.3227681446754875,1.5044279386159503
pancreas_baron,43,0.01,non_target,rare_standardized_distance,1638,1.7982788037892221,1.634445775084309,2.1109015303186145
pancreas_baron,43,0.01,unrescued_rare,rare_standardized_distance,74,1.2984518142852304,1.129852035924762,1.511059536505421
pancreas_baron,43,0.01,baseline_correct_rare,rare_standardized_distance,12,1.1908842094249474,1.0178581391323351,1.3190764358704445
pancreas_baron,43,0.05,non_target,rare_standardized_distance,1638,1.7982788037892221,1.634445775084309,2.1109015303186145
pancreas_baron,43,0.05,unrescued_rare,rare_standardized_distance,74,1.2984518142852304,1.129852035924762,1.511059536505421
pancreas_baron,43,0.05,baseline_correct_rare,rare_standardized_distance,12,1.1908842094249474,1.0178581391323351,1.3190764358704445
pancreas_baron,43,0.10,non_target,rare_standardized_distance,1638,2.4018473303325236,2.1194399794383876,2.9393352969113846
pancreas_baron,43,0.10,baseline_correct_rare,rare_standardized_distance,57,1.7323166596626427,1.4873785848936236,2.0292037524905093
pancreas_baron,43,0.10,unrescued_rare,rare_standardized_distance,18,2.265082037126354,1.7979395601730959,2.494771477062485
pancreas_baron,43,0.10,true_rescued_rare,rare_standardized_distance,11,1.6209134373266667,1.523978965791741,1.668907172608731
pancreas_baron,43,all,non_target,rare_standardized_distance,1638,1.7001307475092489,1.539801784338545,2.09984619446153
pancreas_baron,43,all,baseline_correct_rare,rare_standardized_distance,77,1.1187379776979463,0.9678561669043484,1.2945743548241408
pancreas_baron,43,all,unrescued_rare,rare_standardized_distance,9,1.392945035880984,1.2284460208818822,1.5522656814989368
pancreas_baron,44,0.01,non_target,rare_standardized_distance,1638,2.1059033922568924,1.8345266522098802,2.5967407442171497
pancreas_baron,44,0.01,unrescued_rare,rare_standardized_distance,42,1.364709102430627,1.1701654023336445,1.5971334409792384
pancreas_baron,44,0.01,baseline_correct_rare,rare_standardized_distance,44,1.1944652364968562,1.0097158633478587,1.395875915224615
pancreas_baron,44,0.05,non_target,rare_standardized_distance,1638,2.1059033922568924,1.8345266522098802,2.5967407442171497
pancreas_baron,44,0.05,unrescued_rare,rare_standardized_distance,42,1.364709102430627,1.1701654023336445,1.5971334409792384
pancreas_baron,44,0.05,baseline_correct_rare,rare_standardized_distance,44,1.1944652364968562,1.0097158633478587,1.395875915224615
pancreas_baron,44,0.10,non_target,rare_standardized_distance,1638,1.8710031919247745,1.6785518911230604,2.2687037548298497
pancreas_baron,44,0.10,baseline_correct_rare,rare_standardized_distance,71,1.1042392548661735,1.0178113613748367,1.2206056571077344
pancreas_baron,44,0.10,unrescued_rare,rare_standardized_distance,15,1.4093101899130893,1.3125511831716128,1.4575221943229035
pancreas_baron,44,all,non_target,rare_standardized_distance,1638,1.768171719638864,1.5339326546731689,2.171881301770741
pancreas_baron,44,all,baseline_correct_rare,rare_standardized_distance,74,1.1610787318478288,0.9747310502915498,1.3611241697683527
pancreas_baron,44,all,unrescued_rare,rare_standardized_distance,12,1.3479694450235253,1.292473917530605,1.3978391461894004
pancreas_integrated,42,0.01,non_target,rare_standardized_distance,1701,2.051995632902767,1.946226064238305,2.1567699090967722
pancreas_integrated,42,0.01,baseline_correct_rare,rare_standardized_distance,23,0.9152770960052785,0.8505503758168211,1.043426930216897
pancreas_integrated,42,0.05,non_target,rare_standardized_distance,1701,2.0198625486831703,1.906732162831722,2.123248902380418
pancreas_integrated,42,0.05,baseline_correct_rare,rare_standardized_distance,23,0.8123019792843709,0.7313247167264714,0.9529274867323748
pancreas_integrated,42,0.10,non_target,rare_standardized_distance,1701,1.8776828633254279,1.790062815040865,1.970260151662064
pancreas_integrated,42,0.10,baseline_correct_rare,rare_standardized_distance,23,0.8198835421977889,0.7277333642019678,0.9353504152737984
pancreas_integrated,42,all,non_target,rare_standardized_distance,1701,1.934881758279414,1.8379643554387728,2.0282066339638245
pancreas_integrated,42,all,baseline_correct_rare,rare_standardized_distance,23,0.7819149768924022,0.7019497788574738,0.9255938414384974
pancreas_integrated,43,0.01,non_target,rare_standardized_distance,1701,3.4224808355085385,3.21115123664971,3.644297376000212
pancreas_integrated,43,0.01,baseline_correct_rare,rare_standardized_distance,23,1.4555797065826492,1.3338877077746005,1.6602479531323189
pancreas_integrated,43,0.05,non_target,rare_standardized_distance,1701,2.2219236130578444,2.0729187048346676,2.3586112637697934
pancreas_integrated,43,0.05,baseline_correct_rare,rare_standardized_distance,23,1.0150277862731718,0.9412721464869156,1.090960260438184
pancreas_integrated,43,0.10,non_target,rare_standardized_distance,1701,1.7911549827760704,1.6907563054686003,1.8867215525284093
pancreas_integrated,43,0.10,baseline_correct_rare,rare_standardized_distance,23,0.9156548951447064,0.8260899036177998,0.974918980033072
pancreas_integrated,43,all,non_target,rare_standardized_distance,1701,2.0123869727383576,1.8884101636308557,2.138143099561812
pancreas_integrated,43,all,baseline_correct_rare,rare_standardized_distance,23,0.8619633941875969,0.7953935579678366,0.958576212655488
pancreas_integrated,44,0.01,non_target,rare_standardized_distance,1701,2.0916444043717313,1.9774174079454723,2.203547220677068
pancreas_integrated,44,0.01,true_rescued_rare,rare_standardized_distance,23,0.9528986155839653,0.8349210604949188,1.0849115058135466
pancreas_integrated,44,0.05,non_target,rare_standardized_distance,1701,2.03470429038432,1.9317718155432564,2.1370604898203402
pancreas_integrated,44,0.05,baseline_correct_rare,rare_standardized_distance,23,0.8876986851125213,0.7939867618264552,0.9925758016116499
pancreas_integrated,44,0.10,non_target,rare_standardized_distance,1701,2.3437349623063204,2.234042600407051,2.4452724303225204
pancreas_integrated,44,0.10,baseline_correct_rare,rare_standardized_distance,23,0.9515901153546257,0.8676409864728521,1.0707148943325815
pancreas_integrated,44,all,non_target,rare_standardized_distance,1701,2.0705682290905356,1.9600496992040088,2.168763977016589
pancreas_integrated,44,all,baseline_correct_rare,rare_standardized_distance,23,0.7872739824337396,0.7307720822914875,0.9228729030639067
tabula_lung_endo,42,0.01,non_target,rare_standardized_distance,1716,3.081333731565552,2.867103368108463,3.2917239289054603
tabula_lung_endo,42,0.01,true_rescued_rare,rare_standardized_distance,65,1.8254741121412508,1.5862550646050368,2.2060727580154325
tabula_lung_endo,42,0.05,non_target,rare_standardized_distance,1716,2.370648386979458,2.229141127541622,2.521937291169509
tabula_lung_endo,42,0.05,true_rescued_rare,rare_standardized_distance,32,1.238694882432973,1.0984684938719516,1.4703982825247706
tabula_lung_endo,42,0.05,baseline_correct_rare,rare_standardized_distance,33,1.1185518897254183,0.9021652747978932,1.3235596365087945
tabula_lung_endo,42,0.10,non_target,rare_standardized_distance,1716,2.32784557889529,2.18423850321871,2.474683576677295
tabula_lung_endo,42,0.10,baseline_correct_rare,rare_standardized_distance,64,1.1008111005457764,0.9509087753948037,1.3971103959536118
tabula_lung_endo,42,0.10,unrescued_rare,rare_standardized_distance,1,2.3074637975903447,2.3074637975903447,2.3074637975903447
tabula_lung_endo,42,all,non_target,rare_standardized_distance,1716,2.2622244329915504,2.1320749172026274,2.4108501300963194
tabula_lung_endo,42,all,baseline_correct_rare,rare_standardized_distance,65,0.9880405130606249,0.8606324459333112,1.308628257845238
tabula_lung_endo,43,0.01,non_target,rare_standardized_distance,1716,3.2885310396197713,3.105461771317036,3.5072275226227347
tabula_lung_endo,43,0.01,true_rescued_rare,rare_standardized_distance,56,1.7815562518122676,1.583353878779261,2.1670375390421057
tabula_lung_endo,43,0.01,baseline_correct_rare,rare_standardized_distance,7,1.269137981668711,1.0248755186994367,1.551613381303007
tabula_lung_endo,43,0.01,unrescued_rare,rare_standardized_distance,2,3.1186372223773735,3.104872964315324,3.132401480439423
tabula_lung_endo,43,0.05,non_target,rare_standardized_distance,1716,2.263359562030761,2.1128491696292953,2.429014825582115
tabula_lung_endo,43,0.05,baseline_correct_rare,rare_standardized_distance,60,1.1397535863158819,1.0030605348438133,1.4373389954088058
tabula_lung_endo,43,0.05,true_rescued_rare,rare_standardized_distance,5,1.4198862801891132,1.3955417056948016,2.003055431825953
tabula_lung_endo,43,0.10,non_target,rare_standardized_distance,1716,2.6703697853049775,2.4907802124393146,2.8641239772734934
tabula_lung_endo,43,0.10,baseline_correct_rare,rare_standardized_distance,63,1.396914985021762,1.1026159328576006,1.6514481072145464
tabula_lung_endo,43,0.10,unrescued_rare,rare_standardized_distance,2,2.4935500737758387,2.4667691083857806,2.5203310391658973
tabula_lung_endo,43,all,non_target,rare_standardized_distance,1716,2.1308462885534665,1.9931431926821284,2.29042200364427
tabula_lung_endo,43,all,baseline_correct_rare,rare_standardized_distance,65,1.083442332269022,0.9210175384126593,1.3449843647361326
tabula_lung_endo,44,0.01,non_target,rare_standardized_distance,1716,2.560102131272961,2.416685309282637,2.7019412248134573
tabula_lung_endo,44,0.01,true_rescued_rare,rare_standardized_distance,23,1.8091671540166099,1.528539031894662,2.2028140686177404
tabula_lung_endo,44,0.01,baseline_correct_rare,rare_standardized_distance,40,1.254649567855072,1.0995642443608868,1.4933438407508521
tabula_lung_endo,44,0.01,unrescued_rare,rare_standardized_distance,2,2.7091487078044016,2.6595644956062214,2.7587329200025814
tabula_lung_endo,44,0.05,non_target,rare_standardized_distance,1716,2.2353113927380965,2.1143586154672747,2.3576192445701416
tabula_lung_endo,44,0.05,baseline_correct_rare,rare_standardized_distance,59,1.1064412783158022,0.9445534367376709,1.3865029373082272
tabula_lung_endo,44,0.05,true_rescued_rare,rare_standardized_distance,6,2.1259268461921876,1.9653563838256862,2.1518395153975067
tabula_lung_endo,44,0.10,non_target,rare_standardized_distance,1716,2.3260784166143322,2.198128424347918,2.4675387054766964
tabula_lung_endo,44,0.10,baseline_correct_rare,rare_standardized_distance,63,1.1073652170368684,0.9718594182208732,1.438665108375782
tabula_lung_endo,44,0.10,unrescued_rare,rare_standardized_distance,2,2.378514152416537,2.305672105063987,2.451356199769088
tabula_lung_endo,44,all,non_target,rare_standardized_distance,1716,2.1811143855143884,2.0691719731078155,2.3044486417637904
tabula_lung_endo,44,all,baseline_correct_rare,rare_standardized_distance,63,1.0261803730254255,0.8853279090670374,1.3499192967766296
tabula_lung_endo,44,all,unrescued_rare,rare_standardized_distance,2,2.1550677371728275,2.1056185627027633,2.2045169116428918
tabula_sapiens_stomach,42,0.01,non_target,rare_standardized_distance,9543,2.890100141737828,2.754638849371778,3.0333925212290334
tabula_sapiens_stomach,42,0.01,baseline_correct_rare,rare_standardized_distance,12,1.5929178154526722,1.4248337897388383,1.7110284811070509
tabula_sapiens_stomach,42,0.01,unrescued_rare,rare_standardized_distance,13,2.556770459874562,2.097602078822394,2.714892130391325
tabula_sapiens_stomach,42,0.01,true_rescued_rare,rare_standardized_distance,7,2.0753861931577506,2.071601753289343,2.2596751988961197
tabula_sapiens_stomach,42,0.05,non_target,rare_standardized_distance,9543,2.890100141737828,2.754638849371778,3.0333925212290334
tabula_sapiens_stomach,42,0.05,baseline_correct_rare,rare_standardized_distance,12,1.5929178154526722,1.4248337897388383,1.7110284811070509
tabula_sapiens_stomach,42,0.05,unrescued_rare,rare_standardized_distance,13,2.556770459874562,2.097602078822394,2.714892130391325
tabula_sapiens_stomach,42,0.05,true_rescued_rare,rare_standardized_distance,7,2.0753861931577506,2.071601753289343,2.2596751988961197
tabula_sapiens_stomach,42,0.10,non_target,rare_standardized_distance,9543,2.890100141737828,2.754638849371778,3.0333925212290334
tabula_sapiens_stomach,42,0.10,baseline_correct_rare,rare_standardized_distance,12,1.5929178154526722,1.4248337897388383,1.7110284811070509
tabula_sapiens_stomach,42,0.10,unrescued_rare,rare_standardized_distance,13,2.556770459874562,2.097602078822394,2.714892130391325
tabula_sapiens_stomach,42,0.10,true_rescued_rare,rare_standardized_distance,7,2.0753861931577506,2.071601753289343,2.2596751988961197
tabula_sapiens_stomach,42,all,non_target,rare_standardized_distance,9543,2.6855555833426625,2.556856290474372,2.8212978459498146
tabula_sapiens_stomach,42,all,true_rescued_rare,rare_standardized_distance,9,1.8606224732273127,1.6828631950810717,1.9388896934271056
tabula_sapiens_stomach,42,all,unrescued_rare,rare_standardized_distance,15,2.4284213776951202,1.9855128025815727,2.590679940105203
tabula_sapiens_stomach,42,all,baseline_correct_rare,rare_standardized_distance,8,1.362704641657262,1.2163842007821382,1.5027239685130418
tabula_sapiens_stomach,43,0.01,non_target,rare_standardized_distance,9543,4.048545562965036,3.880688256673914,4.206731496751748
tabula_sapiens_stomach,43,0.01,baseline_correct_rare,rare_standardized_distance,17,2.422573303238864,1.9850076247695163,2.5975422197408546
tabula_sapiens_stomach,43,0.01,unrescued_rare,rare_standardized_distance,14,3.6814032533079626,2.892744858965031,3.8089284419216094
tabula_sapiens_stomach,43,0.01,true_rescued_rare,rare_standardized_distance,1,2.9605612539912634,2.9605612539912634,2.9605612539912634
tabula_sapiens_stomach,43,0.05,non_target,rare_standardized_distance,9543,4.048545562965036,3.880688256673914,4.206731496751748
tabula_sapiens_stomach,43,0.05,baseline_correct_rare,rare_standardized_distance,17,2.422573303238864,1.9850076247695163,2.5975422197408546
tabula_sapiens_stomach,43,0.05,unrescued_rare,rare_standardized_distance,14,3.6814032533079626,2.892744858965031,3.8089284419216094
tabula_sapiens_stomach,43,0.05,true_rescued_rare,rare_standardized_distance,1,2.9605612539912634,2.9605612539912634,2.9605612539912634
tabula_sapiens_stomach,43,0.10,non_target,rare_standardized_distance,9543,4.048545562965036,3.880688256673914,4.206731496751748
tabula_sapiens_stomach,43,0.10,baseline_correct_rare,rare_standardized_distance,17,2.422573303238864,1.9850076247695163,2.5975422197408546
tabula_sapiens_stomach,43,0.10,unrescued_rare,rare_standardized_distance,14,3.6814032533079626,2.892744858965031,3.8089284419216094
tabula_sapiens_stomach,43,0.10,true_rescued_rare,rare_standardized_distance,1,2.9605612539912634,2.9605612539912634,2.9605612539912634
tabula_sapiens_stomach,43,all,non_target,rare_standardized_distance,9543,2.8193381544711356,2.6850458655795926,2.9454736047877716
tabula_sapiens_stomach,43,all,baseline_correct_rare,rare_standardized_distance,16,1.5289698142985095,1.2840054166561867,1.6622853862053573
tabula_sapiens_stomach,43,all,unrescued_rare,rare_standardized_distance,14,2.5987987178744056,1.919640436659328,2.705591185423285
tabula_sapiens_stomach,43,all,true_rescued_rare,rare_standardized_distance,2,1.9759532336640466,1.9722332913090677,1.9796731760190256
tabula_sapiens_stomach,44,0.01,non_target,rare_standardized_distance,9543,3.5238734850762627,3.313192851371785,3.732000362472755
tabula_sapiens_stomach,44,0.01,true_rescued_rare,rare_standardized_distance,4,2.229107921774016,1.9990251927968248,2.4275894789507007
tabula_sapiens_stomach,44,0.01,unrescued_rare,rare_standardized_distance,14,3.6170718297242415,2.709223548757033,3.8611638199335343
tabula_sapiens_stomach,44,0.01,baseline_correct_rare,rare_standardized_distance,14,1.845055113356477,1.7250087263063683,2.031184547159688
tabula_sapiens_stomach,44,0.05,non_target,rare_standardized_distance,9543,3.5238734850762627,3.313192851371785,3.732000362472755
tabula_sapiens_stomach,44,0.05,true_rescued_rare,rare_standardized_distance,4,2.229107921774016,1.9990251927968248,2.4275894789507007
tabula_sapiens_stomach,44,0.05,unrescued_rare,rare_standardized_distance,14,3.6170718297242415,2.709223548757033,3.8611638199335343
tabula_sapiens_stomach,44,0.05,baseline_correct_rare,rare_standardized_distance,14,1.845055113356477,1.7250087263063683,2.031184547159688
tabula_sapiens_stomach,44,0.10,non_target,rare_standardized_distance,9543,3.5238734850762627,3.313192851371785,3.732000362472755
tabula_sapiens_stomach,44,0.10,true_rescued_rare,rare_standardized_distance,4,2.229107921774016,1.9990251927968248,2.4275894789507007
tabula_sapiens_stomach,44,0.10,unrescued_rare,rare_standardized_distance,14,3.6170718297242415,2.709223548757033,3.8611638199335343
tabula_sapiens_stomach,44,0.10,baseline_correct_rare,rare_standardized_distance,14,1.845055113356477,1.7250087263063683,2.031184547159688
tabula_sapiens_stomach,44,all,non_target,rare_standardized_distance,9543,2.7965142428722487,2.6236221586226343,2.9676275584657423
tabula_sapiens_stomach,44,all,true_rescued_rare,rare_standardized_distance,5,1.9352497166663696,1.8100646812350787,1.9516051439812439
tabula_sapiens_stomach,44,all,unrescued_rare,rare_standardized_distance,13,3.022718254425442,2.345130325869222,3.1606454050045256
tabula_sapiens_stomach,44,all,baseline_correct_rare,rare_standardized_distance,14,1.3391675239510001,1.2262012105077766,1.548074346458232
tabula_small_intestine,42,0.01,non_target,rare_standardized_distance,6288,4.233714790815213,4.0422665017537245,4.440520779399368
tabula_small_intestine,42,0.01,baseline_correct_rare,rare_standardized_distance,65,1.418565248256817,1.1750419350708472,1.5936207821611854
tabula_small_intestine,42,0.05,non_target,rare_standardized_distance,6288,3.3568793726095345,3.210163358663867,3.510731961140661
tabula_small_intestine,42,0.05,baseline_correct_rare,rare_standardized_distance,65,1.2199593015283536,1.0398106353619772,1.3790458466922346
tabula_small_intestine,42,0.10,non_target,rare_standardized_distance,6288,3.1674991112671576,3.0290605061687623,3.318988389113437
tabula_small_intestine,42,0.10,baseline_correct_rare,rare_standardized_distance,65,1.2040766559197587,1.059546076296129,1.3567322295193578
tabula_small_intestine,42,all,non_target,rare_standardized_distance,6288,3.366313169685084,3.2096287864521384,3.542616300548576
tabula_small_intestine,42,all,baseline_correct_rare,rare_standardized_distance,65,1.1836065778648979,1.0448300154932861,1.407534532424725
tabula_small_intestine,43,0.01,non_target,rare_standardized_distance,6288,3.0706717020867673,2.941602434258276,3.219825914728955
tabula_small_intestine,43,0.01,baseline_correct_rare,rare_standardized_distance,65,1.0238694607784413,0.8883557029159539,1.1487733724289295
tabula_small_intestine,43,0.05,non_target,rare_standardized_distance,6288,3.302843141089748,3.151308647306808,3.4726308255432317
tabula_small_intestine,43,0.05,baseline_correct_rare,rare_standardized_distance,65,1.1086566366896646,0.9461518045568269,1.3330129172504313
tabula_small_intestine,43,0.10,non_target,rare_standardized_distance,6288,4.0851282097054185,3.9179688005662054,4.280042233027077
tabula_small_intestine,43,0.10,baseline_correct_rare,rare_standardized_distance,65,1.2485959612013173,1.0883169867664864,1.554435802712829
tabula_small_intestine,43,all,non_target,rare_standardized_distance,6288,3.6207292372452065,3.468308603819028,3.786330095602425
tabula_small_intestine,43,all,baseline_correct_rare,rare_standardized_distance,65,1.161189907902582,1.0041352133446486,1.3926211038415213
tabula_small_intestine,44,0.01,non_target,rare_standardized_distance,6288,3.5293023126636864,3.354349802228696,3.7331241791614036
tabula_small_intestine,44,0.01,baseline_correct_rare,rare_standardized_distance,65,1.3313376475325185,1.1789791004551202,1.5532906583959358
tabula_small_intestine,44,0.05,non_target,rare_standardized_distance,6288,3.0807690149198144,2.927291374954737,3.249563638357724
tabula_small_intestine,44,0.05,baseline_correct_rare,rare_standardized_distance,65,1.1166824497480132,1.0168666312619439,1.246793829427724
tabula_small_intestine,44,0.10,non_target,rare_standardized_distance,6288,3.5210351876502237,3.354232664224022,3.696918696737613
tabula_small_intestine,44,0.10,baseline_correct_rare,rare_standardized_distance,65,1.2493352385144552,1.1295919759153,1.3992315691897406
tabula_small_intestine,44,all,non_target,rare_standardized_distance,6288,3.303761812273679,3.144419715526108,3.482550694722686
tabula_small_intestine,44,all,baseline_correct_rare,rare_standardized_distance,65,1.2036822185148772,1.0528282562429279,1.3561139161888374
mouse_lung_tms_10x,42,0.01,non_target,rare_standardized_distance,1316,4.617156927937085,3.6208305527149602,4.996138822697072
mouse_lung_tms_10x,42,0.01,unrescued_rare,rare_standardized_distance,44,2.440348060845891,2.1528401926634553,2.722768151430757
mouse_lung_tms_10x,42,0.01,true_rescued_rare,rare_standardized_distance,7,1.901424479547172,1.896607486346133,1.9836212749796833
mouse_lung_tms_10x,42,0.05,non_target,rare_standardized_distance,1316,3.3305727477902742,2.776230792592459,3.6192535488369613
mouse_lung_tms_10x,42,0.05,unrescued_rare,rare_standardized_distance,51,1.5152968225247265,1.3711047009221407,1.6556251687943928
mouse_lung_tms_10x,42,0.10,non_target,rare_standardized_distance,1316,2.934825940419889,2.4137531876443754,3.181431255046164
mouse_lung_tms_10x,42,0.10,unrescued_rare,rare_standardized_distance,22,1.37974713114196,1.2634672584807536,1.540071775286706
mouse_lung_tms_10x,42,0.10,baseline_correct_rare,rare_standardized_distance,14,1.1167339275090868,1.0840421930940554,1.2365048484172616
mouse_lung_tms_10x,42,0.10,true_rescued_rare,rare_standardized_distance,15,1.2693714198224284,1.1644790973100543,1.373131002870227
mouse_lung_tms_10x,42,all,non_target,rare_standardized_distance,1316,2.853177718705372,2.369059120714745,3.076704291269313
mouse_lung_tms_10x,42,all,baseline_correct_rare,rare_standardized_distance,34,0.987282660005274,0.8869531946397996,1.1413979524849105
mouse_lung_tms_10x,42,all,unrescued_rare,rare_standardized_distance,17,1.2621676579858903,1.0702692620137955,1.3218753324902766
mouse_lung_tms_10x,43,0.01,non_target,rare_standardized_distance,1316,2.680719921458649,2.1238586720333417,2.9438388169319003
mouse_lung_tms_10x,43,0.01,unrescued_rare,rare_standardized_distance,51,1.2065950612968037,1.0337633742862504,1.370029649356537
mouse_lung_tms_10x,43,0.05,non_target,rare_standardized_distance,1316,2.814601746388777,2.2400568735696575,3.0355489565292526
mouse_lung_tms_10x,43,0.05,unrescued_rare,rare_standardized_distance,51,1.2586025427667722,1.1569021702778874,1.4292924464120107
mouse_lung_tms_10x,43,0.10,non_target,rare_standardized_distance,1316,3.261345842666024,2.613289375447107,3.563400347736944
mouse_lung_tms_10x,43,0.10,unrescued_rare,rare_standardized_distance,51,1.3509685838581376,1.2115043628419508,1.5279222143716222
mouse_lung_tms_10x,43,all,non_target,rare_standardized_distance,1316,2.887745542193018,2.389980309550291,3.130619509824317
mouse_lung_tms_10x,43,all,baseline_correct_rare,rare_standardized_distance,37,1.0302989121619155,0.9439577042040348,1.1638804866934163
mouse_lung_tms_10x,43,all,unrescued_rare,rare_standardized_distance,14,1.4015807433704857,1.2997310848874772,1.4777114194816248
mouse_lung_tms_10x,44,0.01,non_target,rare_standardized_distance,1316,3.196766430534814,2.658477716352256,3.4400218737833965
mouse_lung_tms_10x,44,0.01,unrescued_rare,rare_standardized_distance,40,1.7991262030220079,1.682928599351425,1.93410152778686
mouse_lung_tms_10x,44,0.01,true_rescued_rare,rare_standardized_distance,11,1.3869109540347477,1.3527148074734197,1.4911921711403362
mouse_lung_tms_10x,44,0.05,non_target,rare_standardized_distance,1316,3.2114936767144124,2.638199551905069,3.486492735811006
mouse_lung_tms_10x,44,0.05,unrescued_rare,rare_standardized_distance,34,1.7237128210864445,1.611515792308477,1.8669305919848591
mouse_lung_tms_10x,44,0.05,true_rescued_rare,rare_standardized_distance,16,1.3030830998953498,1.2068379794715285,1.3886668407081344
mouse_lung_tms_10x,44,0.05,baseline_correct_rare,rare_standardized_distance,1,1.220088202841849,1.220088202841849,1.220088202841849
mouse_lung_tms_10x,44,0.10,non_target,rare_standardized_distance,1316,2.7018392030062843,2.2273854858522513,2.923239932376779
mouse_lung_tms_10x,44,0.10,unrescued_rare,rare_standardized_distance,33,1.391343465520698,1.0857823633817334,1.4810197127425668
mouse_lung_tms_10x,44,0.10,baseline_correct_rare,rare_standardized_distance,18,1.0327034279549354,0.9540483854356268,1.162701507544459
mouse_lung_tms_10x,44,all,non_target,rare_standardized_distance,1316,2.714204044129493,2.279903583555362,2.9302259317169854
mouse_lung_tms_10x,44,all,baseline_correct_rare,rare_standardized_distance,42,1.0593965284405997,0.9591155401806253,1.171804634405191
mouse_lung_tms_10x,44,all,unrescued_rare,rare_standardized_distance,8,1.4513128198261436,1.4104484387210585,1.518404269156192
mouse_lung_tms_10x,44,all,true_rescued_rare,rare_standardized_distance,1,1.2474008189685404,1.2474008189685404,1.2474008189685404
mouse_pancreas_tms_10x,42,0.01,non_target,rare_standardized_distance,864,1.9679791836457232,1.816208711194961,2.1593417135974837
mouse_pancreas_tms_10x,42,0.01,unrescued_rare,rare_standardized_distance,67,1.213285303307573,1.089806604855059,1.300062922772881
mouse_pancreas_tms_10x,42,0.01,baseline_correct_rare,rare_standardized_distance,4,0.9596284520507593,0.9315595860324217,0.9768201951243493
mouse_pancreas_tms_10x,42,0.05,non_target,rare_standardized_distance,864,2.1241945898304957,1.9323005176440975,2.4661595181857745
mouse_pancreas_tms_10x,42,0.05,baseline_correct_rare,rare_standardized_distance,59,0.9582093542413653,0.8449651818976647,1.2076639823848798
mouse_pancreas_tms_10x,42,0.05,unrescued_rare,rare_standardized_distance,12,1.3128700049211073,1.136341954895517,1.422657573468122
mouse_pancreas_tms_10x,42,0.10,non_target,rare_standardized_distance,864,2.3511709960886864,2.16336926998305,2.689055423002299
mouse_pancreas_tms_10x,42,0.10,baseline_correct_rare,rare_standardized_distance,61,1.0587126318142013,0.9623514064646367,1.3955401166039383
mouse_pancreas_tms_10x,42,0.10,unrescued_rare,rare_standardized_distance,10,1.6882042532089625,1.5424564277049138,1.7726085387482615
mouse_pancreas_tms_10x,42,all,non_target,rare_standardized_distance,864,2.368790109080577,2.162543202229103,2.7913813283438635
mouse_pancreas_tms_10x,42,all,baseline_correct_rare,rare_standardized_distance,67,1.0244878541678286,0.8842191006582992,1.3694491971134295
mouse_pancreas_tms_10x,42,all,unrescued_rare,rare_standardized_distance,4,1.563615551748477,1.5362423909877185,1.7888855587430814
mouse_pancreas_tms_10x,43,0.01,non_target,rare_standardized_distance,864,2.952801908231793,2.703091322069089,3.3535233279487686
mouse_pancreas_tms_10x,43,0.01,unrescued_rare,rare_standardized_distance,44,1.927906961153003,1.3403266504144915,2.111131723635641
mouse_pancreas_tms_10x,43,0.01,baseline_correct_rare,rare_standardized_distance,27,1.3953959040354076,1.1544409080816935,1.4734797474015024
mouse_pancreas_tms_10x,43,0.05,non_target,rare_standardized_distance,864,3.34691154390742,3.0124562955423446,3.9341083619685673
mouse_pancreas_tms_10x,43,0.05,unrescued_rare,rare_standardized_distance,20,2.13691283363839,2.010340390865862,2.7105877993649212
mouse_pancreas_tms_10x,43,0.05,baseline_correct_rare,rare_standardized_distance,51,1.3352707490040547,1.0749424225688566,1.8075847582809486
mouse_pancreas_tms_10x,43,0.10,non_target,rare_standardized_distance,864,2.191985612368407,2.0191956442371284,2.5183719272010276
mouse_pancreas_tms_10x,43,0.10,baseline_correct_rare,rare_standardized_distance,61,0.995007134206811,0.886299679425889,1.1632378077893881
mouse_pancreas_tms_10x,43,0.10,unrescued_rare,rare_standardized_distance,10,1.6232014553030605,1.3380764112309778,1.844229549116572
mouse_pancreas_tms_10x,43,all,non_target,rare_standardized_distance,864,2.569484804960206,2.2992748325170864,3.0310595369755644
mouse_pancreas_tms_10x,43,all,baseline_correct_rare,rare_standardized_distance,67,1.0961205109978616,0.8866180522017166,1.4032733215142277
mouse_pancreas_tms_10x,43,all,unrescued_rare,rare_standardized_distance,4,1.8268725527823606,1.6745367105134206,1.9601120820995757
mouse_pancreas_tms_10x,44,0.01,non_target,rare_standardized_distance,864,2.8048327714023813,2.446620458779247,3.39664167028619
mouse_pancreas_tms_10x,44,0.01,unrescued_rare,rare_standardized_distance,32,1.6209243283138224,1.4219057114381612,2.00496163239918
mouse_pancreas_tms_10x,44,0.01,baseline_correct_rare,rare_standardized_distance,39,1.3801205799205432,1.1647264225522513,1.5197907181239523
mouse_pancreas_tms_10x,44,0.05,non_target,rare_standardized_distance,864,3.030312424770825,2.664806162820761,3.7123349645195134
mouse_pancreas_tms_10x,44,0.05,unrescued_rare,rare_standardized_distance,12,1.7567527870838355,1.537685187507621,2.01397632918125
mouse_pancreas_tms_10x,44,0.05,baseline_correct_rare,rare_standardized_distance,59,1.2289672012583617,1.0220631423728803,1.622660597348406
mouse_pancreas_tms_10x,44,0.10,non_target,rare_standardized_distance,864,2.3955232019819936,2.1621211720997278,2.7757403245047914
mouse_pancreas_tms_10x,44,0.10,baseline_correct_rare,rare_standardized_distance,61,1.0866826266479859,1.0145001794961772,1.2716804625883686
mouse_pancreas_tms_10x,44,0.10,unrescued_rare,rare_standardized_distance,10,1.506370005948437,1.4118829050186583,1.63249947694103
mouse_pancreas_tms_10x,44,all,non_target,rare_standardized_distance,864,2.557081977203372,2.236362828055328,3.0630593801464086
mouse_pancreas_tms_10x,44,all,baseline_correct_rare,rare_standardized_distance,67,1.0209834833708198,0.8896144069963878,1.2980703808736473
mouse_pancreas_tms_10x,44,all,unrescued_rare,rare_standardized_distance,4,1.6097752414510123,1.4610800698273858,1.9932543902586388
immune_dc,42,0.01,non_target,standardized_prototype_margin,6004,-2.0394642442625788,-2.2260704382822123,-1.831635448361502
immune_dc,42,0.01,true_rescued_rare,standardized_prototype_margin,107,-0.2232853977410425,-0.41250572193347834,-0.03659493608113673
immune_dc,42,0.01,unrescued_rare,standardized_prototype_margin,23,-0.9519032422062651,-1.1829250816882635,-0.8477089739483523
immune_dc,42,0.05,non_target,standardized_prototype_margin,6004,-1.5598235605282769,-1.7327734015355998,-1.3632080812545277
immune_dc,42,0.05,baseline_correct_rare,standardized_prototype_margin,94,0.7788207346109213,0.5598419695781224,0.9703412878420723
immune_dc,42,0.05,unrescued_rare,standardized_prototype_margin,13,-0.6650768990523714,-0.7275807663743272,-0.5261189038939971
immune_dc,42,0.05,true_rescued_rare,standardized_prototype_margin,23,0.10877421560714762,-0.029317566821320695,0.24862545413040715
immune_dc,42,0.10,non_target,standardized_prototype_margin,6004,-1.6310961913028326,-1.809124203545212,-1.4471314337809458
immune_dc,42,0.10,baseline_correct_rare,standardized_prototype_margin,103,0.7423740826902137,0.44948556407163043,0.9676295525823342
immune_dc,42,0.10,unrescued_rare,standardized_prototype_margin,15,-0.6793551146213557,-0.8436237451420111,-0.6159071745385568
immune_dc,42,0.10,true_rescued_rare,standardized_prototype_margin,12,-0.170283599221695,-0.21545826834133425,0.008898032952543988
immune_dc,42,all,non_target,standardized_prototype_margin,6004,-1.398533874119678,-1.5634882450089613,-1.2204833324232025
immune_dc,42,all,baseline_correct_rare,standardized_prototype_margin,117,0.8426504541271547,0.5333287077432147,1.0234848070389517
immune_dc,42,all,unrescued_rare,standardized_prototype_margin,9,-0.6157236054108426,-0.7861071291852197,-0.5189493455690403
immune_dc,42,all,true_rescued_rare,standardized_prototype_margin,4,-0.17925407082386113,-0.25110303751088514,-0.11496499900901214
immune_dc,43,0.01,non_target,standardized_prototype_margin,6004,-2.474788637123482,-2.7432397299609,-2.1965396643181565
immune_dc,43,0.01,true_rescued_rare,standardized_prototype_margin,114,0.013395191024311082,-0.24350223196577409,0.25157945833539624
immune_dc,43,0.01,unrescued_rare,standardized_prototype_margin,16,-1.2633817709728077,-1.5772001140875493,-1.063044508331607
immune_dc,43,0.05,non_target,standardized_prototype_margin,6004,-1.8833924508692643,-2.088282904260417,-1.6695051464670054
immune_dc,43,0.05,baseline_correct_rare,standardized_prototype_margin,105,0.7629466592362032,0.43989647742251625,0.9164172647666838
immune_dc,43,0.05,unrescued_rare,standardized_prototype_margin,13,-0.7067124694916986,-0.8562209891219557,-0.5567800348286613
immune_dc,43,0.05,true_rescued_rare,standardized_prototype_margin,12,-0.1993703824274099,-0.29892265052276734,-0.05968330864680005
immune_dc,43,0.10,non_target,standardized_prototype_margin,6004,-1.2933920073116423,-1.4429997021639276,-1.126070758892932
immune_dc,43,0.10,baseline_correct_rare,standardized_prototype_margin,113,0.9328040627051849,0.6318677292258253,1.1594035307113624
immune_dc,43,0.10,unrescued_rare,standardized_prototype_margin,9,-0.33680922813893455,-0.46800372500500464,-0.2548063793677664
immune_dc,43,0.10,true_rescued_rare,standardized_prototype_margin,8,0.0771336490991873,-0.011569861270391446,0.09374253191834803
immune_dc,43,all,non_target,standardized_prototype_margin,6004,-1.5301820591561193,-1.6927461367039682,-1.3418537619453013
immune_dc,43,all,baseline_correct_rare,standardized_prototype_margin,119,1.0105025792385964,0.5807326105806507,1.2233763808058131
immune_dc,43,all,unrescued_rare,standardized_prototype_margin,9,-0.4218194557502768,-0.6676382305068316,-0.3253204530418108
immune_dc,43,all,true_rescued_rare,standardized_prototype_margin,2,-0.10635533229027627,-0.17090714585325945,-0.0418035187272931
immune_dc,44,0.01,non_target,standardized_prototype_margin,6004,-2.2463198667487676,-2.4502556860311695,-2.0167254022960956
immune_dc,44,0.01,true_rescued_rare,standardized_prototype_margin,117,-0.005736417235000513,-0.3011803191717124,0.1770350529671656
immune_dc,44,0.01,unrescued_rare,standardized_prototype_margin,13,-1.2933585984214848,-1.489565139150558,-0.9349346875851421
immune_dc,44,0.05,non_target,standardized_prototype_margin,6004,-1.7606051788026207,-1.9429640121886236,-1.5513229492001892
immune_dc,44,0.05,baseline_correct_rare,standardized_prototype_margin,103,0.6893828012223526,0.38149587871000734,0.850748149220213
immune_dc,44,0.05,unrescued_rare,standardized_prototype_margin,10,-0.8358007497859395,-1.1556651815405468,-0.6341331266409695
immune_dc,44,0.05,true_rescued_rare,standardized_prototype_margin,17,-0.22447167761055176,-0.26098104850087256,0.056002657371295506
immune_dc,44,0.10,non_target,standardized_prototype_margin,6004,-1.7380396485452008,-1.9057471715690921,-1.5368038418336396
immune_dc,44,0.10,baseline_correct_rare,standardized_prototype_margin,111,0.8792555464296709,0.5258095468756628,1.0212504261402158
immune_dc,44,0.10,unrescued_rare,standardized_prototype_margin,9,-0.907325228518,-1.0487158652152822,-0.7544859999809111
immune_dc,44,0.10,true_rescued_rare,standardized_prototype_margin,10,-0.2640437492769804,-0.33565006760544447,-0.09302997192509338
immune_dc,44,all,non_target,standardized_prototype_margin,6004,-1.3938585348292971,-1.5422927793797523,-1.214700748603093
immune_dc,44,all,baseline_correct_rare,standardized_prototype_margin,120,0.8636840403802146,0.4797773226822692,1.0636401742941792
immune_dc,44,all,unrescued_rare,standardized_prototype_margin,8,-0.5298079499801251,-0.7157390455352983,-0.43383204245234985
immune_dc,44,all,true_rescued_rare,standardized_prototype_margin,2,-0.15301652076852557,-0.16872546036117603,-0.1373075811758751
pancreas_baron,42,0.01,non_target,standardized_prototype_margin,1638,-0.8527281328944286,-1.093621075462238,-0.6648680903538438
pancreas_baron,42,0.01,unrescued_rare,standardized_prototype_margin,21,-0.2760883974545989,-0.39605913723801844,-0.20887239177715955
pancreas_baron,42,0.01,true_rescued_rare,standardized_prototype_margin,54,0.08703911449210566,-0.024203019976379414,0.27224985705009525
pancreas_baron,42,0.01,baseline_correct_rare,standardized_prototype_margin,11,0.2174707515350358,0.0961562653991308,0.3233274645086168
pancreas_baron,42,0.05,non_target,standardized_prototype_margin,1638,-0.8527281328944286,-1.093621075462238,-0.6648680903538438
pancreas_baron,42,0.05,unrescued_rare,standardized_prototype_margin,21,-0.2760883974545989,-0.39605913723801844,-0.20887239177715955
pancreas_baron,42,0.05,true_rescued_rare,standardized_prototype_margin,54,0.08703911449210566,-0.024203019976379414,0.27224985705009525
pancreas_baron,42,0.05,baseline_correct_rare,standardized_prototype_margin,11,0.2174707515350358,0.0961562653991308,0.3233274645086168
pancreas_baron,42,0.10,non_target,standardized_prototype_margin,1638,-0.852268170340101,-1.0553466461078336,-0.6584769128943381
pancreas_baron,42,0.10,unrescued_rare,standardized_prototype_margin,24,-0.2457690956342412,-0.37024892836066126,-0.18420589678942523
pancreas_baron,42,0.10,baseline_correct_rare,standardized_prototype_margin,57,0.13500151781693837,-0.016675171091654617,0.2529016874884167
pancreas_baron,42,0.10,true_rescued_rare,standardized_prototype_margin,5,0.0368121792004974,0.01896549003657899,0.095147088127437
pancreas_baron,42,all,non_target,standardized_prototype_margin,1638,-0.6303107566083672,-0.9379894237080949,-0.44966348061397726
pancreas_baron,42,all,baseline_correct_rare,standardized_prototype_margin,80,0.2521913435435499,0.08591413343455584,0.42920396876872197
pancreas_baron,42,all,unrescued_rare,standardized_prototype_margin,6,-0.20772504454250595,-0.2684809904234799,0.02523482420164913
pancreas_baron,43,0.01,non_target,standardized_prototype_margin,1638,-0.5993537000463721,-0.8393075308802349,-0.4260497921057413
pancreas_baron,43,0.01,unrescued_rare,standardized_prototype_margin,74,0.028758324831110293,-0.0925599838337558,0.14814274698166485
pancreas_baron,43,0.01,baseline_correct_rare,standardized_prototype_margin,12,0.3267249849297362,0.26854766504982486,0.3846888608660958
pancreas_baron,43,0.05,non_target,standardized_prototype_margin,1638,-0.5993537000463721,-0.8393075308802349,-0.4260497921057413
pancreas_baron,43,0.05,unrescued_rare,standardized_prototype_margin,74,0.028758324831110293,-0.0925599838337558,0.14814274698166485
pancreas_baron,43,0.05,baseline_correct_rare,standardized_prototype_margin,12,0.3267249849297362,0.26854766504982486,0.3846888608660958
pancreas_baron,43,0.10,non_target,standardized_prototype_margin,1638,-1.1751748820152395,-1.6481199346366133,-0.9649980516908165
pancreas_baron,43,0.10,baseline_correct_rare,standardized_prototype_margin,57,-0.2455799840597379,-0.4121116380177705,-0.06656732488852013
pancreas_baron,43,0.10,unrescued_rare,standardized_prototype_margin,18,-0.6949617386302727,-0.8584590307511575,-0.5395451372867835
pancreas_baron,43,0.10,true_rescued_rare,standardized_prototype_margin,11,-0.19793707947064987,-0.20819703172229054,-0.143216194035381
pancreas_baron,43,all,non_target,standardized_prototype_margin,1638,-0.5221232230209621,-0.815885688628285,-0.3365962942226261
pancreas_baron,43,all,baseline_correct_rare,standardized_prototype_margin,77,0.35955310743511504,0.22258571334378185,0.46307791224270245
pancreas_baron,43,all,unrescued_rare,standardized_prototype_margin,9,-0.08057525026263446,-0.1530216022941091,0.07894968899639387
pancreas_baron,44,0.01,non_target,standardized_prototype_margin,1638,-0.891468047518271,-1.335410194528109,-0.6274435144973778
pancreas_baron,44,0.01,unrescued_rare,standardized_prototype_margin,42,-0.05735077559636592,-0.14901720809449942,0.0876069839261332
pancreas_baron,44,0.01,baseline_correct_rare,standardized_prototype_margin,44,0.3295394623402683,0.1161957615695337,0.4221505578992344
pancreas_baron,44,0.05,non_target,standardized_prototype_margin,1638,-0.891468047518271,-1.335410194528109,-0.6274435144973778
pancreas_baron,44,0.05,unrescued_rare,standardized_prototype_margin,42,-0.05735077559636592,-0.14901720809449942,0.0876069839261332
pancreas_baron,44,0.05,baseline_correct_rare,standardized_prototype_margin,44,0.3295394623402683,0.1161957615695337,0.4221505578992344
pancreas_baron,44,0.10,non_target,standardized_prototype_margin,1638,-0.6654014615634245,-1.0166057976200582,-0.42836107846002897
pancreas_baron,44,0.10,baseline_correct_rare,standardized_prototype_margin,71,0.3420492390132768,0.20980020399655075,0.4919763680658451
pancreas_baron,44,0.10,unrescued_rare,standardized_prototype_margin,15,-0.02576269074913906,-0.11834482847524952,0.07693441936918743
pancreas_baron,44,all,non_target,standardized_prototype_margin,1638,-0.5551714469098372,-0.8980730236015326,-0.3256129921117564
pancreas_baron,44,all,baseline_correct_rare,standardized_prototype_margin,74,0.3036074266912229,0.18907553727306647,0.44501092379964347
pancreas_baron,44,all,unrescued_rare,standardized_prototype_margin,12,0.05136111129245369,0.0010676923769704083,0.10042305730670187
pancreas_integrated,42,0.01,non_target,standardized_prototype_margin,1701,-0.8041727440737614,-0.9745454751766631,-0.6047327657738402
pancreas_integrated,42,0.01,baseline_correct_rare,standardized_prototype_margin,23,0.9005792912732403,0.8543439253716201,0.9712136635468195
pancreas_integrated,42,0.05,non_target,standardized_prototype_margin,1701,-0.7606211502716936,-0.9147901252231865,-0.5600959662667144
pancreas_integrated,42,0.05,baseline_correct_rare,standardized_prototype_margin,23,1.113949114490334,1.023786151566422,1.164246002539838
pancreas_integrated,42,0.10,non_target,standardized_prototype_margin,1701,-0.6391727366798023,-0.7943660232105871,-0.4541064561138357
pancreas_integrated,42,0.10,baseline_correct_rare,standardized_prototype_margin,23,1.0863757140276902,1.039176403092102,1.1254598436296108
pancreas_integrated,42,all,non_target,standardized_prototype_margin,1701,-0.6830672302107612,-0.838153915131519,-0.4844352055212875
pancreas_integrated,42,all,baseline_correct_rare,standardized_prototype_margin,23,1.1291833941802014,1.0611346132599753,1.183228398525956
pancreas_integrated,43,0.01,non_target,standardized_prototype_margin,1701,-2.2388790823436926,-2.3881018822052567,-2.0388507239498224
pancreas_integrated,43,0.01,baseline_correct_rare,standardized_prototype_margin,23,0.4967778440113073,0.3006009432010577,0.5508578182722842
pancreas_integrated,43,0.05,non_target,standardized_prototype_margin,1701,-0.9815333126138495,-1.1169454918703727,-0.8277951460194704
pancreas_integrated,43,0.05,baseline_correct_rare,standardized_prototype_margin,23,0.8970269692329013,0.8132014225772503,0.9789347660157883
pancreas_integrated,43,0.10,non_target,standardized_prototype_margin,1701,-0.5426696865014298,-0.6974560096013127,-0.3738618276334633
pancreas_integrated,43,0.10,baseline_correct_rare,standardized_prototype_margin,23,1.045744300655433,0.975735414382565,1.1338786958838962
pancreas_integrated,43,all,non_target,standardized_prototype_margin,1701,-0.7848339976337277,-0.9225979743586747,-0.6177433523641449
pancreas_integrated,43,all,baseline_correct_rare,standardized_prototype_margin,23,1.047510362808488,0.9788578197152447,1.1052086949791815
pancreas_integrated,44,0.01,non_target,standardized_prototype_margin,1701,-0.8508536677546821,-0.9922856806328619,-0.6815258961024679
pancreas_integrated,44,0.01,true_rescued_rare,standardized_prototype_margin,23,0.7532317759529745,0.661754205002197,0.8788840572088908
pancreas_integrated,44,0.05,non_target,standardized_prototype_margin,1701,-0.8127318994944368,-0.9492646331470018,-0.6547419451473175
pancreas_integrated,44,0.05,baseline_correct_rare,standardized_prototype_margin,23,0.864685353947146,0.7634011683961911,0.9379591549375429
pancreas_integrated,44,0.10,non_target,standardized_prototype_margin,1701,-1.112964957599533,-1.250055726172169,-0.933279640559757
pancreas_integrated,44,0.10,baseline_correct_rare,standardized_prototype_margin,23,0.8393395098495373,0.6942136483982821,0.9361933170811467
pancreas_integrated,44,all,non_target,standardized_prototype_margin,1701,-0.8334136502003009,-0.9724172730145324,-0.6626900634561419
pancreas_integrated,44,all,baseline_correct_rare,standardized_prototype_margin,23,0.8765857701827338,0.781525905328074,1.0210540168105418
tabula_lung_endo,42,0.01,non_target,standardized_prototype_margin,1716,-1.9444503694258866,-2.1635151302052598,-1.7289196726996767
tabula_lung_endo,42,0.01,true_rescued_rare,standardized_prototype_margin,65,-0.06141031334014024,-0.19028168698284542,0.12882505917770315
tabula_lung_endo,42,0.05,non_target,standardized_prototype_margin,1716,-1.2322214424781943,-1.423076764085451,-1.053321432578056
tabula_lung_endo,42,0.05,true_rescued_rare,standardized_prototype_margin,32,0.5268586827268887,0.36535983271601713,0.6540931009846614
tabula_lung_endo,42,0.05,baseline_correct_rare,standardized_prototype_margin,33,0.7924264361871032,0.5523245238983621,0.9101353095738013
tabula_lung_endo,42,0.10,non_target,standardized_prototype_margin,1716,-1.1869167805898342,-1.3611459049043577,-1.0274018357573858
tabula_lung_endo,42,0.10,baseline_correct_rare,standardized_prototype_margin,64,0.6947498819917934,0.5471230671997327,0.8785953523268647
tabula_lung_endo,42,0.10,unrescued_rare,standardized_prototype_margin,1,-0.19132219139802498,-0.19132219139802498,-0.19132219139802498
tabula_lung_endo,42,all,non_target,standardized_prototype_margin,1716,-1.1242855028313423,-1.3081548571361536,-0.947388525038934
tabula_lung_endo,42,all,baseline_correct_rare,standardized_prototype_margin,65,0.827914484474987,0.6569300003933407,0.978824585909531
tabula_lung_endo,43,0.01,non_target,standardized_prototype_margin,1716,-2.1582374921237353,-2.295464237742476,-2.0083456370749686
tabula_lung_endo,43,0.01,true_rescued_rare,standardized_prototype_margin,56,-0.07379790834493583,-0.4443477036954872,0.0988779846856489
tabula_lung_endo,43,0.01,baseline_correct_rare,standardized_prototype_margin,7,0.46677767328639286,0.27958680850491613,0.6070889516254896
tabula_lung_endo,43,0.01,unrescued_rare,standardized_prototype_margin,2,-1.2316849040454114,-1.2469442186307924,-1.2164255894600304
tabula_lung_endo,43,0.05,non_target,standardized_prototype_margin,1716,-1.126288213321342,-1.2570589699471701,-0.9894292825333048
tabula_lung_endo,43,0.05,baseline_correct_rare,standardized_prototype_margin,60,0.6044756185253648,0.3688750240789001,0.7273153690473437
tabula_lung_endo,43,0.05,true_rescued_rare,standardized_prototype_margin,5,0.315795639701129,-0.07959108471786913,0.5268213703740099
tabula_lung_endo,43,0.10,non_target,standardized_prototype_margin,1716,-1.5467434845824277,-1.7000116680637283,-1.3925644015237821
tabula_lung_endo,43,0.10,baseline_correct_rare,standardized_prototype_margin,63,0.3915273864520634,0.21268840896927232,0.5815571776166025
tabula_lung_endo,43,0.10,unrescued_rare,standardized_prototype_margin,2,-0.6216183269626764,-0.6399160155477204,-0.6033206383776324
tabula_lung_endo,43,all,non_target,standardized_prototype_margin,1716,-0.9916475538141609,-1.1263911081048865,-0.8421513114681988
tabula_lung_endo,43,all,baseline_correct_rare,standardized_prototype_margin,65,0.6802164308410126,0.46783557455349944,0.8094835347878747
tabula_lung_endo,44,0.01,non_target,standardized_prototype_margin,1716,-1.4257252650100458,-1.592656255315651,-1.263422397792519
tabula_lung_endo,44,0.01,true_rescued_rare,standardized_prototype_margin,23,0.0009646056792169677,-0.2042209718427762,0.19087082485051843
tabula_lung_endo,44,0.01,baseline_correct_rare,standardized_prototype_margin,40,0.3408312661238705,0.23683995127849755,0.5007293568908728
tabula_lung_endo,44,0.01,unrescued_rare,standardized_prototype_margin,2,-0.7358777941419553,-0.7518874477572843,-0.7198681405266263
tabula_lung_endo,44,0.05,non_target,standardized_prototype_margin,1716,-1.0814379984793945,-1.2420599027061983,-0.9136098144235008
tabula_lung_endo,44,0.05,baseline_correct_rare,standardized_prototype_margin,59,0.5494893930168663,0.36784814349826317,0.703852245961651
tabula_lung_endo,44,0.05,true_rescued_rare,standardized_prototype_margin,6,-0.11620078628376485,-0.18796735835940903,-0.07286651603631678
tabula_lung_endo,44,0.10,non_target,standardized_prototype_margin,1716,-1.189775854602713,-1.3403229958393206,-1.024525292915637
tabula_lung_endo,44,0.10,baseline_correct_rare,standardized_prototype_margin,63,0.592192557387035,0.37525123174970765,0.7398726152047466
tabula_lung_endo,44,0.10,unrescued_rare,standardized_prototype_margin,2,-0.3557184552642304,-0.37349078587320067,-0.33794612465526014
tabula_lung_endo,44,all,non_target,standardized_prototype_margin,1716,-1.0412771257870248,-1.2003480069484138,-0.8786006912709695
tabula_lung_endo,44,all,baseline_correct_rare,standardized_prototype_margin,63,0.6742553124742647,0.45734382977020305,0.8216132528575855
tabula_lung_endo,44,all,unrescued_rare,standardized_prototype_margin,2,-0.1442234134325976,-0.15429629112863402,-0.13415053573656116
tabula_sapiens_stomach,42,0.01,non_target,standardized_prototype_margin,9543,-1.5140533795538236,-1.7108521577144415,-1.3697818002267994
tabula_sapiens_stomach,42,0.01,baseline_correct_rare,standardized_prototype_margin,12,-0.03365536462365759,-0.1905843493115657,0.15672301937673028
tabula_sapiens_stomach,42,0.01,unrescued_rare,standardized_prototype_margin,13,-1.0109686716607664,-1.1908170825858733,-0.7454446809967361
tabula_sapiens_stomach,42,0.01,true_rescued_rare,standardized_prototype_margin,7,-0.6662336153318358,-0.7436767528963859,-0.4417127658455313
tabula_sapiens_stomach,42,0.05,non_target,standardized_prototype_margin,9543,-1.5140533795538236,-1.7108521577144415,-1.3697818002267994
tabula_sapiens_stomach,42,0.05,baseline_correct_rare,standardized_prototype_margin,12,-0.03365536462365759,-0.1905843493115657,0.15672301937673028
tabula_sapiens_stomach,42,0.05,unrescued_rare,standardized_prototype_margin,13,-1.0109686716607664,-1.1908170825858733,-0.7454446809967361
tabula_sapiens_stomach,42,0.05,true_rescued_rare,standardized_prototype_margin,7,-0.6662336153318358,-0.7436767528963859,-0.4417127658455313
tabula_sapiens_stomach,42,0.10,non_target,standardized_prototype_margin,9543,-1.5140533795538236,-1.7108521577144415,-1.3697818002267994
tabula_sapiens_stomach,42,0.10,baseline_correct_rare,standardized_prototype_margin,12,-0.03365536462365759,-0.1905843493115657,0.15672301937673028
tabula_sapiens_stomach,42,0.10,unrescued_rare,standardized_prototype_margin,13,-1.0109686716607664,-1.1908170825858733,-0.7454446809967361
tabula_sapiens_stomach,42,0.10,true_rescued_rare,standardized_prototype_margin,7,-0.6662336153318358,-0.7436767528963859,-0.4417127658455313
tabula_sapiens_stomach,42,all,non_target,standardized_prototype_margin,9543,-1.3678727185733104,-1.5744407245554672,-1.2320795267806792
tabula_sapiens_stomach,42,all,true_rescued_rare,standardized_prototype_margin,9,-0.35952570661716954,-0.5966332638510348,-0.224715763954634
tabula_sapiens_stomach,42,all,unrescued_rare,standardized_prototype_margin,15,-0.9081069534270798,-1.0772206986341002,-0.6510706095980495
tabula_sapiens_stomach,42,all,baseline_correct_rare,standardized_prototype_margin,8,0.025627906948712864,-0.06591009084615262,0.3236217022427915
tabula_sapiens_stomach,43,0.01,non_target,standardized_prototype_margin,9543,-2.6456571465575442,-2.822941709097505,-2.4756948207751828
tabula_sapiens_stomach,43,0.01,baseline_correct_rare,standardized_prototype_margin,17,-0.8345469039663309,-1.1829562600932024,-0.4544321337575834
tabula_sapiens_stomach,43,0.01,unrescued_rare,standardized_prototype_margin,14,-1.933015449426166,-2.234438461797666,-1.7036288182921275
tabula_sapiens_stomach,43,0.01,true_rescued_rare,standardized_prototype_margin,1,-1.4166712249981832,-1.4166712249981832,-1.4166712249981832
tabula_sapiens_stomach,43,0.05,non_target,standardized_prototype_margin,9543,-2.6456571465575442,-2.822941709097505,-2.4756948207751828
tabula_sapiens_stomach,43,0.05,baseline_correct_rare,standardized_prototype_margin,17,-0.8345469039663309,-1.1829562600932024,-0.4544321337575834
tabula_sapiens_stomach,43,0.05,unrescued_rare,standardized_prototype_margin,14,-1.933015449426166,-2.234438461797666,-1.7036288182921275
tabula_sapiens_stomach,43,0.05,true_rescued_rare,standardized_prototype_margin,1,-1.4166712249981832,-1.4166712249981832,-1.4166712249981832
tabula_sapiens_stomach,43,0.10,non_target,standardized_prototype_margin,9543,-2.6456571465575442,-2.822941709097505,-2.4756948207751828
tabula_sapiens_stomach,43,0.10,baseline_correct_rare,standardized_prototype_margin,17,-0.8345469039663309,-1.1829562600932024,-0.4544321337575834
tabula_sapiens_stomach,43,0.10,unrescued_rare,standardized_prototype_margin,14,-1.933015449426166,-2.234438461797666,-1.7036288182921275
tabula_sapiens_stomach,43,0.10,true_rescued_rare,standardized_prototype_margin,1,-1.4166712249981832,-1.4166712249981832,-1.4166712249981832
tabula_sapiens_stomach,43,all,non_target,standardized_prototype_margin,9543,-1.4680386435837882,-1.6185926859048478,-1.315281782370533
tabula_sapiens_stomach,43,all,baseline_correct_rare,standardized_prototype_margin,16,0.01286013619576698,-0.1565836115007982,0.30593990928508635
tabula_sapiens_stomach,43,all,unrescued_rare,standardized_prototype_margin,14,-0.9012441699782571,-1.1998008933544164,-0.7340435521416953
tabula_sapiens_stomach,43,all,true_rescued_rare,standardized_prototype_margin,2,-0.5017342903407106,-0.5094322777603444,-0.49403630292107686
tabula_sapiens_stomach,44,0.01,non_target,standardized_prototype_margin,9543,-2.097665888464321,-2.2906751714511406,-1.9205689733384699
tabula_sapiens_stomach,44,0.01,true_rescued_rare,standardized_prototype_margin,4,-0.6286339868966494,-0.7502717919896247,-0.5513924337938436
tabula_sapiens_stomach,44,0.01,unrescued_rare,standardized_prototype_margin,14,-1.8625719492631516,-2.0643274512422565,-1.1871442734480742
tabula_sapiens_stomach,44,0.01,baseline_correct_rare,standardized_prototype_margin,14,-0.3727627544866079,-0.5763392824298382,0.014189468921814163
tabula_sapiens_stomach,44,0.05,non_target,standardized_prototype_margin,9543,-2.097665888464321,-2.2906751714511406,-1.9205689733384699
tabula_sapiens_stomach,44,0.05,true_rescued_rare,standardized_prototype_margin,4,-0.6286339868966494,-0.7502717919896247,-0.5513924337938436
tabula_sapiens_stomach,44,0.05,unrescued_rare,standardized_prototype_margin,14,-1.8625719492631516,-2.0643274512422565,-1.1871442734480742
tabula_sapiens_stomach,44,0.05,baseline_correct_rare,standardized_prototype_margin,14,-0.3727627544866079,-0.5763392824298382,0.014189468921814163
tabula_sapiens_stomach,44,0.10,non_target,standardized_prototype_margin,9543,-2.097665888464321,-2.2906751714511406,-1.9205689733384699
tabula_sapiens_stomach,44,0.10,true_rescued_rare,standardized_prototype_margin,4,-0.6286339868966494,-0.7502717919896247,-0.5513924337938436
tabula_sapiens_stomach,44,0.10,unrescued_rare,standardized_prototype_margin,14,-1.8625719492631516,-2.0643274512422565,-1.1871442734480742
tabula_sapiens_stomach,44,0.10,baseline_correct_rare,standardized_prototype_margin,14,-0.3727627544866079,-0.5763392824298382,0.014189468921814163
tabula_sapiens_stomach,44,all,non_target,standardized_prototype_margin,9543,-1.4052634942134077,-1.622591047395006,-1.2432554697322735
tabula_sapiens_stomach,44,all,true_rescued_rare,standardized_prototype_margin,5,-0.3211078988532783,-0.33331950768162155,-0.15106026029219088
tabula_sapiens_stomach,44,all,unrescued_rare,standardized_prototype_margin,13,-1.3254195036245486,-1.4376530392667308,-0.7986434225358894
tabula_sapiens_stomach,44,all,baseline_correct_rare,standardized_prototype_margin,14,0.08967118490787485,-0.15765772608344936,0.39441198133024935
tabula_small_intestine,42,0.01,non_target,standardized_prototype_margin,6288,-2.897655028104022,-3.105860816888267,-2.6905464969394464
tabula_small_intestine,42,0.01,baseline_correct_rare,standardized_prototype_margin,65,0.6449025256780312,0.39005113128476854,0.8226918749444083
tabula_small_intestine,42,0.05,non_target,standardized_prototype_margin,6288,-2.036729639690582,-2.200670535416251,-1.8639272963913651
tabula_small_intestine,42,0.05,baseline_correct_rare,standardized_prototype_margin,65,0.7384069203955537,0.5536233194241114,0.9253036502731724
tabula_small_intestine,42,0.10,non_target,standardized_prototype_margin,6288,-1.8602053062789532,-2.0316026336482587,-1.6899107551088859
tabula_small_intestine,42,0.10,baseline_correct_rare,standardized_prototype_margin,65,0.805649399499389,0.6362725573874921,0.9332593647693479
tabula_small_intestine,42,all,non_target,standardized_prototype_margin,6288,-2.02493436233378,-2.198259236989929,-1.8472784477059294
tabula_small_intestine,42,all,baseline_correct_rare,standardized_prototype_margin,65,0.7184709388600219,0.5695731579675358,0.8965613151561838
tabula_small_intestine,43,0.01,non_target,standardized_prototype_margin,6288,-1.7666547975121776,-1.938815322514495,-1.596329444679265
tabula_small_intestine,43,0.01,baseline_correct_rare,standardized_prototype_margin,65,0.9763699728315254,0.8084245433257076,1.1195726865454145
tabula_small_intestine,43,0.05,non_target,standardized_prototype_margin,6288,-2.0080848305421144,-2.174016025841172,-1.8182493700561684
tabula_small_intestine,43,0.05,baseline_correct_rare,standardized_prototype_margin,65,0.8908652768648653,0.6693912579241263,1.03982526172434
tabula_small_intestine,43,0.10,non_target,standardized_prototype_margin,6288,-2.7978935890803163,-2.966129482701758,-2.6085217821056332
tabula_small_intestine,43,0.10,baseline_correct_rare,standardized_prototype_margin,65,0.7334221828474696,0.45578937617528226,0.9175741936505901
tabula_small_intestine,43,all,non_target,standardized_prototype_margin,6288,-2.306630659041309,-2.4707866040833144,-2.1315269359193256
tabula_small_intestine,43,all,baseline_correct_rare,standardized_prototype_margin,65,0.8800288182847045,0.6697043976839556,1.0013417072243647
tabula_small_intestine,44,0.01,non_target,standardized_prototype_margin,6288,-2.240865869202643,-2.411819074732411,-2.0741938484714844
tabula_small_intestine,44,0.01,baseline_correct_rare,standardized_prototype_margin,65,0.6299219034001524,0.4278171783104765,0.7686312517858633
tabula_small_intestine,44,0.05,non_target,standardized_prototype_margin,6288,-1.7903532683698693,-1.9583354849315673,-1.6355922214901155
tabula_small_intestine,44,0.05,baseline_correct_rare,standardized_prototype_margin,65,0.862962656104864,0.6895331565180283,1.0202036142071664
tabula_small_intestine,44,0.10,non_target,standardized_prototype_margin,6288,-2.2202692453496127,-2.3748193772538118,-2.0680132720390487
tabula_small_intestine,44,0.10,baseline_correct_rare,standardized_prototype_margin,65,0.7176178025315199,0.5431493895714294,0.845850530205521
tabula_small_intestine,44,all,non_target,standardized_prototype_margin,6288,-1.974879572148976,-2.142418588685339,-1.8331867004975684
tabula_small_intestine,44,all,baseline_correct_rare,standardized_prototype_margin,65,0.73030730085283,0.6057759641605251,0.9390050504540151
mouse_lung_tms_10x,42,0.01,non_target,standardized_prototype_margin,1316,-3.6386825981844524,-4.011973181378651,-2.424306280882189
mouse_lung_tms_10x,42,0.01,unrescued_rare,standardized_prototype_margin,44,-1.2948764331486995,-1.401314049350907,-1.0901370987312795
mouse_lung_tms_10x,42,0.01,true_rescued_rare,standardized_prototype_margin,7,-0.6645084175398412,-0.7406301838956761,-0.6604610212263068
mouse_lung_tms_10x,42,0.05,non_target,standardized_prototype_margin,1316,-2.336109184854561,-2.6685274857012686,-1.6277912629046916
mouse_lung_tms_10x,42,0.05,unrescued_rare,standardized_prototype_margin,51,-0.3760253790340906,-0.5640475536001266,-0.19507111125482157
mouse_lung_tms_10x,42,0.10,non_target,standardized_prototype_margin,1316,-1.9438426097001882,-2.237848854472288,-1.2582432584136414
mouse_lung_tms_10x,42,0.10,unrescued_rare,standardized_prototype_margin,22,-0.3252936423339814,-0.4133061419420071,-0.23733576850032925
mouse_lung_tms_10x,42,0.10,baseline_correct_rare,standardized_prototype_margin,14,0.2695687488160572,0.21395093462919387,0.42494710089984666
mouse_lung_tms_10x,42,0.10,true_rescued_rare,standardized_prototype_margin,15,-0.00045620314188710154,-0.07413720547220992,0.013363259393174065
mouse_lung_tms_10x,42,all,non_target,standardized_prototype_margin,1316,-1.861310894330322,-2.134498939125972,-1.2047812595327838
mouse_lung_tms_10x,42,all,baseline_correct_rare,standardized_prototype_margin,34,0.35977383235057053,0.2066064671412369,0.48688343952958935
mouse_lung_tms_10x,42,all,unrescued_rare,standardized_prototype_margin,17,-0.06508414704354237,-0.27615733884841664,0.05029428670636227
mouse_lung_tms_10x,43,0.01,non_target,standardized_prototype_margin,1316,-1.6845141008252835,-1.9990498622620096,-0.8814538387472938
mouse_lung_tms_10x,43,0.01,unrescued_rare,standardized_prototype_margin,51,-0.0821929790191478,-0.24110672761389773,0.05380389626347709
mouse_lung_tms_10x,43,0.05,non_target,standardized_prototype_margin,1316,-1.8348813541970546,-2.0979492733932052,-1.050030537358872
mouse_lung_tms_10x,43,0.05,unrescued_rare,standardized_prototype_margin,51,-0.13991458892785502,-0.2603455148813131,-0.011530478526026622
mouse_lung_tms_10x,43,0.10,non_target,standardized_prototype_margin,1316,-2.287241418318956,-2.5878154331805736,-1.371307347354323
mouse_lung_tms_10x,43,0.10,unrescued_rare,standardized_prototype_margin,51,-0.2062108328026263,-0.39372787887740446,-0.05772944876392305
mouse_lung_tms_10x,43,all,non_target,standardized_prototype_margin,1316,-1.9144793751638736,-2.1867624876013405,-1.2194146968449218
mouse_lung_tms_10x,43,all,baseline_correct_rare,standardized_prototype_margin,37,0.2538289345450182,0.12641975371150171,0.3743806641906616
mouse_lung_tms_10x,43,all,unrescued_rare,standardized_prototype_margin,14,-0.3265518667735696,-0.44277312940212116,-0.23885527433031895
mouse_lung_tms_10x,44,0.01,non_target,standardized_prototype_margin,1316,-2.231541016512889,-2.517749609456465,-1.5317366517031286
mouse_lung_tms_10x,44,0.01,unrescued_rare,standardized_prototype_margin,40,-0.6662742038552725,-0.8406446988843278,-0.5338279535603531
mouse_lung_tms_10x,44,0.01,true_rescued_rare,standardized_prototype_margin,11,-0.16188706989824597,-0.263860088938102,-0.05571808935359801
mouse_lung_tms_10x,44,0.05,non_target,standardized_prototype_margin,1316,-2.234446201602838,-2.5581071005457696,-1.5226075283176883
mouse_lung_tms_10x,44,0.05,unrescued_rare,standardized_prototype_margin,34,-0.5876956078342241,-0.7716492932440859,-0.4617973491627861
mouse_lung_tms_10x,44,0.05,true_rescued_rare,standardized_prototype_margin,16,-0.1444755980572459,-0.21682412607525503,-0.03386439462860713
mouse_lung_tms_10x,44,0.05,baseline_correct_rare,standardized_prototype_margin,1,0.15360441505611888,0.15360441505611888,0.15360441505611888
mouse_lung_tms_10x,44,0.10,non_target,standardized_prototype_margin,1316,-1.72789643146576,-2.012110517859783,-1.133376742971337
mouse_lung_tms_10x,44,0.10,unrescued_rare,standardized_prototype_margin,33,-0.25225172300963883,-0.40993119125605326,-0.03771543347866402
mouse_lung_tms_10x,44,0.10,baseline_correct_rare,standardized_prototype_margin,18,0.28236355296315396,0.20110308676669017,0.39605176056289715
mouse_lung_tms_10x,44,all,non_target,standardized_prototype_margin,1316,-1.72407922662455,-1.9980312483879965,-1.17718639597533
mouse_lung_tms_10x,44,all,baseline_correct_rare,standardized_prototype_margin,42,0.3164214538514651,0.1326680502786981,0.6150567285601012
mouse_lung_tms_10x,44,all,unrescued_rare,standardized_prototype_margin,8,-0.4011659494878712,-0.47509339760763036,-0.32269671186274074
mouse_lung_tms_10x,44,all,true_rescued_rare,standardized_prototype_margin,1,-0.05837697564930533,-0.05837697564930533,-0.05837697564930533
mouse_pancreas_tms_10x,42,0.01,non_target,standardized_prototype_margin,864,-1.121519606035908,-1.2832910294028963,-0.9240964739681248
mouse_pancreas_tms_10x,42,0.01,unrescued_rare,standardized_prototype_margin,67,0.08009877334355497,-0.08143434382484371,0.19786071326322086
mouse_pancreas_tms_10x,42,0.01,baseline_correct_rare,standardized_prototype_margin,4,0.14154802446207854,0.12154897773644832,0.20891317645176732
mouse_pancreas_tms_10x,42,0.05,non_target,standardized_prototype_margin,864,-1.349692810547443,-1.504344898771698,-1.1688441956073017
mouse_pancreas_tms_10x,42,0.05,baseline_correct_rare,standardized_prototype_margin,59,0.2729055039574244,-0.046992209307490485,0.38756005921590286
mouse_pancreas_tms_10x,42,0.05,unrescued_rare,standardized_prototype_margin,12,-0.4272223594931488,-0.6009102407562201,-0.08819827680428977
mouse_pancreas_tms_10x,42,0.10,non_target,standardized_prototype_margin,864,-1.5730511251581407,-1.7360392144582504,-1.3714008581185575
mouse_pancreas_tms_10x,42,0.10,baseline_correct_rare,standardized_prototype_margin,61,0.15952856903281343,-0.159280288901827,0.3617346393446179
mouse_pancreas_tms_10x,42,0.10,unrescued_rare,standardized_prototype_margin,10,-0.7935121387248274,-0.9551377019801252,-0.5962242999812961
mouse_pancreas_tms_10x,42,all,non_target,standardized_prototype_margin,864,-1.6052347857002784,-1.81816344594974,-1.4229683239759467
mouse_pancreas_tms_10x,42,all,baseline_correct_rare,standardized_prototype_margin,67,0.21674197029514364,-0.22447734931232954,0.4299669996280977
mouse_pancreas_tms_10x,42,all,unrescued_rare,standardized_prototype_margin,4,-0.7073797123821999,-0.8481767965537982,-0.6570765406207428
mouse_pancreas_tms_10x,43,0.01,non_target,standardized_prototype_margin,864,-2.1492443230238223,-2.3656962765149085,-1.9456993389524417
mouse_pancreas_tms_10x,43,0.01,unrescued_rare,standardized_prototype_margin,44,-0.8433957071130492,-1.1099051216988445,-0.19518339082946268
mouse_pancreas_tms_10x,43,0.01,baseline_correct_rare,standardized_prototype_margin,27,-0.1580891171497516,-0.41497105040115145,0.07993384203017673
mouse_pancreas_tms_10x,43,0.05,non_target,standardized_prototype_margin,864,-2.572605359374619,-2.9286133933535536,-2.2786636462935617
mouse_pancreas_tms_10x,43,0.05,unrescued_rare,standardized_prototype_margin,20,-1.196231863761622,-1.693169423698836,-1.0115866484356058
mouse_pancreas_tms_10x,43,0.05,baseline_correct_rare,standardized_prototype_margin,51,-0.20692601512175401,-0.7820781724945638,0.10877774541140395
mouse_pancreas_tms_10x,43,0.10,non_target,standardized_prototype_margin,864,-1.3780411750501278,-1.5394936393522967,-1.2174156497547055
mouse_pancreas_tms_10x,43,0.10,baseline_correct_rare,standardized_prototype_margin,61,0.2418147229592198,-0.04492388632912525,0.31898390091767936
mouse_pancreas_tms_10x,43,0.10,unrescued_rare,standardized_prototype_margin,10,-0.5000635422912204,-0.7993037153995732,-0.3542572662892316
mouse_pancreas_tms_10x,43,all,non_target,standardized_prototype_margin,864,-1.7596251220254822,-2.021038858218563,-1.5535330198212582
mouse_pancreas_tms_10x,43,all,baseline_correct_rare,standardized_prototype_margin,67,0.0909509599429561,-0.36182853778095914,0.40162470826644714
mouse_pancreas_tms_10x,43,all,unrescued_rare,standardized_prototype_margin,4,-0.8384337008087073,-0.8976265142974973,-0.7459379227473577
mouse_pancreas_tms_10x,44,0.01,non_target,standardized_prototype_margin,864,-2.008890151177332,-2.4059968851979505,-1.7172520254848935
mouse_pancreas_tms_10x,44,0.01,unrescued_rare,standardized_prototype_margin,32,-0.6836035658720458,-0.8949253986681309,-0.3197754978584238
mouse_pancreas_tms_10x,44,0.01,baseline_correct_rare,standardized_prototype_margin,39,-0.16770318301017206,-0.33514739414992867,0.02102875156202877
mouse_pancreas_tms_10x,44,0.05,non_target,standardized_prototype_margin,864,-2.2413444875712685,-2.7076768250824452,-1.9286868023133708
mouse_pancreas_tms_10x,44,0.05,unrescued_rare,standardized_prototype_margin,12,-0.8151142730697594,-0.9103133133928765,-0.6551093177604248
mouse_pancreas_tms_10x,44,0.05,baseline_correct_rare,standardized_prototype_margin,59,0.000685713016383982,-0.40481199652777566,0.288078381696913
mouse_pancreas_tms_10x,44,0.10,non_target,standardized_prototype_margin,864,-1.5923701080458355,-1.7897263294802608,-1.401040377563203
mouse_pancreas_tms_10x,44,0.10,baseline_correct_rare,standardized_prototype_margin,61,0.061790660670452136,-0.12310664997720089,0.2065119294629456
mouse_pancreas_tms_10x,44,0.10,unrescued_rare,standardized_prototype_margin,10,-0.541339343449172,-0.7147563963235504,-0.42363912890749617
mouse_pancreas_tms_10x,44,all,non_target,standardized_prototype_margin,864,-1.7622517306727414,-2.080823167017956,-1.5019975466743132
mouse_pancreas_tms_10x,44,all,baseline_correct_rare,standardized_prototype_margin,67,0.1880753699381459,-0.1646943015643858,0.40576741568051383
mouse_pancreas_tms_10x,44,all,unrescued_rare,standardized_prototype_margin,4,-0.6521330854162061,-1.0100621839151052,-0.5337626860827643
immune_dc,42,0.01,non_target,rare_prototype_distance,6004,6.324325520996453,5.83608410181982,6.893870750145221
immune_dc,42,0.01,true_rescued_rare,rare_prototype_distance,107,3.949102538133904,3.496188622434329,4.339118982831716
immune_dc,42,0.01,unrescued_rare,rare_prototype_distance,23,4.7276556726159225,4.196406986036385,5.105339004741775
immune_dc,42,0.05,non_target,rare_prototype_distance,6004,6.4154382752066805,5.89717763184148,6.975369949837699
immune_dc,42,0.05,baseline_correct_rare,rare_prototype_distance,94,2.4989561340784716,2.1178830434261817,2.85882073691402
immune_dc,42,0.05,unrescued_rare,rare_prototype_distance,13,4.558899234594978,4.034378094873458,5.09833471109445
immune_dc,42,0.05,true_rescued_rare,rare_prototype_distance,23,3.375192285626247,3.0812291278763713,3.658737356506054
immune_dc,42,0.10,non_target,rare_prototype_distance,6004,6.552534569568916,6.042669574725026,7.100041885420404
immune_dc,42,0.10,baseline_correct_rare,rare_prototype_distance,103,2.66877209113789,2.254970175017203,3.101937810535296
immune_dc,42,0.10,unrescued_rare,rare_prototype_distance,15,4.679036924918677,4.311055563982251,5.442245285986992
immune_dc,42,0.10,true_rescued_rare,rare_prototype_distance,12,3.5804642546017336,3.4988386678129118,3.9090248405314334
immune_dc,42,all,non_target,rare_prototype_distance,6004,6.392216754436289,5.878571956071222,6.965418447471448
immune_dc,42,all,baseline_correct_rare,rare_prototype_distance,117,2.5362801792770684,2.095430842911257,2.939082621546129
immune_dc,42,all,unrescued_rare,rare_prototype_distance,9,4.6040413006469505,4.198500328127618,5.0295869129177655
immune_dc,42,all,true_rescued_rare,rare_prototype_distance,4,3.6420971021864146,3.578184914909704,4.085115628825716
immune_dc,43,0.01,non_target,rare_prototype_distance,6004,6.41390854764613,5.86353237444754,6.998485713422937
immune_dc,43,0.01,true_rescued_rare,rare_prototype_distance,114,3.1363005611970056,2.82124705965287,3.503554773292714
immune_dc,43,0.01,unrescued_rare,rare_prototype_distance,16,4.548556886841236,4.321004570942165,4.913936493242544
immune_dc,43,0.05,non_target,rare_prototype_distance,6004,6.483323031721536,5.985611761734005,7.061267825094116
immune_dc,43,0.05,baseline_correct_rare,rare_prototype_distance,105,2.433054217700248,2.138736901612093,2.900075640804716
immune_dc,43,0.05,unrescued_rare,rare_prototype_distance,13,4.286186687628178,3.9572956735219327,5.154970146643228
immune_dc,43,0.05,true_rescued_rare,rare_prototype_distance,12,3.5479926967768534,3.4367949580740094,3.7935123197908878
immune_dc,43,0.10,non_target,rare_prototype_distance,6004,6.324014009557439,5.852525294754609,6.8569885457067885
immune_dc,43,0.10,baseline_correct_rare,rare_prototype_distance,113,2.4805650866270463,2.162360956909696,2.8791462345833
immune_dc,43,0.10,unrescued_rare,rare_prototype_distance,9,4.712463936292888,4.004805026535589,4.837800377686931
immune_dc,43,0.10,true_rescued_rare,rare_prototype_distance,8,3.457697699844532,3.3487889295420707,3.805451241122947
immune_dc,43,all,non_target,rare_prototype_distance,6004,6.467693700928365,5.967772601647836,7.00719034507328
immune_dc,43,all,baseline_correct_rare,rare_prototype_distance,119,2.340354856204528,2.0337925050708607,2.865769644416152
immune_dc,43,all,unrescued_rare,rare_prototype_distance,9,4.042659238287223,3.750802753531248,4.806137370639559
immune_dc,43,all,true_rescued_rare,rare_prototype_distance,2,4.607948461856051,4.29627975012462,4.91961717358748
immune_dc,44,0.01,non_target,rare_prototype_distance,6004,6.5446183607466475,6.0422754063764055,7.124241806407421
immune_dc,44,0.01,true_rescued_rare,rare_prototype_distance,117,3.5328627807744715,3.149590174338046,3.9487764004372896
immune_dc,44,0.01,unrescued_rare,rare_prototype_distance,13,4.979640141001285,4.439530269914937,5.162617695492033
immune_dc,44,0.05,non_target,rare_prototype_distance,6004,6.742297085128935,6.213101248907276,7.341982449772695
immune_dc,44,0.05,baseline_correct_rare,rare_prototype_distance,103,2.7826837901402293,2.319175520758471,3.2049399582578326
immune_dc,44,0.05,unrescued_rare,rare_prototype_distance,10,4.570937295632799,4.166984436013022,5.443046426882105
immune_dc,44,0.05,true_rescued_rare,rare_prototype_distance,17,3.621502485951978,3.5101833244083713,3.777831831473731
immune_dc,44,0.10,non_target,rare_prototype_distance,6004,6.653801558879334,6.137836036816706,7.230103120772094
immune_dc,44,0.10,baseline_correct_rare,rare_prototype_distance,111,2.4544401150299637,2.1148781652790816,2.8714377496609083
immune_dc,44,0.10,unrescued_rare,rare_prototype_distance,9,4.674442867085875,4.482529835304319,5.646506221153599
immune_dc,44,0.10,true_rescued_rare,rare_prototype_distance,10,3.8507650330404437,3.5731919097412606,3.9885855747052013
immune_dc,44,all,non_target,rare_prototype_distance,6004,6.451927297540588,5.939463789944329,7.056995241722397
immune_dc,44,all,baseline_correct_rare,rare_prototype_distance,120,2.539121949310605,2.15992961914693,2.948260430770374
immune_dc,44,all,unrescued_rare,rare_prototype_distance,8,4.453670221980863,4.208179705962597,5.106198822707794
immune_dc,44,all,true_rescued_rare,rare_prototype_distance,2,3.4196150773442815,3.4006772095067546,3.4385529451818084
pancreas_baron,42,0.01,non_target,rare_prototype_distance,1638,7.287405225470074,6.7804732540244395,8.281404991895855
pancreas_baron,42,0.01,unrescued_rare,rare_prototype_distance,21,5.739219486224944,5.3533252997837835,5.979659590060199
pancreas_baron,42,0.01,true_rescued_rare,rare_prototype_distance,54,4.903236521393036,4.522354287348418,5.2277356977056755
pancreas_baron,42,0.01,baseline_correct_rare,rare_prototype_distance,11,4.952013552468914,4.6234706866528335,5.171395965828938
pancreas_baron,42,0.05,non_target,rare_prototype_distance,1638,7.287405225470074,6.7804732540244395,8.281404991895855
pancreas_baron,42,0.05,unrescued_rare,rare_prototype_distance,21,5.739219486224944,5.3533252997837835,5.979659590060199
pancreas_baron,42,0.05,true_rescued_rare,rare_prototype_distance,54,4.903236521393036,4.522354287348418,5.2277356977056755
pancreas_baron,42,0.05,baseline_correct_rare,rare_prototype_distance,11,4.952013552468914,4.6234706866528335,5.171395965828938
pancreas_baron,42,0.10,non_target,rare_prototype_distance,1638,6.999195327459292,6.492946801181734,7.912687098036896
pancreas_baron,42,0.10,unrescued_rare,rare_prototype_distance,24,5.374950069418194,5.14087100424182,5.795100111575744
pancreas_baron,42,0.10,baseline_correct_rare,rare_prototype_distance,57,4.502354259903388,4.176464298828323,5.071490752119167
pancreas_baron,42,0.10,true_rescued_rare,rare_prototype_distance,5,4.781082481329568,4.623267474246349,5.313978661623003
pancreas_baron,42,all,non_target,rare_prototype_distance,1638,6.034416365520483,5.392721218404615,7.322443548846456
pancreas_baron,42,all,baseline_correct_rare,rare_prototype_distance,80,3.787116337999065,3.369332731286702,4.670546287010763
pancreas_baron,42,all,unrescued_rare,rare_prototype_distance,6,4.710993808574392,4.410751623732661,5.016493630988519
pancreas_baron,43,0.01,non_target,rare_prototype_distance,1638,6.1584768165278,5.597405915322316,7.229100464870952
pancreas_baron,43,0.01,unrescued_rare,rare_prototype_distance,74,4.446743952497439,3.869348598608603,5.174851143411811
pancreas_baron,43,0.01,baseline_correct_rare,rare_prototype_distance,12,4.078362476084774,3.485808618303297,4.517376077846723
pancreas_baron,43,0.05,non_target,rare_prototype_distance,1638,6.1584768165278,5.597405915322316,7.229100464870952
pancreas_baron,43,0.05,unrescued_rare,rare_prototype_distance,74,4.446743952497439,3.869348598608603,5.174851143411811
pancreas_baron,43,0.05,baseline_correct_rare,rare_prototype_distance,12,4.078362476084774,3.485808618303297,4.517376077846723
pancreas_baron,43,0.10,non_target,rare_prototype_distance,1638,5.67714161762838,5.009627698388844,6.947578445774678
pancreas_baron,43,0.10,baseline_correct_rare,rare_prototype_distance,57,4.094601217688643,3.5156517896996227,4.796340270435362
pancreas_baron,43,0.10,unrescued_rare,rare_prototype_distance,18,5.353875468234779,4.24971120109704,5.896782364157525
pancreas_baron,43,0.10,true_rescued_rare,rare_prototype_distance,11,3.8312822873493375,3.602162511257011,3.9447229829815305
pancreas_baron,43,all,non_target,rare_prototype_distance,1638,5.80901311521213,5.261200512462932,7.17476235367536
pancreas_baron,43,all,baseline_correct_rare,rare_prototype_distance,77,3.8225081185398126,3.306974581468602,4.423306511459822
pancreas_baron,43,all,unrescued_rare,rare_prototype_distance,9,4.759419823479339,4.197358972001173,5.3037872030321385
pancreas_baron,44,0.01,non_target,rare_prototype_distance,1638,6.069883936283029,5.2876897857114376,7.4846334299900175
pancreas_baron,44,0.01,unrescued_rare,rare_prototype_distance,42,3.933526052999682,3.3727891813722444,4.603446982964796
pancreas_baron,44,0.01,baseline_correct_rare,rare_prototype_distance,44,3.4428290386534224,2.910322535060373,4.023358728619537
pancreas_baron,44,0.05,non_target,rare_prototype_distance,1638,6.069883936283029,5.2876897857114376,7.4846334299900175
pancreas_baron,44,0.05,unrescued_rare,rare_prototype_distance,42,3.933526052999682,3.3727891813722444,4.603446982964796
pancreas_baron,44,0.05,baseline_correct_rare,rare_prototype_distance,44,3.4428290386534224,2.910322535060373,4.023358728619537
pancreas_baron,44,0.10,non_target,rare_prototype_distance,1638,6.195279206390651,5.558033077017062,7.51214816651305
pancreas_baron,44,0.10,baseline_correct_rare,rare_prototype_distance,71,3.6563649512083587,3.3701842895665193,4.04167821803822
pancreas_baron,44,0.10,unrescued_rare,rare_prototype_distance,15,4.666518022313488,4.346128904281142,4.826157957567295
pancreas_baron,44,all,non_target,rare_prototype_distance,1638,5.688245015600343,4.934693095868171,6.986987096364288
pancreas_baron,44,all,baseline_correct_rare,rare_prototype_distance,74,3.7352143096723087,3.1357299615131384,4.378764623539684
pancreas_baron,44,all,unrescued_rare,rare_prototype_distance,12,4.336445601789556,4.157915341326964,4.496877462527723
pancreas_integrated,42,0.01,non_target,rare_prototype_distance,1701,7.662446719289045,7.267487942857757,8.0536889305373
pancreas_integrated,42,0.01,baseline_correct_rare,rare_prototype_distance,23,3.4177762706078685,3.1760773913286813,3.8963061763188227
pancreas_integrated,42,0.05,non_target,rare_prototype_distance,1701,7.493065153740748,7.073386422331336,7.876596540451298
pancreas_integrated,42,0.05,baseline_correct_rare,rare_prototype_distance,23,3.0133890344461696,2.7129884429735034,3.5350661605816627
pancreas_integrated,42,0.10,non_target,rare_prototype_distance,1701,7.763223231097009,7.400960781117633,8.145981240729213
pancreas_integrated,42,0.10,baseline_correct_rare,rare_prototype_distance,23,3.389783805296864,3.0087916705015765,3.8671781134593544
pancreas_integrated,42,all,non_target,rare_prototype_distance,1701,7.8442767052785225,7.451360227470089,8.222628584002742
pancreas_integrated,42,all,baseline_correct_rare,rare_prototype_distance,23,3.169990834065078,2.845800925563295,3.7524847075935748
pancreas_integrated,43,0.01,non_target,rare_prototype_distance,1701,8.074610065975394,7.576023167115379,8.597938656181444
pancreas_integrated,43,0.01,baseline_correct_rare,rare_prototype_distance,23,3.434128375142642,3.1470221835375893,3.916999240811036
pancreas_integrated,43,0.05,non_target,rare_prototype_distance,1701,7.9594188337422835,7.425650496315321,8.449064047026377
pancreas_integrated,43,0.05,baseline_correct_rare,rare_prototype_distance,23,3.6360526668673083,3.3718437512414785,3.908059481777517
pancreas_integrated,43,0.10,non_target,rare_prototype_distance,1701,8.095507752185414,7.641734472783271,8.527441288769026
pancreas_integrated,43,0.10,baseline_correct_rare,rare_prototype_distance,23,4.1384979933348545,3.7336898722047014,4.406354690970448
pancreas_integrated,43,all,non_target,rare_prototype_distance,1701,7.6373173328071875,7.166806319821237,8.114581129535381
pancreas_integrated,43,all,baseline_correct_rare,rare_prototype_distance,23,3.2712833365822798,3.0186405939633065,3.6379438064878924
pancreas_integrated,44,0.01,non_target,rare_prototype_distance,1701,7.901068528697505,7.469582505210521,8.323775093128225
pancreas_integrated,44,0.01,true_rescued_rare,rare_prototype_distance,23,3.599520667515832,3.153867120642155,4.098191899679046
pancreas_integrated,44,0.05,non_target,rare_prototype_distance,1701,7.713560857538725,7.323344002610066,8.101593053286924
pancreas_integrated,44,0.05,baseline_correct_rare,rare_prototype_distance,23,3.3652643596083434,3.010002601543472,3.762853348092958
pancreas_integrated,44,0.10,non_target,rare_prototype_distance,1701,8.299504739528436,7.911068208899051,8.659063610558336
pancreas_integrated,44,0.10,baseline_correct_rare,rare_prototype_distance,23,3.3697183339802534,3.072442317605113,3.791556418756669
pancreas_integrated,44,all,non_target,rare_prototype_distance,1701,7.9603543206396346,7.535462909416071,8.337870470694222
pancreas_integrated,44,all,baseline_correct_rare,rare_prototype_distance,23,3.026695647863902,2.8094725983634845,3.5480092846458877
tabula_lung_endo,42,0.01,non_target,rare_prototype_distance,1716,8.856104064366082,8.240381602015663,9.460789451955723
tabula_lung_endo,42,0.01,true_rescued_rare,rare_prototype_distance,65,5.246620493689705,4.55907770744212,6.3405043466750275
tabula_lung_endo,42,0.05,non_target,rare_prototype_distance,1716,9.306495065145537,8.750977587786336,9.90041251321127
tabula_lung_endo,42,0.05,true_rescued_rare,rare_prototype_distance,32,4.862765762269657,4.312276621697822,5.772367777218506
tabula_lung_endo,42,0.05,baseline_correct_rare,rare_prototype_distance,33,4.391118353532967,3.5416457050174155,5.195920784055797
tabula_lung_endo,42,0.10,non_target,rare_prototype_distance,1716,9.27097607849373,8.69904047616231,9.8557792876039
tabula_lung_endo,42,0.10,baseline_correct_rare,rare_prototype_distance,64,4.3841367626040935,3.787129433945817,5.5641908455317965
tabula_lung_endo,42,0.10,unrescued_rare,rare_prototype_distance,1,9.189802735799361,9.189802735799361,9.189802735799361
tabula_lung_endo,42,all,non_target,rare_prototype_distance,1716,8.937258347833943,8.42308308321932,9.52442654952987
tabula_lung_endo,42,all,baseline_correct_rare,rare_prototype_distance,65,3.9034028607285336,3.400058101955333,5.169933031875457
tabula_lung_endo,43,0.01,non_target,rare_prototype_distance,1716,9.531136405840275,9.000547475132635,10.164983550922956
tabula_lung_endo,43,0.01,true_rescued_rare,rare_prototype_distance,56,5.163477384316723,4.5890282364816315,6.280716262776964
tabula_lung_endo,43,0.01,baseline_correct_rare,rare_prototype_distance,7,3.6783375541791776,2.970392631252179,4.4970348791465025
tabula_lung_endo,43,0.01,unrescued_rare,rare_prototype_distance,2,9.038733832430655,8.998840938146236,9.078626726715072
tabula_lung_endo,43,0.05,non_target,rare_prototype_distance,1716,8.604518439201955,8.032329438198527,9.234283057113386
tabula_lung_endo,43,0.05,baseline_correct_rare,rare_prototype_distance,60,4.332953064162005,3.81329286450425,5.464270943447649
tabula_lung_endo,43,0.05,true_rescued_rare,rare_prototype_distance,5,5.397921693226333,5.305371952723378,7.614931223047009
tabula_lung_endo,43,0.10,non_target,rare_prototype_distance,1716,9.212568685642577,8.592998585518341,9.88100562327714
tabula_lung_endo,43,0.10,baseline_correct_rare,rare_prototype_distance,63,4.81924837463909,3.803939466074505,5.697367908449003
tabula_lung_endo,43,0.10,unrescued_rare,rare_prototype_distance,2,8.602554392340625,8.510162138473227,8.694946646208024
tabula_lung_endo,43,all,non_target,rare_prototype_distance,1716,8.693375079904786,8.131577324475751,9.344408217480433
tabula_lung_endo,43,all,baseline_correct_rare,rare_prototype_distance,65,4.420201786706731,3.757545046586762,5.487234636336034
tabula_lung_endo,44,0.01,non_target,rare_prototype_distance,1716,8.977815819784121,8.474878926150243,9.4752199046823
tabula_lung_endo,44,0.01,true_rescued_rare,rare_prototype_distance,23,6.344422473445593,5.360310330618697,7.724871110296648
tabula_lung_endo,44,0.01,baseline_correct_rare,rare_prototype_distance,40,4.399829444684601,3.8559732236087148,5.236887151530874
tabula_lung_endo,44,0.01,unrescued_rare,rare_prototype_distance,2,9.500495245859703,9.326612368592222,9.674378123127184
tabula_lung_endo,44,0.05,non_target,rare_prototype_distance,1716,8.834587595746413,8.356547753414215,9.31798307888498
tabula_lung_endo,44,0.05,baseline_correct_rare,rare_prototype_distance,59,4.3729712220797,3.7331443407983365,5.479854704451204
tabula_lung_endo,44,0.05,true_rescued_rare,rare_prototype_distance,6,8.402268697708184,7.767648474469977,8.50468295045065
tabula_lung_endo,44,0.10,non_target,rare_prototype_distance,1716,8.900766935808761,8.411164757108562,9.442066426334428
tabula_lung_endo,44,0.10,baseline_correct_rare,rare_prototype_distance,63,4.2373462731375575,3.718831710130141,5.5050692774886
tabula_lung_endo,44,0.10,unrescued_rare,rare_prototype_distance,2,9.101412907221192,8.822681940121686,9.380143874320698
tabula_lung_endo,44,all,non_target,rare_prototype_distance,1716,8.829435531300533,8.376278044409267,9.328708687989277
tabula_lung_endo,44,all,baseline_correct_rare,rare_prototype_distance,63,4.1541120022355456,3.5839228557125766,5.464649393221461
tabula_lung_endo,44,all,unrescued_rare,rare_prototype_distance,2,8.723995301358613,8.523818593085473,8.924172009631754
tabula_sapiens_stomach,42,0.01,non_target,rare_prototype_distance,9543,9.023407540038152,8.60047325161445,9.47079187764573
tabula_sapiens_stomach,42,0.01,baseline_correct_rare,rare_prototype_distance,12,4.973373212588362,4.448584938617279,5.342135753246833
tabula_sapiens_stomach,42,0.01,unrescued_rare,rare_prototype_distance,13,7.98269288755731,6.549087396904007,8.476376913719273
tabula_sapiens_stomach,42,0.01,true_rescued_rare,rare_prototype_distance,7,6.479725443897619,6.467909748396192,7.055108552569355
tabula_sapiens_stomach,42,0.05,non_target,rare_prototype_distance,9543,9.023407540038152,8.60047325161445,9.47079187764573
tabula_sapiens_stomach,42,0.05,baseline_correct_rare,rare_prototype_distance,12,4.973373212588362,4.448584938617279,5.342135753246833
tabula_sapiens_stomach,42,0.05,unrescued_rare,rare_prototype_distance,13,7.98269288755731,6.549087396904007,8.476376913719273
tabula_sapiens_stomach,42,0.05,true_rescued_rare,rare_prototype_distance,7,6.479725443897619,6.467909748396192,7.055108552569355
tabula_sapiens_stomach,42,0.10,non_target,rare_prototype_distance,9543,9.023407540038152,8.60047325161445,9.47079187764573
tabula_sapiens_stomach,42,0.10,baseline_correct_rare,rare_prototype_distance,12,4.973373212588362,4.448584938617279,5.342135753246833
tabula_sapiens_stomach,42,0.10,unrescued_rare,rare_prototype_distance,13,7.98269288755731,6.549087396904007,8.476376913719273
tabula_sapiens_stomach,42,0.10,true_rescued_rare,rare_prototype_distance,7,6.479725443897619,6.467909748396192,7.055108552569355
tabula_sapiens_stomach,42,all,non_target,rare_prototype_distance,9543,8.889437432062783,8.46343086619629,9.33875687933745
tabula_sapiens_stomach,42,all,true_rescued_rare,rare_prototype_distance,9,6.158832519808511,5.570432863941835,6.417904259474964
tabula_sapiens_stomach,42,all,unrescued_rare,rare_prototype_distance,15,8.038299422883348,6.572231064061525,8.575390275631804
tabula_sapiens_stomach,42,all,baseline_correct_rare,rare_prototype_distance,8,4.510678432995265,4.026344237025175,4.974155358620746
tabula_sapiens_stomach,43,0.01,non_target,rare_prototype_distance,9543,10.402825663646446,9.971512673201307,10.809287852605758
tabula_sapiens_stomach,43,0.01,baseline_correct_rare,rare_prototype_distance,17,6.224854664236774,5.100520159729404,6.6744410914163845
tabula_sapiens_stomach,43,0.01,unrescued_rare,rare_prototype_distance,14,9.459445533248733,7.432970677791684,9.78712427225243
tabula_sapiens_stomach,43,0.01,true_rescued_rare,rare_prototype_distance,1,7.6072263761956815,7.6072263761956815,7.6072263761956815
tabula_sapiens_stomach,43,0.05,non_target,rare_prototype_distance,9543,10.402825663646446,9.971512673201307,10.809287852605758
tabula_sapiens_stomach,43,0.05,baseline_correct_rare,rare_prototype_distance,17,6.224854664236774,5.100520159729404,6.6744410914163845
tabula_sapiens_stomach,43,0.05,unrescued_rare,rare_prototype_distance,14,9.459445533248733,7.432970677791684,9.78712427225243
tabula_sapiens_stomach,43,0.05,true_rescued_rare,rare_prototype_distance,1,7.6072263761956815,7.6072263761956815,7.6072263761956815
tabula_sapiens_stomach,43,0.10,non_target,rare_prototype_distance,9543,10.402825663646446,9.971512673201307,10.809287852605758
tabula_sapiens_stomach,43,0.10,baseline_correct_rare,rare_prototype_distance,17,6.224854664236774,5.100520159729404,6.6744410914163845
tabula_sapiens_stomach,43,0.10,unrescued_rare,rare_prototype_distance,14,9.459445533248733,7.432970677791684,9.78712427225243
tabula_sapiens_stomach,43,0.10,true_rescued_rare,rare_prototype_distance,1,7.6072263761956815,7.6072263761956815,7.6072263761956815
tabula_sapiens_stomach,43,all,non_target,rare_prototype_distance,9543,9.570645443413007,9.114771116764011,9.9988302182373
tabula_sapiens_stomach,43,all,baseline_correct_rare,rare_prototype_distance,16,5.190306087662986,4.358739504429306,5.642864809213581
tabula_sapiens_stomach,43,all,unrescued_rare,rare_prototype_distance,14,8.821992873798383,6.516493230501219,9.184515135030733
tabula_sapiens_stomach,43,all,true_rescued_rare,rare_prototype_distance,2,6.707655050946325,6.695027176105212,6.72028292578744
tabula_sapiens_stomach,44,0.01,non_target,rare_prototype_distance,9543,9.284406631372603,8.729322948331326,9.83276189124512
tabula_sapiens_stomach,44,0.01,true_rescued_rare,rare_prototype_distance,4,5.873066799535222,5.266864101360344,6.396009377769267
tabula_sapiens_stomach,44,0.01,unrescued_rare,rare_prototype_distance,14,9.529957821773502,7.138035229833527,10.173070947758799
tabula_sapiens_stomach,44,0.01,baseline_correct_rare,rare_prototype_distance,14,4.861196635532469,4.5449084723164646,5.351594873952417
tabula_sapiens_stomach,44,0.05,non_target,rare_prototype_distance,9543,9.284406631372603,8.729322948331326,9.83276189124512
tabula_sapiens_stomach,44,0.05,true_rescued_rare,rare_prototype_distance,4,5.873066799535222,5.266864101360344,6.396009377769267
tabula_sapiens_stomach,44,0.05,unrescued_rare,rare_prototype_distance,14,9.529957821773502,7.138035229833527,10.173070947758799
tabula_sapiens_stomach,44,0.05,baseline_correct_rare,rare_prototype_distance,14,4.861196635532469,4.5449084723164646,5.351594873952417
tabula_sapiens_stomach,44,0.10,non_target,rare_prototype_distance,9543,9.284406631372603,8.729322948331326,9.83276189124512
tabula_sapiens_stomach,44,0.10,true_rescued_rare,rare_prototype_distance,4,5.873066799535222,5.266864101360344,6.396009377769267
tabula_sapiens_stomach,44,0.10,unrescued_rare,rare_prototype_distance,14,9.529957821773502,7.138035229833527,10.173070947758799
tabula_sapiens_stomach,44,0.10,baseline_correct_rare,rare_prototype_distance,14,4.861196635532469,4.5449084723164646,5.351594873952417
tabula_sapiens_stomach,44,all,non_target,rare_prototype_distance,9543,9.132906807870809,8.568272711228946,9.691731769654691
tabula_sapiens_stomach,44,all,true_rescued_rare,rare_prototype_distance,5,6.320173536509233,5.911341982996486,6.373587386930476
tabula_sapiens_stomach,44,all,unrescued_rare,rare_prototype_distance,13,9.871647961200319,7.65876904545189,10.32209294488835
tabula_sapiens_stomach,44,all,baseline_correct_rare,rare_prototype_distance,14,4.373477527441401,4.004550097253872,5.0557292078502805
tabula_small_intestine,42,0.01,non_target,rare_prototype_distance,6288,9.244012764517556,8.82599914875184,9.69555881632009
tabula_small_intestine,42,0.01,baseline_correct_rare,rare_prototype_distance,65,3.0973355339465467,2.5656198358479396,3.479556743892488
tabula_small_intestine,42,0.05,non_target,rare_prototype_distance,6288,8.827227322856626,8.441423883635917,9.231797050400464
tabula_small_intestine,42,0.05,baseline_correct_rare,rare_prototype_distance,65,3.207996738605709,2.7342790229393783,3.6263296431562297
tabula_small_intestine,42,0.10,non_target,rare_prototype_distance,6288,8.748050040459933,8.36570807211515,9.166435566908348
tabula_small_intestine,42,0.10,baseline_correct_rare,rare_prototype_distance,65,3.325438293279221,2.9262714116132678,3.7470449141158615
tabula_small_intestine,42,all,non_target,rare_prototype_distance,6288,8.677555793519652,8.273660668811367,9.13202338982569
tabula_small_intestine,42,all,baseline_correct_rare,rare_prototype_distance,65,3.05105663058685,2.693323614640156,3.6282897106580703
tabula_small_intestine,43,0.01,non_target,rare_prototype_distance,6288,9.08163348094046,8.699905996600432,9.522762987046264
tabula_small_intestine,43,0.01,baseline_correct_rare,rare_prototype_distance,65,3.0281345833222537,2.627347263826107,3.3975428613790166
tabula_small_intestine,43,0.05,non_target,rare_prototype_distance,6288,8.770024093465452,8.367655254045184,9.220860545522774
tabula_small_intestine,43,0.05,baseline_correct_rare,rare_prototype_distance,65,2.943810832003581,2.512312503978436,3.5395430245378656
tabula_small_intestine,43,0.10,non_target,rare_prototype_distance,6288,9.16883379504608,8.793654177418833,9.60630703760286
tabula_small_intestine,43,0.10,baseline_correct_rare,rare_prototype_distance,65,2.8024013587192202,2.4426644785052756,3.4888411791537663
tabula_small_intestine,43,all,non_target,rare_prototype_distance,6288,8.874866315045479,8.501264022060688,9.280775010028506
tabula_small_intestine,43,all,baseline_correct_rare,rare_prototype_distance,65,2.846223653789739,2.4612626895690486,3.413490850674057
tabula_small_intestine,44,0.01,non_target,rare_prototype_distance,6288,8.814512723238506,8.377564852930437,9.323562466319993
tabula_small_intestine,44,0.01,baseline_correct_rare,rare_prototype_distance,65,3.325046027084295,2.9445270936710006,3.8793787152183756
tabula_small_intestine,44,0.05,non_target,rare_prototype_distance,6288,8.629864351040563,8.199942079230475,9.102692627487004
tabula_small_intestine,44,0.05,baseline_correct_rare,rare_prototype_distance,65,3.128056020377708,2.848451489998696,3.492524616278548
tabula_small_intestine,44,0.10,non_target,rare_prototype_distance,6288,8.910113572995877,8.488013438012107,9.3551934878693
tabula_small_intestine,44,0.10,baseline_correct_rare,rare_prototype_distance,65,3.161490377873356,2.8584754937558357,3.540808748554977
tabula_small_intestine,44,all,non_target,rare_prototype_distance,6288,8.598499463676564,8.183789502342464,9.063822388633772
tabula_small_intestine,44,all,baseline_correct_rare,rare_prototype_distance,65,3.132750330815864,2.740131919624728,3.529475017755335
mouse_lung_tms_10x,42,0.01,non_target,rare_prototype_distance,1316,7.50779785968735,5.887706287277912,8.124047101969563
mouse_lung_tms_10x,42,0.01,unrescued_rare,rare_prototype_distance,44,3.9681648759330654,3.500658358161795,4.427398335986399
mouse_lung_tms_10x,42,0.01,true_rescued_rare,rare_prototype_distance,7,3.0918400350493602,3.0840072903951627,3.2254973775337294
mouse_lung_tms_10x,42,0.05,non_target,rare_prototype_distance,1316,7.188024551321182,5.991646665135405,7.811053934719391
mouse_lung_tms_10x,42,0.05,unrescued_rare,rare_prototype_distance,51,3.270305616375799,2.9591109394620068,3.573161513729156
mouse_lung_tms_10x,42,0.10,non_target,rare_prototype_distance,1316,7.2945192399847425,5.999391250210676,7.907457536409398
mouse_lung_tms_10x,42,0.10,unrescued_rare,rare_prototype_distance,22,3.4293658972459626,3.1403519026958153,3.827853311865937
mouse_lung_tms_10x,42,0.10,baseline_correct_rare,rare_prototype_distance,14,2.775645740337602,2.694390330129254,3.073336746445574
mouse_lung_tms_10x,42,0.10,true_rescued_rare,rare_prototype_distance,15,3.15502671455081,2.8943165122334182,3.412921489314412
mouse_lung_tms_10x,42,all,non_target,rare_prototype_distance,1316,7.104402587429519,5.898948963689609,7.660982974999305
mouse_lung_tms_10x,42,all,baseline_correct_rare,rare_prototype_distance,34,2.4583303866008004,2.2085103670959096,2.842076928387057
mouse_lung_tms_10x,42,all,unrescued_rare,rare_prototype_distance,17,3.142793074675195,2.664966736718816,3.29146497634378
mouse_lung_tms_10x,43,0.01,non_target,rare_prototype_distance,1316,7.059214183912834,5.592815997758574,7.752092475341948
mouse_lung_tms_10x,43,0.01,unrescued_rare,rare_prototype_distance,51,3.177360269069407,2.7222377899890047,3.6077371066263315
mouse_lung_tms_10x,43,0.05,non_target,rare_prototype_distance,1316,6.966899597648519,5.544745842357825,7.513803624622932
mouse_lung_tms_10x,43,0.05,unrescued_rare,rare_prototype_distance,51,3.115381264881102,2.863645371843094,3.5378848828634437
mouse_lung_tms_10x,43,0.10,non_target,rare_prototype_distance,1316,7.161828006130768,5.738713384012511,7.825131598621436
mouse_lung_tms_10x,43,0.10,unrescued_rare,rare_prototype_distance,51,2.9666907792179327,2.6604310900859023,3.355276206196757
mouse_lung_tms_10x,43,all,non_target,rare_prototype_distance,1316,6.959940525916503,5.760244650901346,7.545306634290267
mouse_lung_tms_10x,43,all,baseline_correct_rare,rare_prototype_distance,37,2.4831894111825807,2.275092934695155,2.805142921460179
mouse_lung_tms_10x,43,all,unrescued_rare,rare_prototype_distance,14,3.378039537625022,3.132565151025046,3.5615269572018
mouse_lung_tms_10x,44,0.01,non_target,rare_prototype_distance,1316,6.946805946916367,5.777065422515351,7.475417716496392
mouse_lung_tms_10x,44,0.01,unrescued_rare,rare_prototype_distance,40,3.909632085418083,3.657126241861288,4.202943282572571
mouse_lung_tms_10x,44,0.01,true_rescued_rare,rare_prototype_distance,11,3.0138583699154347,2.939547656431712,3.2404690388155033
mouse_lung_tms_10x,44,0.05,non_target,rare_prototype_distance,1316,6.784822220890319,5.573641658613223,7.365804129841598
mouse_lung_tms_10x,44,0.05,unrescued_rare,rare_prototype_distance,34,3.641634151652995,3.404598998979295,3.9442058557368305
mouse_lung_tms_10x,44,0.05,true_rescued_rare,rare_prototype_distance,16,2.7529828988739515,2.5496488439329252,2.93379299064644
mouse_lung_tms_10x,44,0.05,baseline_correct_rare,rare_prototype_distance,1,2.577642176321076,2.577642176321076,2.577642176321076
mouse_lung_tms_10x,44,0.10,non_target,rare_prototype_distance,1316,6.738801233470897,5.555440916977995,7.291008598925198
mouse_lung_tms_10x,44,0.10,unrescued_rare,rare_prototype_distance,33,3.4702239316092807,2.7081076925290115,3.6938902418469017
mouse_lung_tms_10x,44,0.10,baseline_correct_rare,rare_prototype_distance,18,2.575720689213849,2.3795429533374666,2.8999558317463823
mouse_lung_tms_10x,44,all,non_target,rare_prototype_distance,1316,6.910085021445596,5.804400607662794,7.460054583590836
mouse_lung_tms_10x,44,all,baseline_correct_rare,rare_prototype_distance,42,2.6971148682731805,2.441809760903017,2.9832943730878645
mouse_lung_tms_10x,44,all,unrescued_rare,rare_prototype_distance,8,3.6948935358797006,3.5908570142351177,3.865701482351291
mouse_lung_tms_10x,44,all,true_rescued_rare,rare_prototype_distance,1,3.175754502885208,3.175754502885208,3.175754502885208
mouse_pancreas_tms_10x,42,0.01,non_target,rare_prototype_distance,864,6.599079602824803,6.090158859463318,7.240761475602654
mouse_pancreas_tms_10x,42,0.01,unrescued_rare,rare_prototype_distance,67,4.068420217043036,3.654368194992771,4.359405214930236
mouse_pancreas_tms_10x,42,0.01,baseline_correct_rare,rare_prototype_distance,4,3.217851386256591,3.1237301258513392,3.2754991916788843
mouse_pancreas_tms_10x,42,0.05,non_target,rare_prototype_distance,864,5.396482418299646,4.908978593703024,6.265238855388406
mouse_pancreas_tms_10x,42,0.05,baseline_correct_rare,rare_prototype_distance,59,2.434315555632035,2.146620545036776,3.068051053022306
mouse_pancreas_tms_10x,42,0.05,unrescued_rare,rare_prototype_distance,12,3.3353252724530655,2.88685858166094,3.6142388363272246
mouse_pancreas_tms_10x,42,0.10,non_target,rare_prototype_distance,864,5.801974033009441,5.338536562901184,6.635769905097135
mouse_pancreas_tms_10x,42,0.10,baseline_correct_rare,rare_prototype_distance,61,2.6125803731092727,2.3747902131433594,3.443768033898289
mouse_pancreas_tms_10x,42,0.10,unrescued_rare,rare_prototype_distance,10,4.1659740001169325,3.806312750318925,4.374258073792726
mouse_pancreas_tms_10x,42,all,non_target,rare_prototype_distance,864,5.331572228780721,4.867360445463181,6.282722607243434
mouse_pancreas_tms_10x,42,all,baseline_correct_rare,rare_prototype_distance,67,2.3058737754204914,1.9901628190507155,3.082298123445792
mouse_pancreas_tms_10x,42,all,unrescued_rare,rare_prototype_distance,4,3.519319512621389,3.457709164297765,4.0263476822619
mouse_pancreas_tms_10x,43,0.01,non_target,rare_prototype_distance,864,6.034977496459408,5.524615536885211,6.85397749222593
mouse_pancreas_tms_10x,43,0.01,unrescued_rare,rare_prototype_distance,44,3.9402829879614423,2.7393781989256643,4.314760298916241
mouse_pancreas_tms_10x,43,0.01,baseline_correct_rare,rare_prototype_distance,27,2.8519295033062746,2.3594623404443693,3.011518345428647
mouse_pancreas_tms_10x,43,0.05,non_target,rare_prototype_distance,864,5.485116452195864,4.936991423714002,6.4474493029959845
mouse_pancreas_tms_10x,43,0.05,unrescued_rare,rare_prototype_distance,20,3.502099050701007,3.29466465061654,4.44227149070695
mouse_pancreas_tms_10x,43,0.05,baseline_correct_rare,rare_prototype_distance,51,2.188320622584291,1.7616791749184066,2.962376736377701
mouse_pancreas_tms_10x,43,0.10,non_target,rare_prototype_distance,864,5.671653491968042,5.22456806376127,6.516161809817298
mouse_pancreas_tms_10x,43,0.10,baseline_correct_rare,rare_prototype_distance,61,2.5745313543183506,2.293256234613071,3.00981983518106
mouse_pancreas_tms_10x,43,0.10,unrescued_rare,rare_prototype_distance,10,4.199952841930386,3.462206005119864,4.771852015459156
mouse_pancreas_tms_10x,43,all,non_target,rare_prototype_distance,864,5.465281373851964,4.890546109190491,6.447048528362657
mouse_pancreas_tms_10x,43,all,baseline_correct_rare,rare_prototype_distance,67,2.3314428638337423,1.8858321781334655,2.9847553609541038
mouse_pancreas_tms_10x,43,all,unrescued_rare,rare_prototype_distance,4,3.8857488146451407,3.561731237380121,4.169148629437762
mouse_pancreas_tms_10x,44,0.01,non_target,rare_prototype_distance,864,5.355696143530734,4.671706594905441,6.485727377398003
mouse_pancreas_tms_10x,44,0.01,unrescued_rare,rare_prototype_distance,32,3.0950787022375676,2.7150620218281794,3.828379856385707
mouse_pancreas_tms_10x,44,0.01,baseline_correct_rare,rare_prototype_distance,39,2.6352752801701587,2.22399027604507,2.9019688342990193
mouse_pancreas_tms_10x,44,0.05,non_target,rare_prototype_distance,864,5.185790298459223,4.5602974246047765,6.352939217180615
mouse_pancreas_tms_10x,44,0.05,unrescued_rare,rare_prototype_distance,12,3.0063406946363074,2.631449108111199,3.446528755194112
mouse_pancreas_tms_10x,44,0.05,baseline_correct_rare,rare_prototype_distance,59,2.1031383224098357,1.749062269884885,2.776867993754076
mouse_pancreas_tms_10x,44,0.10,non_target,rare_prototype_distance,864,5.8501693479180155,5.280172196636263,6.778707445105345
mouse_pancreas_tms_10x,44,0.10,baseline_correct_rare,rare_prototype_distance,61,2.653815829490292,2.477537202994067,3.1056038432127853
mouse_pancreas_tms_10x,44,0.10,unrescued_rare,rare_prototype_distance,10,3.6787452645548893,3.447995864517485,3.986769317279354
mouse_pancreas_tms_10x,44,all,non_target,rare_prototype_distance,864,5.318372408347021,4.651321492942665,6.37073454732013
mouse_pancreas_tms_10x,44,all,baseline_correct_rare,rare_prototype_distance,67,2.123502662701508,1.8502733813063403,2.699804605123088
mouse_pancreas_tms_10x,44,all,unrescued_rare,rare_prototype_distance,4,3.3481070626983325,3.038841929602201,4.145689988227152
immune_dc,42,0.01,non_target,nearest_nonrare_distance,6004,2.9113321626870308,2.523582686931346,3.3913360417892955
immune_dc,42,0.01,true_rescued_rare,nearest_nonrare_distance,107,5.22764014307912,4.813595452142173,5.777498949986809
immune_dc,42,0.01,unrescued_rare,nearest_nonrare_distance,23,3.831388443856505,3.680271247256379,4.333399619137911
immune_dc,42,0.05,non_target,nearest_nonrare_distance,6004,2.790561813277624,2.4259567408933798,3.2431025554097137
immune_dc,42,0.05,baseline_correct_rare,nearest_nonrare_distance,94,5.287317502976336,4.965578836127294,5.652519803173842
immune_dc,42,0.05,unrescued_rare,nearest_nonrare_distance,13,3.614411818867094,3.36802886152953,3.917675668233269
immune_dc,42,0.05,true_rescued_rare,nearest_nonrare_distance,23,4.419256183459451,4.193244945881579,4.758660190345679
immune_dc,42,0.10,non_target,nearest_nonrare_distance,6004,2.947757692185777,2.566484691085291,3.43592500904764
immune_dc,42,0.10,baseline_correct_rare,nearest_nonrare_distance,103,5.721816963598769,5.326553145541184,6.138238730468693
immune_dc,42,0.10,unrescued_rare,nearest_nonrare_distance,15,3.8125033197942653,3.503024059759011,4.102401779867458
immune_dc,42,0.10,true_rescued_rare,nearest_nonrare_distance,12,4.425848338760946,4.179333537428896,4.527608784959099
immune_dc,42,all,non_target,nearest_nonrare_distance,6004,2.8918463215170647,2.510562257181924,3.3609159638191155
immune_dc,42,all,baseline_correct_rare,nearest_nonrare_distance,117,5.468542709947205,4.950803261844401,5.815651461158464
immune_dc,42,all,unrescued_rare,nearest_nonrare_distance,9,3.6389361639098863,3.244421918246588,3.7392432018740895
immune_dc,42,all,true_rescued_rare,nearest_nonrare_distance,4,4.00660404692084,3.795071860682362,4.498994651942923
immune_dc,43,0.01,non_target,nearest_nonrare_distance,6004,2.7760668107428,2.414906758855229,3.249693801859227
immune_dc,43,0.01,true_rescued_rare,nearest_nonrare_distance,114,5.166579486369941,4.8037450317039845,5.491267771151336
immune_dc,43,0.01,unrescued_rare,nearest_nonrare_distance,16,3.7310936452011356,3.3944975111604823,4.003971221277436
immune_dc,43,0.05,non_target,nearest_nonrare_distance,6004,2.7870065089995073,2.424227156012577,3.2737652145627214
immune_dc,43,0.05,baseline_correct_rare,nearest_nonrare_distance,105,5.503508365982163,5.091030951028784,5.909563085195503
immune_dc,43,0.05,unrescued_rare,nearest_nonrare_distance,13,3.7164869432849676,3.333032798374911,3.9795265220850005
immune_dc,43,0.05,true_rescued_rare,nearest_nonrare_distance,12,4.2904643028349,4.169929625070461,4.584201350319607
immune_dc,43,0.10,non_target,nearest_nonrare_distance,6004,2.75414961983711,2.3952086499370604,3.223274297743339
immune_dc,43,0.10,baseline_correct_rare,nearest_nonrare_distance,113,5.587092333590181,5.048761146291327,5.98344528193252
immune_dc,43,0.10,unrescued_rare,nearest_nonrare_distance,9,3.535298001769936,3.3890096251978585,4.472513215259259
immune_dc,43,0.10,true_rescued_rare,nearest_nonrare_distance,8,4.091273623500289,3.9665528654988877,4.16781274971241
immune_dc,43,all,non_target,nearest_nonrare_distance,6004,2.768579306320964,2.41426848707676,3.2466783336162326
immune_dc,43,all,baseline_correct_rare,nearest_nonrare_distance,119,5.767001986163167,5.192764552202699,6.137881934507359
immune_dc,43,all,unrescued_rare,nearest_nonrare_distance,9,3.5492135925212374,3.3206441780539793,3.619015660892856
immune_dc,43,all,true_rescued_rare,nearest_nonrare_distance,2,5.144284693419664,4.894775376464354,5.3937940103749735
immune_dc,44,0.01,non_target,nearest_nonrare_distance,6004,2.949874463677393,2.5519595369769354,3.4829360068402853
immune_dc,44,0.01,true_rescued_rare,nearest_nonrare_distance,117,5.413844148827985,4.987453301455953,5.942333542256899
immune_dc,44,0.01,unrescued_rare,nearest_nonrare_distance,13,3.6025696897502733,3.4280980378232484,4.328295523247937
immune_dc,44,0.05,non_target,nearest_nonrare_distance,6004,3.0243345600277656,2.6198306347690674,3.539376199214461
immune_dc,44,0.05,baseline_correct_rare,nearest_nonrare_distance,103,5.927946051965287,5.357362513983105,6.334045076999794
immune_dc,44,0.05,unrescued_rare,nearest_nonrare_distance,10,3.8334630049365117,3.435965463482033,4.023293531219951
immune_dc,44,0.05,true_rescued_rare,nearest_nonrare_distance,17,4.655226737824248,4.349733637781352,4.916998594224238
immune_dc,44,0.10,non_target,nearest_nonrare_distance,6004,2.934664000083237,2.5408075860796187,3.4523862451898806
immune_dc,44,0.10,baseline_correct_rare,nearest_nonrare_distance,111,5.912950480241067,5.373291299059872,6.3434221274783305
immune_dc,44,0.10,unrescued_rare,nearest_nonrare_distance,9,3.83123168118902,3.0878255804715358,4.096302048757561
immune_dc,44,0.10,true_rescued_rare,nearest_nonrare_distance,10,4.504584064321847,4.130990001077178,4.779822558908746
immune_dc,44,all,non_target,nearest_nonrare_distance,6004,2.9992320556394647,2.5990977124945562,3.5117544864618013
immune_dc,44,all,baseline_correct_rare,nearest_nonrare_distance,120,5.772017480790311,5.097519445343842,6.188513540176538
immune_dc,44,all,unrescued_rare,nearest_nonrare_distance,8,3.585918695123545,3.427105296905146,4.088833866457762
immune_dc,44,all,true_rescued_rare,nearest_nonrare_distance,2,3.6861103565443845,3.608922546499218,3.763298166589551
pancreas_baron,42,0.01,non_target,nearest_nonrare_distance,1638,4.057764097221263,3.561803162375002,4.64073364938467
pancreas_baron,42,0.01,unrescued_rare,nearest_nonrare_distance,21,4.485507152304585,4.049860356988139,4.793498534534865
pancreas_baron,42,0.01,true_rescued_rare,nearest_nonrare_distance,54,5.174003105805234,4.897307042658589,5.60724156052745
pancreas_baron,42,0.01,baseline_correct_rare,nearest_nonrare_distance,11,5.6211732235001675,5.514222083601383,5.717553642855242
pancreas_baron,42,0.05,non_target,nearest_nonrare_distance,1638,4.057764097221263,3.561803162375002,4.64073364938467
pancreas_baron,42,0.05,unrescued_rare,nearest_nonrare_distance,21,4.485507152304585,4.049860356988139,4.793498534534865
pancreas_baron,42,0.05,true_rescued_rare,nearest_nonrare_distance,54,5.174003105805234,4.897307042658589,5.60724156052745
pancreas_baron,42,0.05,baseline_correct_rare,nearest_nonrare_distance,11,5.6211732235001675,5.514222083601383,5.717553642855242
pancreas_baron,42,0.10,non_target,nearest_nonrare_distance,1638,3.9996886134682397,3.517580662449379,4.600178662763325
pancreas_baron,42,0.10,unrescued_rare,nearest_nonrare_distance,24,4.64574167380694,4.118272487943978,4.971492319917843
pancreas_baron,42,0.10,baseline_correct_rare,nearest_nonrare_distance,57,5.250037619194204,4.772705707007124,5.696875966886593
pancreas_baron,42,0.10,true_rescued_rare,nearest_nonrare_distance,5,5.148255997117228,4.95545179545112,5.540142311157453
pancreas_baron,42,all,non_target,nearest_nonrare_distance,1638,4.0141560615064655,3.5214962911151932,4.647469216038695
pancreas_baron,42,all,baseline_correct_rare,nearest_nonrare_distance,80,5.189209022537851,4.698420312195935,5.689117056094341
pancreas_baron,42,all,unrescued_rare,nearest_nonrare_distance,6,4.436652349573416,4.240972052260812,4.555752637413239
pancreas_baron,43,0.01,non_target,nearest_nonrare_distance,1638,3.9726334798418357,3.4940219470869933,4.65816103352266
pancreas_baron,43,0.01,unrescued_rare,nearest_nonrare_distance,74,4.628578671190256,4.137173165358448,5.348356372708896
pancreas_baron,43,0.01,baseline_correct_rare,nearest_nonrare_distance,12,5.437937531972964,4.266857019757164,5.906817510162742
pancreas_baron,43,0.05,non_target,nearest_nonrare_distance,1638,3.9726334798418357,3.4940219470869933,4.65816103352266
pancreas_baron,43,0.05,unrescued_rare,nearest_nonrare_distance,74,4.628578671190256,4.137173165358448,5.348356372708896
pancreas_baron,43,0.05,baseline_correct_rare,nearest_nonrare_distance,12,5.437937531972964,4.266857019757164,5.906817510162742
pancreas_baron,43,0.10,non_target,nearest_nonrare_distance,1638,3.875317313921211,3.397987652889288,4.52944883981575
pancreas_baron,43,0.10,baseline_correct_rare,nearest_nonrare_distance,57,4.737790993212538,4.255210627681367,5.494179012182185
pancreas_baron,43,0.10,unrescued_rare,nearest_nonrare_distance,18,4.792063194358338,3.8293990023693745,5.313230133547002
pancreas_baron,43,0.10,true_rescued_rare,nearest_nonrare_distance,11,4.581399520817966,4.3714064696576,4.77864493372237
pancreas_baron,43,all,non_target,nearest_nonrare_distance,1638,3.888658719640172,3.405320321501296,4.5417457747601215
pancreas_baron,43,all,baseline_correct_rare,nearest_nonrare_distance,77,4.8204587743468394,4.420720700557505,5.546431842275099
pancreas_baron,43,all,unrescued_rare,nearest_nonrare_distance,9,4.224170047939241,4.02135587862407,4.9084777958539245
pancreas_baron,44,0.01,non_target,nearest_nonrare_distance,1638,3.983065970329072,3.478132572787324,4.601212522761584
pancreas_baron,44,0.01,unrescued_rare,nearest_nonrare_distance,42,4.526241966262997,4.164709018924028,4.920289892147176
pancreas_baron,44,0.01,baseline_correct_rare,nearest_nonrare_distance,44,5.013056048604691,4.7579752692433095,5.423535802115132
pancreas_baron,44,0.05,non_target,nearest_nonrare_distance,1638,3.983065970329072,3.478132572787324,4.601212522761584
pancreas_baron,44,0.05,unrescued_rare,nearest_nonrare_distance,42,4.526241966262997,4.164709018924028,4.920289892147176
pancreas_baron,44,0.05,baseline_correct_rare,nearest_nonrare_distance,44,5.013056048604691,4.7579752692433095,5.423535802115132
pancreas_baron,44,0.10,non_target,nearest_nonrare_distance,1638,4.029013906985055,3.519228700021365,4.667664847727563
pancreas_baron,44,0.10,baseline_correct_rare,nearest_nonrare_distance,71,4.840310357436596,4.343885769312969,5.345892146248066
pancreas_baron,44,0.10,unrescued_rare,nearest_nonrare_distance,15,4.510005991209661,4.252562154870754,4.9645917790111636
pancreas_baron,44,all,non_target,nearest_nonrare_distance,1638,3.9161987543497183,3.415628706823745,4.553367717509854
pancreas_baron,44,all,baseline_correct_rare,nearest_nonrare_distance,74,4.89220004834104,4.348150646195281,5.338710841233727
pancreas_baron,44,all,unrescued_rare,nearest_nonrare_distance,12,4.4454819219921,4.291275485616346,4.834939746286817
pancreas_integrated,42,0.01,non_target,nearest_nonrare_distance,1701,3.8045861880582983,3.283441883678406,4.4470246391642565
pancreas_integrated,42,0.01,baseline_correct_rare,nearest_nonrare_distance,23,6.543028400051491,6.410048862492708,6.767428249059739
pancreas_integrated,42,0.05,non_target,nearest_nonrare_distance,1701,3.7584126132552016,3.253646929764475,4.38869607761713
pancreas_integrated,42,0.05,baseline_correct_rare,nearest_nonrare_distance,23,6.443808400916412,6.207659538589805,6.687001737169501
pancreas_integrated,42,0.10,non_target,nearest_nonrare_distance,1701,3.8669290801545757,3.362730786420986,4.483480576980438
pancreas_integrated,42,0.10,baseline_correct_rare,nearest_nonrare_distance,23,6.778678842471162,6.601434940139486,6.924515631053756
pancreas_integrated,42,all,non_target,nearest_nonrare_distance,1701,3.87628277458094,3.35197136496193,4.568518683680783
pancreas_integrated,42,all,baseline_correct_rare,nearest_nonrare_distance,23,6.943863678677039,6.721095788249312,7.1526880392715375
pancreas_integrated,43,0.01,non_target,nearest_nonrare_distance,1701,3.935056998343,3.38217014232148,4.683728633061889
pancreas_integrated,43,0.01,baseline_correct_rare,nearest_nonrare_distance,23,6.90057126453911,6.70334484969424,7.434804012511694
pancreas_integrated,43,0.05,non_target,nearest_nonrare_distance,1701,3.9221238882068916,3.376373344194377,4.632711545911683
pancreas_integrated,43,0.05,baseline_correct_rare,nearest_nonrare_distance,23,7.131971220262639,6.84899581082265,7.498222039624071
pancreas_integrated,43,0.10,non_target,nearest_nonrare_distance,1701,3.9405009441894103,3.3834155460458972,4.654560297640527
pancreas_integrated,43,0.10,baseline_correct_rare,nearest_nonrare_distance,23,7.422850802831819,7.104688503850032,7.687086992051471
pancreas_integrated,43,all,non_target,nearest_nonrare_distance,1701,3.8437643397574064,3.328094416108432,4.527829282403716
pancreas_integrated,43,all,baseline_correct_rare,nearest_nonrare_distance,23,7.193269008333886,6.772026052292587,7.549509341454582
pancreas_integrated,44,0.01,non_target,nearest_nonrare_distance,1701,3.941940502463915,3.469706561201944,4.558377148294984
pancreas_integrated,44,0.01,true_rescued_rare,nearest_nonrare_distance,23,6.14457158131505,5.826654222184702,6.606071462623156
pancreas_integrated,44,0.05,non_target,nearest_nonrare_distance,1701,3.766367075447293,3.312869740707881,4.368434998628894
pancreas_integrated,44,0.05,baseline_correct_rare,nearest_nonrare_distance,23,6.317136582213294,6.077132476005393,6.712726192886248
pancreas_integrated,44,0.10,non_target,nearest_nonrare_distance,1701,3.8815437586951704,3.4300033390859355,4.465271676335227
pancreas_integrated,44,0.10,baseline_correct_rare,nearest_nonrare_distance,23,6.551297994641163,6.2366892044647235,6.8567294811424935
pancreas_integrated,44,all,non_target,nearest_nonrare_distance,1701,3.89801684871165,3.4233819345565624,4.542476665900437
pancreas_integrated,44,all,baseline_correct_rare,nearest_nonrare_distance,23,6.338659493302273,5.932405808735778,6.6157565254278
tabula_lung_endo,42,0.01,non_target,nearest_nonrare_distance,1716,5.2359939630263455,4.497285296390052,6.192848915519509
tabula_lung_endo,42,0.01,true_rescued_rare,nearest_nonrare_distance,65,7.3593028231005135,6.848413070437508,8.402433614144709
tabula_lung_endo,42,0.05,non_target,nearest_nonrare_distance,1716,5.241332370565386,4.487253490835277,6.198292991724298
tabula_lung_endo,42,0.05,true_rescued_rare,nearest_nonrare_distance,32,7.185924565373263,6.519903766820758,8.174883597166453
tabula_lung_endo,42,0.05,baseline_correct_rare,nearest_nonrare_distance,33,7.609044726558383,7.093162580316526,8.976844859651282
tabula_lung_endo,42,0.10,non_target,nearest_nonrare_distance,1716,5.2933137761340205,4.541014841329275,6.278366173283395
tabula_lung_endo,42,0.10,baseline_correct_rare,nearest_nonrare_distance,64,7.7429941151016575,7.139437206963224,8.702689450739237
tabula_lung_endo,42,0.10,unrescued_rare,nearest_nonrare_distance,1,10.026393274489102,10.026393274489102,10.026393274489102
tabula_lung_endo,42,all,non_target,nearest_nonrare_distance,1716,5.173917083668734,4.429054330041695,6.181861151869446
tabula_lung_endo,42,all,baseline_correct_rare,nearest_nonrare_distance,65,7.801698106538365,7.096545831230786,8.663324780866999
tabula_lung_endo,43,0.01,non_target,nearest_nonrare_distance,1716,5.468523763655707,4.600055408100971,6.467417428699829
tabula_lung_endo,43,0.01,true_rescued_rare,nearest_nonrare_distance,56,7.562815863706062,7.039910019527246,8.106998394286174
tabula_lung_endo,43,0.01,baseline_correct_rare,nearest_nonrare_distance,7,7.699486508989703,7.116547519932222,7.969973983964082
tabula_lung_endo,43,0.01,unrescued_rare,nearest_nonrare_distance,2,8.808429475710613,8.806404684984106,8.81045426643712
tabula_lung_endo,43,0.05,non_target,nearest_nonrare_distance,1716,5.323394364570117,4.5534275265023565,6.344610762753609
tabula_lung_endo,43,0.05,baseline_correct_rare,nearest_nonrare_distance,60,7.608229159154812,7.20900867504504,8.245402436712677
tabula_lung_endo,43,0.05,true_rescued_rare,nearest_nonrare_distance,5,8.158620057461738,7.669638682579125,8.742648505836105
tabula_lung_endo,43,0.10,non_target,nearest_nonrare_distance,1716,5.392768518533906,4.6163717713283585,6.375130232967464
tabula_lung_endo,43,0.10,baseline_correct_rare,nearest_nonrare_distance,63,7.772274168611509,7.239044449826544,8.18154067079988
tabula_lung_endo,43,0.10,unrescued_rare,nearest_nonrare_distance,2,8.957027437019512,8.883776905202556,9.030277968836469
tabula_lung_endo,43,all,non_target,nearest_nonrare_distance,1716,5.337204855052346,4.5144332280018835,6.301740242760108
tabula_lung_endo,43,all,baseline_correct_rare,nearest_nonrare_distance,65,7.500897618910891,7.047234945364314,8.209643958296072
tabula_lung_endo,44,0.01,non_target,nearest_nonrare_distance,1716,5.364100121999523,4.591522184650868,6.217767217470921
tabula_lung_endo,44,0.01,true_rescued_rare,nearest_nonrare_distance,23,8.812023360912137,7.989787558990288,9.195260100606582
tabula_lung_endo,44,0.01,baseline_correct_rare,nearest_nonrare_distance,40,7.27472087388529,6.945827606244435,7.617281211501322
tabula_lung_endo,44,0.01,unrescued_rare,nearest_nonrare_distance,2,9.055178819126514,8.901107916020424,9.209249722232604
tabula_lung_endo,44,0.05,non_target,nearest_nonrare_distance,1716,5.260281637216692,4.490562502306425,6.2415829658531665
tabula_lung_endo,44,0.05,baseline_correct_rare,nearest_nonrare_distance,59,7.383173944111368,6.908863480692358,8.187759181426
tabula_lung_endo,44,0.05,true_rescued_rare,nearest_nonrare_distance,6,8.981476267993937,7.911647353971681,9.431154653246253
tabula_lung_endo,44,0.10,non_target,nearest_nonrare_distance,1716,5.434198309002445,4.589332785416769,6.375817007895962
tabula_lung_endo,44,0.10,baseline_correct_rare,nearest_nonrare_distance,63,7.802938765067029,7.335755100164526,8.686985320960858
tabula_lung_endo,44,0.10,unrescued_rare,nearest_nonrare_distance,2,9.189476047682975,8.939296633281288,9.439655462084662
tabula_lung_endo,44,all,non_target,nearest_nonrare_distance,1716,5.33245124673238,4.495102539456083,6.234286099963501
tabula_lung_endo,44,all,baseline_correct_rare,nearest_nonrare_distance,63,7.474201296079156,7.122986325130352,8.441900098973885
tabula_lung_endo,44,all,unrescued_rare,nearest_nonrare_distance,2,8.97190434416584,8.76892225219033,9.174886436141346
tabula_sapiens_stomach,42,0.01,non_target,nearest_nonrare_distance,9543,4.866954420474129,4.168618322574325,5.404180884488548
tabula_sapiens_stomach,42,0.01,baseline_correct_rare,nearest_nonrare_distance,12,6.60755566165747,6.3701098156502365,6.830844313857154
tabula_sapiens_stomach,42,0.01,unrescued_rare,nearest_nonrare_distance,13,5.56245920323369,5.0109909307468445,6.913969756889791
tabula_sapiens_stomach,42,0.01,true_rescued_rare,nearest_nonrare_distance,7,6.010711467326988,5.694871064038926,7.197578712238009
tabula_sapiens_stomach,42,0.05,non_target,nearest_nonrare_distance,9543,4.866954420474129,4.168618322574325,5.404180884488548
tabula_sapiens_stomach,42,0.05,baseline_correct_rare,nearest_nonrare_distance,12,6.60755566165747,6.3701098156502365,6.830844313857154
tabula_sapiens_stomach,42,0.05,unrescued_rare,nearest_nonrare_distance,13,5.56245920323369,5.0109909307468445,6.913969756889791
tabula_sapiens_stomach,42,0.05,true_rescued_rare,nearest_nonrare_distance,7,6.010711467326988,5.694871064038926,7.197578712238009
tabula_sapiens_stomach,42,0.10,non_target,nearest_nonrare_distance,9543,4.866954420474129,4.168618322574325,5.404180884488548
tabula_sapiens_stomach,42,0.10,baseline_correct_rare,nearest_nonrare_distance,12,6.60755566165747,6.3701098156502365,6.830844313857154
tabula_sapiens_stomach,42,0.10,unrescued_rare,nearest_nonrare_distance,13,5.56245920323369,5.0109909307468445,6.913969756889791
tabula_sapiens_stomach,42,0.10,true_rescued_rare,nearest_nonrare_distance,7,6.010711467326988,5.694871064038926,7.197578712238009
tabula_sapiens_stomach,42,all,non_target,nearest_nonrare_distance,9543,4.90333548759008,4.158055216274565,5.457980509607447
tabula_sapiens_stomach,42,all,true_rescued_rare,nearest_nonrare_distance,9,6.284162170697075,5.744826551114482,7.211094804107708
tabula_sapiens_stomach,42,all,unrescued_rare,nearest_nonrare_distance,15,6.033488231839863,5.319587641999995,7.095738508524831
tabula_sapiens_stomach,42,all,baseline_correct_rare,nearest_nonrare_distance,8,6.619780564373746,6.458753586991785,6.8500141915334565
tabula_sapiens_stomach,43,0.01,non_target,nearest_nonrare_distance,9543,5.206799374489655,4.435289274767418,5.839790706113646
tabula_sapiens_stomach,43,0.01,baseline_correct_rare,nearest_nonrare_distance,17,6.475668287409879,6.080121992024929,6.703021587903563
tabula_sapiens_stomach,43,0.01,unrescued_rare,nearest_nonrare_distance,14,6.288862324609132,5.106342162431021,6.928445807673097
tabula_sapiens_stomach,43,0.01,true_rescued_rare,nearest_nonrare_distance,1,7.020106274074007,7.020106274074007,7.020106274074007
tabula_sapiens_stomach,43,0.05,non_target,nearest_nonrare_distance,9543,5.206799374489655,4.435289274767418,5.839790706113646
tabula_sapiens_stomach,43,0.05,baseline_correct_rare,nearest_nonrare_distance,17,6.475668287409879,6.080121992024929,6.703021587903563
tabula_sapiens_stomach,43,0.05,unrescued_rare,nearest_nonrare_distance,14,6.288862324609132,5.106342162431021,6.928445807673097
tabula_sapiens_stomach,43,0.05,true_rescued_rare,nearest_nonrare_distance,1,7.020106274074007,7.020106274074007,7.020106274074007
tabula_sapiens_stomach,43,0.10,non_target,nearest_nonrare_distance,9543,5.206799374489655,4.435289274767418,5.839790706113646
tabula_sapiens_stomach,43,0.10,baseline_correct_rare,nearest_nonrare_distance,17,6.475668287409879,6.080121992024929,6.703021587903563
tabula_sapiens_stomach,43,0.10,unrescued_rare,nearest_nonrare_distance,14,6.288862324609132,5.106342162431021,6.928445807673097
tabula_sapiens_stomach,43,0.10,true_rescued_rare,nearest_nonrare_distance,1,7.020106274074007,7.020106274074007,7.020106274074007
tabula_sapiens_stomach,43,all,non_target,nearest_nonrare_distance,9543,5.265764281547173,4.441010948691243,5.8963434567241535
tabula_sapiens_stomach,43,all,baseline_correct_rare,nearest_nonrare_distance,16,6.651615146142319,6.338465605590644,7.054307716421991
tabula_sapiens_stomach,43,all,unrescued_rare,nearest_nonrare_distance,14,6.663040209354429,5.230418388264922,7.167161224912591
tabula_sapiens_stomach,43,all,true_rescued_rare,nearest_nonrare_distance,2,6.904987619374679,6.851508002870186,6.958467235879172
tabula_sapiens_stomach,44,0.01,non_target,nearest_nonrare_distance,9543,4.9836916205002595,4.265177599979077,5.6508967676358814
tabula_sapiens_stomach,44,0.01,true_rescued_rare,nearest_nonrare_distance,4,6.160923309929942,5.640117289429433,6.713845568991916
tabula_sapiens_stomach,44,0.01,unrescued_rare,nearest_nonrare_distance,14,6.877042041179303,5.7985433057051985,7.267612330972726
tabula_sapiens_stomach,44,0.01,baseline_correct_rare,nearest_nonrare_distance,14,6.552054286174942,6.374907010772118,7.025840907833313
tabula_sapiens_stomach,44,0.05,non_target,nearest_nonrare_distance,9543,4.9836916205002595,4.265177599979077,5.6508967676358814
tabula_sapiens_stomach,44,0.05,true_rescued_rare,nearest_nonrare_distance,4,6.160923309929942,5.640117289429433,6.713845568991916
tabula_sapiens_stomach,44,0.05,unrescued_rare,nearest_nonrare_distance,14,6.877042041179303,5.7985433057051985,7.267612330972726
tabula_sapiens_stomach,44,0.05,baseline_correct_rare,nearest_nonrare_distance,14,6.552054286174942,6.374907010772118,7.025840907833313
tabula_sapiens_stomach,44,0.10,non_target,nearest_nonrare_distance,9543,4.9836916205002595,4.265177599979077,5.6508967676358814
tabula_sapiens_stomach,44,0.10,true_rescued_rare,nearest_nonrare_distance,4,6.160923309929942,5.640117289429433,6.713845568991916
tabula_sapiens_stomach,44,0.10,unrescued_rare,nearest_nonrare_distance,14,6.877042041179303,5.7985433057051985,7.267612330972726
tabula_sapiens_stomach,44,0.10,baseline_correct_rare,nearest_nonrare_distance,14,6.552054286174942,6.374907010772118,7.025840907833313
tabula_sapiens_stomach,44,all,non_target,nearest_nonrare_distance,9543,5.002199177364202,4.297194797397671,5.641111210164386
tabula_sapiens_stomach,44,all,true_rescued_rare,nearest_nonrare_distance,5,6.837096886832479,6.650240510321601,6.950338680980904
tabula_sapiens_stomach,44,all,unrescued_rare,nearest_nonrare_distance,13,6.801737723790695,6.295942043734059,7.105255914503146
tabula_sapiens_stomach,44,all,baseline_correct_rare,nearest_nonrare_distance,14,6.397183368951481,5.695513368415531,6.730940550324774
tabula_small_intestine,42,0.01,non_target,nearest_nonrare_distance,6288,3.7134054002733214,3.2489886378042354,4.184912433254569
tabula_small_intestine,42,0.01,baseline_correct_rare,nearest_nonrare_distance,65,7.238753426373117,6.844324533313524,7.740328874052759
tabula_small_intestine,42,0.05,non_target,nearest_nonrare_distance,6288,3.6860951512390248,3.230660595812683,4.147034687484832
tabula_small_intestine,42,0.05,baseline_correct_rare,nearest_nonrare_distance,65,7.280128228199381,6.909478300731235,7.656876148749485
tabula_small_intestine,42,0.10,non_target,nearest_nonrare_distance,6288,3.700596892211816,3.2487473369276123,4.168903949792528
tabula_small_intestine,42,0.10,baseline_correct_rare,nearest_nonrare_distance,65,7.366537613374271,6.721631392556911,7.785846749424543
tabula_small_intestine,42,all,non_target,nearest_nonrare_distance,6288,3.7756873295659394,3.288737066574749,4.266737402945707
tabula_small_intestine,42,all,baseline_correct_rare,nearest_nonrare_distance,65,7.266955730703182,6.738070674773057,7.618193899796089
tabula_small_intestine,43,0.01,non_target,nearest_nonrare_distance,6288,3.6320702581283033,3.18345069557481,4.096242166586761
tabula_small_intestine,43,0.01,baseline_correct_rare,nearest_nonrare_distance,65,7.452625166042357,6.943411126513426,7.913255072933347
tabula_small_intestine,43,0.05,non_target,nearest_nonrare_distance,6288,3.620978681064151,3.1825632986174646,4.091032188725934
tabula_small_intestine,43,0.05,baseline_correct_rare,nearest_nonrare_distance,65,7.286639500751299,6.872530080209275,7.685129223221298
tabula_small_intestine,43,0.10,non_target,nearest_nonrare_distance,6288,3.580487576255378,3.1555271545155126,4.047342303981722
tabula_small_intestine,43,0.10,baseline_correct_rare,nearest_nonrare_distance,65,7.44377228263741,6.929607604317782,7.8889198347320795
tabula_small_intestine,43,all,non_target,nearest_nonrare_distance,6288,3.5671758761944816,3.13420915668718,4.025305433918299
tabula_small_intestine,43,all,baseline_correct_rare,nearest_nonrare_distance,65,7.295867103457662,6.800391733337319,7.719142121900299
tabula_small_intestine,44,0.01,non_target,nearest_nonrare_distance,6288,3.610851106462441,3.1539473673056415,4.082527373431094
tabula_small_intestine,44,0.01,baseline_correct_rare,nearest_nonrare_distance,65,7.2145525158318,6.660380446325579,7.543037153154065
tabula_small_intestine,44,0.05,non_target,nearest_nonrare_distance,6288,3.6040003472959663,3.186593603447656,4.051650487014438
tabula_small_intestine,44,0.05,baseline_correct_rare,nearest_nonrare_distance,65,7.276177859841391,6.778705083773656,7.642715601808937
tabula_small_intestine,44,0.10,non_target,nearest_nonrare_distance,6288,3.63730705144618,3.197793714461837,4.076357410976698
tabula_small_intestine,44,0.10,baseline_correct_rare,nearest_nonrare_distance,65,7.256280365549368,6.754753018483464,7.80974244298699
tabula_small_intestine,44,all,non_target,nearest_nonrare_distance,6288,3.683347583799654,3.226177723939659,4.148698513762017
tabula_small_intestine,44,all,baseline_correct_rare,nearest_nonrare_distance,65,7.199563658407722,6.669229458909327,7.611306914621531
mouse_lung_tms_10x,42,0.01,non_target,nearest_nonrare_distance,1316,2.468280730525457,2.117104789827213,2.908993495450499
mouse_lung_tms_10x,42,0.01,unrescued_rare,nearest_nonrare_distance,44,3.1473585247356715,2.6086470258240957,3.4094151814295444
mouse_lung_tms_10x,42,0.01,true_rescued_rare,nearest_nonrare_distance,7,3.4438348804670316,3.3089525692140054,3.5850707473532037
mouse_lung_tms_10x,42,0.05,non_target,nearest_nonrare_distance,1316,2.4925158351175014,2.1356094472677247,2.9243145459090343
mouse_lung_tms_10x,42,0.05,unrescued_rare,nearest_nonrare_distance,51,3.151695614959393,2.834275125604815,3.427880136595099
mouse_lung_tms_10x,42,0.10,non_target,nearest_nonrare_distance,1316,2.4926570509645023,2.132504318527761,2.926387146425228
mouse_lung_tms_10x,42,0.10,unrescued_rare,nearest_nonrare_distance,22,2.849589441564466,2.620196699785027,3.322548181999426
mouse_lung_tms_10x,42,0.10,baseline_correct_rare,nearest_nonrare_distance,14,3.434704862848496,3.2851587847810095,3.787234424091114
mouse_lung_tms_10x,42,0.10,true_rescued_rare,nearest_nonrare_distance,15,3.3874668951409728,3.2583276426522696,3.5760741768844566
mouse_lung_tms_10x,42,all,non_target,nearest_nonrare_distance,1316,2.5060219651799605,2.1507368355134346,2.954032732586769
mouse_lung_tms_10x,42,all,baseline_correct_rare,nearest_nonrare_distance,34,3.692736506606587,3.224855255147397,3.9812951026091463
mouse_lung_tms_10x,42,all,unrescued_rare,nearest_nonrare_distance,17,3.305763509296677,2.8842276038471044,3.650675513775802
mouse_lung_tms_10x,43,0.01,non_target,nearest_nonrare_distance,1316,2.468167352303466,2.09783063287646,2.890492669475309
mouse_lung_tms_10x,43,0.01,unrescued_rare,nearest_nonrare_distance,51,3.0458038870780286,2.7677310820511805,3.3138711937101806
mouse_lung_tms_10x,43,0.05,non_target,nearest_nonrare_distance,1316,2.472679721110042,2.088734683107619,2.8685450932372945
mouse_lung_tms_10x,43,0.05,unrescued_rare,nearest_nonrare_distance,51,3.0360676334364993,2.789823078536723,3.380951995113847
mouse_lung_tms_10x,43,0.10,non_target,nearest_nonrare_distance,1316,2.47641113143141,2.1073455067714324,2.9021480602683125
mouse_lung_tms_10x,43,0.10,unrescued_rare,nearest_nonrare_distance,51,3.0479094441599304,2.8207186071060057,3.5261887679571844
mouse_lung_tms_10x,43,all,non_target,nearest_nonrare_distance,1316,2.4772019141545973,2.120386229293644,2.8993488027493095
mouse_lung_tms_10x,43,all,baseline_correct_rare,nearest_nonrare_distance,37,3.4321185389440307,3.229603584542569,3.7696479244936536
mouse_lung_tms_10x,43,all,unrescued_rare,nearest_nonrare_distance,14,2.9660696559358914,2.768953440702971,3.11457138737293
mouse_lung_tms_10x,44,0.01,non_target,nearest_nonrare_distance,1316,2.5208338459819837,2.127576410271132,2.968636906997926
mouse_lung_tms_10x,44,0.01,unrescued_rare,nearest_nonrare_distance,40,3.0306497080135353,2.7150965130538105,3.5575222404673394
mouse_lung_tms_10x,44,0.01,true_rescued_rare,nearest_nonrare_distance,11,3.54754473762062,3.155995777047586,3.8393112489066175
mouse_lung_tms_10x,44,0.05,non_target,nearest_nonrare_distance,1316,2.5445052416833844,2.132946567672072,2.953784572342606
mouse_lung_tms_10x,44,0.05,unrescued_rare,nearest_nonrare_distance,34,3.0941534238941015,2.777902475167336,3.5992662503867683
mouse_lung_tms_10x,44,0.05,true_rescued_rare,nearest_nonrare_distance,16,3.287674078693846,3.080006279661339,3.5460474605116894
mouse_lung_tms_10x,44,0.05,baseline_correct_rare,nearest_nonrare_distance,1,3.839326817434891,3.839326817434891,3.839326817434891
mouse_lung_tms_10x,44,0.10,non_target,nearest_nonrare_distance,1316,2.5348793688790376,2.1204865186558575,2.9562533729793223
mouse_lung_tms_10x,44,0.10,unrescued_rare,nearest_nonrare_distance,33,3.105280380954158,2.747999197374918,3.5328260179672566
mouse_lung_tms_10x,44,0.10,baseline_correct_rare,nearest_nonrare_distance,18,3.5934890315305092,3.2055697983630482,3.9437876951659243
mouse_lung_tms_10x,44,all,non_target,nearest_nonrare_distance,1316,2.593019221863475,2.1521797860334626,3.027477018143397
mouse_lung_tms_10x,44,all,baseline_correct_rare,nearest_nonrare_distance,42,3.7411313984454817,3.340780402010437,4.218945873970049
mouse_lung_tms_10x,44,all,unrescued_rare,nearest_nonrare_distance,8,3.223254490683916,2.91890633322527,3.481160703007557
mouse_lung_tms_10x,44,all,true_rescued_rare,nearest_nonrare_distance,1,3.5170015117791142,3.5170015117791142,3.5170015117791142
mouse_pancreas_tms_10x,42,0.01,non_target,nearest_nonrare_distance,864,2.98727814734601,2.550092078277656,3.839659058454942
mouse_pancreas_tms_10x,42,0.01,unrescued_rare,nearest_nonrare_distance,67,4.099139240151363,3.5047577829605263,4.705438952175187
mouse_pancreas_tms_10x,42,0.01,baseline_correct_rare,nearest_nonrare_distance,4,4.870383107672008,4.578048647943919,5.124972405862061
mouse_pancreas_tms_10x,42,0.05,non_target,nearest_nonrare_distance,864,3.0045692132223074,2.546203253223566,3.8753456900203176
mouse_pancreas_tms_10x,42,0.05,baseline_correct_rare,nearest_nonrare_distance,59,4.285001740573259,3.7019894751889457,5.004784933421665
mouse_pancreas_tms_10x,42,0.05,unrescued_rare,nearest_nonrare_distance,12,3.2905460254850034,3.1483985800736494,3.6470602386146447
mouse_pancreas_tms_10x,42,0.10,non_target,nearest_nonrare_distance,864,3.0598892361832246,2.6397911746658473,3.9129480361936926
mouse_pancreas_tms_10x,42,0.10,baseline_correct_rare,nearest_nonrare_distance,61,4.2261039333755015,3.6181709024537767,4.851501299382744
mouse_pancreas_tms_10x,42,0.10,unrescued_rare,nearest_nonrare_distance,10,3.38756463221712,3.150857133530371,4.402747175998332
mouse_pancreas_tms_10x,42,all,non_target,nearest_nonrare_distance,864,2.9689250831232616,2.582869236623863,3.8381655160043517
mouse_pancreas_tms_10x,42,all,baseline_correct_rare,nearest_nonrare_distance,67,4.422625466568355,3.758106294532667,5.06450798887388
mouse_pancreas_tms_10x,42,all,unrescued_rare,nearest_nonrare_distance,4,3.328284606039058,3.198835844056937,3.888713201664064
mouse_pancreas_tms_10x,43,0.01,non_target,nearest_nonrare_distance,864,3.0339517162594927,2.5882167158603946,3.95720296531842
mouse_pancreas_tms_10x,43,0.01,unrescued_rare,nearest_nonrare_distance,44,3.8247695755950915,3.0914569813007877,4.8859915925383035
mouse_pancreas_tms_10x,43,0.01,baseline_correct_rare,nearest_nonrare_distance,27,4.336812428590916,3.962673010240705,5.0171077672669195
mouse_pancreas_tms_10x,43,0.05,non_target,nearest_nonrare_distance,864,3.0227809589591734,2.61589105298374,3.906769426428781
mouse_pancreas_tms_10x,43,0.05,unrescued_rare,nearest_nonrare_distance,20,4.26165036775966,3.4352611504718693,5.148762182855439
mouse_pancreas_tms_10x,43,0.05,baseline_correct_rare,nearest_nonrare_distance,51,4.13039167651089,3.496430010576499,4.923537450528453
mouse_pancreas_tms_10x,43,0.10,non_target,nearest_nonrare_distance,864,3.0453252993231725,2.6297272497909105,3.947566059026914
mouse_pancreas_tms_10x,43,0.10,baseline_correct_rare,nearest_nonrare_distance,61,4.449796530919353,3.8996675609666385,5.420382337960512
mouse_pancreas_tms_10x,43,0.10,unrescued_rare,nearest_nonrare_distance,10,3.573022870987863,3.2892099904806473,5.2711809994821115
mouse_pancreas_tms_10x,43,all,non_target,nearest_nonrare_distance,864,2.9857824304548544,2.5781709468488816,3.8661390685567634
mouse_pancreas_tms_10x,43,all,baseline_correct_rare,nearest_nonrare_distance,67,4.387615879972683,3.781700675223825,5.1552980343970845
mouse_pancreas_tms_10x,43,all,unrescued_rare,nearest_nonrare_distance,4,3.234461419020114,3.2238337583422383,3.7539466667155525
mouse_pancreas_tms_10x,44,0.01,non_target,nearest_nonrare_distance,864,3.0507658504391273,2.668971068517534,3.8297383256431266
mouse_pancreas_tms_10x,44,0.01,unrescued_rare,nearest_nonrare_distance,32,3.455288785308094,3.162376380244993,4.681185777422499
mouse_pancreas_tms_10x,44,0.01,baseline_correct_rare,nearest_nonrare_distance,39,4.144509786282008,3.6250058892255597,4.655081966558543
mouse_pancreas_tms_10x,44,0.05,non_target,nearest_nonrare_distance,864,2.91769013012823,2.5742523817014025,3.7267698060948264
mouse_pancreas_tms_10x,44,0.05,unrescued_rare,nearest_nonrare_distance,12,3.3292799264371076,3.0127690321986287,4.337345559940928
mouse_pancreas_tms_10x,44,0.05,baseline_correct_rare,nearest_nonrare_distance,59,4.133615153302804,3.693317759939456,4.936445657291353
mouse_pancreas_tms_10x,44,0.10,non_target,nearest_nonrare_distance,864,3.046165934635833,2.684455537333941,3.8494924390680887
mouse_pancreas_tms_10x,44,0.10,baseline_correct_rare,nearest_nonrare_distance,61,4.20446362906934,3.7097617622395256,5.002584762547226
mouse_pancreas_tms_10x,44,0.10,unrescued_rare,nearest_nonrare_distance,10,3.481930884607917,2.9438317522255075,3.6915701759925863
mouse_pancreas_tms_10x,44,all,non_target,nearest_nonrare_distance,864,3.0270800931184545,2.615920474522824,3.8292013851185427
mouse_pancreas_tms_10x,44,all,baseline_correct_rare,nearest_nonrare_distance,67,4.159585914708853,3.767637258276964,4.890137664604085
mouse_pancreas_tms_10x,44,all,unrescued_rare,nearest_nonrare_distance,4,3.5033744145186323,3.375625323419957,3.8073418287272487
immune_dc,42,0.01,non_target,prototype_margin,6004,-3.384397484738687,-3.848794997235515,-2.878234892888834
immune_dc,42,0.01,true_rescued_rare,prototype_margin,107,1.3614321322002763,0.7935987016399069,1.7137081768406042
immune_dc,42,0.01,unrescued_rare,prototype_margin,23,-0.618354146421618,-1.1074539547316127,-0.30767918972569097
immune_dc,42,0.05,non_target,prototype_margin,6004,-3.602742604606978,-4.0761453292367715,-3.065591633689662
immune_dc,42,0.05,baseline_correct_rare,prototype_margin,94,2.9118129498673344,2.2262250276531335,3.415184968883958
immune_dc,42,0.05,unrescued_rare,prototype_margin,13,-0.7685850402642389,-1.1444919568995608,-0.4016010393377072
immune_dc,42,0.05,true_rescued_rare,prototype_margin,23,1.2385841065706602,0.8944834131994464,1.32149403404629
immune_dc,42,0.10,non_target,prototype_margin,6004,-3.5509908374220327,-4.038683626298568,-3.022683727698818
immune_dc,42,0.10,baseline_correct_rare,prototype_margin,103,3.102578900709554,2.362340296325355,3.7220410498481007
immune_dc,42,0.10,unrescued_rare,prototype_margin,15,-0.7476919930583699,-1.2448622444881159,-0.6322901493258986
immune_dc,42,0.10,true_rescued_rare,prototype_margin,12,0.5657912597175585,0.37810711612944603,1.0059804215420076
immune_dc,42,all,non_target,prototype_margin,6004,-3.468821134510441,-3.950498303126704,-2.9555930420932857
immune_dc,42,all,baseline_correct_rare,prototype_margin,117,3.0399919916363216,2.192690169455785,3.668321532017814
immune_dc,42,all,unrescued_rare,prototype_margin,9,-0.9447052585017444,-1.3953366015964854,-0.8014361519576791
immune_dc,42,all,true_rescued_rare,prototype_margin,4,0.23419202524569482,0.19320887373028306,0.3072421756708519
immune_dc,43,0.01,non_target,prototype_margin,6004,-3.588645524486707,-4.104297978641993,-2.9906283377397274
immune_dc,43,0.01,true_rescued_rare,prototype_margin,114,2.050714043163098,1.2969334575180211,2.5962677150334743
immune_dc,43,0.01,unrescued_rare,prototype_margin,16,-0.8706666149701578,-1.2265020328158922,-0.404750466040534
immune_dc,43,0.05,non_target,prototype_margin,6004,-3.675044567293086,-4.191275684280907,-3.1234791874965393
immune_dc,43,0.05,baseline_correct_rare,prototype_margin,105,3.067593462881569,2.2256820677684934,3.608636602187395
immune_dc,43,0.05,unrescued_rare,prototype_margin,13,-0.5698551155417393,-0.9682638782877047,-0.18696336577698958
immune_dc,43,0.05,true_rescued_rare,prototype_margin,12,0.7521966638943944,0.4859609063416638,1.0445486509286246
immune_dc,43,0.10,non_target,prototype_margin,6004,-3.5394221508063026,-4.009601852510712,-3.0399691242407476
immune_dc,43,0.10,baseline_correct_rare,prototype_margin,113,3.121293760730927,2.3984633251160163,3.787059973648989
immune_dc,43,0.10,unrescued_rare,prototype_margin,9,-0.36528716242767256,-0.8833064655765961,-0.14820136831851727
immune_dc,43,0.10,true_rescued_rare,prototype_margin,8,0.6729738907272269,0.36494497751071364,0.8134353605739285
immune_dc,43,all,non_target,prototype_margin,6004,-3.6623690957702326,-4.140837356027028,-3.1126581677420453
immune_dc,43,all,baseline_correct_rare,prototype_margin,119,3.469865764599128,2.302912882066857,4.179592560213248
immune_dc,43,all,unrescued_rare,prototype_margin,9,-0.5290155454332908,-0.9067178322280967,-0.20158916101001045
immune_dc,43,all,true_rescued_rare,prototype_margin,2,0.5363362315636135,0.4741768367874932,0.5984956263397339
immune_dc,44,0.01,non_target,prototype_margin,6004,-3.5696907450162234,-4.027589718048742,-3.0397569525649137
immune_dc,44,0.01,true_rescued_rare,prototype_margin,117,1.9187083220084373,1.235653674218928,2.5712279779512803
immune_dc,44,0.01,unrescued_rare,prototype_margin,13,-1.2952107093653344,-1.5978161445017047,-0.5093706682731973
immune_dc,44,0.05,non_target,prototype_margin,6004,-3.7176446819196656,-4.210828655113891,-3.126658277425851
immune_dc,44,0.05,baseline_correct_rare,prototype_margin,103,3.171875695405067,2.223807496135586,3.7615601561438403
immune_dc,44,0.05,unrescued_rare,prototype_margin,10,-1.131215153686642,-1.7360509033083735,-0.5178236193189608
immune_dc,44,0.05,true_rescued_rare,prototype_margin,17,1.0036974501213036,0.6152016355791061,1.3828677620940786
immune_dc,44,0.10,non_target,prototype_margin,6004,-3.6893994052144183,-4.177287512131194,-3.137376142467458
immune_dc,44,0.10,baseline_correct_rare,prototype_margin,111,3.580066154738372,2.5653697476561046,4.141337251628406
immune_dc,44,0.10,unrescued_rare,prototype_margin,9,-1.3715076406720073,-1.4064266162794157,-0.9563314627339983
immune_dc,44,0.10,true_rescued_rare,prototype_margin,10,0.5391988626366981,0.44707269727205534,1.1019039004675237
immune_dc,44,all,non_target,prototype_margin,6004,-3.434822888378841,-3.9270316808178523,-2.907453938725673
immune_dc,44,all,baseline_correct_rare,prototype_margin,120,3.2859542965721555,2.2143539835766806,3.955746727128897
immune_dc,44,all,unrescued_rare,prototype_margin,8,-0.8404737885525198,-1.2031261055356293,-0.3709828525236676
immune_dc,44,all,true_rescued_rare,prototype_margin,2,0.26649527920010296,0.20824533699246328,0.32474522140774265
pancreas_baron,42,0.01,non_target,prototype_margin,1638,-3.1206167795669457,-4.089112631758156,-2.446686676754922
pancreas_baron,42,0.01,unrescued_rare,prototype_margin,21,-1.0123953915997088,-1.4719149219107193,-0.8008727728308163
pancreas_baron,42,0.01,true_rescued_rare,prototype_margin,54,0.2959344867747622,-0.12419300440326819,0.9364399396873326
pancreas_baron,42,0.01,baseline_correct_rare,prototype_margin,11,0.7347698847027617,0.29805277331781044,1.1194997660328334
pancreas_baron,42,0.05,non_target,prototype_margin,1638,-3.1206167795669457,-4.089112631758156,-2.446686676754922
pancreas_baron,42,0.05,unrescued_rare,prototype_margin,21,-1.0123953915997088,-1.4719149219107193,-0.8008727728308163
pancreas_baron,42,0.05,true_rescued_rare,prototype_margin,54,0.2959344867747622,-0.12419300440326819,0.9364399396873326
pancreas_baron,42,0.05,baseline_correct_rare,prototype_margin,11,0.7347698847027617,0.29805277331781044,1.1194997660328334
pancreas_baron,42,0.10,non_target,prototype_margin,1638,-2.8811211865842257,-3.7503331151614607,-2.2013297783584984
pancreas_baron,42,0.10,unrescued_rare,prototype_margin,24,-0.7342331122233108,-1.2128529119589406,-0.5324175531201334
pancreas_baron,42,0.10,baseline_correct_rare,prototype_margin,57,0.6290887385410713,0.07310487813813094,1.0506019417951498
pancreas_baron,42,0.10,true_rescued_rare,prototype_margin,5,0.24972731440322526,0.17436931412155232,0.5249885228708786
pancreas_baron,42,all,non_target,prototype_margin,1638,-1.8017771285535207,-3.017724025156502,-1.1598544962969095
pancreas_baron,42,all,baseline_correct_rare,prototype_margin,80,1.1904598129113528,0.6655310773684009,1.7543361737356924
pancreas_baron,42,all,unrescued_rare,prototype_margin,6,-0.41740274012181633,-0.6544362424210863,0.3749929032354614
pancreas_baron,43,0.01,non_target,prototype_margin,1638,-2.0027843478881167,-2.9347662595990487,-1.3589714549653844
pancreas_baron,43,0.01,unrescued_rare,prototype_margin,74,0.15788002168616355,-0.2928457590358694,0.5586324086236516
pancreas_baron,43,0.01,baseline_correct_rare,prototype_margin,12,1.1331072453737365,0.93757316242208,1.338928288941928
pancreas_baron,43,0.05,non_target,prototype_margin,1638,-2.0027843478881167,-2.9347662595990487,-1.3589714549653844
pancreas_baron,43,0.05,unrescued_rare,prototype_margin,74,0.15788002168616355,-0.2928457590358694,0.5586324086236516
pancreas_baron,43,0.05,baseline_correct_rare,prototype_margin,12,1.1331072453737365,0.93757316242208,1.338928288941928
pancreas_baron,43,0.10,non_target,prototype_margin,1638,-1.5720951493527422,-2.6711055719492998,-0.9999536774936124
pancreas_baron,43,0.10,baseline_correct_rare,prototype_margin,57,0.727221202407736,0.31363358522498075,1.1750100906482404
pancreas_baron,43,0.10,unrescued_rare,prototype_margin,18,-0.2646454661848514,-0.5513239734183497,0.006689531395310033
pancreas_baron,43,0.10,true_rescued_rare,prototype_margin,11,0.7350957021095703,0.6809625931152661,0.9998964899201261
pancreas_baron,43,all,non_target,prototype_margin,1638,-1.791729576148816,-2.8715100808347653,-1.1577001437162906
pancreas_baron,43,all,baseline_correct_rare,prototype_margin,77,0.9955843575360355,0.5152833243190118,1.4231381476083476
pancreas_baron,43,all,unrescued_rare,prototype_margin,9,-0.28400788225391027,-0.45715632771248016,0.048164828799757586
pancreas_baron,44,0.01,non_target,prototype_margin,1638,-1.833471540969549,-3.3363148770680264,-1.0588087177956478
pancreas_baron,44,0.01,unrescued_rare,prototype_margin,42,0.5121566565383011,0.29372178340051813,1.003678988425984
pancreas_baron,44,0.01,baseline_correct_rare,prototype_margin,44,1.7084504929663056,1.242789542645249,1.9793903650909497
pancreas_baron,44,0.05,non_target,prototype_margin,1638,-1.833471540969549,-3.3363148770680264,-1.0588087177956478
pancreas_baron,44,0.05,unrescued_rare,prototype_margin,42,0.5121566565383011,0.29372178340051813,1.003678988425984
pancreas_baron,44,0.05,baseline_correct_rare,prototype_margin,44,1.7084504929663056,1.242789542645249,1.9793903650909497
pancreas_baron,44,0.10,non_target,prototype_margin,1638,-1.9808407861686188,-3.3274302046091973,-1.2277414075431259
pancreas_baron,44,0.10,baseline_correct_rare,prototype_margin,71,1.1294006782823667,0.6670800053955575,1.6344846273560487
pancreas_baron,44,0.10,unrescued_rare,prototype_margin,15,-0.13017826504615915,-0.3302093099329111,0.26619032886077143
pancreas_baron,44,all,non_target,prototype_margin,1638,-1.5469249983493298,-2.856050339510467,-0.7814850892400729
pancreas_baron,44,all,baseline_correct_rare,prototype_margin,74,1.1465452386584607,0.7229115928776958,1.4787374867459258
pancreas_baron,44,all,unrescued_rare,prototype_margin,12,0.2714612553935345,0.14498366141340924,0.4700117035515232
pancreas_integrated,42,0.01,non_target,prototype_margin,1701,-3.8129507019108484,-4.320422979203963,-3.1487277968640326
pancreas_integrated,42,0.01,baseline_correct_rare,prototype_margin,23,3.3070600371264907,2.9113892414487905,3.4326228569754704
pancreas_integrated,42,0.05,non_target,prototype_margin,1701,-3.6278918419883954,-4.100939806430745,-3.0138554525659256
pancreas_integrated,42,0.05,baseline_correct_rare,prototype_margin,23,3.507929387638735,3.330341059349272,3.710306927302419
pancreas_integrated,42,0.10,non_target,prototype_margin,1701,-3.8429039944852676,-4.342462764467054,-3.227998880069139
pancreas_integrated,42,0.10,baseline_correct_rare,prototype_margin,23,3.5186251642741033,3.234997769535794,3.778684536658684
pancreas_integrated,42,all,non_target,prototype_margin,1701,-3.852904060069086,-4.355262918752793,-3.2389443728961753
pancreas_integrated,42,all,baseline_correct_rare,prototype_margin,23,3.8074206612657107,3.6655038121250856,4.027052877945922
pancreas_integrated,43,0.01,non_target,prototype_margin,1701,-4.057038339155747,-4.52189894487249,-3.486169706267008
pancreas_integrated,43,0.01,baseline_correct_rare,prototype_margin,23,3.4407980920179093,3.193885060396573,4.012574840734979
pancreas_integrated,43,0.05,non_target,prototype_margin,1701,-3.9275276384161852,-4.394708143020013,-3.3608242540708426
pancreas_integrated,43,0.05,baseline_correct_rare,prototype_margin,23,3.518708485701227,3.2281766379781347,3.8229897271477
pancreas_integrated,43,0.10,non_target,prototype_margin,1701,-4.093322806686836,-4.5695645138280865,-3.4721443273618036
pancreas_integrated,43,0.10,baseline_correct_rare,prototype_margin,23,3.274331608231864,2.8785703677844685,3.5655443981776176
pancreas_integrated,43,all,non_target,prototype_margin,1701,-3.6749711746706533,-4.181279644998319,-3.108319891597981
pancreas_integrated,43,all,baseline_correct_rare,prototype_margin,23,3.8362125432064285,3.586591952137714,4.111587859918287
pancreas_integrated,44,0.01,non_target,prototype_margin,1701,-3.781715163753126,-4.334796037528242,-3.1715071800585974
pancreas_integrated,44,0.01,true_rescued_rare,prototype_margin,23,2.5450509137992183,2.152766708702349,2.9365948843978282
pancreas_integrated,44,0.05,non_target,prototype_margin,1701,-3.817369972339884,-4.326871563570467,-3.2464076362125827
pancreas_integrated,44,0.05,baseline_correct_rare,prototype_margin,23,2.9826547049746717,2.6339281758198463,3.3417885918601025
pancreas_integrated,44,0.10,non_target,prototype_margin,1701,-4.332329006078134,-4.784897434381874,-3.7474557432092777
pancreas_integrated,44,0.10,baseline_correct_rare,prototype_margin,23,2.964640689999481,2.642329658705206,3.6323835375981286
pancreas_integrated,44,all,non_target,prototype_margin,1701,-3.936511536444427,-4.39293940227744,-3.355091002158633
pancreas_integrated,44,all,baseline_correct_rare,prototype_margin,23,3.041545334987494,2.576853594491161,3.5617735373119865
tabula_lung_endo,42,0.01,non_target,prototype_margin,1716,-3.4229883264445005,-4.230836683395931,-2.64457217364372
tabula_lung_endo,42,0.01,true_rescued_rare,prototype_margin,65,1.9471411451004021,1.6089316878978952,2.571998147478179
tabula_lung_endo,42,0.05,non_target,prototype_margin,1716,-3.9443483465326037,-4.72752021037547,-3.150740881279554
tabula_lung_endo,42,0.05,true_rescued_rare,prototype_margin,32,2.2397661916300717,1.6203446472778111,2.750844270569736
tabula_lung_endo,42,0.05,baseline_correct_rare,prototype_margin,33,3.2734001853328447,2.8462984888536065,3.8879909853767454
tabula_lung_endo,42,0.10,non_target,prototype_margin,1716,-3.8722686086640024,-4.581184381342827,-3.11488253306097
tabula_lung_endo,42,0.10,baseline_correct_rare,prototype_margin,64,3.195998124896547,2.4129998743352727,3.8159151394909823
tabula_lung_endo,42,0.10,unrescued_rare,prototype_margin,1,0.836590538689741,0.836590538689741,0.836590538689741
tabula_lung_endo,42,all,non_target,prototype_margin,1716,-3.6126982461727972,-4.408654485115796,-2.872237259898756
tabula_lung_endo,42,all,baseline_correct_rare,prototype_margin,65,3.475555394562696,2.95434235826937,4.23522621314441
tabula_lung_endo,43,0.01,non_target,prototype_margin,1716,-4.0309633068052495,-4.6191628856227585,-3.334954809639969
tabula_lung_endo,43,0.01,true_rescued_rare,prototype_margin,56,2.1392523013733844,1.3723952352121422,2.8553968223902637
tabula_lung_endo,43,0.01,baseline_correct_rare,prototype_margin,7,3.697624013591883,3.302026922886035,4.1100430839931
tabula_lung_endo,43,0.01,unrescued_rare,prototype_margin,2,-0.23030435672004135,-0.26817246027795383,-0.19243625316212887
tabula_lung_endo,43,0.05,non_target,prototype_margin,1716,-3.1874263430327616,-3.769689235040148,-2.5527439243158403
tabula_lung_endo,43,0.05,baseline_correct_rare,prototype_margin,60,3.212052137451723,2.374886305879056,3.7201660096900264
tabula_lung_endo,43,0.05,true_rescued_rare,prototype_margin,5,2.2717169893527913,1.1277172827890958,2.4264618727722453
tabula_lung_endo,43,0.10,non_target,prototype_margin,1716,-3.744792927240545,-4.3480532446801154,-3.0464626982593206
tabula_lung_endo,43,0.10,baseline_correct_rare,prototype_margin,63,3.042146725404076,2.3904352134682725,3.582914749230903
tabula_lung_endo,43,0.10,unrescued_rare,prototype_margin,2,0.35447304467888685,0.18883025899453187,0.5201158303632418
tabula_lung_endo,43,all,non_target,prototype_margin,1716,-3.270925127095148,-3.885533414002702,-2.62632877643163
tabula_lung_endo,43,all,baseline_correct_rare,prototype_margin,65,3.0863148034353003,2.4212824777849757,3.4948272950497845
tabula_lung_endo,44,0.01,non_target,prototype_margin,1716,-3.57490473643886,-4.24538629384696,-2.8106293731329264
tabula_lung_endo,44,0.01,true_rescued_rare,prototype_margin,23,1.9527424416322052,1.2491519857444255,2.7873379370605464
tabula_lung_endo,44,0.01,baseline_correct_rare,prototype_margin,40,2.762633813295119,2.113613691021245,3.3761573769266553
tabula_lung_endo,44,0.01,unrescued_rare,prototype_margin,2,-0.4453164267331893,-0.46512840089457974,-0.4255044525717988
tabula_lung_endo,44,0.05,non_target,prototype_margin,1716,-3.479410589847722,-4.190918494857634,-2.6977822548282724
tabula_lung_endo,44,0.05,baseline_correct_rare,prototype_margin,59,2.7932052663050575,2.2164686312290187,3.7518640895860846
tabula_lung_endo,44,0.05,true_rescued_rare,prototype_margin,6,0.5792075702857522,0.18464883417232913,0.9264717027956029
tabula_lung_endo,44,0.10,non_target,prototype_margin,1716,-3.448882789355869,-4.148326882645983,-2.6411870414079073
tabula_lung_endo,44,0.10,baseline_correct_rare,prototype_margin,63,3.3940318420424846,2.5957987940815257,4.114677989493696
tabula_lung_endo,44,0.10,unrescued_rare,prototype_margin,2,0.08806314046178265,0.059511587763965146,0.11661469315960016
tabula_lung_endo,44,all,non_target,prototype_margin,1716,-3.4787793408441257,-4.226735095919889,-2.6443841331303166
tabula_lung_endo,44,all,baseline_correct_rare,prototype_margin,63,3.1659498156478643,2.4953089054815694,4.094733004759768
tabula_lung_endo,44,all,unrescued_rare,prototype_margin,2,0.24790904280722525,0.24510365910485676,0.25071442650959375
tabula_sapiens_stomach,42,0.01,non_target,prototype_margin,9543,-4.286609360749395,-4.798596684520737,-3.7571411516005684
tabula_sapiens_stomach,42,0.01,baseline_correct_rare,prototype_margin,12,1.8125167790383703,1.301486798512825,2.209293127563958
tabula_sapiens_stomach,42,0.01,unrescued_rare,prototype_margin,13,-1.5616028227747885,-2.6448045175061683,-1.0796847337170137
tabula_sapiens_stomach,42,0.01,true_rescued_rare,prototype_margin,7,-0.4660446252025414,-0.6254144973228191,0.40418660982033483
tabula_sapiens_stomach,42,0.05,non_target,prototype_margin,9543,-4.286609360749395,-4.798596684520737,-3.7571411516005684
tabula_sapiens_stomach,42,0.05,baseline_correct_rare,prototype_margin,12,1.8125167790383703,1.301486798512825,2.209293127563958
tabula_sapiens_stomach,42,0.05,unrescued_rare,prototype_margin,13,-1.5616028227747885,-2.6448045175061683,-1.0796847337170137
tabula_sapiens_stomach,42,0.05,true_rescued_rare,prototype_margin,7,-0.4660446252025414,-0.6254144973228191,0.40418660982033483
tabula_sapiens_stomach,42,0.10,non_target,prototype_margin,9543,-4.286609360749395,-4.798596684520737,-3.7571411516005684
tabula_sapiens_stomach,42,0.10,baseline_correct_rare,prototype_margin,12,1.8125167790383703,1.301486798512825,2.209293127563958
tabula_sapiens_stomach,42,0.10,unrescued_rare,prototype_margin,13,-1.5616028227747885,-2.6448045175061683,-1.0796847337170137
tabula_sapiens_stomach,42,0.10,true_rescued_rare,prototype_margin,7,-0.4660446252025414,-0.6254144973228191,0.40418660982033483
tabula_sapiens_stomach,42,all,non_target,prototype_margin,9543,-4.142555183903886,-4.690102472983778,-3.540689256826357
tabula_sapiens_stomach,42,all,true_rescued_rare,prototype_margin,9,0.545029973667174,-0.12735866317837452,0.8625675852047676
tabula_sapiens_stomach,42,all,unrescued_rare,prototype_margin,15,-1.6772994612445853,-2.5101010103283152,-0.7536514208932292
tabula_sapiens_stomach,42,all,baseline_correct_rare,prototype_margin,8,1.9874919123589065,1.7945998928101938,2.675685813838655
tabula_sapiens_stomach,43,0.01,non_target,prototype_margin,9543,-5.17990424369991,-5.789786246616297,-4.681249296893948
tabula_sapiens_stomach,43,0.01,baseline_correct_rare,prototype_margin,17,-0.06750235495258128,-0.24024254209932572,1.0794688367689513
tabula_sapiens_stomach,43,0.01,unrescued_rare,prototype_margin,14,-2.612590524023429,-3.4675082089509788,-2.167955884960482
tabula_sapiens_stomach,43,0.01,true_rescued_rare,prototype_margin,1,-0.5871201021216743,-0.5871201021216743,-0.5871201021216743
tabula_sapiens_stomach,43,0.05,non_target,prototype_margin,9543,-5.17990424369991,-5.789786246616297,-4.681249296893948
tabula_sapiens_stomach,43,0.05,baseline_correct_rare,prototype_margin,17,-0.06750235495258128,-0.24024254209932572,1.0794688367689513
tabula_sapiens_stomach,43,0.05,unrescued_rare,prototype_margin,14,-2.612590524023429,-3.4675082089509788,-2.167955884960482
tabula_sapiens_stomach,43,0.05,true_rescued_rare,prototype_margin,1,-0.5871201021216743,-0.5871201021216743,-0.5871201021216743
tabula_sapiens_stomach,43,0.10,non_target,prototype_margin,9543,-5.17990424369991,-5.789786246616297,-4.681249296893948
tabula_sapiens_stomach,43,0.10,baseline_correct_rare,prototype_margin,17,-0.06750235495258128,-0.24024254209932572,1.0794688367689513
tabula_sapiens_stomach,43,0.10,unrescued_rare,prototype_margin,14,-2.612590524023429,-3.4675082089509788,-2.167955884960482
tabula_sapiens_stomach,43,0.10,true_rescued_rare,prototype_margin,1,-0.5871201021216743,-0.5871201021216743,-0.5871201021216743
tabula_sapiens_stomach,43,all,non_target,prototype_margin,9543,-4.340236456221967,-4.936293473449286,-3.8216898137560027
tabula_sapiens_stomach,43,all,baseline_correct_rare,prototype_margin,16,1.4447436558327982,0.8033513403585235,2.1989984490422616
tabula_sapiens_stomach,43,all,unrescued_rare,prototype_margin,14,-1.7201150911801593,-2.81357209689595,-1.287604353927817
tabula_sapiens_stomach,43,all,true_rescued_rare,prototype_margin,2,0.19733256842835312,0.1564808267649742,0.23818431009173202
tabula_sapiens_stomach,44,0.01,non_target,prototype_margin,9543,-4.345459735258714,-4.849696447269434,-3.83826272077033
tabula_sapiens_stomach,44,0.01,true_rescued_rare,prototype_margin,4,0.38051944128085236,0.31932632106437087,0.46442598911349875
tabula_sapiens_stomach,44,0.01,unrescued_rare,prototype_margin,14,-2.217225037135381,-2.902474641935452,-0.916160742702621
tabula_sapiens_stomach,44,0.01,baseline_correct_rare,prototype_margin,14,1.5623291023662698,0.5841203904296108,2.480932435516849
tabula_sapiens_stomach,44,0.05,non_target,prototype_margin,9543,-4.345459735258714,-4.849696447269434,-3.83826272077033
tabula_sapiens_stomach,44,0.05,true_rescued_rare,prototype_margin,4,0.38051944128085236,0.31932632106437087,0.46442598911349875
tabula_sapiens_stomach,44,0.05,unrescued_rare,prototype_margin,14,-2.217225037135381,-2.902474641935452,-0.916160742702621
tabula_sapiens_stomach,44,0.05,baseline_correct_rare,prototype_margin,14,1.5623291023662698,0.5841203904296108,2.480932435516849
tabula_sapiens_stomach,44,0.10,non_target,prototype_margin,9543,-4.345459735258714,-4.849696447269434,-3.83826272077033
tabula_sapiens_stomach,44,0.10,true_rescued_rare,prototype_margin,4,0.38051944128085236,0.31932632106437087,0.46442598911349875
tabula_sapiens_stomach,44,0.10,unrescued_rare,prototype_margin,14,-2.217225037135381,-2.902474641935452,-0.916160742702621
tabula_sapiens_stomach,44,0.10,baseline_correct_rare,prototype_margin,14,1.5623291023662698,0.5841203904296108,2.480932435516849
tabula_sapiens_stomach,44,all,non_target,prototype_margin,9543,-4.19694913607893,-4.662640737913641,-3.711736601649444
tabula_sapiens_stomach,44,all,true_rescued_rare,prototype_margin,5,0.7080937046125042,0.33006697381236805,0.9257549038359931
tabula_sapiens_stomach,44,all,unrescued_rare,prototype_margin,13,-2.5211564223055767,-3.2168370303852045,-0.996742354281178
tabula_sapiens_stomach,44,all,baseline_correct_rare,prototype_margin,14,1.6926318283832562,0.69445400831597,2.8138837675014794
tabula_small_intestine,42,0.01,non_target,prototype_margin,6288,-5.542141480026139,-6.0357182398549325,-5.03429412666946
tabula_small_intestine,42,0.01,baseline_correct_rare,prototype_margin,65,4.435925358866516,3.7631069539422586,4.884993807156956
tabula_small_intestine,42,0.05,non_target,prototype_margin,6288,-5.165752433017781,-5.616517809586739,-4.688715734151168
tabula_small_intestine,42,0.05,baseline_correct_rare,prototype_margin,65,4.123959707480674,3.574552613815323,4.569372900140654
tabula_small_intestine,42,0.10,non_target,prototype_margin,6288,-5.064705679614232,-5.5281823233505465,-4.554523234976675
tabula_small_intestine,42,0.10,baseline_correct_rare,prototype_margin,65,4.131305191232931,3.4627964307541808,4.527381391502692
tabula_small_intestine,42,all,non_target,prototype_margin,6288,-4.947019263114861,-5.392647899287956,-4.451939925749447
tabula_small_intestine,42,all,baseline_correct_rare,prototype_margin,65,4.2258131563073515,3.5155933587184496,4.633619911622171
tabula_small_intestine,43,0.01,non_target,prototype_margin,6288,-5.4870123874896315,-5.9101638190853,-4.987785759422756
tabula_small_intestine,43,0.01,baseline_correct_rare,prototype_margin,65,4.487362033371547,4.022732312386227,4.921445683621858
tabula_small_intestine,43,0.05,non_target,prototype_margin,6288,-5.205917636434383,-5.62945242127309,-4.690528542369694
tabula_small_intestine,43,0.05,baseline_correct_rare,prototype_margin,65,4.352189956537595,3.7678240978730635,4.856510216554047
tabula_small_intestine,43,0.10,non_target,prototype_margin,6288,-5.624906193985522,-6.0323478710319725,-5.1296458642953455
tabula_small_intestine,43,0.10,baseline_correct_rare,prototype_margin,65,4.593230224839708,3.804866931087786,5.08572367406458
tabula_small_intestine,43,all,non_target,prototype_margin,6288,-5.324103301614607,-5.737843976562104,-4.851978727214789
tabula_small_intestine,43,all,baseline_correct_rare,prototype_margin,65,4.441501881879633,3.9655340935558905,4.747078377851825
tabula_small_intestine,44,0.01,non_target,prototype_margin,6288,-5.270621504866991,-5.678856735321035,-4.797317927038538
tabula_small_intestine,44,0.01,baseline_correct_rare,prototype_margin,65,3.693540550649445,3.3094079660654145,4.123089840866318
tabula_small_intestine,44,0.05,non_target,prototype_margin,6288,-5.059199468838004,-5.460919334593598,-4.583955623524484
tabula_small_intestine,44,0.05,baseline_correct_rare,prototype_margin,65,4.09016638912767,3.665636204294295,4.548569915988049
tabula_small_intestine,44,0.10,non_target,prototype_margin,6288,-5.315169679829701,-5.713302856539585,-4.849047344721502
tabula_small_intestine,44,0.10,baseline_correct_rare,prototype_margin,65,4.238631585440901,3.5850777974420382,4.614730653203914
tabula_small_intestine,44,all,non_target,prototype_margin,6288,-4.932561595695172,-5.325225765152524,-4.502049703135485
tabula_small_intestine,44,all,baseline_correct_rare,prototype_margin,65,4.005327996431664,3.562511213249766,4.495553574251926
mouse_lung_tms_10x,42,0.01,non_target,prototype_margin,1316,-4.953041234304436,-5.745537427583244,-2.6770906746789427
mouse_lung_tms_10x,42,0.01,unrescued_rare,prototype_margin,44,-0.859115725626973,-1.1631685119884088,-0.5826778703774049
mouse_lung_tms_10x,42,0.01,true_rescued_rare,prototype_margin,7,0.16152960646823367,0.14771957533363111,0.3794449930044186
mouse_lung_tms_10x,42,0.05,non_target,prototype_margin,1316,-4.601995864704879,-5.450419766424343,-2.7819277618107936
mouse_lung_tms_10x,42,0.05,unrescued_rare,prototype_margin,51,-0.12331950735823405,-0.5544602359164443,0.18105654578122632
mouse_lung_tms_10x,42,0.10,non_target,prototype_margin,1316,-4.706547004936581,-5.521454631860895,-2.8068241302089434
mouse_lung_tms_10x,42,0.10,unrescued_rare,prototype_margin,22,-0.4757004581820361,-0.6987251360719403,-0.2715686488487683
mouse_lung_tms_10x,42,0.10,baseline_correct_rare,prototype_margin,14,0.6758847155129717,0.47227007337184057,0.9538432034488453
mouse_lung_tms_10x,42,0.10,true_rescued_rare,prototype_margin,15,0.27455064056316303,0.1908881065455963,0.4468241538630111
mouse_lung_tms_10x,42,all,non_target,prototype_margin,1316,-4.50275782811824,-5.298009562408991,-2.6651817642097457
mouse_lung_tms_10x,42,all,baseline_correct_rare,prototype_margin,34,1.0764489374527626,0.8537321289215524,1.4050694165895592
mouse_lung_tms_10x,42,all,unrescued_rare,prototype_margin,17,0.27438506883225955,-0.2799320791156137,0.560080748753494
mouse_lung_tms_10x,43,0.01,non_target,prototype_margin,1316,-4.47173995929446,-5.386677067990845,-2.108083853974179
mouse_lung_tms_10x,43,0.01,unrescued_rare,prototype_margin,51,-0.06709731176212674,-0.48642557544882137,0.35939689127696206
mouse_lung_tms_10x,43,0.05,non_target,prototype_margin,1316,-4.434386138742962,-5.180228923143168,-2.2886037009583715
mouse_lung_tms_10x,43,0.05,unrescued_rare,prototype_margin,51,-0.014130139377216633,-0.339814670097246,0.2954605394003291
mouse_lung_tms_10x,43,0.10,non_target,prototype_margin,1316,-4.597118929689277,-5.3715637301566215,-2.300841543523063
mouse_lung_tms_10x,43,0.10,unrescued_rare,prototype_margin,51,0.1778208579332734,-0.27615464895282327,0.5086038771159458
mouse_lung_tms_10x,43,all,non_target,prototype_margin,1316,-4.391776319453537,-5.173124594169072,-2.4936937104974413
mouse_lung_tms_10x,43,all,baseline_correct_rare,prototype_margin,37,0.9857931994718201,0.6596448569969202,1.187645024272853
mouse_lung_tms_10x,43,all,unrescued_rare,prototype_margin,14,-0.35372443021509214,-0.6081950089142912,-0.07558060872372385
mouse_lung_tms_10x,44,0.01,non_target,prototype_margin,1316,-4.4196687663732055,-5.133818025317021,-2.6181794694225418
mouse_lung_tms_10x,44,0.01,unrescued_rare,prototype_margin,40,-0.7667623456164745,-1.1022900339056527,-0.3813124199063712
mouse_lung_tms_10x,44,0.01,true_rescued_rare,prototype_margin,11,0.5129075029408412,0.18891261051286,0.7425152026771578
mouse_lung_tms_10x,44,0.05,non_target,prototype_margin,1316,-4.23625746742094,-5.027028867213674,-2.404288727037984
mouse_lung_tms_10x,44,0.05,unrescued_rare,prototype_margin,34,-0.3627185828604349,-0.8302217016408497,-0.08693253128671341
mouse_lung_tms_10x,44,0.05,true_rescued_rare,prototype_margin,16,0.564964330869494,0.36397910694164426,0.6987485223313388
mouse_lung_tms_10x,44,0.05,baseline_correct_rare,prototype_margin,1,1.2616846411138152,1.2616846411138152,1.2616846411138152
mouse_lung_tms_10x,44,0.10,non_target,prototype_margin,1316,-4.189277329724105,-4.959256150200586,-2.455206433824392
mouse_lung_tms_10x,44,0.10,unrescued_rare,prototype_margin,33,-0.17636383581520576,-0.6285244626331541,0.2678099454798102
mouse_lung_tms_10x,44,0.10,baseline_correct_rare,prototype_margin,18,0.933029918624305,0.6983928321110731,1.2874475669057484
mouse_lung_tms_10x,44,all,non_target,prototype_margin,1316,-4.293037091609308,-5.052963264035596,-2.6660016403899727
mouse_lung_tms_10x,44,all,baseline_correct_rare,prototype_margin,42,1.0667456240950781,0.6280420972873055,1.7376192389055969
mouse_lung_tms_10x,44,all,unrescued_rare,prototype_margin,8,-0.5886748075323038,-0.7419913162548067,-0.36378550686025357
mouse_lung_tms_10x,44,all,true_rescued_rare,prototype_margin,1,0.34124700889390613,0.34124700889390613,0.34124700889390613
mouse_pancreas_tms_10x,42,0.01,non_target,prototype_margin,864,-3.4567853412627283,-4.053624538217843,-2.6882509229319846
mouse_pancreas_tms_10x,42,0.01,unrescued_rare,prototype_margin,67,0.1772142860922865,-0.8178041774872278,0.9583371869944155
mouse_pancreas_tms_10x,42,0.01,baseline_correct_rare,prototype_margin,4,1.5524519613719399,1.352589336286773,1.851122639945507
mouse_pancreas_tms_10x,42,0.05,non_target,prototype_margin,864,-2.354860657435587,-2.798330535797847,-1.796125627532967
mouse_pancreas_tms_10x,42,0.05,baseline_correct_rare,prototype_margin,59,1.6908491697419805,1.168139213021265,2.1777788591718807
mouse_pancreas_tms_10x,42,0.05,unrescued_rare,prototype_margin,12,-0.07260338075678008,-0.2901212957870122,-0.034724855730137505
mouse_pancreas_tms_10x,42,0.10,non_target,prototype_margin,864,-2.702665532597072,-3.113343049049335,-2.119861063738079
mouse_pancreas_tms_10x,42,0.10,baseline_correct_rare,prototype_margin,61,1.4631637473693724,0.9131046563528709,1.9726267540553217
mouse_pancreas_tms_10x,42,0.10,unrescued_rare,prototype_margin,10,-0.6448921458680297,-0.9071834766257482,-0.2720880884656127
mouse_pancreas_tms_10x,42,all,non_target,prototype_margin,864,-2.278477312895887,-2.718207653849456,-1.8294806608464351
mouse_pancreas_tms_10x,42,all,baseline_correct_rare,prototype_margin,67,1.7832808078084819,1.356871075945791,2.4404216204545417
mouse_pancreas_tms_10x,42,all,unrescued_rare,prototype_margin,4,-0.21746251886878243,-0.3212139981630072,-0.10172141496210751
mouse_pancreas_tms_10x,43,0.01,non_target,prototype_margin,864,-2.9265053706433237,-3.3381316187463383,-2.281451364573242
mouse_pancreas_tms_10x,43,0.01,unrescued_rare,prototype_margin,44,0.4238491909019131,0.050526405350191816,0.8345104085751347
mouse_pancreas_tms_10x,43,0.01,baseline_correct_rare,prototype_margin,27,1.7732637730842136,1.3600614629909988,2.024891299446095
mouse_pancreas_tms_10x,43,0.05,non_target,prototype_margin,864,-2.3758196296309206,-2.8011994357815224,-1.8041247110484786
mouse_pancreas_tms_10x,43,0.05,unrescued_rare,prototype_margin,20,0.6386705135651751,-0.3643093325982457,0.8681119613843364
mouse_pancreas_tms_10x,43,0.05,baseline_correct_rare,prototype_margin,51,1.7951878089243254,1.324483803175846,2.277347059037592
mouse_pancreas_tms_10x,43,0.10,non_target,prototype_margin,864,-2.585927607996031,-3.0077749422564146,-1.9627727460071747
mouse_pancreas_tms_10x,43,0.10,baseline_correct_rare,prototype_margin,61,1.7230459897198105,1.288844757398686,2.4332593293672753
mouse_pancreas_tms_10x,43,0.10,unrescued_rare,prototype_margin,10,-0.021481490218778987,-0.7595549816574895,0.5489172000100276
mouse_pancreas_tms_10x,43,all,non_target,prototype_margin,864,-2.3882328880493677,-2.841964192525073,-1.8577310434898338
mouse_pancreas_tms_10x,43,all,baseline_correct_rare,prototype_margin,67,1.9295220105496314,1.3810829115726748,2.5072776670826595
mouse_pancreas_tms_10x,43,all,unrescued_rare,prototype_margin,4,-0.1574608052028501,-0.5848107742489707,0.32553792291105443
mouse_pancreas_tms_10x,44,0.01,non_target,prototype_margin,864,-2.218018168982784,-2.685916667208046,-1.8004990881546679
mouse_pancreas_tms_10x,44,0.01,unrescued_rare,prototype_margin,32,0.5485764713756607,0.11540757937181922,0.8185401986787193
mouse_pancreas_tms_10x,44,0.01,baseline_correct_rare,prototype_margin,39,1.5629334307258835,1.1183874654062271,1.8004257099786043
mouse_pancreas_tms_10x,44,0.05,non_target,prototype_margin,864,-2.16822095004327,-2.6560872699359477,-1.7868001929924695
mouse_pancreas_tms_10x,44,0.05,unrescued_rare,prototype_margin,12,0.25040084658284045,0.044421964157050464,0.5634340538675242
mouse_pancreas_tms_10x,44,0.05,baseline_correct_rare,prototype_margin,59,1.9636186972210798,1.4815161657401008,2.4555820665986876
mouse_pancreas_tms_10x,44,0.10,non_target,prototype_margin,864,-2.6686109159678875,-3.164187215765829,-2.178253493192047
mouse_pancreas_tms_10x,44,0.10,baseline_correct_rare,prototype_margin,61,1.3699765543088125,0.9265958875028217,2.067587460871898
mouse_pancreas_tms_10x,44,0.10,unrescued_rare,prototype_margin,10,-0.5695731690213452,-0.900165794147735,-0.07040286104744775
mouse_pancreas_tms_10x,44,all,non_target,prototype_margin,864,-2.1552659890217933,-2.6675014394598477,-1.7534651048155148
mouse_pancreas_tms_10x,44,all,baseline_correct_rare,prototype_margin,67,2.0467601353745923,1.4400642905972167,2.3535010603728557
mouse_pancreas_tms_10x,44,all,unrescued_rare,prototype_margin,4,0.1552673518202996,-0.3383481594999034,0.3367833938177558
immune_dc,42,0.01,non_target,scANVI_rare_probability,6004,9.2152833e-10,3.395928075e-11,4.434555025e-08
immune_dc,42,0.01,true_rescued_rare,scANVI_rare_probability,107,1.1591596e-05,1.03257885e-06,0.00015495793000000002
immune_dc,42,0.01,unrescued_rare,scANVI_rare_probability,23,1.0475214e-07,1.0173374e-08,1.65552045e-06
immune_dc,42,0.05,non_target,scANVI_rare_probability,6004,6.0162382000000006e-09,4.9432018000000006e-11,7.2553995e-07
immune_dc,42,0.05,baseline_correct_rare,scANVI_rare_probability,94,0.99911773,0.9751899775,0.99987215
immune_dc,42,0.05,unrescued_rare,scANVI_rare_probability,13,1.9441046e-05,8.736041e-06,0.0008349345
immune_dc,42,0.05,true_rescued_rare,scANVI_rare_probability,23,0.07931366,0.0400114685,0.290919165
immune_dc,42,0.10,non_target,scANVI_rare_probability,6004,1.7210653499999999e-09,1.509082575e-11,1.301761775e-07
immune_dc,42,0.10,baseline_correct_rare,scANVI_rare_probability,103,0.99998605,0.99920383,0.999997795
immune_dc,42,0.10,unrescued_rare,scANVI_rare_probability,15,9.083181e-06,4.10849725e-06,0.000758524335
immune_dc,42,0.10,true_rescued_rare,scANVI_rare_probability,12,0.037752657999999994,0.015700826825,0.16611958
immune_dc,42,all,non_target,scANVI_rare_probability,6004,3.8895237e-10,4.05346885e-12,2.515259825e-08
immune_dc,42,all,baseline_correct_rare,scANVI_rare_probability,117,0.9999993,0.999936,0.9999999
immune_dc,42,all,unrescued_rare,scANVI_rare_probability,9,0.00027044275,1.8173352e-05,0.0013891383
immune_dc,42,all,true_rescued_rare,scANVI_rare_probability,4,0.051834023,0.044300718999999995,0.066353211
immune_dc,43,0.01,non_target,scANVI_rare_probability,6004,3.5567159999999997e-10,6.0937303e-12,4.3676812750000004e-08
immune_dc,43,0.01,true_rescued_rare,scANVI_rare_probability,114,3.7910592000000002e-06,9.636955125e-08,0.00012833789
immune_dc,43,0.01,unrescued_rare,scANVI_rare_probability,16,3.458184e-09,7.948416375e-10,3.3055106e-08
immune_dc,43,0.05,non_target,scANVI_rare_probability,6004,1.1986279e-08,5.90891915e-10,3.4628956499999997e-07
immune_dc,43,0.05,baseline_correct_rare,scANVI_rare_probability,105,0.9999758,0.9993179,0.99999714
immune_dc,43,0.05,unrescued_rare,scANVI_rare_probability,13,0.0005439515,0.00025609235,0.0105059035
immune_dc,43,0.05,true_rescued_rare,scANVI_rare_probability,12,0.094374245,0.0143961035,0.3247425925
immune_dc,43,0.10,non_target,scANVI_rare_probability,6004,6.4161640499999995e-09,2.547495125e-10,1.81028655e-07
immune_dc,43,0.10,baseline_correct_rare,scANVI_rare_probability,113,0.9999981,0.9999213,0.9999999
immune_dc,43,0.10,unrescued_rare,scANVI_rare_probability,9,0.0072192643,3.434209e-05,0.023107119
immune_dc,43,0.10,true_rescued_rare,scANVI_rare_probability,8,0.16306706999999998,0.0463210685,0.21623598
immune_dc,43,all,non_target,scANVI_rare_probability,6004,9.16105175e-10,2.3657942750000002e-11,3.50278555e-08
immune_dc,43,all,baseline_correct_rare,scANVI_rare_probability,119,0.9999999,0.9999840799999999,1.0
immune_dc,43,all,unrescued_rare,scANVI_rare_probability,9,0.026893016,0.0008425352,0.049258403
immune_dc,43,all,true_rescued_rare,scANVI_rare_probability,2,0.29567802,0.20500974500000002,0.386346295
immune_dc,44,0.01,non_target,scANVI_rare_probability,6004,3.15363315e-09,7.110318850000001e-11,2.0600843249999998e-07
immune_dc,44,0.01,true_rescued_rare,scANVI_rare_probability,117,1.9631396e-05,2.387227e-07,0.0004770012
immune_dc,44,0.01,unrescued_rare,scANVI_rare_probability,13,4.4042378e-07,1.57861e-08,1.7306697e-06
immune_dc,44,0.05,non_target,scANVI_rare_probability,6004,1.3784924e-08,4.901924625e-10,5.4510745e-07
immune_dc,44,0.05,baseline_correct_rare,scANVI_rare_probability,103,0.9999702,0.9995619,0.999995535
immune_dc,44,0.05,unrescued_rare,scANVI_rare_probability,10,2.4606924000000002e-05,8.466752375e-06,0.00017227426
immune_dc,44,0.05,true_rescued_rare,scANVI_rare_probability,17,0.0644049,0.0040075933,0.15081003
immune_dc,44,0.10,non_target,scANVI_rare_probability,6004,7.908582499999999e-09,2.7966773499999997e-10,2.856528225e-07
immune_dc,44,0.10,baseline_correct_rare,scANVI_rare_probability,111,0.9999968,0.99930242,0.9999994
immune_dc,44,0.10,unrescued_rare,scANVI_rare_probability,9,3.4559853e-05,1.2058788e-05,0.00025581243
immune_dc,44,0.10,true_rescued_rare,scANVI_rare_probability,10,0.224655295,0.018075611999999998,0.35934241
immune_dc,44,all,non_target,scANVI_rare_probability,6004,5.86876285e-09,1.43664615e-10,2.82477625e-07
immune_dc,44,all,baseline_correct_rare,scANVI_rare_probability,120,0.9999999,0.9999721625,1.0
immune_dc,44,all,unrescued_rare,scANVI_rare_probability,8,0.0007395109649999999,0.000145758049,0.009282256499999999
immune_dc,44,all,true_rescued_rare,scANVI_rare_probability,2,0.213414275,0.1967466675,0.2300818825
pancreas_baron,42,0.01,non_target,scANVI_rare_probability,1638,7.25352385e-07,8.971952e-08,6.363331825e-06
pancreas_baron,42,0.01,unrescued_rare,scANVI_rare_probability,21,0.0017911145,0.00020959009,0.008703328
pancreas_baron,42,0.01,true_rescued_rare,scANVI_rare_probability,54,0.0444507465,0.01157098975,0.110181815
pancreas_baron,42,0.01,baseline_correct_rare,scANVI_rare_probability,11,0.5948468,0.53665908,0.75891087
pancreas_baron,42,0.05,non_target,scANVI_rare_probability,1638,7.25352385e-07,8.971952e-08,6.363331825e-06
pancreas_baron,42,0.05,unrescued_rare,scANVI_rare_probability,21,0.0017911145,0.00020959009,0.008703328
pancreas_baron,42,0.05,true_rescued_rare,scANVI_rare_probability,54,0.0444507465,0.01157098975,0.110181815
pancreas_baron,42,0.05,baseline_correct_rare,scANVI_rare_probability,11,0.5948468,0.53665908,0.75891087
pancreas_baron,42,0.10,non_target,scANVI_rare_probability,1638,2.95659655e-06,3.239346825e-07,2.5319145e-05
pancreas_baron,42,0.10,unrescued_rare,scANVI_rare_probability,24,0.0900412825,0.02437445225,0.200083185
pancreas_baron,42,0.10,baseline_correct_rare,scANVI_rare_probability,57,0.9536301,0.82505596,0.98035264
pancreas_baron,42,0.10,true_rescued_rare,scANVI_rare_probability,5,0.24356169,0.12192004,0.27181116
pancreas_baron,42,all,non_target,scANVI_rare_probability,1638,2.4052868e-06,1.06704259e-07,3.607907175e-05
pancreas_baron,42,all,baseline_correct_rare,scANVI_rare_probability,80,0.99955685,0.99198966,0.999951725
pancreas_baron,42,all,unrescued_rare,scANVI_rare_probability,6,0.279811575,0.0608464335,0.3378519375
pancreas_baron,43,0.01,non_target,scANVI_rare_probability,1638,3.29825615e-06,2.6305448e-07,2.7427698250000002e-05
pancreas_baron,43,0.01,unrescued_rare,scANVI_rare_probability,74,0.032081388,0.005616698,0.125135965
pancreas_baron,43,0.01,baseline_correct_rare,scANVI_rare_probability,12,0.6427442800000001,0.5656824875,0.764667395
pancreas_baron,43,0.05,non_target,scANVI_rare_probability,1638,3.29825615e-06,2.6305448e-07,2.7427698250000002e-05
pancreas_baron,43,0.05,unrescued_rare,scANVI_rare_probability,74,0.032081388,0.005616698,0.125135965
pancreas_baron,43,0.05,baseline_correct_rare,scANVI_rare_probability,12,0.6427442800000001,0.5656824875,0.764667395
pancreas_baron,43,0.10,non_target,scANVI_rare_probability,1638,8.334859749999999e-06,5.3469061e-07,0.00010681411
pancreas_baron,43,0.10,baseline_correct_rare,scANVI_rare_probability,57,0.89921254,0.7700027,0.9683652
pancreas_baron,43,0.10,unrescued_rare,scANVI_rare_probability,18,0.053330237,0.011910766125000001,0.11682039875
pancreas_baron,43,0.10,true_rescued_rare,scANVI_rare_probability,11,0.2395828,0.102627425,0.341427135
pancreas_baron,43,all,non_target,scANVI_rare_probability,1638,9.7137795e-07,3.207514175e-08,1.968741e-05
pancreas_baron,43,all,baseline_correct_rare,scANVI_rare_probability,77,0.9954609,0.9573351,0.9992574
pancreas_baron,43,all,unrescued_rare,scANVI_rare_probability,9,0.03292791,0.0012035593,0.10509183
pancreas_baron,44,0.01,non_target,scANVI_rare_probability,1638,3.1191251000000003e-06,2.336359675e-07,3.518471125e-05
pancreas_baron,44,0.01,unrescued_rare,scANVI_rare_probability,42,0.100979075,0.014494499249999999,0.18486059500000002
pancreas_baron,44,0.01,baseline_correct_rare,scANVI_rare_probability,44,0.840032,0.6791099500000001,0.91951235
pancreas_baron,44,0.05,non_target,scANVI_rare_probability,1638,3.1191251000000003e-06,2.336359675e-07,3.518471125e-05
pancreas_baron,44,0.05,unrescued_rare,scANVI_rare_probability,42,0.100979075,0.014494499249999999,0.18486059500000002
pancreas_baron,44,0.05,baseline_correct_rare,scANVI_rare_probability,44,0.840032,0.6791099500000001,0.91951235
pancreas_baron,44,0.10,non_target,scANVI_rare_probability,1638,3.0705784000000003e-06,1.2245314999999998e-07,3.4889361e-05
pancreas_baron,44,0.10,baseline_correct_rare,scANVI_rare_probability,71,0.97581494,0.865764125,0.99730938
pancreas_baron,44,0.10,unrescued_rare,scANVI_rare_probability,15,0.0964742,0.014395416000000001,0.177650735
pancreas_baron,44,all,non_target,scANVI_rare_probability,1638,2.3248264000000002e-06,5.826262575e-08,6.078724375e-05
pancreas_baron,44,all,baseline_correct_rare,scANVI_rare_probability,74,0.9964437,0.97217453,0.999712395
pancreas_baron,44,all,unrescued_rare,scANVI_rare_probability,12,0.16131665,0.075839331,0.3047897875
pancreas_integrated,42,0.01,non_target,scANVI_rare_probability,1701,2.2403928e-08,1.1171896e-09,6.1483894e-07
pancreas_integrated,42,0.01,baseline_correct_rare,scANVI_rare_probability,23,0.99986386,0.9996973250000001,0.99996828
pancreas_integrated,42,0.05,non_target,scANVI_rare_probability,1701,7.0046555e-09,2.8781552e-10,1.9147684e-07
pancreas_integrated,42,0.05,baseline_correct_rare,scANVI_rare_probability,23,0.99999964,0.999998975,0.9999999
pancreas_integrated,42,0.10,non_target,scANVI_rare_probability,1701,1.8390072e-08,7.169696e-10,5.9900515e-07
pancreas_integrated,42,0.10,baseline_correct_rare,scANVI_rare_probability,23,1.0,0.9999999,1.0
pancreas_integrated,42,all,non_target,scANVI_rare_probability,1701,2.1018303e-09,7.4673344e-11,9.2396945e-08
pancreas_integrated,42,all,baseline_correct_rare,scANVI_rare_probability,23,1.0,1.0,1.0
pancreas_integrated,43,0.01,non_target,scANVI_rare_probability,1701,2.1058087e-08,1.4005332e-09,6.8477107e-07
pancreas_integrated,43,0.01,baseline_correct_rare,scANVI_rare_probability,23,0.9999937,0.999973365,0.999998325
pancreas_integrated,43,0.05,non_target,scANVI_rare_probability,1701,1.2259225e-08,8.3177965e-10,3.9629296e-07
pancreas_integrated,43,0.05,baseline_correct_rare,scANVI_rare_probability,23,0.9999976,0.99998933,0.9999990350000001
pancreas_integrated,43,0.10,non_target,scANVI_rare_probability,1701,3.1642666e-09,1.2773649e-10,2.2276164e-07
pancreas_integrated,43,0.10,baseline_correct_rare,scANVI_rare_probability,23,0.99999976,0.9999978650000001,0.9999999
pancreas_integrated,43,all,non_target,scANVI_rare_probability,1701,1.081631e-08,1.4206533e-10,1.7693166e-06
pancreas_integrated,43,all,baseline_correct_rare,scANVI_rare_probability,23,1.0,1.0,1.0
pancreas_integrated,44,0.01,non_target,scANVI_rare_probability,1701,4.4841224e-09,1.8670646e-10,2.0612252e-07
pancreas_integrated,44,0.01,true_rescued_rare,scANVI_rare_probability,23,0.0009653473,0.000114221992,0.0034487885
pancreas_integrated,44,0.05,non_target,scANVI_rare_probability,1701,2.2489608e-08,1.4984644e-09,5.253797e-07
pancreas_integrated,44,0.05,baseline_correct_rare,scANVI_rare_probability,23,0.99999607,0.99998615,0.999999175
pancreas_integrated,44,0.10,non_target,scANVI_rare_probability,1701,3.085405e-09,1.6745295e-10,7.8583604e-08
pancreas_integrated,44,0.10,baseline_correct_rare,scANVI_rare_probability,23,0.9999957,0.9999821,0.999998375
pancreas_integrated,44,all,non_target,scANVI_rare_probability,1701,5.231071e-10,2.1991704e-11,1.972917e-08
pancreas_integrated,44,all,baseline_correct_rare,scANVI_rare_probability,23,1.0,1.0,1.0
tabula_lung_endo,42,0.01,non_target,scANVI_rare_probability,1716,4.17237355e-06,3.430442875e-07,4.5088648499999997e-05
tabula_lung_endo,42,0.01,true_rescued_rare,scANVI_rare_probability,65,0.003622097,0.00049372716,0.017416215
tabula_lung_endo,42,0.05,non_target,scANVI_rare_probability,1716,7.9216927e-07,3.8512689999999996e-08,1.775472225e-05
tabula_lung_endo,42,0.05,true_rescued_rare,scANVI_rare_probability,32,0.10995936,0.04264821275,0.234858845
tabula_lung_endo,42,0.05,baseline_correct_rare,scANVI_rare_probability,33,0.89432544,0.7462433,0.9478226
tabula_lung_endo,42,0.10,non_target,scANVI_rare_probability,1716,9.25066075e-07,4.2004036249999996e-08,2.896053925e-05
tabula_lung_endo,42,0.10,baseline_correct_rare,scANVI_rare_probability,64,0.9998497500000001,0.9989330249999999,0.9999733275
tabula_lung_endo,42,0.10,unrescued_rare,scANVI_rare_probability,1,0.08550479,0.08550479,0.08550479
tabula_lung_endo,42,all,non_target,scANVI_rare_probability,1716,5.12758305e-07,1.914320775e-08,1.5405617499999998e-05
tabula_lung_endo,42,all,baseline_correct_rare,scANVI_rare_probability,65,0.9999963,0.9999757,0.99999905
tabula_lung_endo,43,0.01,non_target,scANVI_rare_probability,1716,6.937256e-07,2.4611866e-08,1.17402445e-05
tabula_lung_endo,43,0.01,true_rescued_rare,scANVI_rare_probability,56,0.059614524,0.01001970575,0.1250923505
tabula_lung_endo,43,0.01,baseline_correct_rare,scANVI_rare_probability,7,0.6074709,0.491669195,0.651298765
tabula_lung_endo,43,0.01,unrescued_rare,scANVI_rare_probability,2,0.0010509689499999999,0.000859061775,0.001242876125
tabula_lung_endo,43,0.05,non_target,scANVI_rare_probability,1716,2.128305e-06,8.6070408e-08,4.568862725e-05
tabula_lung_endo,43,0.05,baseline_correct_rare,scANVI_rare_probability,60,0.9919505500000001,0.9371817125,0.9986652
tabula_lung_endo,43,0.05,true_rescued_rare,scANVI_rare_probability,5,0.17893331,0.1037313,0.29128766
tabula_lung_endo,43,0.10,non_target,scANVI_rare_probability,1716,6.8312632e-07,1.892668875e-08,1.4583123e-05
tabula_lung_endo,43,0.10,baseline_correct_rare,scANVI_rare_probability,63,0.99986124,0.999108615,0.9999721500000001
tabula_lung_endo,43,0.10,unrescued_rare,scANVI_rare_probability,2,0.22504087499999997,0.1446920525,0.3053896975
tabula_lung_endo,43,all,non_target,scANVI_rare_probability,1716,1.019424825e-07,1.8113553e-09,3.7149905750000002e-06
tabula_lung_endo,43,all,baseline_correct_rare,scANVI_rare_probability,65,0.99999046,0.99992406,0.9999989
tabula_lung_endo,44,0.01,non_target,scANVI_rare_probability,1716,5.9917197e-06,4.096457175e-07,7.470204e-05
tabula_lung_endo,44,0.01,true_rescued_rare,scANVI_rare_probability,23,0.14023885,0.064843485,0.3666233
tabula_lung_endo,44,0.01,baseline_correct_rare,scANVI_rare_probability,40,0.7314158500000001,0.595264985,0.83646405
tabula_lung_endo,44,0.01,unrescued_rare,scANVI_rare_probability,2,0.012446497499999999,0.00949711925,0.01539587575
tabula_lung_endo,44,0.05,non_target,scANVI_rare_probability,1716,2.2104839e-06,1.29746225e-07,3.1371979999999996e-05
tabula_lung_endo,44,0.05,baseline_correct_rare,scANVI_rare_probability,59,0.9791211,0.94543185,0.99455987
tabula_lung_endo,44,0.05,true_rescued_rare,scANVI_rare_probability,6,0.185905495,0.10621159250000001,0.24280268250000003
tabula_lung_endo,44,0.10,non_target,scANVI_rare_probability,1716,4.1801519e-07,2.5064160249999998e-08,7.018772875e-06
tabula_lung_endo,44,0.10,baseline_correct_rare,scANVI_rare_probability,63,0.99975866,0.999017475,0.9999305
tabula_lung_endo,44,0.10,unrescued_rare,scANVI_rare_probability,2,0.369712215,0.3506785075,0.3887459225
tabula_lung_endo,44,all,non_target,scANVI_rare_probability,1716,1.1307940250000001e-07,7.6886705e-09,1.575164875e-06
tabula_lung_endo,44,all,baseline_correct_rare,scANVI_rare_probability,63,0.9999815,0.9999156,0.99999839
tabula_lung_endo,44,all,unrescued_rare,scANVI_rare_probability,2,0.164649885,0.1420330125,0.1872667575
tabula_sapiens_stomach,42,0.01,non_target,scANVI_rare_probability,9543,9.559257e-07,1.25895445e-07,7.29507e-06
tabula_sapiens_stomach,42,0.01,baseline_correct_rare,scANVI_rare_probability,12,0.9541044000000001,0.8282073249999999,0.9847882625
tabula_sapiens_stomach,42,0.01,unrescued_rare,scANVI_rare_probability,13,0.0017739628,0.0002364048,0.0428549
tabula_sapiens_stomach,42,0.01,true_rescued_rare,scANVI_rare_probability,7,0.1794639,0.10237729500000001,0.20542248000000002
tabula_sapiens_stomach,42,0.05,non_target,scANVI_rare_probability,9543,9.559257e-07,1.25895445e-07,7.29507e-06
tabula_sapiens_stomach,42,0.05,baseline_correct_rare,scANVI_rare_probability,12,0.9541044000000001,0.8282073249999999,0.9847882625
tabula_sapiens_stomach,42,0.05,unrescued_rare,scANVI_rare_probability,13,0.0017739628,0.0002364048,0.0428549
tabula_sapiens_stomach,42,0.05,true_rescued_rare,scANVI_rare_probability,7,0.1794639,0.10237729500000001,0.20542248000000002
tabula_sapiens_stomach,42,0.10,non_target,scANVI_rare_probability,9543,9.559257e-07,1.25895445e-07,7.29507e-06
tabula_sapiens_stomach,42,0.10,baseline_correct_rare,scANVI_rare_probability,12,0.9541044000000001,0.8282073249999999,0.9847882625
tabula_sapiens_stomach,42,0.10,unrescued_rare,scANVI_rare_probability,13,0.0017739628,0.0002364048,0.0428549
tabula_sapiens_stomach,42,0.10,true_rescued_rare,scANVI_rare_probability,7,0.1794639,0.10237729500000001,0.20542248000000002
tabula_sapiens_stomach,42,all,non_target,scANVI_rare_probability,9543,3.0942612e-08,2.0324264e-09,2.7189227500000003e-07
tabula_sapiens_stomach,42,all,true_rescued_rare,scANVI_rare_probability,9,0.009275662,0.0033489112,0.19578494
tabula_sapiens_stomach,42,all,unrescued_rare,scANVI_rare_probability,15,8.011864e-05,8.07832215e-06,0.00049167942
tabula_sapiens_stomach,42,all,baseline_correct_rare,scANVI_rare_probability,8,0.9518574,0.8796189675,0.976792725
tabula_sapiens_stomach,43,0.01,non_target,scANVI_rare_probability,9543,4.320107e-06,3.58943165e-07,4.52412405e-05
tabula_sapiens_stomach,43,0.01,baseline_correct_rare,scANVI_rare_probability,17,0.9601586,0.768133,0.98386556
tabula_sapiens_stomach,43,0.01,unrescued_rare,scANVI_rare_probability,14,0.0123794295,0.0076489135,0.04344722975
tabula_sapiens_stomach,43,0.01,true_rescued_rare,scANVI_rare_probability,1,0.29839388,0.29839388,0.29839388
tabula_sapiens_stomach,43,0.05,non_target,scANVI_rare_probability,9543,4.320107e-06,3.58943165e-07,4.52412405e-05
tabula_sapiens_stomach,43,0.05,baseline_correct_rare,scANVI_rare_probability,17,0.9601586,0.768133,0.98386556
tabula_sapiens_stomach,43,0.05,unrescued_rare,scANVI_rare_probability,14,0.0123794295,0.0076489135,0.04344722975
tabula_sapiens_stomach,43,0.05,true_rescued_rare,scANVI_rare_probability,1,0.29839388,0.29839388,0.29839388
tabula_sapiens_stomach,43,0.10,non_target,scANVI_rare_probability,9543,4.320107e-06,3.58943165e-07,4.52412405e-05
tabula_sapiens_stomach,43,0.10,baseline_correct_rare,scANVI_rare_probability,17,0.9601586,0.768133,0.98386556
tabula_sapiens_stomach,43,0.10,unrescued_rare,scANVI_rare_probability,14,0.0123794295,0.0076489135,0.04344722975
tabula_sapiens_stomach,43,0.10,true_rescued_rare,scANVI_rare_probability,1,0.29839388,0.29839388,0.29839388
tabula_sapiens_stomach,43,all,non_target,scANVI_rare_probability,9543,2.854575e-07,2.9022387999999998e-08,1.8845891e-06
tabula_sapiens_stomach,43,all,baseline_correct_rare,scANVI_rare_probability,16,0.9958559300000001,0.955516485,0.9998435
tabula_sapiens_stomach,43,all,unrescued_rare,scANVI_rare_probability,14,9.2986885e-06,3.4404413e-06,0.033094399
tabula_sapiens_stomach,43,all,true_rescued_rare,scANVI_rare_probability,2,0.160919855,0.15734904249999998,0.16449066750000002
tabula_sapiens_stomach,44,0.01,non_target,scANVI_rare_probability,9543,7.944447e-09,7.513882250000001e-10,9.2653288e-08
tabula_sapiens_stomach,44,0.01,true_rescued_rare,scANVI_rare_probability,4,0.10345801,0.044840954,0.1880459725
tabula_sapiens_stomach,44,0.01,unrescued_rare,scANVI_rare_probability,14,1.670589e-06,8.36431675e-08,0.00442266335
tabula_sapiens_stomach,44,0.01,baseline_correct_rare,scANVI_rare_probability,14,0.94040018,0.7355211049999999,0.996535125
tabula_sapiens_stomach,44,0.05,non_target,scANVI_rare_probability,9543,7.944447e-09,7.513882250000001e-10,9.2653288e-08
tabula_sapiens_stomach,44,0.05,true_rescued_rare,scANVI_rare_probability,4,0.10345801,0.044840954,0.1880459725
tabula_sapiens_stomach,44,0.05,unrescued_rare,scANVI_rare_probability,14,1.670589e-06,8.36431675e-08,0.00442266335
tabula_sapiens_stomach,44,0.05,baseline_correct_rare,scANVI_rare_probability,14,0.94040018,0.7355211049999999,0.996535125
tabula_sapiens_stomach,44,0.10,non_target,scANVI_rare_probability,9543,7.944447e-09,7.513882250000001e-10,9.2653288e-08
tabula_sapiens_stomach,44,0.10,true_rescued_rare,scANVI_rare_probability,4,0.10345801,0.044840954,0.1880459725
tabula_sapiens_stomach,44,0.10,unrescued_rare,scANVI_rare_probability,14,1.670589e-06,8.36431675e-08,0.00442266335
tabula_sapiens_stomach,44,0.10,baseline_correct_rare,scANVI_rare_probability,14,0.94040018,0.7355211049999999,0.996535125
tabula_sapiens_stomach,44,all,non_target,scANVI_rare_probability,9543,4.0333248e-10,2.4167737e-11,6.9732983e-09
tabula_sapiens_stomach,44,all,true_rescued_rare,scANVI_rare_probability,5,0.013705212,0.0035190857,0.124152966
tabula_sapiens_stomach,44,all,unrescued_rare,scANVI_rare_probability,13,1.1002655e-09,1.3752288e-11,0.013838161
tabula_sapiens_stomach,44,all,baseline_correct_rare,scANVI_rare_probability,14,0.9984872,0.98355595,0.99950875
tabula_small_intestine,42,0.01,non_target,scANVI_rare_probability,6288,2.4743253500000002e-14,1.9994754250000002e-16,1.62784335e-12
tabula_small_intestine,42,0.01,baseline_correct_rare,scANVI_rare_probability,65,1.0,0.9999995,1.0
tabula_small_intestine,42,0.05,non_target,scANVI_rare_probability,6288,1.8821935499999998e-14,2.7246033500000003e-16,1.030964475e-12
tabula_small_intestine,42,0.05,baseline_correct_rare,scANVI_rare_probability,65,0.9999999,0.9999981,1.0
tabula_small_intestine,42,0.10,non_target,scANVI_rare_probability,6288,2.0607934500000003e-15,1.0695986875e-17,1.9120372000000002e-13
tabula_small_intestine,42,0.10,baseline_correct_rare,scANVI_rare_probability,65,1.0,0.99999666,1.0
tabula_small_intestine,42,all,non_target,scANVI_rare_probability,6288,5.8672008e-16,1.507712275e-18,9.731777025e-14
tabula_small_intestine,42,all,baseline_correct_rare,scANVI_rare_probability,65,1.0,0.99999976,1.0
tabula_small_intestine,43,0.01,non_target,scANVI_rare_probability,6288,1.09757441e-16,2.0674161749999997e-18,8.550895625000001e-15
tabula_small_intestine,43,0.01,baseline_correct_rare,scANVI_rare_probability,65,1.0,1.0,1.0
tabula_small_intestine,43,0.05,non_target,scANVI_rare_probability,6288,7.01942835e-16,7.134983750000001e-18,6.3953695e-14
tabula_small_intestine,43,0.05,baseline_correct_rare,scANVI_rare_probability,65,0.9999999,0.99999845,1.0
tabula_small_intestine,43,0.10,non_target,scANVI_rare_probability,6288,6.14464475e-16,1.3178907124999999e-17,3.3180112e-14
tabula_small_intestine,43,0.10,baseline_correct_rare,scANVI_rare_probability,65,1.0,0.99999964,1.0
tabula_small_intestine,43,all,non_target,scANVI_rare_probability,6288,3.22767035e-17,5.3732023e-19,2.071157475e-15
tabula_small_intestine,43,all,baseline_correct_rare,scANVI_rare_probability,65,1.0,0.99999964,1.0
tabula_small_intestine,44,0.01,non_target,scANVI_rare_probability,6288,1.56998725e-13,6.29325295e-17,1.808501025e-11
tabula_small_intestine,44,0.01,baseline_correct_rare,scANVI_rare_probability,65,1.0,0.9999995,1.0
tabula_small_intestine,44,0.05,non_target,scANVI_rare_probability,6288,3.41636005e-14,5.335991475e-17,5.962234e-12
tabula_small_intestine,44,0.05,baseline_correct_rare,scANVI_rare_probability,65,0.99999976,0.99999857,1.0
tabula_small_intestine,44,0.10,non_target,scANVI_rare_probability,6288,1.1696783e-14,6.821315274999999e-18,2.0808131e-12
tabula_small_intestine,44,0.10,baseline_correct_rare,scANVI_rare_probability,65,1.0,0.9999994,1.0
tabula_small_intestine,44,all,non_target,scANVI_rare_probability,6288,1.99667655e-14,6.884932250000001e-17,2.1619221e-12
tabula_small_intestine,44,all,baseline_correct_rare,scANVI_rare_probability,65,1.0,1.0,1.0
mouse_lung_tms_10x,42,0.01,non_target,scANVI_rare_probability,1316,1.2484764e-13,4.6025753750000006e-17,4.3275479749999995e-11
mouse_lung_tms_10x,42,0.01,unrescued_rare,scANVI_rare_probability,44,4.3511668500000004e-07,4.8970685000000004e-08,7.6280025e-06
mouse_lung_tms_10x,42,0.01,true_rescued_rare,scANVI_rare_probability,7,0.000283638,5.9852991e-05,0.00052887862
mouse_lung_tms_10x,42,0.05,non_target,scANVI_rare_probability,1316,2.86353005e-13,3.5705799750000004e-16,1.1853954250000002e-10
mouse_lung_tms_10x,42,0.05,unrescued_rare,scANVI_rare_probability,51,0.00013503661,2.4363968e-06,0.0039759506
mouse_lung_tms_10x,42,0.10,non_target,scANVI_rare_probability,1316,5.3765525e-13,3.282515675e-16,1.6749591249999998e-10
mouse_lung_tms_10x,42,0.10,unrescued_rare,scANVI_rare_probability,22,7.2515760999999994e-06,1.353826775e-06,4.01130015e-05
mouse_lung_tms_10x,42,0.10,baseline_correct_rare,scANVI_rare_probability,14,0.981556125,0.863335405,0.99863592
mouse_lung_tms_10x,42,0.10,true_rescued_rare,scANVI_rare_probability,15,0.005219978,0.00158175125,0.0205929655
mouse_lung_tms_10x,42,all,non_target,scANVI_rare_probability,1316,3.38745045e-14,3.0276041250000006e-17,4.325550275e-11
mouse_lung_tms_10x,42,all,baseline_correct_rare,scANVI_rare_probability,34,0.9992087000000001,0.93734445,0.999986275
mouse_lung_tms_10x,42,all,unrescued_rare,scANVI_rare_probability,17,0.012361782,2.0034262e-05,0.20303592
mouse_lung_tms_10x,43,0.01,non_target,scANVI_rare_probability,1316,4.12758265e-11,8.4696365e-15,4.1088338e-09
mouse_lung_tms_10x,43,0.01,unrescued_rare,scANVI_rare_probability,51,3.5717828e-06,2.00451395e-07,0.000181813655
mouse_lung_tms_10x,43,0.05,non_target,scANVI_rare_probability,1316,1.081359275e-13,1.14650215e-16,2.126435675e-11
mouse_lung_tms_10x,43,0.05,unrescued_rare,scANVI_rare_probability,51,7.962832e-07,1.9882458e-08,6.6731004e-06
mouse_lung_tms_10x,43,0.10,non_target,scANVI_rare_probability,1316,1.4347663500000002e-13,4.418272325e-17,8.22576715e-11
mouse_lung_tms_10x,43,0.10,unrescued_rare,scANVI_rare_probability,51,0.00038957244,5.4498678e-06,0.0067405469999999995
mouse_lung_tms_10x,43,all,non_target,scANVI_rare_probability,1316,3.673405e-13,1.363654875e-16,2.22676575e-10
mouse_lung_tms_10x,43,all,baseline_correct_rare,scANVI_rare_probability,37,0.99985754,0.99631256,0.9999912
mouse_lung_tms_10x,43,all,unrescued_rare,scANVI_rare_probability,14,0.00219203395,0.00048689139999999996,0.12079823
mouse_lung_tms_10x,44,0.01,non_target,scANVI_rare_probability,1316,8.3218805e-12,1.51770005e-13,4.197892e-10
mouse_lung_tms_10x,44,0.01,unrescued_rare,scANVI_rare_probability,40,1.27614015e-07,3.122876275e-09,1.51105195e-05
mouse_lung_tms_10x,44,0.01,true_rescued_rare,scANVI_rare_probability,11,0.0001522807,6.309040749999999e-05,0.0006575889000000001
mouse_lung_tms_10x,44,0.05,non_target,scANVI_rare_probability,1316,1.35729477e-11,9.72011205e-14,1.0361747e-09
mouse_lung_tms_10x,44,0.05,unrescued_rare,scANVI_rare_probability,34,1.3928986e-05,1.24555435e-07,0.00038263883249999996
mouse_lung_tms_10x,44,0.05,true_rescued_rare,scANVI_rare_probability,16,0.006859503,0.00229012565,0.038090906
mouse_lung_tms_10x,44,0.05,baseline_correct_rare,scANVI_rare_probability,1,0.93937516,0.93937516,0.93937516
mouse_lung_tms_10x,44,0.10,non_target,scANVI_rare_probability,1316,1.8919117e-11,1.227839675e-14,7.580802e-09
mouse_lung_tms_10x,44,0.10,unrescued_rare,scANVI_rare_probability,33,0.00061289925,4.9992293e-05,0.03975736
mouse_lung_tms_10x,44,0.10,baseline_correct_rare,scANVI_rare_probability,18,0.9819464,0.852281925,0.9963751599999999
mouse_lung_tms_10x,44,all,non_target,scANVI_rare_probability,1316,6.32710465e-13,4.3108820500000005e-16,2.09416775e-09
mouse_lung_tms_10x,44,all,baseline_correct_rare,scANVI_rare_probability,42,0.999984025,0.998756765,0.9999999
mouse_lung_tms_10x,44,all,unrescued_rare,scANVI_rare_probability,8,0.007495733300000001,0.001813485475,0.02152500325
mouse_lung_tms_10x,44,all,true_rescued_rare,scANVI_rare_probability,1,0.4537241,0.4537241,0.4537241
mouse_pancreas_tms_10x,42,0.01,non_target,scANVI_rare_probability,864,4.215435e-08,3.04097905e-09,9.83017375e-07
mouse_pancreas_tms_10x,42,0.01,unrescued_rare,scANVI_rare_probability,67,0.0036262379,0.000875644155,0.043268661
mouse_pancreas_tms_10x,42,0.01,baseline_correct_rare,scANVI_rare_probability,4,0.6081831499999999,0.590999175,0.660587
mouse_pancreas_tms_10x,42,0.05,non_target,scANVI_rare_probability,864,2.5795339e-07,3.5795672e-08,3.25088555e-06
mouse_pancreas_tms_10x,42,0.05,baseline_correct_rare,scANVI_rare_probability,59,0.96441424,0.9268376,0.994912055
mouse_pancreas_tms_10x,42,0.05,unrescued_rare,scANVI_rare_probability,12,0.0172122335,0.0069629141749999995,0.14877941249999999
mouse_pancreas_tms_10x,42,0.10,non_target,scANVI_rare_probability,864,4.9216215e-08,4.6973797750000005e-09,7.10092625e-07
mouse_pancreas_tms_10x,42,0.10,baseline_correct_rare,scANVI_rare_probability,61,0.9965204,0.9757262,0.9991763
mouse_pancreas_tms_10x,42,0.10,unrescued_rare,scANVI_rare_probability,10,0.00690406385,0.001447398725,0.171535225
mouse_pancreas_tms_10x,42,all,non_target,scANVI_rare_probability,864,5.1078045e-08,4.310300975e-09,1.2376031e-06
mouse_pancreas_tms_10x,42,all,baseline_correct_rare,scANVI_rare_probability,67,0.9998882,0.99917148,0.99997461
mouse_pancreas_tms_10x,42,all,unrescued_rare,scANVI_rare_probability,4,0.22013641,0.083946006,0.357415575
mouse_pancreas_tms_10x,43,0.01,non_target,scANVI_rare_probability,864,7.183805300000001e-07,9.036870424999999e-08,6.90207185e-06
mouse_pancreas_tms_10x,43,0.01,unrescued_rare,scANVI_rare_probability,44,0.067470212,0.01417599125,0.2106651075
mouse_pancreas_tms_10x,43,0.01,baseline_correct_rare,scANVI_rare_probability,27,0.6528629,0.57649025,0.8532495
mouse_pancreas_tms_10x,43,0.05,non_target,scANVI_rare_probability,864,6.66678975e-07,8.1495575e-08,5.0654243e-06
mouse_pancreas_tms_10x,43,0.05,unrescued_rare,scANVI_rare_probability,20,0.044640814,0.005933074450000001,0.1369572125
mouse_pancreas_tms_10x,43,0.05,baseline_correct_rare,scANVI_rare_probability,51,0.9384183,0.83868135,0.9742396
mouse_pancreas_tms_10x,43,0.10,non_target,scANVI_rare_probability,864,6.4695187e-07,6.8003795e-08,6.9243433e-06
mouse_pancreas_tms_10x,43,0.10,baseline_correct_rare,scANVI_rare_probability,61,0.99515873,0.98729116,0.99914145
mouse_pancreas_tms_10x,43,0.10,unrescued_rare,scANVI_rare_probability,10,0.12591617,0.01719858525,0.3044030075
mouse_pancreas_tms_10x,43,all,non_target,scANVI_rare_probability,864,1.94072935e-07,1.36080295e-08,3.9057031999999995e-06
mouse_pancreas_tms_10x,43,all,baseline_correct_rare,scANVI_rare_probability,67,0.99981195,0.9974822999999999,0.9999499199999999
mouse_pancreas_tms_10x,43,all,unrescued_rare,scANVI_rare_probability,4,0.081572369,0.029263680275000002,0.13075507
mouse_pancreas_tms_10x,44,0.01,non_target,scANVI_rare_probability,864,2.23689e-06,2.9906643500000003e-07,1.8033849e-05
mouse_pancreas_tms_10x,44,0.01,unrescued_rare,scANVI_rare_probability,32,0.165442435,0.05071276625,0.305677865
mouse_pancreas_tms_10x,44,0.01,baseline_correct_rare,scANVI_rare_probability,39,0.8409475,0.72567465,0.915215
mouse_pancreas_tms_10x,44,0.05,non_target,scANVI_rare_probability,864,2.68033045e-06,3.427048325e-07,1.636743425e-05
mouse_pancreas_tms_10x,44,0.05,unrescued_rare,scANVI_rare_probability,12,0.10374640000000002,0.06180590375,0.25029249
mouse_pancreas_tms_10x,44,0.05,baseline_correct_rare,scANVI_rare_probability,59,0.9894573,0.954331975,0.99729055
mouse_pancreas_tms_10x,44,0.10,non_target,scANVI_rare_probability,864,2.0118982e-07,1.906256125e-08,2.164676325e-06
mouse_pancreas_tms_10x,44,0.10,baseline_correct_rare,scANVI_rare_probability,61,0.9897988,0.9540854,0.99757975
mouse_pancreas_tms_10x,44,0.10,unrescued_rare,scANVI_rare_probability,10,0.084464925,0.0074497495,0.15581007
mouse_pancreas_tms_10x,44,all,non_target,scANVI_rare_probability,864,2.2196168499999998e-07,1.46157035e-08,3.2362686750000002e-06
mouse_pancreas_tms_10x,44,all,baseline_correct_rare,scANVI_rare_probability,67,0.99985945,0.998662355,0.99997408
mouse_pancreas_tms_10x,44,all,unrescued_rare,scANVI_rare_probability,4,0.14343916,0.096251938185,0.240852135
