dataset,seed,rare_train_size,rare_class,split_mode,run_dir,status,error_reason,identity_status,split_hash,all_training_cells,total_labeled_training_cells,train_rare_pool,actual_training_labeled_rare_count,expected_training_labeled_rare_count,validation_rare,test_rare,all_split_rare,total_rare_supervision,labeled_rare_id_json,labeled_rare_id_sha256,effective_budget_key,training_rare_label_fraction,training_rare_share_of_all_split_rare,total_supervised_rare_share_of_all_split_rare,training_rare_label_share_of_training_cells,test_label_usage,count_collapse,identity_collapse,collapse_class
immune_dc,42,0.01,ASDC,batch_heldout,outputs\immune_dc\batch_heldout_seed42_asdc_rare1pct,success,,verified,33b8ce5bdff2e437,11291,11019,277,5,5,115,130,522,120,"[""9c5d9a04748d11eb8ec6c6eb439e4cc3"",""dbb9bd58bfde11eb9e6d96f9d8b57902"",""e44d5130b54b11eaa79c06097e2fb91a"",""e9e4a0ea230811ec89cc0e1df9dfbf1c"",""ff2c70d6a2d911eb97dcb29064131379""]",fdcc17818646be6e4311520e9fa5dfc87502bf44c8941b3aa24e0884add06e3d,"[""immune_dc"",""ASDC"",""33b8ce5bdff2e437"",5,""fdcc17818646be6e4311520e9fa5dfc87502bf44c8941b3aa24e0884add06e3d""]",0.018050541516245487,0.009578544061302681,0.22988505747126436,0.00044283057302276147,support accounting only,False,False,unique_budget
immune_dc,42,0.05,ASDC,batch_heldout,outputs\immune_dc\batch_heldout_seed42_asdc_rare5pct,success,,verified,33b8ce5bdff2e437,11291,11027,277,13,13,115,130,522,128,"[""03d0cd10286511ec8289ca5980196c9c"",""0eeea97e423211ec89377eaba1724ea7"",""19522556608d11edaf347a76ff6a0874"",""202b6ef2aa7d11ed97cc4aa82665cfc4"",""51a0d7d07abc11eb93fc42a5a6039c14"",""8980be90286311ecb44ba22865200d72"",""a43bd660aa7211ed811ebaba75e84c7d"",""a845fe9e4e0111ec936b1ac433bb3e99"",""c7d921e6b4dd11eaa4f986c381b5662f"",""eab1c9b8608c11edb82ff6b434f2fb76"",""ff1a73fea2d911eb97dcb29064131379"",""ff21f354a2d911eb97dcb29064131379"",""ff23ca30a2d911eb97dcb29064131379""]",7c5ab9c1de968c2ebc873a0fe905d8299204e4f8653acd81debbe11670cfc7f1,"[""immune_dc"",""ASDC"",""33b8ce5bdff2e437"",13,""7c5ab9c1de968c2ebc873a0fe905d8299204e4f8653acd81debbe11670cfc7f1""]",0.04693140794223827,0.02490421455938697,0.24521072796934865,0.00115135948985918,support accounting only,False,False,unique_budget
immune_dc,42,0.10,ASDC,batch_heldout,outputs\immune_dc\batch_heldout_seed42_asdc_rare10pct,success,,verified,33b8ce5bdff2e437,11291,11041,277,27,27,115,130,522,142,"[""03aa8c3a608211ed8cb1a608efa7ae49"",""0a74062e230f11eca42fde90f8d872f1"",""0ab08da6230f11eca42fde90f8d872f1"",""29498894aa6311ed996536bac5d04f15"",""35f4dcbc7b7911ebad508aeddc44df84"",""58735da8e6b411ebaf04befb0a01041d"",""60fec984bfdc11ebb3b5ba265ad50ebc"",""66c51b344e0211ec853ad229c2defbef"",""72dc40f660b111eda69772bc2278a4b2"",""87cbb32e50be11ec9bfce201e636867f"",""8f16edcc004311ec9f9f9e190f9f967f"",""98000c38e6bd11eb9bb4beec3d5c720e"",""9c5d9a04748d11eb8ec6c6eb439e4cc3"",""a051a192e6b011eb9e5fd64aa79f082e"",""a444aabaaa7211ed811ebaba75e84c7d"",""b2105dbe005b11ecbdc0e203bf65d87d"",""be8eb282b4d711ea8770f2df3194a061"",""c45d7cd0206511eb8a65be693a9b0e1c"",""cc771da4315611eebf058a4e77219021"",""db7b347abfde11eb9e6d96f9d8b57902"",""e0725c747aba11ebad9a8efd66e37e75"",""e0a0a78c7aba11ebad9a8efd66e37e75"",""e33ed514e6bb11ebaa8b5a6ca80dcdd4"",""e44d5130b54b11eaa79c06097e2fb91a"",""fc6f9bfa50b411ec942f6a58078e6e64"",""fc8be1b650b411ec942f6a58078e6e64"",""ff045ca4a2d911eb97dcb29064131379""]",dbca1156455e99557cf7c64be125b41ada48c464a3d6a0a96fa690300eb68e2e,"[""immune_dc"",""ASDC"",""33b8ce5bdff2e437"",27,""dbca1156455e99557cf7c64be125b41ada48c464a3d6a0a96fa690300eb68e2e""]",0.09747292418772563,0.05172413793103448,0.2720306513409962,0.0023912850943229123,support accounting only,False,False,unique_budget
immune_dc,42,all,ASDC,batch_heldout,outputs\immune_dc\batch_heldout_seed42_asdc_rareall,success,,verified,33b8ce5bdff2e437,11291,11291,277,277,277,115,130,522,392,"[""013c731c3f6b11ebbf0d76c805520688"",""039acc3a60a711edabbabeb8626370eb"",""03aa8c3a608211ed8cb1a608efa7ae49"",""03d0cd10286511ec8289ca5980196c9c"",""03d4a746286511ec8289ca5980196c9c"",""077fddca607c11edaab5d615b513d1d4"",""082364dc4e0211ecb6d06af08aaacff5"",""0830b9204e0211ecb6d06af08aaacff5"",""083aafb64e0211ecb6d06af08aaacff5"",""08fdbd607b6911eba169da6bd33569f7"",""090d72a07b6911eba169da6bd33569f7"",""091c4a467b6911eba169da6bd33569f7"",""0a74062e230f11eca42fde90f8d872f1"",""0aac20f4230f11eca42fde90f8d872f1"",""0ab08da6230f11eca42fde90f8d872f1"",""0b86d4e24e0711eca047fac6813609fb"",""0cd8bfdeecc011eb966bfa1af6d99fe6"",""0e76ea26ece511eb90da8638c33d9c80"",""0eeea97e423211ec89377eaba1724ea7"",""0f547a7a745a11eb9460023cc5433a03"",""0fc71ea84e0311ec8368968167987366"",""0febcbe04e0311ec8368968167987366"",""10fd6bdc671711ed94878208818934b6"",""11a73f64746a11eba6ee4656f02e1fdd"",""126a7bba002d11eca6d20aea4f74aa31"",""12e830a2745311ebbb1cf6a20bf9215d"",""14f2cd56aa9011eda3678a6e266cb381"",""16f05daab4cd11ea930f4a3b0eb254a7"",""19522556608d11edaf347a76ff6a0874"",""202b6ef2aa7d11ed97cc4aa82665cfc4"",""2155f080206511ebab2fd208a121e5d4"",""21577086206511ebab2fd208a121e5d4"",""2320a9b8e6ae11ebb432b26df3e07d33"",""2330b178e6ae11ebb432b26df3e07d33"",""24dfe78c207a11eb99f83ebbcdb12029"",""293cc55aaa6311ed996536bac5d04f15"",""29459586aa6311ed996536bac5d04f15"",""29498894aa6311ed996536bac5d04f15"",""295f112e621611ebbcf5aae23e089b70"",""2a59f59e671911ed9363b630b926424a"",""2ad3fd0c786011ebb2ae32222f568f1d"",""2ae31fda786011eb89635e6022866806"",""2bf27f5c230911ec9bc276af81d82c6c"",""2d9cefbc4e0711ec865c16f89d689413"",""2d9ec6b64e0711ec865c16f89d689413"",""2db64a524e0711ec865c16f89d689413"",""2dbbdd0a4e0711ec865c16f89d689413"",""2f2ad95aa2ce11ebbbe71e4a3e83c3e1"",""2fc62aaaf02311eda3e4863b337a67e7"",""332b7ba850b211ecaf7e5a3fead6fb86"",""35f4dcbc7b7911ebad508aeddc44df84"",""36add25cee8e11ebabf2ca692e64aac6"",""36e17be0ece811eb8566de30ea854391"",""36fdee38ece811eb8566de30ea854391"",""381a3244ece911eb96cace7c85d10469"",""3828faccece911eb96cace7c85d10469"",""3840ce4aece911eb96cace7c85d10469"",""3d53fcc6620c11eb8b61f221ae948d59"",""413a2c6acd1a11ebb6f2f245b555caa7"",""42139d0abfd311eb8ffe429043368bdd"",""441eb57603bc11ec8b03caa2709d8562"",""4435144250ba11ec9ccf362b40e6d4a7"",""454b684a009211ec9cfa4a5d71d7e302"",""45645e0e009211ec9cfa4a5d71d7e302"",""46abb8d2488011eaa581ba6d6c7b9f21"",""46ac4202488011eaa581ba6d6c7b9f21"",""46c14080488011eaa581ba6d6c7b9f21"",""47c9b572315511ee9a247ecfb6ed34be"",""4b48ecd0746b11eb83a4c235a3a08626"",""4b6bcd72746b11eb83a4c235a3a08626"",""4b6f1018746b11eb83a4c235a3a08626"",""4d2b232a230c11eb9e73369c55ceea08"",""4e594928e6c211ebaddab27930c367f5"",""4e6cfad63f6f11eb958d9a3b616bee06"",""4f590702206411eb98abe23235af2ce5"",""4fc2433e286511ec8c0d4aaa4b9002e8"",""519cbdf87abc11eb93fc42a5a6039c14"",""51a0d7d07abc11eb93fc42a5a6039c14"",""5494c2ee495311ea86cade558b2f8879"",""54b6da1e495311ea86cade558b2f8879"",""54cdf6ae495311ea86cade558b2f8879"",""58013ca0746811eb8d8fe2317d9a82dc"",""586f599ce6b411ebaf04befb0a01041d"",""5870725ae6b411ebaf04befb0a01041d"",""58735da8e6b411ebaf04befb0a01041d"",""5c1ee556ee8b11eb92fdd69ca687ea48"",""5c3f85feee8b11eb92fdd69ca687ea48"",""5c5e0ada7b7a11eb822c3e9d2f0e335e"",""5c6c0a7e671c11eda3e6f661d0d2d35c"",""5c76365a7b7a11eb822c3e9d2f0e335e"",""5cfdece648b111ea8fbed2ddb8e0a14a"",""5eca1c04230f11ecacbb465c28d60fa8"",""5ecd21f6230f11ecacbb465c28d60fa8"",""60fec984bfdc11ebb3b5ba265ad50ebc"",""6102afea230f11ecb3808ec5122f277d"",""62ed7ba2e79411ebada4c67e2b686223"",""63b5678ee79411ebbe50c203ad329f89"",""651d0e74009911eca7f7ce4e40ea87f1"",""66282376745311eb89b7ee2f69934f24"",""6638c988745311eb89b7ee2f69934f24"",""663a7a62745311eb89b7ee2f69934f24"",""6644d692745311eb89b7ee2f69934f24"",""667b7c08cd3911ebb08e96e3cb7ab314"",""667e66d87b6e11eb80a1e2efff4d80b3"",""668f581842dc11ec9c335e51af10a502"",""66c51b344e0211ec853ad229c2defbef"",""66eb6c6c4e0211ec853ad229c2defbef"",""67ba2b56609e11eda5fb2a6ba530ec97"",""68753366ecea11eb8ac2be83dc4baba1"",""695d70aae6bd11eb99defa54c4ee54f4"",""6ba3f336648911eb8bba96bafe6b5935"",""6c9798dc608c11ed9b035e2e100c042f"",""6cf55d8848b511ea87c666a4322bd84a"",""6cfb85c848b511ea87c666a4322bd84a"",""6d1ac9c4bfdd11eb9a93b298159eec41"",""6d1bb6a4bfdd11eb9a93b298159eec41"",""6d9f78be3eb811eb83ca221ed6f4a4fb"",""70d4325c48b611eaa65d9e7d578d66f2"",""70d8afda48b611eaa65d9e7d578d66f2"",""72ce9bea60b111eda69772bc2278a4b2"",""72dc40f660b111eda69772bc2278a4b2"",""74bae5e648b611eabab7c676ab45cfca"",""74d7fd2ce6ab11eb8f2c6612543f483c"",""74ebe7e2e6ab11eb8f2c6612543f483c"",""74fc381648b611eabab7c676ab45cfca"",""75072368e6ab11eb8f2c6612543f483c"",""7666c756230911ebaa61d20a4a12f3ba"",""7680ebae230911ebaa61d20a4a12f3ba"",""76b99f66f02111ed9eac86c87f637120"",""79945d6260b011edb17e46fb8f56502c"",""7997117460b011edb17e46fb8f56502c"",""7a5ca6847b7711eba2a96a517e35be5d"",""7a749a8c7b7711eba2a96a517e35be5d"",""82d0234e746b11eba241fa7146609c17"",""87529f24f02311edabfa3e874280f2b8"",""87b763ce50be11ec9bfce201e636867f"",""87cbb32e50be11ec9bfce201e636867f"",""8908e3fc620c11ebae8fee13b7064f0d"",""8980be90286311ecb44ba22865200d72"",""8b5495167b7a11ebbb227ae287962563"",""8b58233e7b7a11ebbb227ae287962563"",""8b6abd327b7a11ebbb227ae287962563"",""8ce47fb27b7111eb97356a557ecd1c7b"",""8cef9adc7b7111eb97356a557ecd1c7b"",""8cf96c067b7111eb97356a557ecd1c7b"",""8ed5b1e0004311ec9f9f9e190f9f967f"",""8f16edcc004311ec9f9f9e190f9f967f"",""9103c3904dfe11ec9cd7da9b7cf4e69b"",""9343defce6b511eb8d2eee95c5d8b7b2"",""95de7c3ce6b811ebbbef16f34851c28c"",""95ea5200e6b811ebbbef16f34851c28c"",""95f5c87ee6b811ebbbef16f34851c28c"",""95fd6962e6b811ebbbef16f34851c28c"",""95fe37dee6b811ebbbef16f34851c28c"",""978d92e6aa7711eda859228a57c00d0f"",""97a222d8aa7711eda859228a57c00d0f"",""97fe0b90e6bd11eb9bb4beec3d5c720e"",""98000c38e6bd11eb9bb4beec3d5c720e"",""9a065b7050b411ec925dc6262e5ecc05"",""9c3e3ae2748d11eb8ec6c6eb439e4cc3"",""9c5d9a04748d11eb8ec6c6eb439e4cc3"",""9c67097c748d11eb8ec6c6eb439e4cc3"",""a03aa712e6b011eb9e5fd64aa79f082e"",""a03e9e94e6b011eb9e5fd64aa79f082e"",""a051a192e6b011eb9e5fd64aa79f082e"",""a1d1b47c424411eca8107e93ffa0dfc3"",""a1e35f88424411eca8107e93ffa0dfc3"",""a1f4b24a230c11eb9e6016fcd894d086"",""a3cd34b2ecbe11ebaad346e0a59e94fd"",""a43bd660aa7211ed811ebaba75e84c7d"",""a444aabaaa7211ed811ebaba75e84c7d"",""a6b92190230f11ec9c429a68027fbf79"",""a82c1fa64e0111ec936b1ac433bb3e99"",""a845fe9e4e0111ec936b1ac433bb3e99"",""a84e1c964e0111ec936b1ac433bb3e99"",""a8b72f7a7b6a11ebb395ce76725e8e9a"",""a902c8e07b6a11ebb395ce76725e8e9a"",""a9a1b160a2db11eb9bf71657d2d52b59"",""a9cdec9ea2db11eb9bf71657d2d52b59"",""adcfe662bfdc11ebb52a6a8f5d6679fa"",""add7ea1abfdc11ebb52a6a8f5d6679fa"",""ae3f9150648411eba2cd623e1f5309fc"",""b2105dbe005b11ecbdc0e203bf65d87d"",""b31fb82a4e0411ecbdc4f6dde42d12bb"",""b33965d64e0411ecbdc4f6dde42d12bb"",""b3443d084e0411ecbdc4f6dde42d12bb"",""b34d8b924e0411ecbdc4f6dde42d12bb"",""b5c95438bfd311ebba58d6b31810e4ce"",""b5d9e48066fb11edba506a9911e98c80"",""b5db89b0bfd211ebafa586d48e1f3db0"",""b8c98cda230f11ecabe4662b93aa8aaf"",""b8d9b6a0a2e011eb8a03ee5dc42b1547"",""b92085604dff11ecb1a91aa839721c60"",""b92651484dff11ecb1a91aa839721c60"",""b92ed6104dff11ecb1a91aa839721c60"",""bc54cadc315811ee8a2232fcea92682e"",""bcdaa8147abc11ebac911e12d1777b84"",""bcdf19627abc11ebac911e12d1777b84"",""bd751b40e6bb11ebbaa13ebd4470af0a"",""be76d2c0b4d711ea8770f2df3194a061"",""be8eb282b4d711ea8770f2df3194a061"",""c45d7cd0206511eb8a65be693a9b0e1c"",""c4654758206511eb8a65be693a9b0e1c"",""c46d3a58206511eb8a65be693a9b0e1c"",""c680bf5c48bd11eab2ee7a6edf799b61"",""c68dd9ee48bd11eab2ee7a6edf799b61"",""c6944cde48bd11eab2ee7a6edf799b61"",""c7d921e6b4dd11eaa4f986c381b5662f"",""c873c292423e11eca0a0c67dc89c8177"",""cc771da4315611eebf058a4e77219021"",""d0f42bf6e6bc11eb939cb62884aae3d6"",""d0fff59ee6bc11eb939cb62884aae3d6"",""d42a077850a211ecb05e625212408fd6"",""d719b920315011eead251600320c0574"",""db7b347abfde11eb9e6d96f9d8b57902"",""db961092bfde11eb9e6d96f9d8b57902"",""dbb9bd58bfde11eb9e6d96f9d8b57902"",""ded472e448cf11eaacaa42cd98cbd24e"",""dedd774048cf11eaacaa42cd98cbd24e"",""deed398c48cf11eaacaa42cd98cbd24e"",""def10a2648cf11eaacaa42cd98cbd24e"",""e0725c747aba11ebad9a8efd66e37e75"",""e07298927aba11ebad9a8efd66e37e75"",""e084f4067aba11ebad9a8efd66e37e75"",""e0a0a78c7aba11ebad9a8efd66e37e75"",""e0c289a67aba11ebad9a8efd66e37e75"",""e0caad16002a11ec92d04e0e5896d86b"",""e0d2172c002a11ec92d04e0e5896d86b"",""e1790546230d11eb995f0a8b9bab73d7"",""e18f022e230d11eb995f0a8b9bab73d7"",""e33ed514e6bb11ebaa8b5a6ca80dcdd4"",""e360d8d0e6bb11ebaa8b5a6ca80dcdd4"",""e38c8400a2e411eba445862a4d6f2ed3"",""e44d5130b54b11eaa79c06097e2fb91a"",""e5e60a4abfdc11eb9564dafd5e7509d4"",""e5fa2912bfdc11eb9564dafd5e7509d4"",""e8524fa2230811eca137ea3e049c58d4"",""e858dae8230811eca137ea3e049c58d4"",""e8709b9c230811eca137ea3e049c58d4"",""e9e4a0ea230811ec89cc0e1df9dfbf1c"",""eab1c9b8608c11edb82ff6b434f2fb76"",""eaca01ae608c11edb82ff6b434f2fb76"",""ead083e4608c11edb82ff6b434f2fb76"",""f0b1f4d050b811ecbd5a96ba759a0a5a"",""f0cd0a4a50b811ecbd5a96ba759a0a5a"",""f0d5e2f04e0111ecaee2cec740306374"",""f0de146650b811ecbd5a96ba759a0a5a"",""f0e1971250b811ecbd5a96ba759a0a5a"",""f10315e04e0111ecaee2cec740306374"",""f1fb99aa746711eb96b76e4cdef221b1"",""f25826e8746711eb96b76e4cdef221b1"",""f31a46dc60bb11eda9ac5293956df3bc"",""f38992c6e8cb11eb83a04ef4860adbcb"",""f40084cca2e311eb85af52073c383e80"",""f4d3dd2aaa9f11ed9aab225a04bc010d"",""f62178103eb611eb951b52cbef2896a9"",""f6f7e5b6f02111ed9882ae50d00ceaab"",""f6f823c8f02111ed9882ae50d00ceaab"",""f786588650be11eca58a4e8e993d3e95"",""f8172926ece411eb96e2ee7ff4e83851"",""f83f9ebaece411eb96e2ee7ff4e83851"",""f973ea363e9611ebb2609e1bd6640354"",""f99ff6443e9611ebb2609e1bd6640354"",""fc64559250b411ec942f6a58078e6e64"",""fc6f9bfa50b411ec942f6a58078e6e64"",""fc7a35ec50b411ec942f6a58078e6e64"",""fc8be1b650b411ec942f6a58078e6e64"",""fcfe7742315611ee8d39dea66adbf2a3"",""ff045ca4a2d911eb97dcb29064131379"",""ff144baaa2d911eb97dcb29064131379"",""ff1a73fea2d911eb97dcb29064131379"",""ff21f354a2d911eb97dcb29064131379"",""ff23ca30a2d911eb97dcb29064131379"",""ff246f08a2d911eb97dcb29064131379"",""ff2c70d6a2d911eb97dcb29064131379"",""ff4b6bc4206311eb9a0672114e4cb04e"",""ff811a76206311eb9a0672114e4cb04e""]",e80ab3fb142a5476d4f21795b2a9d07dd2d9f42dddbab050601eb3ac3e815da6,"[""immune_dc"",""ASDC"",""33b8ce5bdff2e437"",277,""e80ab3fb142a5476d4f21795b2a9d07dd2d9f42dddbab050601eb3ac3e815da6""]",1.0,0.5306513409961686,0.7509578544061303,0.024532813745460985,support accounting only,False,False,unique_budget
immune_dc,43,0.01,ASDC,batch_heldout,outputs\immune_dc\batch_heldout_seed43_asdc_rare1pct,success,,verified,33b8ce5bdff2e437,11291,11019,277,5,5,115,130,522,120,"[""08fdbd607b6911eba169da6bd33569f7"",""0aac20f4230f11eca42fde90f8d872f1"",""46c14080488011eaa581ba6d6c7b9f21"",""8f16edcc004311ec9f9f9e190f9f967f"",""cc771da4315611eebf058a4e77219021""]",89bb86ec80fde8890ddb49fec88b617c0c7eff2be8a03de4dec1fbd3599f92a4,"[""immune_dc"",""ASDC"",""33b8ce5bdff2e437"",5,""89bb86ec80fde8890ddb49fec88b617c0c7eff2be8a03de4dec1fbd3599f92a4""]",0.018050541516245487,0.009578544061302681,0.22988505747126436,0.00044283057302276147,support accounting only,False,False,unique_budget
immune_dc,43,0.05,ASDC,batch_heldout,outputs\immune_dc\batch_heldout_seed43_asdc_rare5pct,success,,verified,33b8ce5bdff2e437,11291,11027,277,13,13,115,130,522,128,"[""0830b9204e0211ecb6d06af08aaacff5"",""083aafb64e0211ecb6d06af08aaacff5"",""091c4a467b6911eba169da6bd33569f7"",""45645e0e009211ec9cfa4a5d71d7e302"",""46ac4202488011eaa581ba6d6c7b9f21"",""4b6bcd72746b11eb83a4c235a3a08626"",""5c6c0a7e671c11eda3e6f661d0d2d35c"",""72ce9bea60b111eda69772bc2278a4b2"",""75072368e6ab11eb8f2c6612543f483c"",""7a5ca6847b7711eba2a96a517e35be5d"",""87529f24f02311edabfa3e874280f2b8"",""deed398c48cf11eaacaa42cd98cbd24e"",""f40084cca2e311eb85af52073c383e80""]",99286d1163324ef4c652c166cbd756b54ed98b2ac1675fbbb9c9df3da6a59121,"[""immune_dc"",""ASDC"",""33b8ce5bdff2e437"",13,""99286d1163324ef4c652c166cbd756b54ed98b2ac1675fbbb9c9df3da6a59121""]",0.04693140794223827,0.02490421455938697,0.24521072796934865,0.00115135948985918,support accounting only,False,False,unique_budget
immune_dc,43,0.10,ASDC,batch_heldout,outputs\immune_dc\batch_heldout_seed43_asdc_rare10pct,success,,verified,33b8ce5bdff2e437,11291,11041,277,27,27,115,130,522,142,"[""454b684a009211ec9cfa4a5d71d7e302"",""46ac4202488011eaa581ba6d6c7b9f21"",""4b6bcd72746b11eb83a4c235a3a08626"",""4e594928e6c211ebaddab27930c367f5"",""586f599ce6b411ebaf04befb0a01041d"",""5c1ee556ee8b11eb92fdd69ca687ea48"",""5c76365a7b7a11eb822c3e9d2f0e335e"",""76b99f66f02111ed9eac86c87f637120"",""98000c38e6bd11eb9bb4beec3d5c720e"",""9c3e3ae2748d11eb8ec6c6eb439e4cc3"",""9c5d9a04748d11eb8ec6c6eb439e4cc3"",""a8b72f7a7b6a11ebb395ce76725e8e9a"",""add7ea1abfdc11ebb52a6a8f5d6679fa"",""b5c95438bfd311ebba58d6b31810e4ce"",""d0fff59ee6bc11eb939cb62884aae3d6"",""deed398c48cf11eaacaa42cd98cbd24e"",""e0a0a78c7aba11ebad9a8efd66e37e75"",""e0caad16002a11ec92d04e0e5896d86b"",""e38c8400a2e411eba445862a4d6f2ed3"",""e5e60a4abfdc11eb9564dafd5e7509d4"",""f0cd0a4a50b811ecbd5a96ba759a0a5a"",""f10315e04e0111ecaee2cec740306374"",""f6f823c8f02111ed9882ae50d00ceaab"",""f786588650be11eca58a4e8e993d3e95"",""f8172926ece411eb96e2ee7ff4e83851"",""f973ea363e9611ebb2609e1bd6640354"",""ff4b6bc4206311eb9a0672114e4cb04e""]",d9a0e097f7c7a57bbaa1a2639d9bf3a2523d363d0e170ae2706c727758961ff3,"[""immune_dc"",""ASDC"",""33b8ce5bdff2e437"",27,""d9a0e097f7c7a57bbaa1a2639d9bf3a2523d363d0e170ae2706c727758961ff3""]",0.09747292418772563,0.05172413793103448,0.2720306513409962,0.0023912850943229123,support accounting only,False,False,unique_budget
immune_dc,43,all,ASDC,batch_heldout,outputs\immune_dc\batch_heldout_seed43_asdc_rareall,success,,verified,33b8ce5bdff2e437,11291,11291,277,277,277,115,130,522,392,"[""013c731c3f6b11ebbf0d76c805520688"",""039acc3a60a711edabbabeb8626370eb"",""03aa8c3a608211ed8cb1a608efa7ae49"",""03d0cd10286511ec8289ca5980196c9c"",""03d4a746286511ec8289ca5980196c9c"",""077fddca607c11edaab5d615b513d1d4"",""082364dc4e0211ecb6d06af08aaacff5"",""0830b9204e0211ecb6d06af08aaacff5"",""083aafb64e0211ecb6d06af08aaacff5"",""08fdbd607b6911eba169da6bd33569f7"",""090d72a07b6911eba169da6bd33569f7"",""091c4a467b6911eba169da6bd33569f7"",""0a74062e230f11eca42fde90f8d872f1"",""0aac20f4230f11eca42fde90f8d872f1"",""0ab08da6230f11eca42fde90f8d872f1"",""0b86d4e24e0711eca047fac6813609fb"",""0cd8bfdeecc011eb966bfa1af6d99fe6"",""0e76ea26ece511eb90da8638c33d9c80"",""0eeea97e423211ec89377eaba1724ea7"",""0f547a7a745a11eb9460023cc5433a03"",""0fc71ea84e0311ec8368968167987366"",""0febcbe04e0311ec8368968167987366"",""10fd6bdc671711ed94878208818934b6"",""11a73f64746a11eba6ee4656f02e1fdd"",""126a7bba002d11eca6d20aea4f74aa31"",""12e830a2745311ebbb1cf6a20bf9215d"",""14f2cd56aa9011eda3678a6e266cb381"",""16f05daab4cd11ea930f4a3b0eb254a7"",""19522556608d11edaf347a76ff6a0874"",""202b6ef2aa7d11ed97cc4aa82665cfc4"",""2155f080206511ebab2fd208a121e5d4"",""21577086206511ebab2fd208a121e5d4"",""2320a9b8e6ae11ebb432b26df3e07d33"",""2330b178e6ae11ebb432b26df3e07d33"",""24dfe78c207a11eb99f83ebbcdb12029"",""293cc55aaa6311ed996536bac5d04f15"",""29459586aa6311ed996536bac5d04f15"",""29498894aa6311ed996536bac5d04f15"",""295f112e621611ebbcf5aae23e089b70"",""2a59f59e671911ed9363b630b926424a"",""2ad3fd0c786011ebb2ae32222f568f1d"",""2ae31fda786011eb89635e6022866806"",""2bf27f5c230911ec9bc276af81d82c6c"",""2d9cefbc4e0711ec865c16f89d689413"",""2d9ec6b64e0711ec865c16f89d689413"",""2db64a524e0711ec865c16f89d689413"",""2dbbdd0a4e0711ec865c16f89d689413"",""2f2ad95aa2ce11ebbbe71e4a3e83c3e1"",""2fc62aaaf02311eda3e4863b337a67e7"",""332b7ba850b211ecaf7e5a3fead6fb86"",""35f4dcbc7b7911ebad508aeddc44df84"",""36add25cee8e11ebabf2ca692e64aac6"",""36e17be0ece811eb8566de30ea854391"",""36fdee38ece811eb8566de30ea854391"",""381a3244ece911eb96cace7c85d10469"",""3828faccece911eb96cace7c85d10469"",""3840ce4aece911eb96cace7c85d10469"",""3d53fcc6620c11eb8b61f221ae948d59"",""413a2c6acd1a11ebb6f2f245b555caa7"",""42139d0abfd311eb8ffe429043368bdd"",""441eb57603bc11ec8b03caa2709d8562"",""4435144250ba11ec9ccf362b40e6d4a7"",""454b684a009211ec9cfa4a5d71d7e302"",""45645e0e009211ec9cfa4a5d71d7e302"",""46abb8d2488011eaa581ba6d6c7b9f21"",""46ac4202488011eaa581ba6d6c7b9f21"",""46c14080488011eaa581ba6d6c7b9f21"",""47c9b572315511ee9a247ecfb6ed34be"",""4b48ecd0746b11eb83a4c235a3a08626"",""4b6bcd72746b11eb83a4c235a3a08626"",""4b6f1018746b11eb83a4c235a3a08626"",""4d2b232a230c11eb9e73369c55ceea08"",""4e594928e6c211ebaddab27930c367f5"",""4e6cfad63f6f11eb958d9a3b616bee06"",""4f590702206411eb98abe23235af2ce5"",""4fc2433e286511ec8c0d4aaa4b9002e8"",""519cbdf87abc11eb93fc42a5a6039c14"",""51a0d7d07abc11eb93fc42a5a6039c14"",""5494c2ee495311ea86cade558b2f8879"",""54b6da1e495311ea86cade558b2f8879"",""54cdf6ae495311ea86cade558b2f8879"",""58013ca0746811eb8d8fe2317d9a82dc"",""586f599ce6b411ebaf04befb0a01041d"",""5870725ae6b411ebaf04befb0a01041d"",""58735da8e6b411ebaf04befb0a01041d"",""5c1ee556ee8b11eb92fdd69ca687ea48"",""5c3f85feee8b11eb92fdd69ca687ea48"",""5c5e0ada7b7a11eb822c3e9d2f0e335e"",""5c6c0a7e671c11eda3e6f661d0d2d35c"",""5c76365a7b7a11eb822c3e9d2f0e335e"",""5cfdece648b111ea8fbed2ddb8e0a14a"",""5eca1c04230f11ecacbb465c28d60fa8"",""5ecd21f6230f11ecacbb465c28d60fa8"",""60fec984bfdc11ebb3b5ba265ad50ebc"",""6102afea230f11ecb3808ec5122f277d"",""62ed7ba2e79411ebada4c67e2b686223"",""63b5678ee79411ebbe50c203ad329f89"",""651d0e74009911eca7f7ce4e40ea87f1"",""66282376745311eb89b7ee2f69934f24"",""6638c988745311eb89b7ee2f69934f24"",""663a7a62745311eb89b7ee2f69934f24"",""6644d692745311eb89b7ee2f69934f24"",""667b7c08cd3911ebb08e96e3cb7ab314"",""667e66d87b6e11eb80a1e2efff4d80b3"",""668f581842dc11ec9c335e51af10a502"",""66c51b344e0211ec853ad229c2defbef"",""66eb6c6c4e0211ec853ad229c2defbef"",""67ba2b56609e11eda5fb2a6ba530ec97"",""68753366ecea11eb8ac2be83dc4baba1"",""695d70aae6bd11eb99defa54c4ee54f4"",""6ba3f336648911eb8bba96bafe6b5935"",""6c9798dc608c11ed9b035e2e100c042f"",""6cf55d8848b511ea87c666a4322bd84a"",""6cfb85c848b511ea87c666a4322bd84a"",""6d1ac9c4bfdd11eb9a93b298159eec41"",""6d1bb6a4bfdd11eb9a93b298159eec41"",""6d9f78be3eb811eb83ca221ed6f4a4fb"",""70d4325c48b611eaa65d9e7d578d66f2"",""70d8afda48b611eaa65d9e7d578d66f2"",""72ce9bea60b111eda69772bc2278a4b2"",""72dc40f660b111eda69772bc2278a4b2"",""74bae5e648b611eabab7c676ab45cfca"",""74d7fd2ce6ab11eb8f2c6612543f483c"",""74ebe7e2e6ab11eb8f2c6612543f483c"",""74fc381648b611eabab7c676ab45cfca"",""75072368e6ab11eb8f2c6612543f483c"",""7666c756230911ebaa61d20a4a12f3ba"",""7680ebae230911ebaa61d20a4a12f3ba"",""76b99f66f02111ed9eac86c87f637120"",""79945d6260b011edb17e46fb8f56502c"",""7997117460b011edb17e46fb8f56502c"",""7a5ca6847b7711eba2a96a517e35be5d"",""7a749a8c7b7711eba2a96a517e35be5d"",""82d0234e746b11eba241fa7146609c17"",""87529f24f02311edabfa3e874280f2b8"",""87b763ce50be11ec9bfce201e636867f"",""87cbb32e50be11ec9bfce201e636867f"",""8908e3fc620c11ebae8fee13b7064f0d"",""8980be90286311ecb44ba22865200d72"",""8b5495167b7a11ebbb227ae287962563"",""8b58233e7b7a11ebbb227ae287962563"",""8b6abd327b7a11ebbb227ae287962563"",""8ce47fb27b7111eb97356a557ecd1c7b"",""8cef9adc7b7111eb97356a557ecd1c7b"",""8cf96c067b7111eb97356a557ecd1c7b"",""8ed5b1e0004311ec9f9f9e190f9f967f"",""8f16edcc004311ec9f9f9e190f9f967f"",""9103c3904dfe11ec9cd7da9b7cf4e69b"",""9343defce6b511eb8d2eee95c5d8b7b2"",""95de7c3ce6b811ebbbef16f34851c28c"",""95ea5200e6b811ebbbef16f34851c28c"",""95f5c87ee6b811ebbbef16f34851c28c"",""95fd6962e6b811ebbbef16f34851c28c"",""95fe37dee6b811ebbbef16f34851c28c"",""978d92e6aa7711eda859228a57c00d0f"",""97a222d8aa7711eda859228a57c00d0f"",""97fe0b90e6bd11eb9bb4beec3d5c720e"",""98000c38e6bd11eb9bb4beec3d5c720e"",""9a065b7050b411ec925dc6262e5ecc05"",""9c3e3ae2748d11eb8ec6c6eb439e4cc3"",""9c5d9a04748d11eb8ec6c6eb439e4cc3"",""9c67097c748d11eb8ec6c6eb439e4cc3"",""a03aa712e6b011eb9e5fd64aa79f082e"",""a03e9e94e6b011eb9e5fd64aa79f082e"",""a051a192e6b011eb9e5fd64aa79f082e"",""a1d1b47c424411eca8107e93ffa0dfc3"",""a1e35f88424411eca8107e93ffa0dfc3"",""a1f4b24a230c11eb9e6016fcd894d086"",""a3cd34b2ecbe11ebaad346e0a59e94fd"",""a43bd660aa7211ed811ebaba75e84c7d"",""a444aabaaa7211ed811ebaba75e84c7d"",""a6b92190230f11ec9c429a68027fbf79"",""a82c1fa64e0111ec936b1ac433bb3e99"",""a845fe9e4e0111ec936b1ac433bb3e99"",""a84e1c964e0111ec936b1ac433bb3e99"",""a8b72f7a7b6a11ebb395ce76725e8e9a"",""a902c8e07b6a11ebb395ce76725e8e9a"",""a9a1b160a2db11eb9bf71657d2d52b59"",""a9cdec9ea2db11eb9bf71657d2d52b59"",""adcfe662bfdc11ebb52a6a8f5d6679fa"",""add7ea1abfdc11ebb52a6a8f5d6679fa"",""ae3f9150648411eba2cd623e1f5309fc"",""b2105dbe005b11ecbdc0e203bf65d87d"",""b31fb82a4e0411ecbdc4f6dde42d12bb"",""b33965d64e0411ecbdc4f6dde42d12bb"",""b3443d084e0411ecbdc4f6dde42d12bb"",""b34d8b924e0411ecbdc4f6dde42d12bb"",""b5c95438bfd311ebba58d6b31810e4ce"",""b5d9e48066fb11edba506a9911e98c80"",""b5db89b0bfd211ebafa586d48e1f3db0"",""b8c98cda230f11ecabe4662b93aa8aaf"",""b8d9b6a0a2e011eb8a03ee5dc42b1547"",""b92085604dff11ecb1a91aa839721c60"",""b92651484dff11ecb1a91aa839721c60"",""b92ed6104dff11ecb1a91aa839721c60"",""bc54cadc315811ee8a2232fcea92682e"",""bcdaa8147abc11ebac911e12d1777b84"",""bcdf19627abc11ebac911e12d1777b84"",""bd751b40e6bb11ebbaa13ebd4470af0a"",""be76d2c0b4d711ea8770f2df3194a061"",""be8eb282b4d711ea8770f2df3194a061"",""c45d7cd0206511eb8a65be693a9b0e1c"",""c4654758206511eb8a65be693a9b0e1c"",""c46d3a58206511eb8a65be693a9b0e1c"",""c680bf5c48bd11eab2ee7a6edf799b61"",""c68dd9ee48bd11eab2ee7a6edf799b61"",""c6944cde48bd11eab2ee7a6edf799b61"",""c7d921e6b4dd11eaa4f986c381b5662f"",""c873c292423e11eca0a0c67dc89c8177"",""cc771da4315611eebf058a4e77219021"",""d0f42bf6e6bc11eb939cb62884aae3d6"",""d0fff59ee6bc11eb939cb62884aae3d6"",""d42a077850a211ecb05e625212408fd6"",""d719b920315011eead251600320c0574"",""db7b347abfde11eb9e6d96f9d8b57902"",""db961092bfde11eb9e6d96f9d8b57902"",""dbb9bd58bfde11eb9e6d96f9d8b57902"",""ded472e448cf11eaacaa42cd98cbd24e"",""dedd774048cf11eaacaa42cd98cbd24e"",""deed398c48cf11eaacaa42cd98cbd24e"",""def10a2648cf11eaacaa42cd98cbd24e"",""e0725c747aba11ebad9a8efd66e37e75"",""e07298927aba11ebad9a8efd66e37e75"",""e084f4067aba11ebad9a8efd66e37e75"",""e0a0a78c7aba11ebad9a8efd66e37e75"",""e0c289a67aba11ebad9a8efd66e37e75"",""e0caad16002a11ec92d04e0e5896d86b"",""e0d2172c002a11ec92d04e0e5896d86b"",""e1790546230d11eb995f0a8b9bab73d7"",""e18f022e230d11eb995f0a8b9bab73d7"",""e33ed514e6bb11ebaa8b5a6ca80dcdd4"",""e360d8d0e6bb11ebaa8b5a6ca80dcdd4"",""e38c8400a2e411eba445862a4d6f2ed3"",""e44d5130b54b11eaa79c06097e2fb91a"",""e5e60a4abfdc11eb9564dafd5e7509d4"",""e5fa2912bfdc11eb9564dafd5e7509d4"",""e8524fa2230811eca137ea3e049c58d4"",""e858dae8230811eca137ea3e049c58d4"",""e8709b9c230811eca137ea3e049c58d4"",""e9e4a0ea230811ec89cc0e1df9dfbf1c"",""eab1c9b8608c11edb82ff6b434f2fb76"",""eaca01ae608c11edb82ff6b434f2fb76"",""ead083e4608c11edb82ff6b434f2fb76"",""f0b1f4d050b811ecbd5a96ba759a0a5a"",""f0cd0a4a50b811ecbd5a96ba759a0a5a"",""f0d5e2f04e0111ecaee2cec740306374"",""f0de146650b811ecbd5a96ba759a0a5a"",""f0e1971250b811ecbd5a96ba759a0a5a"",""f10315e04e0111ecaee2cec740306374"",""f1fb99aa746711eb96b76e4cdef221b1"",""f25826e8746711eb96b76e4cdef221b1"",""f31a46dc60bb11eda9ac5293956df3bc"",""f38992c6e8cb11eb83a04ef4860adbcb"",""f40084cca2e311eb85af52073c383e80"",""f4d3dd2aaa9f11ed9aab225a04bc010d"",""f62178103eb611eb951b52cbef2896a9"",""f6f7e5b6f02111ed9882ae50d00ceaab"",""f6f823c8f02111ed9882ae50d00ceaab"",""f786588650be11eca58a4e8e993d3e95"",""f8172926ece411eb96e2ee7ff4e83851"",""f83f9ebaece411eb96e2ee7ff4e83851"",""f973ea363e9611ebb2609e1bd6640354"",""f99ff6443e9611ebb2609e1bd6640354"",""fc64559250b411ec942f6a58078e6e64"",""fc6f9bfa50b411ec942f6a58078e6e64"",""fc7a35ec50b411ec942f6a58078e6e64"",""fc8be1b650b411ec942f6a58078e6e64"",""fcfe7742315611ee8d39dea66adbf2a3"",""ff045ca4a2d911eb97dcb29064131379"",""ff144baaa2d911eb97dcb29064131379"",""ff1a73fea2d911eb97dcb29064131379"",""ff21f354a2d911eb97dcb29064131379"",""ff23ca30a2d911eb97dcb29064131379"",""ff246f08a2d911eb97dcb29064131379"",""ff2c70d6a2d911eb97dcb29064131379"",""ff4b6bc4206311eb9a0672114e4cb04e"",""ff811a76206311eb9a0672114e4cb04e""]",e80ab3fb142a5476d4f21795b2a9d07dd2d9f42dddbab050601eb3ac3e815da6,"[""immune_dc"",""ASDC"",""33b8ce5bdff2e437"",277,""e80ab3fb142a5476d4f21795b2a9d07dd2d9f42dddbab050601eb3ac3e815da6""]",1.0,0.5306513409961686,0.7509578544061303,0.024532813745460985,support accounting only,False,False,unique_budget
immune_dc,44,0.01,ASDC,batch_heldout,outputs\immune_dc\batch_heldout_seed44_asdc_rare1pct,success,,verified,33b8ce5bdff2e437,11291,11019,277,5,5,115,130,522,120,"[""24dfe78c207a11eb99f83ebbcdb12029"",""5c1ee556ee8b11eb92fdd69ca687ea48"",""66c51b344e0211ec853ad229c2defbef"",""e8524fa2230811eca137ea3e049c58d4"",""e8709b9c230811eca137ea3e049c58d4""]",647f9aef0a16a5271aa68fdcbd87ef7114d0c633ae2c52d222672fc4f520422d,"[""immune_dc"",""ASDC"",""33b8ce5bdff2e437"",5,""647f9aef0a16a5271aa68fdcbd87ef7114d0c633ae2c52d222672fc4f520422d""]",0.018050541516245487,0.009578544061302681,0.22988505747126436,0.00044283057302276147,support accounting only,False,False,unique_budget
immune_dc,44,0.05,ASDC,batch_heldout,outputs\immune_dc\batch_heldout_seed44_asdc_rare5pct,success,,verified,33b8ce5bdff2e437,11291,11027,277,13,13,115,130,522,128,"[""077fddca607c11edaab5d615b513d1d4"",""0ab08da6230f11eca42fde90f8d872f1"",""2bf27f5c230911ec9bc276af81d82c6c"",""54cdf6ae495311ea86cade558b2f8879"",""6d1ac9c4bfdd11eb9a93b298159eec41"",""79945d6260b011edb17e46fb8f56502c"",""8ed5b1e0004311ec9f9f9e190f9f967f"",""95f5c87ee6b811ebbbef16f34851c28c"",""a1f4b24a230c11eb9e6016fcd894d086"",""a3cd34b2ecbe11ebaad346e0a59e94fd"",""b34d8b924e0411ecbdc4f6dde42d12bb"",""c7d921e6b4dd11eaa4f986c381b5662f"",""ff811a76206311eb9a0672114e4cb04e""]",5696716a4814530c25c4e7de54eb50f38b53cf72240955cf3e95715176e90856,"[""immune_dc"",""ASDC"",""33b8ce5bdff2e437"",13,""5696716a4814530c25c4e7de54eb50f38b53cf72240955cf3e95715176e90856""]",0.04693140794223827,0.02490421455938697,0.24521072796934865,0.00115135948985918,support accounting only,False,False,unique_budget
immune_dc,44,0.10,ASDC,batch_heldout,outputs\immune_dc\batch_heldout_seed44_asdc_rare10pct,success,,verified,33b8ce5bdff2e437,11291,11041,277,27,27,115,130,522,142,"[""077fddca607c11edaab5d615b513d1d4"",""0b86d4e24e0711eca047fac6813609fb"",""2155f080206511ebab2fd208a121e5d4"",""21577086206511ebab2fd208a121e5d4"",""2330b178e6ae11ebb432b26df3e07d33"",""332b7ba850b211ecaf7e5a3fead6fb86"",""36e17be0ece811eb8566de30ea854391"",""36fdee38ece811eb8566de30ea854391"",""45645e0e009211ec9cfa4a5d71d7e302"",""54cdf6ae495311ea86cade558b2f8879"",""6102afea230f11ecb3808ec5122f277d"",""667e66d87b6e11eb80a1e2efff4d80b3"",""668f581842dc11ec9c335e51af10a502"",""67ba2b56609e11eda5fb2a6ba530ec97"",""695d70aae6bd11eb99defa54c4ee54f4"",""6d9f78be3eb811eb83ca221ed6f4a4fb"",""82d0234e746b11eba241fa7146609c17"",""8ce47fb27b7111eb97356a557ecd1c7b"",""8cf96c067b7111eb97356a557ecd1c7b"",""8f16edcc004311ec9f9f9e190f9f967f"",""a9a1b160a2db11eb9bf71657d2d52b59"",""be8eb282b4d711ea8770f2df3194a061"",""d719b920315011eead251600320c0574"",""e0caad16002a11ec92d04e0e5896d86b"",""eaca01ae608c11edb82ff6b434f2fb76"",""f786588650be11eca58a4e8e993d3e95"",""ff2c70d6a2d911eb97dcb29064131379""]",2a734a05ef09c7f459c2b73c0dddfad9f9c83400af4a5ffdc7a5a1f9d4a27630,"[""immune_dc"",""ASDC"",""33b8ce5bdff2e437"",27,""2a734a05ef09c7f459c2b73c0dddfad9f9c83400af4a5ffdc7a5a1f9d4a27630""]",0.09747292418772563,0.05172413793103448,0.2720306513409962,0.0023912850943229123,support accounting only,False,False,unique_budget
immune_dc,44,all,ASDC,batch_heldout,outputs\immune_dc\batch_heldout_seed44_asdc_rareall,success,,verified,33b8ce5bdff2e437,11291,11291,277,277,277,115,130,522,392,"[""013c731c3f6b11ebbf0d76c805520688"",""039acc3a60a711edabbabeb8626370eb"",""03aa8c3a608211ed8cb1a608efa7ae49"",""03d0cd10286511ec8289ca5980196c9c"",""03d4a746286511ec8289ca5980196c9c"",""077fddca607c11edaab5d615b513d1d4"",""082364dc4e0211ecb6d06af08aaacff5"",""0830b9204e0211ecb6d06af08aaacff5"",""083aafb64e0211ecb6d06af08aaacff5"",""08fdbd607b6911eba169da6bd33569f7"",""090d72a07b6911eba169da6bd33569f7"",""091c4a467b6911eba169da6bd33569f7"",""0a74062e230f11eca42fde90f8d872f1"",""0aac20f4230f11eca42fde90f8d872f1"",""0ab08da6230f11eca42fde90f8d872f1"",""0b86d4e24e0711eca047fac6813609fb"",""0cd8bfdeecc011eb966bfa1af6d99fe6"",""0e76ea26ece511eb90da8638c33d9c80"",""0eeea97e423211ec89377eaba1724ea7"",""0f547a7a745a11eb9460023cc5433a03"",""0fc71ea84e0311ec8368968167987366"",""0febcbe04e0311ec8368968167987366"",""10fd6bdc671711ed94878208818934b6"",""11a73f64746a11eba6ee4656f02e1fdd"",""126a7bba002d11eca6d20aea4f74aa31"",""12e830a2745311ebbb1cf6a20bf9215d"",""14f2cd56aa9011eda3678a6e266cb381"",""16f05daab4cd11ea930f4a3b0eb254a7"",""19522556608d11edaf347a76ff6a0874"",""202b6ef2aa7d11ed97cc4aa82665cfc4"",""2155f080206511ebab2fd208a121e5d4"",""21577086206511ebab2fd208a121e5d4"",""2320a9b8e6ae11ebb432b26df3e07d33"",""2330b178e6ae11ebb432b26df3e07d33"",""24dfe78c207a11eb99f83ebbcdb12029"",""293cc55aaa6311ed996536bac5d04f15"",""29459586aa6311ed996536bac5d04f15"",""29498894aa6311ed996536bac5d04f15"",""295f112e621611ebbcf5aae23e089b70"",""2a59f59e671911ed9363b630b926424a"",""2ad3fd0c786011ebb2ae32222f568f1d"",""2ae31fda786011eb89635e6022866806"",""2bf27f5c230911ec9bc276af81d82c6c"",""2d9cefbc4e0711ec865c16f89d689413"",""2d9ec6b64e0711ec865c16f89d689413"",""2db64a524e0711ec865c16f89d689413"",""2dbbdd0a4e0711ec865c16f89d689413"",""2f2ad95aa2ce11ebbbe71e4a3e83c3e1"",""2fc62aaaf02311eda3e4863b337a67e7"",""332b7ba850b211ecaf7e5a3fead6fb86"",""35f4dcbc7b7911ebad508aeddc44df84"",""36add25cee8e11ebabf2ca692e64aac6"",""36e17be0ece811eb8566de30ea854391"",""36fdee38ece811eb8566de30ea854391"",""381a3244ece911eb96cace7c85d10469"",""3828faccece911eb96cace7c85d10469"",""3840ce4aece911eb96cace7c85d10469"",""3d53fcc6620c11eb8b61f221ae948d59"",""413a2c6acd1a11ebb6f2f245b555caa7"",""42139d0abfd311eb8ffe429043368bdd"",""441eb57603bc11ec8b03caa2709d8562"",""4435144250ba11ec9ccf362b40e6d4a7"",""454b684a009211ec9cfa4a5d71d7e302"",""45645e0e009211ec9cfa4a5d71d7e302"",""46abb8d2488011eaa581ba6d6c7b9f21"",""46ac4202488011eaa581ba6d6c7b9f21"",""46c14080488011eaa581ba6d6c7b9f21"",""47c9b572315511ee9a247ecfb6ed34be"",""4b48ecd0746b11eb83a4c235a3a08626"",""4b6bcd72746b11eb83a4c235a3a08626"",""4b6f1018746b11eb83a4c235a3a08626"",""4d2b232a230c11eb9e73369c55ceea08"",""4e594928e6c211ebaddab27930c367f5"",""4e6cfad63f6f11eb958d9a3b616bee06"",""4f590702206411eb98abe23235af2ce5"",""4fc2433e286511ec8c0d4aaa4b9002e8"",""519cbdf87abc11eb93fc42a5a6039c14"",""51a0d7d07abc11eb93fc42a5a6039c14"",""5494c2ee495311ea86cade558b2f8879"",""54b6da1e495311ea86cade558b2f8879"",""54cdf6ae495311ea86cade558b2f8879"",""58013ca0746811eb8d8fe2317d9a82dc"",""586f599ce6b411ebaf04befb0a01041d"",""5870725ae6b411ebaf04befb0a01041d"",""58735da8e6b411ebaf04befb0a01041d"",""5c1ee556ee8b11eb92fdd69ca687ea48"",""5c3f85feee8b11eb92fdd69ca687ea48"",""5c5e0ada7b7a11eb822c3e9d2f0e335e"",""5c6c0a7e671c11eda3e6f661d0d2d35c"",""5c76365a7b7a11eb822c3e9d2f0e335e"",""5cfdece648b111ea8fbed2ddb8e0a14a"",""5eca1c04230f11ecacbb465c28d60fa8"",""5ecd21f6230f11ecacbb465c28d60fa8"",""60fec984bfdc11ebb3b5ba265ad50ebc"",""6102afea230f11ecb3808ec5122f277d"",""62ed7ba2e79411ebada4c67e2b686223"",""63b5678ee79411ebbe50c203ad329f89"",""651d0e74009911eca7f7ce4e40ea87f1"",""66282376745311eb89b7ee2f69934f24"",""6638c988745311eb89b7ee2f69934f24"",""663a7a62745311eb89b7ee2f69934f24"",""6644d692745311eb89b7ee2f69934f24"",""667b7c08cd3911ebb08e96e3cb7ab314"",""667e66d87b6e11eb80a1e2efff4d80b3"",""668f581842dc11ec9c335e51af10a502"",""66c51b344e0211ec853ad229c2defbef"",""66eb6c6c4e0211ec853ad229c2defbef"",""67ba2b56609e11eda5fb2a6ba530ec97"",""68753366ecea11eb8ac2be83dc4baba1"",""695d70aae6bd11eb99defa54c4ee54f4"",""6ba3f336648911eb8bba96bafe6b5935"",""6c9798dc608c11ed9b035e2e100c042f"",""6cf55d8848b511ea87c666a4322bd84a"",""6cfb85c848b511ea87c666a4322bd84a"",""6d1ac9c4bfdd11eb9a93b298159eec41"",""6d1bb6a4bfdd11eb9a93b298159eec41"",""6d9f78be3eb811eb83ca221ed6f4a4fb"",""70d4325c48b611eaa65d9e7d578d66f2"",""70d8afda48b611eaa65d9e7d578d66f2"",""72ce9bea60b111eda69772bc2278a4b2"",""72dc40f660b111eda69772bc2278a4b2"",""74bae5e648b611eabab7c676ab45cfca"",""74d7fd2ce6ab11eb8f2c6612543f483c"",""74ebe7e2e6ab11eb8f2c6612543f483c"",""74fc381648b611eabab7c676ab45cfca"",""75072368e6ab11eb8f2c6612543f483c"",""7666c756230911ebaa61d20a4a12f3ba"",""7680ebae230911ebaa61d20a4a12f3ba"",""76b99f66f02111ed9eac86c87f637120"",""79945d6260b011edb17e46fb8f56502c"",""7997117460b011edb17e46fb8f56502c"",""7a5ca6847b7711eba2a96a517e35be5d"",""7a749a8c7b7711eba2a96a517e35be5d"",""82d0234e746b11eba241fa7146609c17"",""87529f24f02311edabfa3e874280f2b8"",""87b763ce50be11ec9bfce201e636867f"",""87cbb32e50be11ec9bfce201e636867f"",""8908e3fc620c11ebae8fee13b7064f0d"",""8980be90286311ecb44ba22865200d72"",""8b5495167b7a11ebbb227ae287962563"",""8b58233e7b7a11ebbb227ae287962563"",""8b6abd327b7a11ebbb227ae287962563"",""8ce47fb27b7111eb97356a557ecd1c7b"",""8cef9adc7b7111eb97356a557ecd1c7b"",""8cf96c067b7111eb97356a557ecd1c7b"",""8ed5b1e0004311ec9f9f9e190f9f967f"",""8f16edcc004311ec9f9f9e190f9f967f"",""9103c3904dfe11ec9cd7da9b7cf4e69b"",""9343defce6b511eb8d2eee95c5d8b7b2"",""95de7c3ce6b811ebbbef16f34851c28c"",""95ea5200e6b811ebbbef16f34851c28c"",""95f5c87ee6b811ebbbef16f34851c28c"",""95fd6962e6b811ebbbef16f34851c28c"",""95fe37dee6b811ebbbef16f34851c28c"",""978d92e6aa7711eda859228a57c00d0f"",""97a222d8aa7711eda859228a57c00d0f"",""97fe0b90e6bd11eb9bb4beec3d5c720e"",""98000c38e6bd11eb9bb4beec3d5c720e"",""9a065b7050b411ec925dc6262e5ecc05"",""9c3e3ae2748d11eb8ec6c6eb439e4cc3"",""9c5d9a04748d11eb8ec6c6eb439e4cc3"",""9c67097c748d11eb8ec6c6eb439e4cc3"",""a03aa712e6b011eb9e5fd64aa79f082e"",""a03e9e94e6b011eb9e5fd64aa79f082e"",""a051a192e6b011eb9e5fd64aa79f082e"",""a1d1b47c424411eca8107e93ffa0dfc3"",""a1e35f88424411eca8107e93ffa0dfc3"",""a1f4b24a230c11eb9e6016fcd894d086"",""a3cd34b2ecbe11ebaad346e0a59e94fd"",""a43bd660aa7211ed811ebaba75e84c7d"",""a444aabaaa7211ed811ebaba75e84c7d"",""a6b92190230f11ec9c429a68027fbf79"",""a82c1fa64e0111ec936b1ac433bb3e99"",""a845fe9e4e0111ec936b1ac433bb3e99"",""a84e1c964e0111ec936b1ac433bb3e99"",""a8b72f7a7b6a11ebb395ce76725e8e9a"",""a902c8e07b6a11ebb395ce76725e8e9a"",""a9a1b160a2db11eb9bf71657d2d52b59"",""a9cdec9ea2db11eb9bf71657d2d52b59"",""adcfe662bfdc11ebb52a6a8f5d6679fa"",""add7ea1abfdc11ebb52a6a8f5d6679fa"",""ae3f9150648411eba2cd623e1f5309fc"",""b2105dbe005b11ecbdc0e203bf65d87d"",""b31fb82a4e0411ecbdc4f6dde42d12bb"",""b33965d64e0411ecbdc4f6dde42d12bb"",""b3443d084e0411ecbdc4f6dde42d12bb"",""b34d8b924e0411ecbdc4f6dde42d12bb"",""b5c95438bfd311ebba58d6b31810e4ce"",""b5d9e48066fb11edba506a9911e98c80"",""b5db89b0bfd211ebafa586d48e1f3db0"",""b8c98cda230f11ecabe4662b93aa8aaf"",""b8d9b6a0a2e011eb8a03ee5dc42b1547"",""b92085604dff11ecb1a91aa839721c60"",""b92651484dff11ecb1a91aa839721c60"",""b92ed6104dff11ecb1a91aa839721c60"",""bc54cadc315811ee8a2232fcea92682e"",""bcdaa8147abc11ebac911e12d1777b84"",""bcdf19627abc11ebac911e12d1777b84"",""bd751b40e6bb11ebbaa13ebd4470af0a"",""be76d2c0b4d711ea8770f2df3194a061"",""be8eb282b4d711ea8770f2df3194a061"",""c45d7cd0206511eb8a65be693a9b0e1c"",""c4654758206511eb8a65be693a9b0e1c"",""c46d3a58206511eb8a65be693a9b0e1c"",""c680bf5c48bd11eab2ee7a6edf799b61"",""c68dd9ee48bd11eab2ee7a6edf799b61"",""c6944cde48bd11eab2ee7a6edf799b61"",""c7d921e6b4dd11eaa4f986c381b5662f"",""c873c292423e11eca0a0c67dc89c8177"",""cc771da4315611eebf058a4e77219021"",""d0f42bf6e6bc11eb939cb62884aae3d6"",""d0fff59ee6bc11eb939cb62884aae3d6"",""d42a077850a211ecb05e625212408fd6"",""d719b920315011eead251600320c0574"",""db7b347abfde11eb9e6d96f9d8b57902"",""db961092bfde11eb9e6d96f9d8b57902"",""dbb9bd58bfde11eb9e6d96f9d8b57902"",""ded472e448cf11eaacaa42cd98cbd24e"",""dedd774048cf11eaacaa42cd98cbd24e"",""deed398c48cf11eaacaa42cd98cbd24e"",""def10a2648cf11eaacaa42cd98cbd24e"",""e0725c747aba11ebad9a8efd66e37e75"",""e07298927aba11ebad9a8efd66e37e75"",""e084f4067aba11ebad9a8efd66e37e75"",""e0a0a78c7aba11ebad9a8efd66e37e75"",""e0c289a67aba11ebad9a8efd66e37e75"",""e0caad16002a11ec92d04e0e5896d86b"",""e0d2172c002a11ec92d04e0e5896d86b"",""e1790546230d11eb995f0a8b9bab73d7"",""e18f022e230d11eb995f0a8b9bab73d7"",""e33ed514e6bb11ebaa8b5a6ca80dcdd4"",""e360d8d0e6bb11ebaa8b5a6ca80dcdd4"",""e38c8400a2e411eba445862a4d6f2ed3"",""e44d5130b54b11eaa79c06097e2fb91a"",""e5e60a4abfdc11eb9564dafd5e7509d4"",""e5fa2912bfdc11eb9564dafd5e7509d4"",""e8524fa2230811eca137ea3e049c58d4"",""e858dae8230811eca137ea3e049c58d4"",""e8709b9c230811eca137ea3e049c58d4"",""e9e4a0ea230811ec89cc0e1df9dfbf1c"",""eab1c9b8608c11edb82ff6b434f2fb76"",""eaca01ae608c11edb82ff6b434f2fb76"",""ead083e4608c11edb82ff6b434f2fb76"",""f0b1f4d050b811ecbd5a96ba759a0a5a"",""f0cd0a4a50b811ecbd5a96ba759a0a5a"",""f0d5e2f04e0111ecaee2cec740306374"",""f0de146650b811ecbd5a96ba759a0a5a"",""f0e1971250b811ecbd5a96ba759a0a5a"",""f10315e04e0111ecaee2cec740306374"",""f1fb99aa746711eb96b76e4cdef221b1"",""f25826e8746711eb96b76e4cdef221b1"",""f31a46dc60bb11eda9ac5293956df3bc"",""f38992c6e8cb11eb83a04ef4860adbcb"",""f40084cca2e311eb85af52073c383e80"",""f4d3dd2aaa9f11ed9aab225a04bc010d"",""f62178103eb611eb951b52cbef2896a9"",""f6f7e5b6f02111ed9882ae50d00ceaab"",""f6f823c8f02111ed9882ae50d00ceaab"",""f786588650be11eca58a4e8e993d3e95"",""f8172926ece411eb96e2ee7ff4e83851"",""f83f9ebaece411eb96e2ee7ff4e83851"",""f973ea363e9611ebb2609e1bd6640354"",""f99ff6443e9611ebb2609e1bd6640354"",""fc64559250b411ec942f6a58078e6e64"",""fc6f9bfa50b411ec942f6a58078e6e64"",""fc7a35ec50b411ec942f6a58078e6e64"",""fc8be1b650b411ec942f6a58078e6e64"",""fcfe7742315611ee8d39dea66adbf2a3"",""ff045ca4a2d911eb97dcb29064131379"",""ff144baaa2d911eb97dcb29064131379"",""ff1a73fea2d911eb97dcb29064131379"",""ff21f354a2d911eb97dcb29064131379"",""ff23ca30a2d911eb97dcb29064131379"",""ff246f08a2d911eb97dcb29064131379"",""ff2c70d6a2d911eb97dcb29064131379"",""ff4b6bc4206311eb9a0672114e4cb04e"",""ff811a76206311eb9a0672114e4cb04e""]",e80ab3fb142a5476d4f21795b2a9d07dd2d9f42dddbab050601eb3ac3e815da6,"[""immune_dc"",""ASDC"",""33b8ce5bdff2e437"",277,""e80ab3fb142a5476d4f21795b2a9d07dd2d9f42dddbab050601eb3ac3e815da6""]",1.0,0.5306513409961686,0.7509578544061303,0.024532813745460985,support accounting only,False,False,unique_budget
pancreas_baron,42,0.01,gamma,batch_heldout,outputs\pancreas_baron\batch_heldout_seed42_gamma_rare1pct,success,,verified,507baa4fe66b76ae,5542,5441,106,5,5,63,86,255,68,"[""donor1_1080"",""donor1_1116"",""donor1_1879"",""donor1_351"",""donor3_1063""]",91c14127c42187d198761b2fe29cd7815caf706dfe582cc16f94eb9fc6dd09e4,"[""pancreas_baron"",""gamma"",""507baa4fe66b76ae"",5,""91c14127c42187d198761b2fe29cd7815caf706dfe582cc16f94eb9fc6dd09e4""]",0.04716981132075472,0.0196078431372549,0.26666666666666666,0.0009022013713460845,support accounting only,True,True,identity_collapse
pancreas_baron,42,0.05,gamma,batch_heldout,outputs\pancreas_baron\batch_heldout_seed42_gamma_rare5pct,success,,verified,507baa4fe66b76ae,5542,5441,106,5,5,63,86,255,68,"[""donor1_1080"",""donor1_1116"",""donor1_1879"",""donor1_351"",""donor3_1063""]",91c14127c42187d198761b2fe29cd7815caf706dfe582cc16f94eb9fc6dd09e4,"[""pancreas_baron"",""gamma"",""507baa4fe66b76ae"",5,""91c14127c42187d198761b2fe29cd7815caf706dfe582cc16f94eb9fc6dd09e4""]",0.04716981132075472,0.0196078431372549,0.26666666666666666,0.0009022013713460845,support accounting only,True,True,identity_collapse
pancreas_baron,42,0.10,gamma,batch_heldout,outputs\pancreas_baron\batch_heldout_seed42_gamma_rare10pct,success,,verified,507baa4fe66b76ae,5542,5446,106,10,10,63,86,255,73,"[""donor1_1067"",""donor1_1664"",""donor1_312"",""donor1_351"",""donor1_478"",""donor3_2144"",""donor3_3386"",""donor3_3487"",""donor3_511"",""donor3_732""]",d86a1cee15778924f072107a50c3bc9a56438d7b40cc313f96966bcc5dbcc3fb,"[""pancreas_baron"",""gamma"",""507baa4fe66b76ae"",10,""d86a1cee15778924f072107a50c3bc9a56438d7b40cc313f96966bcc5dbcc3fb""]",0.09433962264150944,0.0392156862745098,0.28627450980392155,0.001804402742692169,support accounting only,False,False,unique_budget
pancreas_baron,42,all,gamma,batch_heldout,outputs\pancreas_baron\batch_heldout_seed42_gamma_rareall,success,,verified,507baa4fe66b76ae,5542,5542,106,106,106,63,86,255,169,"[""donor1_1023"",""donor1_1025"",""donor1_1041"",""donor1_1067"",""donor1_1074"",""donor1_1080"",""donor1_1116"",""donor1_1121"",""donor1_1150"",""donor1_1373"",""donor1_1387"",""donor1_1445"",""donor1_1456"",""donor1_1507"",""donor1_1533"",""donor1_1536"",""donor1_1556"",""donor1_1558"",""donor1_1604"",""donor1_1611"",""donor1_1616"",""donor1_162"",""donor1_1620"",""donor1_1638"",""donor1_1647"",""donor1_1664"",""donor1_1674"",""donor1_1696"",""donor1_1768"",""donor1_1879"",""donor1_1891"",""donor1_196"",""donor1_221"",""donor1_255"",""donor1_264"",""donor1_276"",""donor1_300"",""donor1_307"",""donor1_312"",""donor1_351"",""donor1_353"",""donor1_361"",""donor1_366"",""donor1_372"",""donor1_387"",""donor1_402"",""donor1_420"",""donor1_425"",""donor1_430"",""donor1_453"",""donor1_475"",""donor1_478"",""donor1_483"",""donor1_510"",""donor1_515"",""donor1_520"",""donor1_599"",""donor1_769"",""donor1_793"",""donor1_800"",""donor1_831"",""donor1_837"",""donor1_855"",""donor1_901"",""donor1_904"",""donor1_907"",""donor1_921"",""donor1_931"",""donor1_946"",""donor1_995"",""donor3_1017"",""donor3_1063"",""donor3_1075"",""donor3_1111"",""donor3_1276"",""donor3_1328"",""donor3_1492"",""donor3_1684"",""donor3_2008"",""donor3_2144"",""donor3_2255"",""donor3_2300"",""donor3_2333"",""donor3_2385"",""donor3_2452"",""donor3_2559"",""donor3_2925"",""donor3_2966"",""donor3_3107"",""donor3_3156"",""donor3_3273"",""donor3_3328"",""donor3_3386"",""donor3_3457"",""donor3_3487"",""donor3_3490"",""donor3_3491"",""donor3_3522"",""donor3_455"",""donor3_501"",""donor3_511"",""donor3_562"",""donor3_642"",""donor3_732"",""donor3_767"",""donor3_860""]",8dfb4dd19ceaa1ab45feb7c70086bb21ac49cd50b303415151629660f7a9b3af,"[""pancreas_baron"",""gamma"",""507baa4fe66b76ae"",106,""8dfb4dd19ceaa1ab45feb7c70086bb21ac49cd50b303415151629660f7a9b3af""]",1.0,0.41568627450980394,0.6627450980392157,0.01912666907253699,support accounting only,False,False,unique_budget
pancreas_baron,43,0.01,gamma,batch_heldout,outputs\pancreas_baron\batch_heldout_seed43_gamma_rare1pct,success,,verified,507baa4fe66b76ae,5542,5441,106,5,5,63,86,255,68,"[""donor1_1025"",""donor1_1445"",""donor1_1620"",""donor1_1768"",""donor1_264""]",7af4f6da1c598503afb8841d731c6337f3c7f6846b4ed2f06c452882530ce734,"[""pancreas_baron"",""gamma"",""507baa4fe66b76ae"",5,""7af4f6da1c598503afb8841d731c6337f3c7f6846b4ed2f06c452882530ce734""]",0.04716981132075472,0.0196078431372549,0.26666666666666666,0.0009022013713460845,support accounting only,True,True,identity_collapse
pancreas_baron,43,0.05,gamma,batch_heldout,outputs\pancreas_baron\batch_heldout_seed43_gamma_rare5pct,success,,verified,507baa4fe66b76ae,5542,5441,106,5,5,63,86,255,68,"[""donor1_1025"",""donor1_1445"",""donor1_1620"",""donor1_1768"",""donor1_264""]",7af4f6da1c598503afb8841d731c6337f3c7f6846b4ed2f06c452882530ce734,"[""pancreas_baron"",""gamma"",""507baa4fe66b76ae"",5,""7af4f6da1c598503afb8841d731c6337f3c7f6846b4ed2f06c452882530ce734""]",0.04716981132075472,0.0196078431372549,0.26666666666666666,0.0009022013713460845,support accounting only,True,True,identity_collapse
pancreas_baron,43,0.10,gamma,batch_heldout,outputs\pancreas_baron\batch_heldout_seed43_gamma_rare10pct,success,,verified,507baa4fe66b76ae,5542,5446,106,10,10,63,86,255,73,"[""donor1_1150"",""donor1_1373"",""donor1_1604"",""donor1_1638"",""donor1_1647"",""donor1_221"",""donor1_264"",""donor1_793"",""donor1_995"",""donor3_2144""]",62cf506b31a1c94f259fe893c5db61e271a3566a3da6e7df0bb5fcb1ba7242a8,"[""pancreas_baron"",""gamma"",""507baa4fe66b76ae"",10,""62cf506b31a1c94f259fe893c5db61e271a3566a3da6e7df0bb5fcb1ba7242a8""]",0.09433962264150944,0.0392156862745098,0.28627450980392155,0.001804402742692169,support accounting only,False,False,unique_budget
pancreas_baron,43,all,gamma,batch_heldout,outputs\pancreas_baron\batch_heldout_seed43_gamma_rareall,success,,verified,507baa4fe66b76ae,5542,5542,106,106,106,63,86,255,169,"[""donor1_1023"",""donor1_1025"",""donor1_1041"",""donor1_1067"",""donor1_1074"",""donor1_1080"",""donor1_1116"",""donor1_1121"",""donor1_1150"",""donor1_1373"",""donor1_1387"",""donor1_1445"",""donor1_1456"",""donor1_1507"",""donor1_1533"",""donor1_1536"",""donor1_1556"",""donor1_1558"",""donor1_1604"",""donor1_1611"",""donor1_1616"",""donor1_162"",""donor1_1620"",""donor1_1638"",""donor1_1647"",""donor1_1664"",""donor1_1674"",""donor1_1696"",""donor1_1768"",""donor1_1879"",""donor1_1891"",""donor1_196"",""donor1_221"",""donor1_255"",""donor1_264"",""donor1_276"",""donor1_300"",""donor1_307"",""donor1_312"",""donor1_351"",""donor1_353"",""donor1_361"",""donor1_366"",""donor1_372"",""donor1_387"",""donor1_402"",""donor1_420"",""donor1_425"",""donor1_430"",""donor1_453"",""donor1_475"",""donor1_478"",""donor1_483"",""donor1_510"",""donor1_515"",""donor1_520"",""donor1_599"",""donor1_769"",""donor1_793"",""donor1_800"",""donor1_831"",""donor1_837"",""donor1_855"",""donor1_901"",""donor1_904"",""donor1_907"",""donor1_921"",""donor1_931"",""donor1_946"",""donor1_995"",""donor3_1017"",""donor3_1063"",""donor3_1075"",""donor3_1111"",""donor3_1276"",""donor3_1328"",""donor3_1492"",""donor3_1684"",""donor3_2008"",""donor3_2144"",""donor3_2255"",""donor3_2300"",""donor3_2333"",""donor3_2385"",""donor3_2452"",""donor3_2559"",""donor3_2925"",""donor3_2966"",""donor3_3107"",""donor3_3156"",""donor3_3273"",""donor3_3328"",""donor3_3386"",""donor3_3457"",""donor3_3487"",""donor3_3490"",""donor3_3491"",""donor3_3522"",""donor3_455"",""donor3_501"",""donor3_511"",""donor3_562"",""donor3_642"",""donor3_732"",""donor3_767"",""donor3_860""]",8dfb4dd19ceaa1ab45feb7c70086bb21ac49cd50b303415151629660f7a9b3af,"[""pancreas_baron"",""gamma"",""507baa4fe66b76ae"",106,""8dfb4dd19ceaa1ab45feb7c70086bb21ac49cd50b303415151629660f7a9b3af""]",1.0,0.41568627450980394,0.6627450980392157,0.01912666907253699,support accounting only,False,False,unique_budget
pancreas_baron,44,0.01,gamma,batch_heldout,outputs\pancreas_baron\batch_heldout_seed44_gamma_rare1pct,success,,verified,507baa4fe66b76ae,5542,5441,106,5,5,63,86,255,68,"[""donor1_1879"",""donor1_366"",""donor1_769"",""donor3_1684"",""donor3_455""]",cd9e347cb4e0f600448824330abd92487002dfa9c2d43ad805faafe376d9a07e,"[""pancreas_baron"",""gamma"",""507baa4fe66b76ae"",5,""cd9e347cb4e0f600448824330abd92487002dfa9c2d43ad805faafe376d9a07e""]",0.04716981132075472,0.0196078431372549,0.26666666666666666,0.0009022013713460845,support accounting only,True,True,identity_collapse
pancreas_baron,44,0.05,gamma,batch_heldout,outputs\pancreas_baron\batch_heldout_seed44_gamma_rare5pct,success,,verified,507baa4fe66b76ae,5542,5441,106,5,5,63,86,255,68,"[""donor1_1879"",""donor1_366"",""donor1_769"",""donor3_1684"",""donor3_455""]",cd9e347cb4e0f600448824330abd92487002dfa9c2d43ad805faafe376d9a07e,"[""pancreas_baron"",""gamma"",""507baa4fe66b76ae"",5,""cd9e347cb4e0f600448824330abd92487002dfa9c2d43ad805faafe376d9a07e""]",0.04716981132075472,0.0196078431372549,0.26666666666666666,0.0009022013713460845,support accounting only,True,True,identity_collapse
pancreas_baron,44,0.10,gamma,batch_heldout,outputs\pancreas_baron\batch_heldout_seed44_gamma_rare10pct,success,,verified,507baa4fe66b76ae,5542,5446,106,10,10,63,86,255,73,"[""donor1_1025"",""donor1_1556"",""donor1_1664"",""donor1_1768"",""donor1_351"",""donor1_366"",""donor1_425"",""donor1_520"",""donor3_1111"",""donor3_3386""]",4babf0fc31ac32cb04880a738a3b9116672ee5a0f675dfd75af2d4fd3306595c,"[""pancreas_baron"",""gamma"",""507baa4fe66b76ae"",10,""4babf0fc31ac32cb04880a738a3b9116672ee5a0f675dfd75af2d4fd3306595c""]",0.09433962264150944,0.0392156862745098,0.28627450980392155,0.001804402742692169,support accounting only,False,False,unique_budget
pancreas_baron,44,all,gamma,batch_heldout,outputs\pancreas_baron\batch_heldout_seed44_gamma_rareall,success,,verified,507baa4fe66b76ae,5542,5542,106,106,106,63,86,255,169,"[""donor1_1023"",""donor1_1025"",""donor1_1041"",""donor1_1067"",""donor1_1074"",""donor1_1080"",""donor1_1116"",""donor1_1121"",""donor1_1150"",""donor1_1373"",""donor1_1387"",""donor1_1445"",""donor1_1456"",""donor1_1507"",""donor1_1533"",""donor1_1536"",""donor1_1556"",""donor1_1558"",""donor1_1604"",""donor1_1611"",""donor1_1616"",""donor1_162"",""donor1_1620"",""donor1_1638"",""donor1_1647"",""donor1_1664"",""donor1_1674"",""donor1_1696"",""donor1_1768"",""donor1_1879"",""donor1_1891"",""donor1_196"",""donor1_221"",""donor1_255"",""donor1_264"",""donor1_276"",""donor1_300"",""donor1_307"",""donor1_312"",""donor1_351"",""donor1_353"",""donor1_361"",""donor1_366"",""donor1_372"",""donor1_387"",""donor1_402"",""donor1_420"",""donor1_425"",""donor1_430"",""donor1_453"",""donor1_475"",""donor1_478"",""donor1_483"",""donor1_510"",""donor1_515"",""donor1_520"",""donor1_599"",""donor1_769"",""donor1_793"",""donor1_800"",""donor1_831"",""donor1_837"",""donor1_855"",""donor1_901"",""donor1_904"",""donor1_907"",""donor1_921"",""donor1_931"",""donor1_946"",""donor1_995"",""donor3_1017"",""donor3_1063"",""donor3_1075"",""donor3_1111"",""donor3_1276"",""donor3_1328"",""donor3_1492"",""donor3_1684"",""donor3_2008"",""donor3_2144"",""donor3_2255"",""donor3_2300"",""donor3_2333"",""donor3_2385"",""donor3_2452"",""donor3_2559"",""donor3_2925"",""donor3_2966"",""donor3_3107"",""donor3_3156"",""donor3_3273"",""donor3_3328"",""donor3_3386"",""donor3_3457"",""donor3_3487"",""donor3_3490"",""donor3_3491"",""donor3_3522"",""donor3_455"",""donor3_501"",""donor3_511"",""donor3_562"",""donor3_642"",""donor3_732"",""donor3_767"",""donor3_860""]",8dfb4dd19ceaa1ab45feb7c70086bb21ac49cd50b303415151629660f7a9b3af,"[""pancreas_baron"",""gamma"",""507baa4fe66b76ae"",106,""8dfb4dd19ceaa1ab45feb7c70086bb21ac49cd50b303415151629660f7a9b3af""]",1.0,0.41568627450980394,0.6627450980392157,0.01912666907253699,support accounting only,False,False,unique_budget
pancreas_integrated,42,0.01,endothelial,batch_heldout,outputs\pancreas_integrated\batch_heldout_seed42_endothelial_rare1pct,success,,verified,2373a4f6ec6225a2,7936,7698,243,5,5,7,23,273,12,"[""human1_lib1.final_cell_0188"",""human1_lib2.final_cell_0596"",""human1_lib2.final_cell_0607"",""human3_lib1.final_cell_0633"",""human3_lib2.final_cell_0647""]",03277edf821b344e8b2f0ef53c88affce67c77df8a090c9ac5294c31c4f18080,"[""pancreas_integrated"",""endothelial"",""2373a4f6ec6225a2"",5,""03277edf821b344e8b2f0ef53c88affce67c77df8a090c9ac5294c31c4f18080""]",0.0205761316872428,0.018315018315018316,0.04395604395604396,0.0006300403225806451,support accounting only,False,False,unique_budget
pancreas_integrated,42,0.05,endothelial,batch_heldout,outputs\pancreas_integrated\batch_heldout_seed42_endothelial_rare5pct,success,,verified,2373a4f6ec6225a2,7936,7705,243,12,12,7,23,273,19,"[""HP1525301T2D_P15"",""human1_lib1.final_cell_0218"",""human1_lib1.final_cell_0505"",""human1_lib2.final_cell_0578"",""human1_lib2.final_cell_0584"",""human1_lib3.final_cell_0552"",""human3_lib1.final_cell_0436"",""human3_lib1.final_cell_0760"",""human3_lib1.final_cell_0897"",""human3_lib3.final_cell_0438"",""human3_lib4.final_cell_0818"",""human3_lib4.final_cell_0887""]",c3df48297ac9ad0cff1f1b7e7d96ffc01c33f538d4e1b1bd3596760bf47850a4,"[""pancreas_integrated"",""endothelial"",""2373a4f6ec6225a2"",12,""c3df48297ac9ad0cff1f1b7e7d96ffc01c33f538d4e1b1bd3596760bf47850a4""]",0.04938271604938271,0.04395604395604396,0.0695970695970696,0.0015120967741935483,support accounting only,False,False,unique_budget
pancreas_integrated,42,0.10,endothelial,batch_heldout,outputs\pancreas_integrated\batch_heldout_seed42_endothelial_rare10pct,success,,verified,2373a4f6ec6225a2,7936,7717,243,24,24,7,23,273,31,"[""HP1509101_G21"",""human1_lib1.final_cell_0188"",""human1_lib1.final_cell_0376"",""human1_lib1.final_cell_0463"",""human1_lib1.final_cell_0464"",""human1_lib2.final_cell_0505"",""human1_lib2.final_cell_0566"",""human1_lib2.final_cell_0568"",""human1_lib2.final_cell_0610"",""human1_lib3.final_cell_0499"",""human1_lib3.final_cell_0510"",""human1_lib3.final_cell_0694"",""human3_lib1.final_cell_0662"",""human3_lib1.final_cell_0774"",""human3_lib1.final_cell_0823"",""human3_lib1.final_cell_0824"",""human3_lib1.final_cell_0884"",""human3_lib2.final_cell_0544"",""human3_lib2.final_cell_0857"",""human3_lib3.final_cell_0292"",""human3_lib3.final_cell_0925"",""human3_lib4.final_cell_0550"",""human3_lib4.final_cell_0726"",""human3_lib4.final_cell_0887""]",d1150c292e94762d2befd3c7c94696984ce7dc619fbf498dd3ae0c74b32a566b,"[""pancreas_integrated"",""endothelial"",""2373a4f6ec6225a2"",24,""d1150c292e94762d2befd3c7c94696984ce7dc619fbf498dd3ae0c74b32a566b""]",0.09876543209876543,0.08791208791208792,0.11355311355311355,0.0030241935483870967,support accounting only,False,False,unique_budget
pancreas_integrated,42,all,endothelial,batch_heldout,outputs\pancreas_integrated\batch_heldout_seed42_endothelial_rareall,success,,verified,2373a4f6ec6225a2,7936,7936,243,243,243,7,23,273,250,"[""HP1502401_I12"",""HP1504101T2D_C1"",""HP1504901_A23"",""HP1504901_D4"",""HP1504901_E2"",""HP1504901_F16"",""HP1504901_G10"",""HP1504901_I17"",""HP1504901_P18"",""HP1504901_P3"",""HP1507101_D10"",""HP1507101_P20"",""HP1508501T2D_K18"",""HP1509101_F23"",""HP1509101_G21"",""HP1509101_H17"",""HP1509101_I17"",""HP1509101_K5"",""HP1509101_L18"",""HP1509101_P14"",""HP1525301T2D_P15"",""human1_lib1.final_cell_0188"",""human1_lib1.final_cell_0218"",""human1_lib1.final_cell_0250"",""human1_lib1.final_cell_0273"",""human1_lib1.final_cell_0289"",""human1_lib1.final_cell_0302"",""human1_lib1.final_cell_0319"",""human1_lib1.final_cell_0355"",""human1_lib1.final_cell_0361"",""human1_lib1.final_cell_0376"",""human1_lib1.final_cell_0380"",""human1_lib1.final_cell_0383"",""human1_lib1.final_cell_0384"",""human1_lib1.final_cell_0408"",""human1_lib1.final_cell_0411"",""human1_lib1.final_cell_0419"",""human1_lib1.final_cell_0420"",""human1_lib1.final_cell_0422"",""human1_lib1.final_cell_0423"",""human1_lib1.final_cell_0430"",""human1_lib1.final_cell_0445"",""human1_lib1.final_cell_0456"",""human1_lib1.final_cell_0457"",""human1_lib1.final_cell_0463"",""human1_lib1.final_cell_0464"",""human1_lib1.final_cell_0498"",""human1_lib1.final_cell_0499"",""human1_lib1.final_cell_0505"",""human1_lib1.final_cell_0509"",""human1_lib1.final_cell_0515"",""human1_lib1.final_cell_0520"",""human1_lib1.final_cell_0526"",""human1_lib1.final_cell_0530"",""human1_lib1.final_cell_0532"",""human1_lib1.final_cell_0534"",""human1_lib1.final_cell_0537"",""human1_lib1.final_cell_0538"",""human1_lib1.final_cell_0540"",""human1_lib1.final_cell_0545"",""human1_lib1.final_cell_0548"",""human1_lib1.final_cell_0552"",""human1_lib1.final_cell_0554"",""human1_lib1.final_cell_0558"",""human1_lib1.final_cell_0561"",""human1_lib1.final_cell_0562"",""human1_lib1.final_cell_0564"",""human1_lib1.final_cell_0565"",""human1_lib2.final_cell_0019"",""human1_lib2.final_cell_0093"",""human1_lib2.final_cell_0232"",""human1_lib2.final_cell_0241"",""human1_lib2.final_cell_0254"",""human1_lib2.final_cell_0293"",""human1_lib2.final_cell_0313"",""human1_lib2.final_cell_0372"",""human1_lib2.final_cell_0418"",""human1_lib2.final_cell_0424"",""human1_lib2.final_cell_0425"",""human1_lib2.final_cell_0452"",""human1_lib2.final_cell_0461"",""human1_lib2.final_cell_0466"",""human1_lib2.final_cell_0470"",""human1_lib2.final_cell_0472"",""human1_lib2.final_cell_0476"",""human1_lib2.final_cell_0487"",""human1_lib2.final_cell_0488"",""human1_lib2.final_cell_0490"",""human1_lib2.final_cell_0491"",""human1_lib2.final_cell_0505"",""human1_lib2.final_cell_0517"",""human1_lib2.final_cell_0520"",""human1_lib2.final_cell_0530"",""human1_lib2.final_cell_0539"",""human1_lib2.final_cell_0550"",""human1_lib2.final_cell_0559"",""human1_lib2.final_cell_0566"",""human1_lib2.final_cell_0568"",""human1_lib2.final_cell_0569"",""human1_lib2.final_cell_0570"",""human1_lib2.final_cell_0571"",""human1_lib2.final_cell_0577"",""human1_lib2.final_cell_0578"",""human1_lib2.final_cell_0584"",""human1_lib2.final_cell_0590"",""human1_lib2.final_cell_0596"",""human1_lib2.final_cell_0607"",""human1_lib2.final_cell_0610"",""human1_lib2.final_cell_0611"",""human1_lib2.final_cell_0618"",""human1_lib2.final_cell_0619"",""human1_lib2.final_cell_0620"",""human1_lib2.final_cell_0622"",""human1_lib2.final_cell_0626"",""human1_lib3.final_cell_0189"",""human1_lib3.final_cell_0223"",""human1_lib3.final_cell_0351"",""human1_lib3.final_cell_0429"",""human1_lib3.final_cell_0431"",""human1_lib3.final_cell_0449"",""human1_lib3.final_cell_0499"",""human1_lib3.final_cell_0510"",""human1_lib3.final_cell_0511"",""human1_lib3.final_cell_0519"",""human1_lib3.final_cell_0523"",""human1_lib3.final_cell_0533"",""human1_lib3.final_cell_0544"",""human1_lib3.final_cell_0552"",""human1_lib3.final_cell_0569"",""human1_lib3.final_cell_0575"",""human1_lib3.final_cell_0589"",""human1_lib3.final_cell_0590"",""human1_lib3.final_cell_0602"",""human1_lib3.final_cell_0604"",""human1_lib3.final_cell_0615"",""human1_lib3.final_cell_0618"",""human1_lib3.final_cell_0621"",""human1_lib3.final_cell_0625"",""human1_lib3.final_cell_0627"",""human1_lib3.final_cell_0649"",""human1_lib3.final_cell_0664"",""human1_lib3.final_cell_0671"",""human1_lib3.final_cell_0673"",""human1_lib3.final_cell_0676"",""human1_lib3.final_cell_0681"",""human1_lib3.final_cell_0694"",""human1_lib3.final_cell_0710"",""human1_lib3.final_cell_0711"",""human1_lib3.final_cell_0720"",""human1_lib3.final_cell_0736"",""human1_lib3.final_cell_0738"",""human3_lib1.final_cell_0071"",""human3_lib1.final_cell_0320"",""human3_lib1.final_cell_0436"",""human3_lib1.final_cell_0501"",""human3_lib1.final_cell_0520"",""human3_lib1.final_cell_0605"",""human3_lib1.final_cell_0633"",""human3_lib1.final_cell_0662"",""human3_lib1.final_cell_0697"",""human3_lib1.final_cell_0720"",""human3_lib1.final_cell_0725"",""human3_lib1.final_cell_0734"",""human3_lib1.final_cell_0739"",""human3_lib1.final_cell_0740"",""human3_lib1.final_cell_0754"",""human3_lib1.final_cell_0760"",""human3_lib1.final_cell_0774"",""human3_lib1.final_cell_0786"",""human3_lib1.final_cell_0798"",""human3_lib1.final_cell_0823"",""human3_lib1.final_cell_0824"",""human3_lib1.final_cell_0831"",""human3_lib1.final_cell_0853"",""human3_lib1.final_cell_0855"",""human3_lib1.final_cell_0863"",""human3_lib1.final_cell_0864"",""human3_lib1.final_cell_0884"",""human3_lib1.final_cell_0891"",""human3_lib1.final_cell_0896"",""human3_lib1.final_cell_0897"",""human3_lib2.final_cell_0373"",""human3_lib2.final_cell_0429"",""human3_lib2.final_cell_0530"",""human3_lib2.final_cell_0544"",""human3_lib2.final_cell_0647"",""human3_lib2.final_cell_0659"",""human3_lib2.final_cell_0766"",""human3_lib2.final_cell_0803"",""human3_lib2.final_cell_0817"",""human3_lib2.final_cell_0819"",""human3_lib2.final_cell_0846"",""human3_lib2.final_cell_0856"",""human3_lib2.final_cell_0857"",""human3_lib2.final_cell_0858"",""human3_lib2.final_cell_0869"",""human3_lib2.final_cell_0870"",""human3_lib3.final_cell_0146"",""human3_lib3.final_cell_0213"",""human3_lib3.final_cell_0292"",""human3_lib3.final_cell_0311"",""human3_lib3.final_cell_0375"",""human3_lib3.final_cell_0433"",""human3_lib3.final_cell_0438"",""human3_lib3.final_cell_0447"",""human3_lib3.final_cell_0517"",""human3_lib3.final_cell_0596"",""human3_lib3.final_cell_0639"",""human3_lib3.final_cell_0744"",""human3_lib3.final_cell_0774"",""human3_lib3.final_cell_0807"",""human3_lib3.final_cell_0816"",""human3_lib3.final_cell_0822"",""human3_lib3.final_cell_0835"",""human3_lib3.final_cell_0841"",""human3_lib3.final_cell_0860"",""human3_lib3.final_cell_0863"",""human3_lib3.final_cell_0882"",""human3_lib3.final_cell_0889"",""human3_lib3.final_cell_0898"",""human3_lib3.final_cell_0904"",""human3_lib3.final_cell_0913"",""human3_lib3.final_cell_0919"",""human3_lib3.final_cell_0922"",""human3_lib3.final_cell_0923"",""human3_lib3.final_cell_0925"",""human3_lib3.final_cell_0931"",""human3_lib3.final_cell_0933"",""human3_lib4.final_cell_0377"",""human3_lib4.final_cell_0393"",""human3_lib4.final_cell_0550"",""human3_lib4.final_cell_0572"",""human3_lib4.final_cell_0603"",""human3_lib4.final_cell_0613"",""human3_lib4.final_cell_0705"",""human3_lib4.final_cell_0726"",""human3_lib4.final_cell_0753"",""human3_lib4.final_cell_0818"",""human3_lib4.final_cell_0842"",""human3_lib4.final_cell_0844"",""human3_lib4.final_cell_0847"",""human3_lib4.final_cell_0876"",""human3_lib4.final_cell_0887""]",45a4996b89897c8894ebde5e1d7d238ccdccd5c9ab39f7f7d514dd495b1cc3b8,"[""pancreas_integrated"",""endothelial"",""2373a4f6ec6225a2"",243,""45a4996b89897c8894ebde5e1d7d238ccdccd5c9ab39f7f7d514dd495b1cc3b8""]",1.0,0.8901098901098901,0.9157509157509157,0.030619959677419355,support accounting only,False,False,unique_budget
pancreas_integrated,43,0.01,endothelial,batch_heldout,outputs\pancreas_integrated\batch_heldout_seed43_endothelial_rare1pct,success,,verified,2373a4f6ec6225a2,7936,7698,243,5,5,7,23,273,12,"[""HP1507101_D10"",""human1_lib2.final_cell_0566"",""human1_lib3.final_cell_0499"",""human1_lib3.final_cell_0664"",""human3_lib1.final_cell_0605""]",9a03e5aff3d10f4f6336e98732ba34a9ace481ed3ad1159c938c4a1132b05be6,"[""pancreas_integrated"",""endothelial"",""2373a4f6ec6225a2"",5,""9a03e5aff3d10f4f6336e98732ba34a9ace481ed3ad1159c938c4a1132b05be6""]",0.0205761316872428,0.018315018315018316,0.04395604395604396,0.0006300403225806451,support accounting only,False,False,unique_budget
pancreas_integrated,43,0.05,endothelial,batch_heldout,outputs\pancreas_integrated\batch_heldout_seed43_endothelial_rare5pct,success,,verified,2373a4f6ec6225a2,7936,7705,243,12,12,7,23,273,19,"[""HP1504901_A23"",""HP1507101_D10"",""human1_lib1.final_cell_0532"",""human1_lib1.final_cell_0562"",""human1_lib2.final_cell_0539"",""human1_lib2.final_cell_0620"",""human1_lib3.final_cell_0429"",""human1_lib3.final_cell_0621"",""human1_lib3.final_cell_0671"",""human3_lib1.final_cell_0071"",""human3_lib3.final_cell_0311"",""human3_lib4.final_cell_0613""]",8de3b551ba3e91401fb92abced14cee7f47afd3603fe84841be80fd3f4f340a6,"[""pancreas_integrated"",""endothelial"",""2373a4f6ec6225a2"",12,""8de3b551ba3e91401fb92abced14cee7f47afd3603fe84841be80fd3f4f340a6""]",0.04938271604938271,0.04395604395604396,0.0695970695970696,0.0015120967741935483,support accounting only,False,False,unique_budget
pancreas_integrated,43,0.10,endothelial,batch_heldout,outputs\pancreas_integrated\batch_heldout_seed43_endothelial_rare10pct,success,,verified,2373a4f6ec6225a2,7936,7717,243,24,24,7,23,273,31,"[""HP1504901_A23"",""HP1504901_E2"",""human1_lib1.final_cell_0411"",""human1_lib1.final_cell_0520"",""human1_lib1.final_cell_0552"",""human1_lib1.final_cell_0554"",""human1_lib1.final_cell_0561"",""human1_lib2.final_cell_0491"",""human1_lib2.final_cell_0505"",""human1_lib2.final_cell_0550"",""human1_lib2.final_cell_0570"",""human1_lib2.final_cell_0596"",""human1_lib2.final_cell_0610"",""human1_lib2.final_cell_0620"",""human1_lib3.final_cell_0575"",""human1_lib3.final_cell_0615"",""human1_lib3.final_cell_0681"",""human3_lib1.final_cell_0320"",""human3_lib1.final_cell_0863"",""human3_lib2.final_cell_0819"",""human3_lib2.final_cell_0870"",""human3_lib3.final_cell_0863"",""human3_lib3.final_cell_0913"",""human3_lib4.final_cell_0550""]",8623132c05cdb9f8444dc4147fa5f981585d45843359abe89382fcc9231b40b8,"[""pancreas_integrated"",""endothelial"",""2373a4f6ec6225a2"",24,""8623132c05cdb9f8444dc4147fa5f981585d45843359abe89382fcc9231b40b8""]",0.09876543209876543,0.08791208791208792,0.11355311355311355,0.0030241935483870967,support accounting only,False,False,unique_budget
pancreas_integrated,43,all,endothelial,batch_heldout,outputs\pancreas_integrated\batch_heldout_seed43_endothelial_rareall,success,,verified,2373a4f6ec6225a2,7936,7936,243,243,243,7,23,273,250,"[""HP1502401_I12"",""HP1504101T2D_C1"",""HP1504901_A23"",""HP1504901_D4"",""HP1504901_E2"",""HP1504901_F16"",""HP1504901_G10"",""HP1504901_I17"",""HP1504901_P18"",""HP1504901_P3"",""HP1507101_D10"",""HP1507101_P20"",""HP1508501T2D_K18"",""HP1509101_F23"",""HP1509101_G21"",""HP1509101_H17"",""HP1509101_I17"",""HP1509101_K5"",""HP1509101_L18"",""HP1509101_P14"",""HP1525301T2D_P15"",""human1_lib1.final_cell_0188"",""human1_lib1.final_cell_0218"",""human1_lib1.final_cell_0250"",""human1_lib1.final_cell_0273"",""human1_lib1.final_cell_0289"",""human1_lib1.final_cell_0302"",""human1_lib1.final_cell_0319"",""human1_lib1.final_cell_0355"",""human1_lib1.final_cell_0361"",""human1_lib1.final_cell_0376"",""human1_lib1.final_cell_0380"",""human1_lib1.final_cell_0383"",""human1_lib1.final_cell_0384"",""human1_lib1.final_cell_0408"",""human1_lib1.final_cell_0411"",""human1_lib1.final_cell_0419"",""human1_lib1.final_cell_0420"",""human1_lib1.final_cell_0422"",""human1_lib1.final_cell_0423"",""human1_lib1.final_cell_0430"",""human1_lib1.final_cell_0445"",""human1_lib1.final_cell_0456"",""human1_lib1.final_cell_0457"",""human1_lib1.final_cell_0463"",""human1_lib1.final_cell_0464"",""human1_lib1.final_cell_0498"",""human1_lib1.final_cell_0499"",""human1_lib1.final_cell_0505"",""human1_lib1.final_cell_0509"",""human1_lib1.final_cell_0515"",""human1_lib1.final_cell_0520"",""human1_lib1.final_cell_0526"",""human1_lib1.final_cell_0530"",""human1_lib1.final_cell_0532"",""human1_lib1.final_cell_0534"",""human1_lib1.final_cell_0537"",""human1_lib1.final_cell_0538"",""human1_lib1.final_cell_0540"",""human1_lib1.final_cell_0545"",""human1_lib1.final_cell_0548"",""human1_lib1.final_cell_0552"",""human1_lib1.final_cell_0554"",""human1_lib1.final_cell_0558"",""human1_lib1.final_cell_0561"",""human1_lib1.final_cell_0562"",""human1_lib1.final_cell_0564"",""human1_lib1.final_cell_0565"",""human1_lib2.final_cell_0019"",""human1_lib2.final_cell_0093"",""human1_lib2.final_cell_0232"",""human1_lib2.final_cell_0241"",""human1_lib2.final_cell_0254"",""human1_lib2.final_cell_0293"",""human1_lib2.final_cell_0313"",""human1_lib2.final_cell_0372"",""human1_lib2.final_cell_0418"",""human1_lib2.final_cell_0424"",""human1_lib2.final_cell_0425"",""human1_lib2.final_cell_0452"",""human1_lib2.final_cell_0461"",""human1_lib2.final_cell_0466"",""human1_lib2.final_cell_0470"",""human1_lib2.final_cell_0472"",""human1_lib2.final_cell_0476"",""human1_lib2.final_cell_0487"",""human1_lib2.final_cell_0488"",""human1_lib2.final_cell_0490"",""human1_lib2.final_cell_0491"",""human1_lib2.final_cell_0505"",""human1_lib2.final_cell_0517"",""human1_lib2.final_cell_0520"",""human1_lib2.final_cell_0530"",""human1_lib2.final_cell_0539"",""human1_lib2.final_cell_0550"",""human1_lib2.final_cell_0559"",""human1_lib2.final_cell_0566"",""human1_lib2.final_cell_0568"",""human1_lib2.final_cell_0569"",""human1_lib2.final_cell_0570"",""human1_lib2.final_cell_0571"",""human1_lib2.final_cell_0577"",""human1_lib2.final_cell_0578"",""human1_lib2.final_cell_0584"",""human1_lib2.final_cell_0590"",""human1_lib2.final_cell_0596"",""human1_lib2.final_cell_0607"",""human1_lib2.final_cell_0610"",""human1_lib2.final_cell_0611"",""human1_lib2.final_cell_0618"",""human1_lib2.final_cell_0619"",""human1_lib2.final_cell_0620"",""human1_lib2.final_cell_0622"",""human1_lib2.final_cell_0626"",""human1_lib3.final_cell_0189"",""human1_lib3.final_cell_0223"",""human1_lib3.final_cell_0351"",""human1_lib3.final_cell_0429"",""human1_lib3.final_cell_0431"",""human1_lib3.final_cell_0449"",""human1_lib3.final_cell_0499"",""human1_lib3.final_cell_0510"",""human1_lib3.final_cell_0511"",""human1_lib3.final_cell_0519"",""human1_lib3.final_cell_0523"",""human1_lib3.final_cell_0533"",""human1_lib3.final_cell_0544"",""human1_lib3.final_cell_0552"",""human1_lib3.final_cell_0569"",""human1_lib3.final_cell_0575"",""human1_lib3.final_cell_0589"",""human1_lib3.final_cell_0590"",""human1_lib3.final_cell_0602"",""human1_lib3.final_cell_0604"",""human1_lib3.final_cell_0615"",""human1_lib3.final_cell_0618"",""human1_lib3.final_cell_0621"",""human1_lib3.final_cell_0625"",""human1_lib3.final_cell_0627"",""human1_lib3.final_cell_0649"",""human1_lib3.final_cell_0664"",""human1_lib3.final_cell_0671"",""human1_lib3.final_cell_0673"",""human1_lib3.final_cell_0676"",""human1_lib3.final_cell_0681"",""human1_lib3.final_cell_0694"",""human1_lib3.final_cell_0710"",""human1_lib3.final_cell_0711"",""human1_lib3.final_cell_0720"",""human1_lib3.final_cell_0736"",""human1_lib3.final_cell_0738"",""human3_lib1.final_cell_0071"",""human3_lib1.final_cell_0320"",""human3_lib1.final_cell_0436"",""human3_lib1.final_cell_0501"",""human3_lib1.final_cell_0520"",""human3_lib1.final_cell_0605"",""human3_lib1.final_cell_0633"",""human3_lib1.final_cell_0662"",""human3_lib1.final_cell_0697"",""human3_lib1.final_cell_0720"",""human3_lib1.final_cell_0725"",""human3_lib1.final_cell_0734"",""human3_lib1.final_cell_0739"",""human3_lib1.final_cell_0740"",""human3_lib1.final_cell_0754"",""human3_lib1.final_cell_0760"",""human3_lib1.final_cell_0774"",""human3_lib1.final_cell_0786"",""human3_lib1.final_cell_0798"",""human3_lib1.final_cell_0823"",""human3_lib1.final_cell_0824"",""human3_lib1.final_cell_0831"",""human3_lib1.final_cell_0853"",""human3_lib1.final_cell_0855"",""human3_lib1.final_cell_0863"",""human3_lib1.final_cell_0864"",""human3_lib1.final_cell_0884"",""human3_lib1.final_cell_0891"",""human3_lib1.final_cell_0896"",""human3_lib1.final_cell_0897"",""human3_lib2.final_cell_0373"",""human3_lib2.final_cell_0429"",""human3_lib2.final_cell_0530"",""human3_lib2.final_cell_0544"",""human3_lib2.final_cell_0647"",""human3_lib2.final_cell_0659"",""human3_lib2.final_cell_0766"",""human3_lib2.final_cell_0803"",""human3_lib2.final_cell_0817"",""human3_lib2.final_cell_0819"",""human3_lib2.final_cell_0846"",""human3_lib2.final_cell_0856"",""human3_lib2.final_cell_0857"",""human3_lib2.final_cell_0858"",""human3_lib2.final_cell_0869"",""human3_lib2.final_cell_0870"",""human3_lib3.final_cell_0146"",""human3_lib3.final_cell_0213"",""human3_lib3.final_cell_0292"",""human3_lib3.final_cell_0311"",""human3_lib3.final_cell_0375"",""human3_lib3.final_cell_0433"",""human3_lib3.final_cell_0438"",""human3_lib3.final_cell_0447"",""human3_lib3.final_cell_0517"",""human3_lib3.final_cell_0596"",""human3_lib3.final_cell_0639"",""human3_lib3.final_cell_0744"",""human3_lib3.final_cell_0774"",""human3_lib3.final_cell_0807"",""human3_lib3.final_cell_0816"",""human3_lib3.final_cell_0822"",""human3_lib3.final_cell_0835"",""human3_lib3.final_cell_0841"",""human3_lib3.final_cell_0860"",""human3_lib3.final_cell_0863"",""human3_lib3.final_cell_0882"",""human3_lib3.final_cell_0889"",""human3_lib3.final_cell_0898"",""human3_lib3.final_cell_0904"",""human3_lib3.final_cell_0913"",""human3_lib3.final_cell_0919"",""human3_lib3.final_cell_0922"",""human3_lib3.final_cell_0923"",""human3_lib3.final_cell_0925"",""human3_lib3.final_cell_0931"",""human3_lib3.final_cell_0933"",""human3_lib4.final_cell_0377"",""human3_lib4.final_cell_0393"",""human3_lib4.final_cell_0550"",""human3_lib4.final_cell_0572"",""human3_lib4.final_cell_0603"",""human3_lib4.final_cell_0613"",""human3_lib4.final_cell_0705"",""human3_lib4.final_cell_0726"",""human3_lib4.final_cell_0753"",""human3_lib4.final_cell_0818"",""human3_lib4.final_cell_0842"",""human3_lib4.final_cell_0844"",""human3_lib4.final_cell_0847"",""human3_lib4.final_cell_0876"",""human3_lib4.final_cell_0887""]",45a4996b89897c8894ebde5e1d7d238ccdccd5c9ab39f7f7d514dd495b1cc3b8,"[""pancreas_integrated"",""endothelial"",""2373a4f6ec6225a2"",243,""45a4996b89897c8894ebde5e1d7d238ccdccd5c9ab39f7f7d514dd495b1cc3b8""]",1.0,0.8901098901098901,0.9157509157509157,0.030619959677419355,support accounting only,False,False,unique_budget
pancreas_integrated,44,0.01,endothelial,batch_heldout,outputs\pancreas_integrated\batch_heldout_seed44_endothelial_rare1pct,success,,verified,2373a4f6ec6225a2,7936,7698,243,5,5,7,23,273,12,"[""human1_lib1.final_cell_0361"",""human1_lib1.final_cell_0554"",""human3_lib1.final_cell_0697"",""human3_lib1.final_cell_0725"",""human3_lib3.final_cell_0146""]",5a096829621975cb4e5f80d445af601df0463bdc488c46ef3fe7c9e15d792b4a,"[""pancreas_integrated"",""endothelial"",""2373a4f6ec6225a2"",5,""5a096829621975cb4e5f80d445af601df0463bdc488c46ef3fe7c9e15d792b4a""]",0.0205761316872428,0.018315018315018316,0.04395604395604396,0.0006300403225806451,support accounting only,False,False,unique_budget
pancreas_integrated,44,0.05,endothelial,batch_heldout,outputs\pancreas_integrated\batch_heldout_seed44_endothelial_rare5pct,success,,verified,2373a4f6ec6225a2,7936,7705,243,12,12,7,23,273,19,"[""human1_lib1.final_cell_0188"",""human1_lib1.final_cell_0355"",""human1_lib1.final_cell_0423"",""human1_lib1.final_cell_0548"",""human1_lib2.final_cell_0566"",""human1_lib3.final_cell_0569"",""human3_lib1.final_cell_0501"",""human3_lib1.final_cell_0633"",""human3_lib2.final_cell_0846"",""human3_lib3.final_cell_0744"",""human3_lib4.final_cell_0572"",""human3_lib4.final_cell_0847""]",00d3e6540e6ea3aa0be396c712ffab70e5b346b80054bf1151a23669a0d6609b,"[""pancreas_integrated"",""endothelial"",""2373a4f6ec6225a2"",12,""00d3e6540e6ea3aa0be396c712ffab70e5b346b80054bf1151a23669a0d6609b""]",0.04938271604938271,0.04395604395604396,0.0695970695970696,0.0015120967741935483,support accounting only,False,False,unique_budget
pancreas_integrated,44,0.10,endothelial,batch_heldout,outputs\pancreas_integrated\batch_heldout_seed44_endothelial_rare10pct,success,,verified,2373a4f6ec6225a2,7936,7717,243,24,24,7,23,273,31,"[""HP1504901_A23"",""HP1509101_G21"",""human1_lib1.final_cell_0250"",""human1_lib1.final_cell_0319"",""human1_lib1.final_cell_0420"",""human1_lib1.final_cell_0538"",""human1_lib2.final_cell_0452"",""human1_lib2.final_cell_0517"",""human1_lib2.final_cell_0520"",""human1_lib2.final_cell_0550"",""human1_lib2.final_cell_0570"",""human1_lib2.final_cell_0607"",""human1_lib3.final_cell_0510"",""human1_lib3.final_cell_0710"",""human1_lib3.final_cell_0711"",""human1_lib3.final_cell_0736"",""human3_lib1.final_cell_0720"",""human3_lib1.final_cell_0855"",""human3_lib2.final_cell_0373"",""human3_lib3.final_cell_0213"",""human3_lib3.final_cell_0904"",""human3_lib4.final_cell_0377"",""human3_lib4.final_cell_0550"",""human3_lib4.final_cell_0603""]",9749e0aede85c354c2c1910e60f2ca93cd579894f18cecc5bcb9af574f15a62c,"[""pancreas_integrated"",""endothelial"",""2373a4f6ec6225a2"",24,""9749e0aede85c354c2c1910e60f2ca93cd579894f18cecc5bcb9af574f15a62c""]",0.09876543209876543,0.08791208791208792,0.11355311355311355,0.0030241935483870967,support accounting only,False,False,unique_budget
pancreas_integrated,44,all,endothelial,batch_heldout,outputs\pancreas_integrated\batch_heldout_seed44_endothelial_rareall,success,,verified,2373a4f6ec6225a2,7936,7936,243,243,243,7,23,273,250,"[""HP1502401_I12"",""HP1504101T2D_C1"",""HP1504901_A23"",""HP1504901_D4"",""HP1504901_E2"",""HP1504901_F16"",""HP1504901_G10"",""HP1504901_I17"",""HP1504901_P18"",""HP1504901_P3"",""HP1507101_D10"",""HP1507101_P20"",""HP1508501T2D_K18"",""HP1509101_F23"",""HP1509101_G21"",""HP1509101_H17"",""HP1509101_I17"",""HP1509101_K5"",""HP1509101_L18"",""HP1509101_P14"",""HP1525301T2D_P15"",""human1_lib1.final_cell_0188"",""human1_lib1.final_cell_0218"",""human1_lib1.final_cell_0250"",""human1_lib1.final_cell_0273"",""human1_lib1.final_cell_0289"",""human1_lib1.final_cell_0302"",""human1_lib1.final_cell_0319"",""human1_lib1.final_cell_0355"",""human1_lib1.final_cell_0361"",""human1_lib1.final_cell_0376"",""human1_lib1.final_cell_0380"",""human1_lib1.final_cell_0383"",""human1_lib1.final_cell_0384"",""human1_lib1.final_cell_0408"",""human1_lib1.final_cell_0411"",""human1_lib1.final_cell_0419"",""human1_lib1.final_cell_0420"",""human1_lib1.final_cell_0422"",""human1_lib1.final_cell_0423"",""human1_lib1.final_cell_0430"",""human1_lib1.final_cell_0445"",""human1_lib1.final_cell_0456"",""human1_lib1.final_cell_0457"",""human1_lib1.final_cell_0463"",""human1_lib1.final_cell_0464"",""human1_lib1.final_cell_0498"",""human1_lib1.final_cell_0499"",""human1_lib1.final_cell_0505"",""human1_lib1.final_cell_0509"",""human1_lib1.final_cell_0515"",""human1_lib1.final_cell_0520"",""human1_lib1.final_cell_0526"",""human1_lib1.final_cell_0530"",""human1_lib1.final_cell_0532"",""human1_lib1.final_cell_0534"",""human1_lib1.final_cell_0537"",""human1_lib1.final_cell_0538"",""human1_lib1.final_cell_0540"",""human1_lib1.final_cell_0545"",""human1_lib1.final_cell_0548"",""human1_lib1.final_cell_0552"",""human1_lib1.final_cell_0554"",""human1_lib1.final_cell_0558"",""human1_lib1.final_cell_0561"",""human1_lib1.final_cell_0562"",""human1_lib1.final_cell_0564"",""human1_lib1.final_cell_0565"",""human1_lib2.final_cell_0019"",""human1_lib2.final_cell_0093"",""human1_lib2.final_cell_0232"",""human1_lib2.final_cell_0241"",""human1_lib2.final_cell_0254"",""human1_lib2.final_cell_0293"",""human1_lib2.final_cell_0313"",""human1_lib2.final_cell_0372"",""human1_lib2.final_cell_0418"",""human1_lib2.final_cell_0424"",""human1_lib2.final_cell_0425"",""human1_lib2.final_cell_0452"",""human1_lib2.final_cell_0461"",""human1_lib2.final_cell_0466"",""human1_lib2.final_cell_0470"",""human1_lib2.final_cell_0472"",""human1_lib2.final_cell_0476"",""human1_lib2.final_cell_0487"",""human1_lib2.final_cell_0488"",""human1_lib2.final_cell_0490"",""human1_lib2.final_cell_0491"",""human1_lib2.final_cell_0505"",""human1_lib2.final_cell_0517"",""human1_lib2.final_cell_0520"",""human1_lib2.final_cell_0530"",""human1_lib2.final_cell_0539"",""human1_lib2.final_cell_0550"",""human1_lib2.final_cell_0559"",""human1_lib2.final_cell_0566"",""human1_lib2.final_cell_0568"",""human1_lib2.final_cell_0569"",""human1_lib2.final_cell_0570"",""human1_lib2.final_cell_0571"",""human1_lib2.final_cell_0577"",""human1_lib2.final_cell_0578"",""human1_lib2.final_cell_0584"",""human1_lib2.final_cell_0590"",""human1_lib2.final_cell_0596"",""human1_lib2.final_cell_0607"",""human1_lib2.final_cell_0610"",""human1_lib2.final_cell_0611"",""human1_lib2.final_cell_0618"",""human1_lib2.final_cell_0619"",""human1_lib2.final_cell_0620"",""human1_lib2.final_cell_0622"",""human1_lib2.final_cell_0626"",""human1_lib3.final_cell_0189"",""human1_lib3.final_cell_0223"",""human1_lib3.final_cell_0351"",""human1_lib3.final_cell_0429"",""human1_lib3.final_cell_0431"",""human1_lib3.final_cell_0449"",""human1_lib3.final_cell_0499"",""human1_lib3.final_cell_0510"",""human1_lib3.final_cell_0511"",""human1_lib3.final_cell_0519"",""human1_lib3.final_cell_0523"",""human1_lib3.final_cell_0533"",""human1_lib3.final_cell_0544"",""human1_lib3.final_cell_0552"",""human1_lib3.final_cell_0569"",""human1_lib3.final_cell_0575"",""human1_lib3.final_cell_0589"",""human1_lib3.final_cell_0590"",""human1_lib3.final_cell_0602"",""human1_lib3.final_cell_0604"",""human1_lib3.final_cell_0615"",""human1_lib3.final_cell_0618"",""human1_lib3.final_cell_0621"",""human1_lib3.final_cell_0625"",""human1_lib3.final_cell_0627"",""human1_lib3.final_cell_0649"",""human1_lib3.final_cell_0664"",""human1_lib3.final_cell_0671"",""human1_lib3.final_cell_0673"",""human1_lib3.final_cell_0676"",""human1_lib3.final_cell_0681"",""human1_lib3.final_cell_0694"",""human1_lib3.final_cell_0710"",""human1_lib3.final_cell_0711"",""human1_lib3.final_cell_0720"",""human1_lib3.final_cell_0736"",""human1_lib3.final_cell_0738"",""human3_lib1.final_cell_0071"",""human3_lib1.final_cell_0320"",""human3_lib1.final_cell_0436"",""human3_lib1.final_cell_0501"",""human3_lib1.final_cell_0520"",""human3_lib1.final_cell_0605"",""human3_lib1.final_cell_0633"",""human3_lib1.final_cell_0662"",""human3_lib1.final_cell_0697"",""human3_lib1.final_cell_0720"",""human3_lib1.final_cell_0725"",""human3_lib1.final_cell_0734"",""human3_lib1.final_cell_0739"",""human3_lib1.final_cell_0740"",""human3_lib1.final_cell_0754"",""human3_lib1.final_cell_0760"",""human3_lib1.final_cell_0774"",""human3_lib1.final_cell_0786"",""human3_lib1.final_cell_0798"",""human3_lib1.final_cell_0823"",""human3_lib1.final_cell_0824"",""human3_lib1.final_cell_0831"",""human3_lib1.final_cell_0853"",""human3_lib1.final_cell_0855"",""human3_lib1.final_cell_0863"",""human3_lib1.final_cell_0864"",""human3_lib1.final_cell_0884"",""human3_lib1.final_cell_0891"",""human3_lib1.final_cell_0896"",""human3_lib1.final_cell_0897"",""human3_lib2.final_cell_0373"",""human3_lib2.final_cell_0429"",""human3_lib2.final_cell_0530"",""human3_lib2.final_cell_0544"",""human3_lib2.final_cell_0647"",""human3_lib2.final_cell_0659"",""human3_lib2.final_cell_0766"",""human3_lib2.final_cell_0803"",""human3_lib2.final_cell_0817"",""human3_lib2.final_cell_0819"",""human3_lib2.final_cell_0846"",""human3_lib2.final_cell_0856"",""human3_lib2.final_cell_0857"",""human3_lib2.final_cell_0858"",""human3_lib2.final_cell_0869"",""human3_lib2.final_cell_0870"",""human3_lib3.final_cell_0146"",""human3_lib3.final_cell_0213"",""human3_lib3.final_cell_0292"",""human3_lib3.final_cell_0311"",""human3_lib3.final_cell_0375"",""human3_lib3.final_cell_0433"",""human3_lib3.final_cell_0438"",""human3_lib3.final_cell_0447"",""human3_lib3.final_cell_0517"",""human3_lib3.final_cell_0596"",""human3_lib3.final_cell_0639"",""human3_lib3.final_cell_0744"",""human3_lib3.final_cell_0774"",""human3_lib3.final_cell_0807"",""human3_lib3.final_cell_0816"",""human3_lib3.final_cell_0822"",""human3_lib3.final_cell_0835"",""human3_lib3.final_cell_0841"",""human3_lib3.final_cell_0860"",""human3_lib3.final_cell_0863"",""human3_lib3.final_cell_0882"",""human3_lib3.final_cell_0889"",""human3_lib3.final_cell_0898"",""human3_lib3.final_cell_0904"",""human3_lib3.final_cell_0913"",""human3_lib3.final_cell_0919"",""human3_lib3.final_cell_0922"",""human3_lib3.final_cell_0923"",""human3_lib3.final_cell_0925"",""human3_lib3.final_cell_0931"",""human3_lib3.final_cell_0933"",""human3_lib4.final_cell_0377"",""human3_lib4.final_cell_0393"",""human3_lib4.final_cell_0550"",""human3_lib4.final_cell_0572"",""human3_lib4.final_cell_0603"",""human3_lib4.final_cell_0613"",""human3_lib4.final_cell_0705"",""human3_lib4.final_cell_0726"",""human3_lib4.final_cell_0753"",""human3_lib4.final_cell_0818"",""human3_lib4.final_cell_0842"",""human3_lib4.final_cell_0844"",""human3_lib4.final_cell_0847"",""human3_lib4.final_cell_0876"",""human3_lib4.final_cell_0887""]",45a4996b89897c8894ebde5e1d7d238ccdccd5c9ab39f7f7d514dd495b1cc3b8,"[""pancreas_integrated"",""endothelial"",""2373a4f6ec6225a2"",243,""45a4996b89897c8894ebde5e1d7d238ccdccd5c9ab39f7f7d514dd495b1cc3b8""]",1.0,0.8901098901098901,0.9157509157509157,0.030619959677419355,support accounting only,False,False,unique_budget
tabula_lung_endo,42,0.01,endothelial cell of lymphatic vessel,batch_heldout,outputs\tabula_lung_endo\batch_heldout_seed42_endothelial_cell_of_lymphatic_vessel_rare1pct,success,,verified,da9ffbdf489ba7b0,7464,7261,208,5,5,34,65,307,39,"[""TSP25_Lung_Distal_10X_1_1_TTTCACATCCGTAGTA"",""TSP25_Lung_Distal_10X_2_1_CTGCATCTCCAACCAA"",""TSP25_Lung_Proximal_10X_1_1_CCCTCTCAGTAATCCC"",""TSP25_Lung_Proximal_10X_1_1_TGCAGGCGTGACTGAG"",""TSP25_Lung_Proximal_10X_2_1_TCCGAAATCGCGTAGC""]",87ea0921df73a49a8754e5e8e2dbde0834cf146418192ede2c5d950e8bd65c55,"[""tabula_lung_endo"",""endothelial cell of lymphatic vessel"",""da9ffbdf489ba7b0"",5,""87ea0921df73a49a8754e5e8e2dbde0834cf146418192ede2c5d950e8bd65c55""]",0.02403846153846154,0.016286644951140065,0.1270358306188925,0.0006698821007502679,support accounting only,False,False,unique_budget
tabula_lung_endo,42,0.05,endothelial cell of lymphatic vessel,batch_heldout,outputs\tabula_lung_endo\batch_heldout_seed42_endothelial_cell_of_lymphatic_vessel_rare5pct,success,,verified,da9ffbdf489ba7b0,7464,7266,208,10,10,34,65,307,44,"[""TSP25_Lung_Distal_10X_1_1_CGAAGGATCGCTTACC"",""TSP25_Lung_Distal_10X_1_1_TGTGGCGGTGATCATC"",""TSP25_Lung_Distal_10X_2_1_CCGGTGATCTCGTTTA"",""TSP25_Lung_Distal_10X_2_1_CGAGTTAGTTAGGACG"",""TSP25_Lung_Proximal_10X_1_1_CATGGTAGTACCCACG"",""TSP25_Lung_Proximal_10X_1_1_GGAACCCGTGAACGGT"",""TSP25_Lung_Proximal_10X_1_1_TCAAGACGTTTCAGAC"",""TSP25_Lung_Proximal_10X_2_1_TCAGCAACAAGGTCGA"",""TSP25_Lung_Proximal_10X_2_1_TGCACGGTCTGAACGT"",""TSP2_Lung_proxmedialdistal_10X_1_1_GGTGGCTAGTTGGAAT""]",dcd1961ab19527e4de74453b2c9bed36ce38cba107d5be40500d44ebf31874d4,"[""tabula_lung_endo"",""endothelial cell of lymphatic vessel"",""da9ffbdf489ba7b0"",10,""dcd1961ab19527e4de74453b2c9bed36ce38cba107d5be40500d44ebf31874d4""]",0.04807692307692308,0.03257328990228013,0.14332247557003258,0.0013397642015005359,support accounting only,False,False,unique_budget
tabula_lung_endo,42,0.10,endothelial cell of lymphatic vessel,batch_heldout,outputs\tabula_lung_endo\batch_heldout_seed42_endothelial_cell_of_lymphatic_vessel_rare10pct,success,,verified,da9ffbdf489ba7b0,7464,7276,208,20,20,34,65,307,54,"[""TSP25_Lung_Distal_10X_1_1_AGACCATTCGTCGATA"",""TSP25_Lung_Distal_10X_1_1_CCTGTTGGTAACGCGA"",""TSP25_Lung_Distal_10X_1_1_TACCGGGGTTTGGAGG"",""TSP25_Lung_Distal_10X_1_1_TCAGCCTTCTGTCAGA"",""TSP25_Lung_Distal_10X_1_1_TGAGCGCCAAGTTTGC"",""TSP25_Lung_Distal_10X_2_1_CATGCCTCAGCCGGTT"",""TSP25_Lung_Distal_10X_2_1_CCGAACGCAACGTAAA"",""TSP25_Lung_Distal_10X_2_1_GACTTCCAGGTGGCTA"",""TSP25_Lung_Distal_10X_2_1_GTGCTGGGTGATACAA"",""TSP25_Lung_Distal_10X_2_1_GTTCTATAGATCGGTG"",""TSP25_Lung_Proximal_10X_1_1_AGAGAATCACCAAAGG"",""TSP25_Lung_Proximal_10X_1_1_GAACACTCAGATACCT"",""TSP25_Lung_Proximal_10X_1_1_GGGATCCCACACCAGC"",""TSP25_Lung_Proximal_10X_1_1_TAACCAGAGGTATAGT"",""TSP25_Lung_Proximal_10X_1_1_TATTGCTCACATGTTG"",""TSP25_Lung_Proximal_10X_1_1_TGTCCACTCCAGCCTT"",""TSP25_Lung_Proximal_10X_2_1_TCACGCTAGGAAACGA"",""TSP25_Lung_Proximal_10X_2_1_TCCGAAATCGCGTAGC"",""TSP2_Lung_proxmedialdistal_10X_1_1_ATTCTACCAACACGAG"",""TSP2_Lung_proxmedialdistal_10X_1_1_GGAACCCTCAACTTTC""]",6cc7ceded812b125937e6c43d4c69071f47c5882aed10420273a0bb42f94be89,"[""tabula_lung_endo"",""endothelial cell of lymphatic vessel"",""da9ffbdf489ba7b0"",20,""6cc7ceded812b125937e6c43d4c69071f47c5882aed10420273a0bb42f94be89""]",0.09615384615384616,0.06514657980456026,0.1758957654723127,0.0026795284030010718,support accounting only,False,False,unique_budget
tabula_lung_endo,42,all,endothelial cell of lymphatic vessel,batch_heldout,outputs\tabula_lung_endo\batch_heldout_seed42_endothelial_cell_of_lymphatic_vessel_rareall,success,,verified,da9ffbdf489ba7b0,7464,7464,208,208,208,34,65,307,242,"[""TSP25_Lung_Distal_10X_1_1_ACATGCACAACCAACT"",""TSP25_Lung_Distal_10X_1_1_ACTTTGTTCTGCAGCG"",""TSP25_Lung_Distal_10X_1_1_AGAACAATCTGACCCT"",""TSP25_Lung_Distal_10X_1_1_AGACCATTCGTCGATA"",""TSP25_Lung_Distal_10X_1_1_AGGCCACTCTGCTTTA"",""TSP25_Lung_Distal_10X_1_1_AGTCAACCACAAGCAG"",""TSP25_Lung_Distal_10X_1_1_ATCGTGAGTATCCCTC"",""TSP25_Lung_Distal_10X_1_1_CATTGTTAGATGAACT"",""TSP25_Lung_Distal_10X_1_1_CCACTTGAGCTTCGTA"",""TSP25_Lung_Distal_10X_1_1_CCATCACGTACTGACT"",""TSP25_Lung_Distal_10X_1_1_CCTGTTGGTAACGCGA"",""TSP25_Lung_Distal_10X_1_1_CCTTGTGCAACGTATC"",""TSP25_Lung_Distal_10X_1_1_CGAAGGATCGCTTACC"",""TSP25_Lung_Distal_10X_1_1_CGATGCGGTATCAGGG"",""TSP25_Lung_Distal_10X_1_1_CGGGTGTCACAATTCG"",""TSP25_Lung_Distal_10X_1_1_CGTTCTGTCCAGTTCC"",""TSP25_Lung_Distal_10X_1_1_CTCCACAGTCGTGGAA"",""TSP25_Lung_Distal_10X_1_1_CTGCCATGTACACGTT"",""TSP25_Lung_Distal_10X_1_1_CTTCCGATCCTCTAGC"",""TSP25_Lung_Distal_10X_1_1_CTTGAGACAGCGTTGC"",""TSP25_Lung_Distal_10X_1_1_GACTCTCAGGCTGGAT"",""TSP25_Lung_Distal_10X_1_1_GATCACAAGGCTCAAG"",""TSP25_Lung_Distal_10X_1_1_GATCACACATGAAGGC"",""TSP25_Lung_Distal_10X_1_1_GATCCCTTCTTCTGTA"",""TSP25_Lung_Distal_10X_1_1_GGCTTGGTCCGAAATC"",""TSP25_Lung_Distal_10X_1_1_GGCTTTCCAACTTGGT"",""TSP25_Lung_Distal_10X_1_1_GGGTAGATCGGCCCAA"",""TSP25_Lung_Distal_10X_1_1_GGTAGAGCAAAGAGTT"",""TSP25_Lung_Distal_10X_1_1_GTGCAGCTCTCTTCAA"",""TSP25_Lung_Distal_10X_1_1_GTTACCCGTTCCAAAC"",""TSP25_Lung_Distal_10X_1_1_TAATCTCTCTAAGCGT"",""TSP25_Lung_Distal_10X_1_1_TACCGGGGTTTGGAGG"",""TSP25_Lung_Distal_10X_1_1_TCAGCCTTCTGTCAGA"",""TSP25_Lung_Distal_10X_1_1_TCATGCCAGGTCGCCT"",""TSP25_Lung_Distal_10X_1_1_TCCTGCATCTTAGCTT"",""TSP25_Lung_Distal_10X_1_1_TCGCACTAGGCACGAT"",""TSP25_Lung_Distal_10X_1_1_TCGTGCTCAGCGCGTT"",""TSP25_Lung_Distal_10X_1_1_TGAGCGCCAAGTTTGC"",""TSP25_Lung_Distal_10X_1_1_TGATTTCCAACTCCAA"",""TSP25_Lung_Distal_10X_1_1_TGCATCCTCAATCTCT"",""TSP25_Lung_Distal_10X_1_1_TGTAGACAGTCTCCTC"",""TSP25_Lung_Distal_10X_1_1_TGTGGCGGTGATCATC"",""TSP25_Lung_Distal_10X_1_1_TTGACCCAGCCAGAGT"",""TSP25_Lung_Distal_10X_1_1_TTGACCCAGCGAGAAA"",""TSP25_Lung_Distal_10X_1_1_TTTCACATCCGTAGTA"",""TSP25_Lung_Distal_10X_2_1_AAAGTCCGTCAGGTGA"",""TSP25_Lung_Distal_10X_2_1_AACCATGTCACTCACC"",""TSP25_Lung_Distal_10X_2_1_AACGTCAAGGTGTGAC"",""TSP25_Lung_Distal_10X_2_1_AAGTACCAGGACAGTC"",""TSP25_Lung_Distal_10X_2_1_AATCACGTCTATTTCG"",""TSP25_Lung_Distal_10X_2_1_ACGTTCCTCCAAGCAT"",""TSP25_Lung_Distal_10X_2_1_ACTTAGGAGTTTCTTC"",""TSP25_Lung_Distal_10X_2_1_AGGAAATTCGTTGTAG"",""TSP25_Lung_Distal_10X_2_1_AGTAACCTCAGCCCAG"",""TSP25_Lung_Distal_10X_2_1_CAGATTGGTCTTCTAT"",""TSP25_Lung_Distal_10X_2_1_CATGCCTCAGCCGGTT"",""TSP25_Lung_Distal_10X_2_1_CCGAACGCAACGTAAA"",""TSP25_Lung_Distal_10X_2_1_CCGGTAGGTAGACAAT"",""TSP25_Lung_Distal_10X_2_1_CCGGTAGGTCGCCTAG"",""TSP25_Lung_Distal_10X_2_1_CCGGTGATCTCGTTTA"",""TSP25_Lung_Distal_10X_2_1_CGAGTTAGTTAGGACG"",""TSP25_Lung_Distal_10X_2_1_CGCCATTCACTCCCTA"",""TSP25_Lung_Distal_10X_2_1_CTGCATCTCCAACCAA"",""TSP25_Lung_Distal_10X_2_1_CTTACCGAGACATACA"",""TSP25_Lung_Distal_10X_2_1_GACACGCAGAGCATCG"",""TSP25_Lung_Distal_10X_2_1_GACTTCCAGGTGGCTA"",""TSP25_Lung_Distal_10X_2_1_GCACTAAAGAATTGTG"",""TSP25_Lung_Distal_10X_2_1_GCCGTGACATTAGGCT"",""TSP25_Lung_Distal_10X_2_1_GCTCAAAAGACGGTCA"",""TSP25_Lung_Distal_10X_2_1_GGCGTCATCCCTGTTG"",""TSP25_Lung_Distal_10X_2_1_GGGATCCGTCTCCTGT"",""TSP25_Lung_Distal_10X_2_1_GTAAGTCTCGTGTGAT"",""TSP25_Lung_Distal_10X_2_1_GTACAACAGCGGACAT"",""TSP25_Lung_Distal_10X_2_1_GTAGAGGGTCACCTTC"",""TSP25_Lung_Distal_10X_2_1_GTAGGTTTCAAGATAG"",""TSP25_Lung_Distal_10X_2_1_GTGATGTGTTCCAAAC"",""TSP25_Lung_Distal_10X_2_1_GTGCTGGGTGATACAA"",""TSP25_Lung_Distal_10X_2_1_GTTCTATAGATCGGTG"",""TSP25_Lung_Distal_10X_2_1_TAACGACAGTCATTGC"",""TSP25_Lung_Distal_10X_2_1_TAAGTCGTCTCGCTTG"",""TSP25_Lung_Distal_10X_2_1_TACAACGCAACTGTGT"",""TSP25_Lung_Distal_10X_2_1_TACCTGCCACTATCGA"",""TSP25_Lung_Distal_10X_2_1_TAGGTACCAGTCTCTC"",""TSP25_Lung_Distal_10X_2_1_TCACACCCAGGTTCAT"",""TSP25_Lung_Distal_10X_2_1_TCCGATCAGAGTCTTC"",""TSP25_Lung_Distal_10X_2_1_TCGTAGATCACTACTT"",""TSP25_Lung_Distal_10X_2_1_TGATTCTGTCACTACA"",""TSP25_Lung_Distal_10X_2_1_TGCGATAGTAACAAGT"",""TSP25_Lung_Distal_10X_2_1_TGCGGCATCACCCTGT"",""TSP25_Lung_Distal_10X_2_1_TTACGTTAGCTCGACC"",""TSP25_Lung_Distal_10X_2_1_TTCATGTTCCCGAAAT"",""TSP25_Lung_Distal_10X_2_1_TTCTTGAGTCTACATG"",""TSP25_Lung_Proximal_10X_1_1_AAACGCTAGTTGCCCG"",""TSP25_Lung_Proximal_10X_1_1_AAAGGATTCAATGTCG"",""TSP25_Lung_Proximal_10X_1_1_AAATGGATCGCAATTG"",""TSP25_Lung_Proximal_10X_1_1_ACGTCCTAGCGGATCA"",""TSP25_Lung_Proximal_10X_1_1_AGACACTAGGTCCAGA"",""TSP25_Lung_Proximal_10X_1_1_AGAGAATCACCAAAGG"",""TSP25_Lung_Proximal_10X_1_1_AGAGAATGTGTAACGG"",""TSP25_Lung_Proximal_10X_1_1_AGAGCCCGTGTCACAT"",""TSP25_Lung_Proximal_10X_1_1_AGGATCTTCGGACCAC"",""TSP25_Lung_Proximal_10X_1_1_AGTAACCCATCACCAA"",""TSP25_Lung_Proximal_10X_1_1_CAACGATAGGAACGCT"",""TSP25_Lung_Proximal_10X_1_1_CATGGTAGTACCCACG"",""TSP25_Lung_Proximal_10X_1_1_CATTTCAGTACACTCA"",""TSP25_Lung_Proximal_10X_1_1_CCCAACTTCGAAATCC"",""TSP25_Lung_Proximal_10X_1_1_CCCTCTCAGTAATCCC"",""TSP25_Lung_Proximal_10X_1_1_CGAATTGTCGACGAGA"",""TSP25_Lung_Proximal_10X_1_1_GAACACTCAGATACCT"",""TSP25_Lung_Proximal_10X_1_1_GATGAGGAGGTATTGA"",""TSP25_Lung_Proximal_10X_1_1_GATGAGGCAGCTGTTA"",""TSP25_Lung_Proximal_10X_1_1_GCCAGGTAGTCTTCGA"",""TSP25_Lung_Proximal_10X_1_1_GCCGATGAGTGAATAC"",""TSP25_Lung_Proximal_10X_1_1_GCCGTGATCAACACCA"",""TSP25_Lung_Proximal_10X_1_1_GCTTGGGAGCGCCGTT"",""TSP25_Lung_Proximal_10X_1_1_GGAACCCGTGAACGGT"",""TSP25_Lung_Proximal_10X_1_1_GGGACCTAGGGCAGGA"",""TSP25_Lung_Proximal_10X_1_1_GGGATCCCACACCAGC"",""TSP25_Lung_Proximal_10X_1_1_GTAAGTCTCTTGGAAC"",""TSP25_Lung_Proximal_10X_1_1_TAACCAGAGGTATAGT"",""TSP25_Lung_Proximal_10X_1_1_TAACTTCTCTCTCAAT"",""TSP25_Lung_Proximal_10X_1_1_TAAGCCAGTTGGAGGT"",""TSP25_Lung_Proximal_10X_1_1_TAGGGTTTCCTGCCAT"",""TSP25_Lung_Proximal_10X_1_1_TAGGTTGTCACTCCGT"",""TSP25_Lung_Proximal_10X_1_1_TATACCTCATATGCGT"",""TSP25_Lung_Proximal_10X_1_1_TATTGCTCACATGTTG"",""TSP25_Lung_Proximal_10X_1_1_TCAAGACGTTTCAGAC"",""TSP25_Lung_Proximal_10X_1_1_TCCCACAAGGACACTG"",""TSP25_Lung_Proximal_10X_1_1_TCGGGTGGTCGTTATG"",""TSP25_Lung_Proximal_10X_1_1_TCTCTGGTCGGCATCG"",""TSP25_Lung_Proximal_10X_1_1_TGCAGGCGTGACTGAG"",""TSP25_Lung_Proximal_10X_1_1_TGGGCTGGTGCATTAC"",""TSP25_Lung_Proximal_10X_1_1_TGTCCACTCCAGCCTT"",""TSP25_Lung_Proximal_10X_1_1_TGTGCGGAGTATAGGT"",""TSP25_Lung_Proximal_10X_1_1_TTTACGTTCCAGTGTA"",""TSP25_Lung_Proximal_10X_2_1_AACACACGTCGTTTCC"",""TSP25_Lung_Proximal_10X_2_1_AGACACTCAAGATGTA"",""TSP25_Lung_Proximal_10X_2_1_ATGGATCGTCGGTGTC"",""TSP25_Lung_Proximal_10X_2_1_CAACAACAGGTGCCAA"",""TSP25_Lung_Proximal_10X_2_1_CAGTTAGGTCCAGTTA"",""TSP25_Lung_Proximal_10X_2_1_CCAAGCGCAGAATGTA"",""TSP25_Lung_Proximal_10X_2_1_CGACAGCTCCTTTAGT"",""TSP25_Lung_Proximal_10X_2_1_CGAGTGCTCAAGTCTG"",""TSP25_Lung_Proximal_10X_2_1_CGGAGAATCCATAGGT"",""TSP25_Lung_Proximal_10X_2_1_CTACATTAGTGAGCCA"",""TSP25_Lung_Proximal_10X_2_1_CTCAATTCAGTGCGCT"",""TSP25_Lung_Proximal_10X_2_1_CTCCTTTGTTAATGAG"",""TSP25_Lung_Proximal_10X_2_1_GTGATGTGTTTCAGAC"",""TSP25_Lung_Proximal_10X_2_1_TAGATCGCAAATCCCA"",""TSP25_Lung_Proximal_10X_2_1_TATTGCTAGCGATGGT"",""TSP25_Lung_Proximal_10X_2_1_TCACAAGGTATCTTCT"",""TSP25_Lung_Proximal_10X_2_1_TCACGCTAGGAAACGA"",""TSP25_Lung_Proximal_10X_2_1_TCAGCAACAAGGTCGA"",""TSP25_Lung_Proximal_10X_2_1_TCCGAAATCGCGTAGC"",""TSP25_Lung_Proximal_10X_2_1_TGCACGGTCTGAACGT"",""TSP2_Lung_proxmedialdistal_10X_1_1_AATGGAATCTTCTTCC"",""TSP2_Lung_proxmedialdistal_10X_1_1_ACTGATGCAGGTTCAT"",""TSP2_Lung_proxmedialdistal_10X_1_1_AGACACTTCTTTCAGT"",""TSP2_Lung_proxmedialdistal_10X_1_1_ATCACAGTCCACGGGT"",""TSP2_Lung_proxmedialdistal_10X_1_1_ATGAGTCCACAATGCT"",""TSP2_Lung_proxmedialdistal_10X_1_1_ATTCATCAGATTCGAA"",""TSP2_Lung_proxmedialdistal_10X_1_1_ATTCTACCAACACGAG"",""TSP2_Lung_proxmedialdistal_10X_1_1_CAATTTCCAGACTGCC"",""TSP2_Lung_proxmedialdistal_10X_1_1_CAGCACGCACTGGACC"",""TSP2_Lung_proxmedialdistal_10X_1_1_CATGCAAGTGGTCTCG"",""TSP2_Lung_proxmedialdistal_10X_1_1_CCTACGTCAGGATGAC"",""TSP2_Lung_proxmedialdistal_10X_1_1_CGATCGGCAATCGAAA"",""TSP2_Lung_proxmedialdistal_10X_1_1_CTAAGTGCACGCTTAA"",""TSP2_Lung_proxmedialdistal_10X_1_1_CTCAACCCACCTCTGT"",""TSP2_Lung_proxmedialdistal_10X_1_1_CTCATTACATGTGGCC"",""TSP2_Lung_proxmedialdistal_10X_1_1_CTTCCGAGTAACCCGC"",""TSP2_Lung_proxmedialdistal_10X_1_1_GACTCTCAGGTGCTTT"",""TSP2_Lung_proxmedialdistal_10X_1_1_GCGGAAAGTTTGGGAG"",""TSP2_Lung_proxmedialdistal_10X_1_1_GCTGCAGTCTGTGCTC"",""TSP2_Lung_proxmedialdistal_10X_1_1_GGAACCCTCAACTTTC"",""TSP2_Lung_proxmedialdistal_10X_1_1_GGTGAAGTCATTTGGG"",""TSP2_Lung_proxmedialdistal_10X_1_1_GGTGGCTAGTTGGAAT"",""TSP2_Lung_proxmedialdistal_10X_1_1_GTCCTCATCTCACCCA"",""TSP2_Lung_proxmedialdistal_10X_1_1_TACGGTAAGTCGAGGT"",""TSP2_Lung_proxmedialdistal_10X_1_1_TATTCCATCCATCTAT"",""TSP2_Lung_proxmedialdistal_10X_1_1_TCAGTTTCACCAGCTG"",""TSP2_Lung_proxmedialdistal_10X_1_1_TCGAAGTAGGAGATAG"",""TSP2_Lung_proxmedialdistal_10X_1_1_TGTAACGGTTCCTTGC"",""TSP2_Lung_proxmedialdistal_10X_1_1_TTGTGTTTCCGCACTT"",""TSP2_Lung_proxmedialdistal_10X_1_2_AAAGTGACAGATCATC"",""TSP2_Lung_proxmedialdistal_10X_1_2_ACCACAATCACGAACT"",""TSP2_Lung_proxmedialdistal_10X_1_2_ACCATTTAGCGCCGTT"",""TSP2_Lung_proxmedialdistal_10X_1_2_ACCTGAAGTCGAGCTC"",""TSP2_Lung_proxmedialdistal_10X_1_2_ACGGTCGTCCGATCTC"",""TSP2_Lung_proxmedialdistal_10X_1_2_ATGCCTCAGTGGCGAT"",""TSP2_Lung_proxmedialdistal_10X_1_2_CAGCACGAGACGACTG"",""TSP2_Lung_proxmedialdistal_10X_1_2_CCACACTTCGAGTTGT"",""TSP2_Lung_proxmedialdistal_10X_1_2_CCGATCTAGAATACAC"",""TSP2_Lung_proxmedialdistal_10X_1_2_CGAAGTTAGATGGTAT"",""TSP2_Lung_proxmedialdistal_10X_1_2_CTCAACCAGTTAGTAG"",""TSP2_Lung_proxmedialdistal_10X_1_2_CTTCAATTCCATACTT"",""TSP2_Lung_proxmedialdistal_10X_1_2_CTTCGGTTCCATTCGC"",""TSP2_Lung_proxmedialdistal_10X_1_2_GAACTGTCATCCTTCG"",""TSP2_Lung_proxmedialdistal_10X_1_2_GACATCATCTTACTGT"",""TSP2_Lung_proxmedialdistal_10X_1_2_GCTTGGGCAGCTACTA"",""TSP2_Lung_proxmedialdistal_10X_1_2_GGCTTTCCACACCTGG"",""TSP2_Lung_proxmedialdistal_10X_1_2_GTCTAGACAAATTGGA"",""TSP2_Lung_proxmedialdistal_10X_1_2_GTGAGCCAGTATGGCG"",""TSP2_Lung_proxmedialdistal_10X_1_2_GTTAGACCAATAGTAG"",""TSP2_Lung_proxmedialdistal_10X_1_2_TCAGCAAAGTATTCCG"",""TSP2_Lung_proxmedialdistal_10X_1_2_TCTATCATCTGGTTGA"",""TSP2_Lung_proxmedialdistal_10X_1_2_TCTCACGGTCCAATCA"",""TSP2_Lung_proxmedialdistal_10X_1_2_TTCCGTGAGCTACAAA""]",786544698553a7ca24d9c7e4437507154a7b522fde8ec7c87ddacf4bbab437a4,"[""tabula_lung_endo"",""endothelial cell of lymphatic vessel"",""da9ffbdf489ba7b0"",208,""786544698553a7ca24d9c7e4437507154a7b522fde8ec7c87ddacf4bbab437a4""]",1.0,0.6775244299674267,0.7882736156351792,0.027867095391211148,support accounting only,False,False,unique_budget
tabula_lung_endo,43,0.01,endothelial cell of lymphatic vessel,batch_heldout,outputs\tabula_lung_endo\batch_heldout_seed43_endothelial_cell_of_lymphatic_vessel_rare1pct,success,,verified,da9ffbdf489ba7b0,7464,7261,208,5,5,34,65,307,39,"[""TSP25_Lung_Distal_10X_2_1_CAGATTGGTCTTCTAT"",""TSP25_Lung_Distal_10X_2_1_GTGATGTGTTCCAAAC"",""TSP25_Lung_Proximal_10X_1_1_AAACGCTAGTTGCCCG"",""TSP25_Lung_Proximal_10X_1_1_CCCAACTTCGAAATCC"",""TSP25_Lung_Proximal_10X_2_1_CTACATTAGTGAGCCA""]",072bd4a6a89e4b92a0d461928e295963507e42a006f785679b531c97a6c941e6,"[""tabula_lung_endo"",""endothelial cell of lymphatic vessel"",""da9ffbdf489ba7b0"",5,""072bd4a6a89e4b92a0d461928e295963507e42a006f785679b531c97a6c941e6""]",0.02403846153846154,0.016286644951140065,0.1270358306188925,0.0006698821007502679,support accounting only,False,False,unique_budget
tabula_lung_endo,43,0.05,endothelial cell of lymphatic vessel,batch_heldout,outputs\tabula_lung_endo\batch_heldout_seed43_endothelial_cell_of_lymphatic_vessel_rare5pct,success,,verified,da9ffbdf489ba7b0,7464,7266,208,10,10,34,65,307,44,"[""TSP25_Lung_Distal_10X_1_1_CCATCACGTACTGACT"",""TSP25_Lung_Distal_10X_2_1_AGGAAATTCGTTGTAG"",""TSP25_Lung_Distal_10X_2_1_GCTCAAAAGACGGTCA"",""TSP25_Lung_Distal_10X_2_1_GTACAACAGCGGACAT"",""TSP25_Lung_Distal_10X_2_1_TTACGTTAGCTCGACC"",""TSP25_Lung_Proximal_10X_1_1_AAATGGATCGCAATTG"",""TSP25_Lung_Proximal_10X_1_1_CAACGATAGGAACGCT"",""TSP25_Lung_Proximal_10X_2_1_CAGTTAGGTCCAGTTA"",""TSP25_Lung_Proximal_10X_2_1_CGGAGAATCCATAGGT"",""TSP2_Lung_proxmedialdistal_10X_1_2_CCACACTTCGAGTTGT""]",1d825d7683a8696384824afb7b44f380ab77087e8afbfd0102d8a030e496ee6e,"[""tabula_lung_endo"",""endothelial cell of lymphatic vessel"",""da9ffbdf489ba7b0"",10,""1d825d7683a8696384824afb7b44f380ab77087e8afbfd0102d8a030e496ee6e""]",0.04807692307692308,0.03257328990228013,0.14332247557003258,0.0013397642015005359,support accounting only,False,False,unique_budget
tabula_lung_endo,43,0.10,endothelial cell of lymphatic vessel,batch_heldout,outputs\tabula_lung_endo\batch_heldout_seed43_endothelial_cell_of_lymphatic_vessel_rare10pct,success,,verified,da9ffbdf489ba7b0,7464,7276,208,20,20,34,65,307,54,"[""TSP25_Lung_Distal_10X_1_1_ACTTTGTTCTGCAGCG"",""TSP25_Lung_Distal_10X_1_1_CATTGTTAGATGAACT"",""TSP25_Lung_Distal_10X_1_1_GTGCAGCTCTCTTCAA"",""TSP25_Lung_Distal_10X_1_1_TGTAGACAGTCTCCTC"",""TSP25_Lung_Distal_10X_2_1_AAGTACCAGGACAGTC"",""TSP25_Lung_Distal_10X_2_1_AATCACGTCTATTTCG"",""TSP25_Lung_Distal_10X_2_1_CCGGTAGGTCGCCTAG"",""TSP25_Lung_Distal_10X_2_1_CTTACCGAGACATACA"",""TSP25_Lung_Distal_10X_2_1_GACTTCCAGGTGGCTA"",""TSP25_Lung_Distal_10X_2_1_GCCGTGACATTAGGCT"",""TSP25_Lung_Distal_10X_2_1_TCACACCCAGGTTCAT"",""TSP25_Lung_Distal_10X_2_1_TGCGGCATCACCCTGT"",""TSP25_Lung_Proximal_10X_1_1_ACGTCCTAGCGGATCA"",""TSP25_Lung_Proximal_10X_1_1_CATTTCAGTACACTCA"",""TSP25_Lung_Proximal_10X_1_1_TAGGTTGTCACTCCGT"",""TSP25_Lung_Proximal_10X_2_1_CAACAACAGGTGCCAA"",""TSP25_Lung_Proximal_10X_2_1_CGGAGAATCCATAGGT"",""TSP2_Lung_proxmedialdistal_10X_1_1_TATTCCATCCATCTAT"",""TSP2_Lung_proxmedialdistal_10X_1_2_ACGGTCGTCCGATCTC"",""TSP2_Lung_proxmedialdistal_10X_1_2_CCACACTTCGAGTTGT""]",799b09efffb22dee371856935f53bbe7a3aaafcaa53583e990b980153e318342,"[""tabula_lung_endo"",""endothelial cell of lymphatic vessel"",""da9ffbdf489ba7b0"",20,""799b09efffb22dee371856935f53bbe7a3aaafcaa53583e990b980153e318342""]",0.09615384615384616,0.06514657980456026,0.1758957654723127,0.0026795284030010718,support accounting only,False,False,unique_budget
tabula_lung_endo,43,all,endothelial cell of lymphatic vessel,batch_heldout,outputs\tabula_lung_endo\batch_heldout_seed43_endothelial_cell_of_lymphatic_vessel_rareall,success,,verified,da9ffbdf489ba7b0,7464,7464,208,208,208,34,65,307,242,"[""TSP25_Lung_Distal_10X_1_1_ACATGCACAACCAACT"",""TSP25_Lung_Distal_10X_1_1_ACTTTGTTCTGCAGCG"",""TSP25_Lung_Distal_10X_1_1_AGAACAATCTGACCCT"",""TSP25_Lung_Distal_10X_1_1_AGACCATTCGTCGATA"",""TSP25_Lung_Distal_10X_1_1_AGGCCACTCTGCTTTA"",""TSP25_Lung_Distal_10X_1_1_AGTCAACCACAAGCAG"",""TSP25_Lung_Distal_10X_1_1_ATCGTGAGTATCCCTC"",""TSP25_Lung_Distal_10X_1_1_CATTGTTAGATGAACT"",""TSP25_Lung_Distal_10X_1_1_CCACTTGAGCTTCGTA"",""TSP25_Lung_Distal_10X_1_1_CCATCACGTACTGACT"",""TSP25_Lung_Distal_10X_1_1_CCTGTTGGTAACGCGA"",""TSP25_Lung_Distal_10X_1_1_CCTTGTGCAACGTATC"",""TSP25_Lung_Distal_10X_1_1_CGAAGGATCGCTTACC"",""TSP25_Lung_Distal_10X_1_1_CGATGCGGTATCAGGG"",""TSP25_Lung_Distal_10X_1_1_CGGGTGTCACAATTCG"",""TSP25_Lung_Distal_10X_1_1_CGTTCTGTCCAGTTCC"",""TSP25_Lung_Distal_10X_1_1_CTCCACAGTCGTGGAA"",""TSP25_Lung_Distal_10X_1_1_CTGCCATGTACACGTT"",""TSP25_Lung_Distal_10X_1_1_CTTCCGATCCTCTAGC"",""TSP25_Lung_Distal_10X_1_1_CTTGAGACAGCGTTGC"",""TSP25_Lung_Distal_10X_1_1_GACTCTCAGGCTGGAT"",""TSP25_Lung_Distal_10X_1_1_GATCACAAGGCTCAAG"",""TSP25_Lung_Distal_10X_1_1_GATCACACATGAAGGC"",""TSP25_Lung_Distal_10X_1_1_GATCCCTTCTTCTGTA"",""TSP25_Lung_Distal_10X_1_1_GGCTTGGTCCGAAATC"",""TSP25_Lung_Distal_10X_1_1_GGCTTTCCAACTTGGT"",""TSP25_Lung_Distal_10X_1_1_GGGTAGATCGGCCCAA"",""TSP25_Lung_Distal_10X_1_1_GGTAGAGCAAAGAGTT"",""TSP25_Lung_Distal_10X_1_1_GTGCAGCTCTCTTCAA"",""TSP25_Lung_Distal_10X_1_1_GTTACCCGTTCCAAAC"",""TSP25_Lung_Distal_10X_1_1_TAATCTCTCTAAGCGT"",""TSP25_Lung_Distal_10X_1_1_TACCGGGGTTTGGAGG"",""TSP25_Lung_Distal_10X_1_1_TCAGCCTTCTGTCAGA"",""TSP25_Lung_Distal_10X_1_1_TCATGCCAGGTCGCCT"",""TSP25_Lung_Distal_10X_1_1_TCCTGCATCTTAGCTT"",""TSP25_Lung_Distal_10X_1_1_TCGCACTAGGCACGAT"",""TSP25_Lung_Distal_10X_1_1_TCGTGCTCAGCGCGTT"",""TSP25_Lung_Distal_10X_1_1_TGAGCGCCAAGTTTGC"",""TSP25_Lung_Distal_10X_1_1_TGATTTCCAACTCCAA"",""TSP25_Lung_Distal_10X_1_1_TGCATCCTCAATCTCT"",""TSP25_Lung_Distal_10X_1_1_TGTAGACAGTCTCCTC"",""TSP25_Lung_Distal_10X_1_1_TGTGGCGGTGATCATC"",""TSP25_Lung_Distal_10X_1_1_TTGACCCAGCCAGAGT"",""TSP25_Lung_Distal_10X_1_1_TTGACCCAGCGAGAAA"",""TSP25_Lung_Distal_10X_1_1_TTTCACATCCGTAGTA"",""TSP25_Lung_Distal_10X_2_1_AAAGTCCGTCAGGTGA"",""TSP25_Lung_Distal_10X_2_1_AACCATGTCACTCACC"",""TSP25_Lung_Distal_10X_2_1_AACGTCAAGGTGTGAC"",""TSP25_Lung_Distal_10X_2_1_AAGTACCAGGACAGTC"",""TSP25_Lung_Distal_10X_2_1_AATCACGTCTATTTCG"",""TSP25_Lung_Distal_10X_2_1_ACGTTCCTCCAAGCAT"",""TSP25_Lung_Distal_10X_2_1_ACTTAGGAGTTTCTTC"",""TSP25_Lung_Distal_10X_2_1_AGGAAATTCGTTGTAG"",""TSP25_Lung_Distal_10X_2_1_AGTAACCTCAGCCCAG"",""TSP25_Lung_Distal_10X_2_1_CAGATTGGTCTTCTAT"",""TSP25_Lung_Distal_10X_2_1_CATGCCTCAGCCGGTT"",""TSP25_Lung_Distal_10X_2_1_CCGAACGCAACGTAAA"",""TSP25_Lung_Distal_10X_2_1_CCGGTAGGTAGACAAT"",""TSP25_Lung_Distal_10X_2_1_CCGGTAGGTCGCCTAG"",""TSP25_Lung_Distal_10X_2_1_CCGGTGATCTCGTTTA"",""TSP25_Lung_Distal_10X_2_1_CGAGTTAGTTAGGACG"",""TSP25_Lung_Distal_10X_2_1_CGCCATTCACTCCCTA"",""TSP25_Lung_Distal_10X_2_1_CTGCATCTCCAACCAA"",""TSP25_Lung_Distal_10X_2_1_CTTACCGAGACATACA"",""TSP25_Lung_Distal_10X_2_1_GACACGCAGAGCATCG"",""TSP25_Lung_Distal_10X_2_1_GACTTCCAGGTGGCTA"",""TSP25_Lung_Distal_10X_2_1_GCACTAAAGAATTGTG"",""TSP25_Lung_Distal_10X_2_1_GCCGTGACATTAGGCT"",""TSP25_Lung_Distal_10X_2_1_GCTCAAAAGACGGTCA"",""TSP25_Lung_Distal_10X_2_1_GGCGTCATCCCTGTTG"",""TSP25_Lung_Distal_10X_2_1_GGGATCCGTCTCCTGT"",""TSP25_Lung_Distal_10X_2_1_GTAAGTCTCGTGTGAT"",""TSP25_Lung_Distal_10X_2_1_GTACAACAGCGGACAT"",""TSP25_Lung_Distal_10X_2_1_GTAGAGGGTCACCTTC"",""TSP25_Lung_Distal_10X_2_1_GTAGGTTTCAAGATAG"",""TSP25_Lung_Distal_10X_2_1_GTGATGTGTTCCAAAC"",""TSP25_Lung_Distal_10X_2_1_GTGCTGGGTGATACAA"",""TSP25_Lung_Distal_10X_2_1_GTTCTATAGATCGGTG"",""TSP25_Lung_Distal_10X_2_1_TAACGACAGTCATTGC"",""TSP25_Lung_Distal_10X_2_1_TAAGTCGTCTCGCTTG"",""TSP25_Lung_Distal_10X_2_1_TACAACGCAACTGTGT"",""TSP25_Lung_Distal_10X_2_1_TACCTGCCACTATCGA"",""TSP25_Lung_Distal_10X_2_1_TAGGTACCAGTCTCTC"",""TSP25_Lung_Distal_10X_2_1_TCACACCCAGGTTCAT"",""TSP25_Lung_Distal_10X_2_1_TCCGATCAGAGTCTTC"",""TSP25_Lung_Distal_10X_2_1_TCGTAGATCACTACTT"",""TSP25_Lung_Distal_10X_2_1_TGATTCTGTCACTACA"",""TSP25_Lung_Distal_10X_2_1_TGCGATAGTAACAAGT"",""TSP25_Lung_Distal_10X_2_1_TGCGGCATCACCCTGT"",""TSP25_Lung_Distal_10X_2_1_TTACGTTAGCTCGACC"",""TSP25_Lung_Distal_10X_2_1_TTCATGTTCCCGAAAT"",""TSP25_Lung_Distal_10X_2_1_TTCTTGAGTCTACATG"",""TSP25_Lung_Proximal_10X_1_1_AAACGCTAGTTGCCCG"",""TSP25_Lung_Proximal_10X_1_1_AAAGGATTCAATGTCG"",""TSP25_Lung_Proximal_10X_1_1_AAATGGATCGCAATTG"",""TSP25_Lung_Proximal_10X_1_1_ACGTCCTAGCGGATCA"",""TSP25_Lung_Proximal_10X_1_1_AGACACTAGGTCCAGA"",""TSP25_Lung_Proximal_10X_1_1_AGAGAATCACCAAAGG"",""TSP25_Lung_Proximal_10X_1_1_AGAGAATGTGTAACGG"",""TSP25_Lung_Proximal_10X_1_1_AGAGCCCGTGTCACAT"",""TSP25_Lung_Proximal_10X_1_1_AGGATCTTCGGACCAC"",""TSP25_Lung_Proximal_10X_1_1_AGTAACCCATCACCAA"",""TSP25_Lung_Proximal_10X_1_1_CAACGATAGGAACGCT"",""TSP25_Lung_Proximal_10X_1_1_CATGGTAGTACCCACG"",""TSP25_Lung_Proximal_10X_1_1_CATTTCAGTACACTCA"",""TSP25_Lung_Proximal_10X_1_1_CCCAACTTCGAAATCC"",""TSP25_Lung_Proximal_10X_1_1_CCCTCTCAGTAATCCC"",""TSP25_Lung_Proximal_10X_1_1_CGAATTGTCGACGAGA"",""TSP25_Lung_Proximal_10X_1_1_GAACACTCAGATACCT"",""TSP25_Lung_Proximal_10X_1_1_GATGAGGAGGTATTGA"",""TSP25_Lung_Proximal_10X_1_1_GATGAGGCAGCTGTTA"",""TSP25_Lung_Proximal_10X_1_1_GCCAGGTAGTCTTCGA"",""TSP25_Lung_Proximal_10X_1_1_GCCGATGAGTGAATAC"",""TSP25_Lung_Proximal_10X_1_1_GCCGTGATCAACACCA"",""TSP25_Lung_Proximal_10X_1_1_GCTTGGGAGCGCCGTT"",""TSP25_Lung_Proximal_10X_1_1_GGAACCCGTGAACGGT"",""TSP25_Lung_Proximal_10X_1_1_GGGACCTAGGGCAGGA"",""TSP25_Lung_Proximal_10X_1_1_GGGATCCCACACCAGC"",""TSP25_Lung_Proximal_10X_1_1_GTAAGTCTCTTGGAAC"",""TSP25_Lung_Proximal_10X_1_1_TAACCAGAGGTATAGT"",""TSP25_Lung_Proximal_10X_1_1_TAACTTCTCTCTCAAT"",""TSP25_Lung_Proximal_10X_1_1_TAAGCCAGTTGGAGGT"",""TSP25_Lung_Proximal_10X_1_1_TAGGGTTTCCTGCCAT"",""TSP25_Lung_Proximal_10X_1_1_TAGGTTGTCACTCCGT"",""TSP25_Lung_Proximal_10X_1_1_TATACCTCATATGCGT"",""TSP25_Lung_Proximal_10X_1_1_TATTGCTCACATGTTG"",""TSP25_Lung_Proximal_10X_1_1_TCAAGACGTTTCAGAC"",""TSP25_Lung_Proximal_10X_1_1_TCCCACAAGGACACTG"",""TSP25_Lung_Proximal_10X_1_1_TCGGGTGGTCGTTATG"",""TSP25_Lung_Proximal_10X_1_1_TCTCTGGTCGGCATCG"",""TSP25_Lung_Proximal_10X_1_1_TGCAGGCGTGACTGAG"",""TSP25_Lung_Proximal_10X_1_1_TGGGCTGGTGCATTAC"",""TSP25_Lung_Proximal_10X_1_1_TGTCCACTCCAGCCTT"",""TSP25_Lung_Proximal_10X_1_1_TGTGCGGAGTATAGGT"",""TSP25_Lung_Proximal_10X_1_1_TTTACGTTCCAGTGTA"",""TSP25_Lung_Proximal_10X_2_1_AACACACGTCGTTTCC"",""TSP25_Lung_Proximal_10X_2_1_AGACACTCAAGATGTA"",""TSP25_Lung_Proximal_10X_2_1_ATGGATCGTCGGTGTC"",""TSP25_Lung_Proximal_10X_2_1_CAACAACAGGTGCCAA"",""TSP25_Lung_Proximal_10X_2_1_CAGTTAGGTCCAGTTA"",""TSP25_Lung_Proximal_10X_2_1_CCAAGCGCAGAATGTA"",""TSP25_Lung_Proximal_10X_2_1_CGACAGCTCCTTTAGT"",""TSP25_Lung_Proximal_10X_2_1_CGAGTGCTCAAGTCTG"",""TSP25_Lung_Proximal_10X_2_1_CGGAGAATCCATAGGT"",""TSP25_Lung_Proximal_10X_2_1_CTACATTAGTGAGCCA"",""TSP25_Lung_Proximal_10X_2_1_CTCAATTCAGTGCGCT"",""TSP25_Lung_Proximal_10X_2_1_CTCCTTTGTTAATGAG"",""TSP25_Lung_Proximal_10X_2_1_GTGATGTGTTTCAGAC"",""TSP25_Lung_Proximal_10X_2_1_TAGATCGCAAATCCCA"",""TSP25_Lung_Proximal_10X_2_1_TATTGCTAGCGATGGT"",""TSP25_Lung_Proximal_10X_2_1_TCACAAGGTATCTTCT"",""TSP25_Lung_Proximal_10X_2_1_TCACGCTAGGAAACGA"",""TSP25_Lung_Proximal_10X_2_1_TCAGCAACAAGGTCGA"",""TSP25_Lung_Proximal_10X_2_1_TCCGAAATCGCGTAGC"",""TSP25_Lung_Proximal_10X_2_1_TGCACGGTCTGAACGT"",""TSP2_Lung_proxmedialdistal_10X_1_1_AATGGAATCTTCTTCC"",""TSP2_Lung_proxmedialdistal_10X_1_1_ACTGATGCAGGTTCAT"",""TSP2_Lung_proxmedialdistal_10X_1_1_AGACACTTCTTTCAGT"",""TSP2_Lung_proxmedialdistal_10X_1_1_ATCACAGTCCACGGGT"",""TSP2_Lung_proxmedialdistal_10X_1_1_ATGAGTCCACAATGCT"",""TSP2_Lung_proxmedialdistal_10X_1_1_ATTCATCAGATTCGAA"",""TSP2_Lung_proxmedialdistal_10X_1_1_ATTCTACCAACACGAG"",""TSP2_Lung_proxmedialdistal_10X_1_1_CAATTTCCAGACTGCC"",""TSP2_Lung_proxmedialdistal_10X_1_1_CAGCACGCACTGGACC"",""TSP2_Lung_proxmedialdistal_10X_1_1_CATGCAAGTGGTCTCG"",""TSP2_Lung_proxmedialdistal_10X_1_1_CCTACGTCAGGATGAC"",""TSP2_Lung_proxmedialdistal_10X_1_1_CGATCGGCAATCGAAA"",""TSP2_Lung_proxmedialdistal_10X_1_1_CTAAGTGCACGCTTAA"",""TSP2_Lung_proxmedialdistal_10X_1_1_CTCAACCCACCTCTGT"",""TSP2_Lung_proxmedialdistal_10X_1_1_CTCATTACATGTGGCC"",""TSP2_Lung_proxmedialdistal_10X_1_1_CTTCCGAGTAACCCGC"",""TSP2_Lung_proxmedialdistal_10X_1_1_GACTCTCAGGTGCTTT"",""TSP2_Lung_proxmedialdistal_10X_1_1_GCGGAAAGTTTGGGAG"",""TSP2_Lung_proxmedialdistal_10X_1_1_GCTGCAGTCTGTGCTC"",""TSP2_Lung_proxmedialdistal_10X_1_1_GGAACCCTCAACTTTC"",""TSP2_Lung_proxmedialdistal_10X_1_1_GGTGAAGTCATTTGGG"",""TSP2_Lung_proxmedialdistal_10X_1_1_GGTGGCTAGTTGGAAT"",""TSP2_Lung_proxmedialdistal_10X_1_1_GTCCTCATCTCACCCA"",""TSP2_Lung_proxmedialdistal_10X_1_1_TACGGTAAGTCGAGGT"",""TSP2_Lung_proxmedialdistal_10X_1_1_TATTCCATCCATCTAT"",""TSP2_Lung_proxmedialdistal_10X_1_1_TCAGTTTCACCAGCTG"",""TSP2_Lung_proxmedialdistal_10X_1_1_TCGAAGTAGGAGATAG"",""TSP2_Lung_proxmedialdistal_10X_1_1_TGTAACGGTTCCTTGC"",""TSP2_Lung_proxmedialdistal_10X_1_1_TTGTGTTTCCGCACTT"",""TSP2_Lung_proxmedialdistal_10X_1_2_AAAGTGACAGATCATC"",""TSP2_Lung_proxmedialdistal_10X_1_2_ACCACAATCACGAACT"",""TSP2_Lung_proxmedialdistal_10X_1_2_ACCATTTAGCGCCGTT"",""TSP2_Lung_proxmedialdistal_10X_1_2_ACCTGAAGTCGAGCTC"",""TSP2_Lung_proxmedialdistal_10X_1_2_ACGGTCGTCCGATCTC"",""TSP2_Lung_proxmedialdistal_10X_1_2_ATGCCTCAGTGGCGAT"",""TSP2_Lung_proxmedialdistal_10X_1_2_CAGCACGAGACGACTG"",""TSP2_Lung_proxmedialdistal_10X_1_2_CCACACTTCGAGTTGT"",""TSP2_Lung_proxmedialdistal_10X_1_2_CCGATCTAGAATACAC"",""TSP2_Lung_proxmedialdistal_10X_1_2_CGAAGTTAGATGGTAT"",""TSP2_Lung_proxmedialdistal_10X_1_2_CTCAACCAGTTAGTAG"",""TSP2_Lung_proxmedialdistal_10X_1_2_CTTCAATTCCATACTT"",""TSP2_Lung_proxmedialdistal_10X_1_2_CTTCGGTTCCATTCGC"",""TSP2_Lung_proxmedialdistal_10X_1_2_GAACTGTCATCCTTCG"",""TSP2_Lung_proxmedialdistal_10X_1_2_GACATCATCTTACTGT"",""TSP2_Lung_proxmedialdistal_10X_1_2_GCTTGGGCAGCTACTA"",""TSP2_Lung_proxmedialdistal_10X_1_2_GGCTTTCCACACCTGG"",""TSP2_Lung_proxmedialdistal_10X_1_2_GTCTAGACAAATTGGA"",""TSP2_Lung_proxmedialdistal_10X_1_2_GTGAGCCAGTATGGCG"",""TSP2_Lung_proxmedialdistal_10X_1_2_GTTAGACCAATAGTAG"",""TSP2_Lung_proxmedialdistal_10X_1_2_TCAGCAAAGTATTCCG"",""TSP2_Lung_proxmedialdistal_10X_1_2_TCTATCATCTGGTTGA"",""TSP2_Lung_proxmedialdistal_10X_1_2_TCTCACGGTCCAATCA"",""TSP2_Lung_proxmedialdistal_10X_1_2_TTCCGTGAGCTACAAA""]",786544698553a7ca24d9c7e4437507154a7b522fde8ec7c87ddacf4bbab437a4,"[""tabula_lung_endo"",""endothelial cell of lymphatic vessel"",""da9ffbdf489ba7b0"",208,""786544698553a7ca24d9c7e4437507154a7b522fde8ec7c87ddacf4bbab437a4""]",1.0,0.6775244299674267,0.7882736156351792,0.027867095391211148,support accounting only,False,False,unique_budget
tabula_lung_endo,44,0.01,endothelial cell of lymphatic vessel,batch_heldout,outputs\tabula_lung_endo\batch_heldout_seed44_endothelial_cell_of_lymphatic_vessel_rare1pct,success,,verified,da9ffbdf489ba7b0,7464,7261,208,5,5,34,65,307,39,"[""TSP25_Lung_Distal_10X_1_1_AGTCAACCACAAGCAG"",""TSP25_Lung_Proximal_10X_1_1_GAACACTCAGATACCT"",""TSP25_Lung_Proximal_10X_1_1_GATGAGGCAGCTGTTA"",""TSP2_Lung_proxmedialdistal_10X_1_1_ATTCATCAGATTCGAA"",""TSP2_Lung_proxmedialdistal_10X_1_2_ACGGTCGTCCGATCTC""]",cbb53806c0bd3e1eb7af22f190ff2045b8878207ecfeabfd2eefda4a59fb3e67,"[""tabula_lung_endo"",""endothelial cell of lymphatic vessel"",""da9ffbdf489ba7b0"",5,""cbb53806c0bd3e1eb7af22f190ff2045b8878207ecfeabfd2eefda4a59fb3e67""]",0.02403846153846154,0.016286644951140065,0.1270358306188925,0.0006698821007502679,support accounting only,False,False,unique_budget
tabula_lung_endo,44,0.05,endothelial cell of lymphatic vessel,batch_heldout,outputs\tabula_lung_endo\batch_heldout_seed44_endothelial_cell_of_lymphatic_vessel_rare5pct,success,,verified,da9ffbdf489ba7b0,7464,7266,208,10,10,34,65,307,44,"[""TSP25_Lung_Distal_10X_1_1_ACTTTGTTCTGCAGCG"",""TSP25_Lung_Distal_10X_1_1_TCGTGCTCAGCGCGTT"",""TSP25_Lung_Distal_10X_2_1_CAGATTGGTCTTCTAT"",""TSP25_Lung_Distal_10X_2_1_TAGGTACCAGTCTCTC"",""TSP25_Lung_Proximal_10X_1_1_CATTTCAGTACACTCA"",""TSP25_Lung_Proximal_10X_1_1_CGAATTGTCGACGAGA"",""TSP25_Lung_Proximal_10X_2_1_TCCGAAATCGCGTAGC"",""TSP2_Lung_proxmedialdistal_10X_1_1_ATGAGTCCACAATGCT"",""TSP2_Lung_proxmedialdistal_10X_1_1_CTCAACCCACCTCTGT"",""TSP2_Lung_proxmedialdistal_10X_1_2_ACCTGAAGTCGAGCTC""]",465df10204080fde5624f28b9ca87ffbeabbd3a474fb6a7e05798575acaf9948,"[""tabula_lung_endo"",""endothelial cell of lymphatic vessel"",""da9ffbdf489ba7b0"",10,""465df10204080fde5624f28b9ca87ffbeabbd3a474fb6a7e05798575acaf9948""]",0.04807692307692308,0.03257328990228013,0.14332247557003258,0.0013397642015005359,support accounting only,False,False,unique_budget
tabula_lung_endo,44,0.10,endothelial cell of lymphatic vessel,batch_heldout,outputs\tabula_lung_endo\batch_heldout_seed44_endothelial_cell_of_lymphatic_vessel_rare10pct,success,,verified,da9ffbdf489ba7b0,7464,7276,208,20,20,34,65,307,54,"[""TSP25_Lung_Distal_10X_1_1_CCACTTGAGCTTCGTA"",""TSP25_Lung_Distal_10X_1_1_GGGTAGATCGGCCCAA"",""TSP25_Lung_Distal_10X_1_1_TCCTGCATCTTAGCTT"",""TSP25_Lung_Distal_10X_1_1_TGATTTCCAACTCCAA"",""TSP25_Lung_Distal_10X_1_1_TTTCACATCCGTAGTA"",""TSP25_Lung_Distal_10X_2_1_ACGTTCCTCCAAGCAT"",""TSP25_Lung_Distal_10X_2_1_CAGATTGGTCTTCTAT"",""TSP25_Lung_Distal_10X_2_1_GTTCTATAGATCGGTG"",""TSP25_Lung_Proximal_10X_1_1_AGAGAATGTGTAACGG"",""TSP25_Lung_Proximal_10X_1_1_AGGATCTTCGGACCAC"",""TSP25_Lung_Proximal_10X_1_1_GCCAGGTAGTCTTCGA"",""TSP25_Lung_Proximal_10X_1_1_TAGGTTGTCACTCCGT"",""TSP25_Lung_Proximal_10X_1_1_TCGGGTGGTCGTTATG"",""TSP25_Lung_Proximal_10X_2_1_CAACAACAGGTGCCAA"",""TSP25_Lung_Proximal_10X_2_1_TCAGCAACAAGGTCGA"",""TSP2_Lung_proxmedialdistal_10X_1_1_AATGGAATCTTCTTCC"",""TSP2_Lung_proxmedialdistal_10X_1_1_ATCACAGTCCACGGGT"",""TSP2_Lung_proxmedialdistal_10X_1_1_CTAAGTGCACGCTTAA"",""TSP2_Lung_proxmedialdistal_10X_1_2_AAAGTGACAGATCATC"",""TSP2_Lung_proxmedialdistal_10X_1_2_GTTAGACCAATAGTAG""]",35d32d87bc9e2e6123dd3a53da509930e546b40a79edb27bfbe3f7bc03d9e605,"[""tabula_lung_endo"",""endothelial cell of lymphatic vessel"",""da9ffbdf489ba7b0"",20,""35d32d87bc9e2e6123dd3a53da509930e546b40a79edb27bfbe3f7bc03d9e605""]",0.09615384615384616,0.06514657980456026,0.1758957654723127,0.0026795284030010718,support accounting only,False,False,unique_budget
tabula_lung_endo,44,all,endothelial cell of lymphatic vessel,batch_heldout,outputs\tabula_lung_endo\batch_heldout_seed44_endothelial_cell_of_lymphatic_vessel_rareall,success,,verified,da9ffbdf489ba7b0,7464,7464,208,208,208,34,65,307,242,"[""TSP25_Lung_Distal_10X_1_1_ACATGCACAACCAACT"",""TSP25_Lung_Distal_10X_1_1_ACTTTGTTCTGCAGCG"",""TSP25_Lung_Distal_10X_1_1_AGAACAATCTGACCCT"",""TSP25_Lung_Distal_10X_1_1_AGACCATTCGTCGATA"",""TSP25_Lung_Distal_10X_1_1_AGGCCACTCTGCTTTA"",""TSP25_Lung_Distal_10X_1_1_AGTCAACCACAAGCAG"",""TSP25_Lung_Distal_10X_1_1_ATCGTGAGTATCCCTC"",""TSP25_Lung_Distal_10X_1_1_CATTGTTAGATGAACT"",""TSP25_Lung_Distal_10X_1_1_CCACTTGAGCTTCGTA"",""TSP25_Lung_Distal_10X_1_1_CCATCACGTACTGACT"",""TSP25_Lung_Distal_10X_1_1_CCTGTTGGTAACGCGA"",""TSP25_Lung_Distal_10X_1_1_CCTTGTGCAACGTATC"",""TSP25_Lung_Distal_10X_1_1_CGAAGGATCGCTTACC"",""TSP25_Lung_Distal_10X_1_1_CGATGCGGTATCAGGG"",""TSP25_Lung_Distal_10X_1_1_CGGGTGTCACAATTCG"",""TSP25_Lung_Distal_10X_1_1_CGTTCTGTCCAGTTCC"",""TSP25_Lung_Distal_10X_1_1_CTCCACAGTCGTGGAA"",""TSP25_Lung_Distal_10X_1_1_CTGCCATGTACACGTT"",""TSP25_Lung_Distal_10X_1_1_CTTCCGATCCTCTAGC"",""TSP25_Lung_Distal_10X_1_1_CTTGAGACAGCGTTGC"",""TSP25_Lung_Distal_10X_1_1_GACTCTCAGGCTGGAT"",""TSP25_Lung_Distal_10X_1_1_GATCACAAGGCTCAAG"",""TSP25_Lung_Distal_10X_1_1_GATCACACATGAAGGC"",""TSP25_Lung_Distal_10X_1_1_GATCCCTTCTTCTGTA"",""TSP25_Lung_Distal_10X_1_1_GGCTTGGTCCGAAATC"",""TSP25_Lung_Distal_10X_1_1_GGCTTTCCAACTTGGT"",""TSP25_Lung_Distal_10X_1_1_GGGTAGATCGGCCCAA"",""TSP25_Lung_Distal_10X_1_1_GGTAGAGCAAAGAGTT"",""TSP25_Lung_Distal_10X_1_1_GTGCAGCTCTCTTCAA"",""TSP25_Lung_Distal_10X_1_1_GTTACCCGTTCCAAAC"",""TSP25_Lung_Distal_10X_1_1_TAATCTCTCTAAGCGT"",""TSP25_Lung_Distal_10X_1_1_TACCGGGGTTTGGAGG"",""TSP25_Lung_Distal_10X_1_1_TCAGCCTTCTGTCAGA"",""TSP25_Lung_Distal_10X_1_1_TCATGCCAGGTCGCCT"",""TSP25_Lung_Distal_10X_1_1_TCCTGCATCTTAGCTT"",""TSP25_Lung_Distal_10X_1_1_TCGCACTAGGCACGAT"",""TSP25_Lung_Distal_10X_1_1_TCGTGCTCAGCGCGTT"",""TSP25_Lung_Distal_10X_1_1_TGAGCGCCAAGTTTGC"",""TSP25_Lung_Distal_10X_1_1_TGATTTCCAACTCCAA"",""TSP25_Lung_Distal_10X_1_1_TGCATCCTCAATCTCT"",""TSP25_Lung_Distal_10X_1_1_TGTAGACAGTCTCCTC"",""TSP25_Lung_Distal_10X_1_1_TGTGGCGGTGATCATC"",""TSP25_Lung_Distal_10X_1_1_TTGACCCAGCCAGAGT"",""TSP25_Lung_Distal_10X_1_1_TTGACCCAGCGAGAAA"",""TSP25_Lung_Distal_10X_1_1_TTTCACATCCGTAGTA"",""TSP25_Lung_Distal_10X_2_1_AAAGTCCGTCAGGTGA"",""TSP25_Lung_Distal_10X_2_1_AACCATGTCACTCACC"",""TSP25_Lung_Distal_10X_2_1_AACGTCAAGGTGTGAC"",""TSP25_Lung_Distal_10X_2_1_AAGTACCAGGACAGTC"",""TSP25_Lung_Distal_10X_2_1_AATCACGTCTATTTCG"",""TSP25_Lung_Distal_10X_2_1_ACGTTCCTCCAAGCAT"",""TSP25_Lung_Distal_10X_2_1_ACTTAGGAGTTTCTTC"",""TSP25_Lung_Distal_10X_2_1_AGGAAATTCGTTGTAG"",""TSP25_Lung_Distal_10X_2_1_AGTAACCTCAGCCCAG"",""TSP25_Lung_Distal_10X_2_1_CAGATTGGTCTTCTAT"",""TSP25_Lung_Distal_10X_2_1_CATGCCTCAGCCGGTT"",""TSP25_Lung_Distal_10X_2_1_CCGAACGCAACGTAAA"",""TSP25_Lung_Distal_10X_2_1_CCGGTAGGTAGACAAT"",""TSP25_Lung_Distal_10X_2_1_CCGGTAGGTCGCCTAG"",""TSP25_Lung_Distal_10X_2_1_CCGGTGATCTCGTTTA"",""TSP25_Lung_Distal_10X_2_1_CGAGTTAGTTAGGACG"",""TSP25_Lung_Distal_10X_2_1_CGCCATTCACTCCCTA"",""TSP25_Lung_Distal_10X_2_1_CTGCATCTCCAACCAA"",""TSP25_Lung_Distal_10X_2_1_CTTACCGAGACATACA"",""TSP25_Lung_Distal_10X_2_1_GACACGCAGAGCATCG"",""TSP25_Lung_Distal_10X_2_1_GACTTCCAGGTGGCTA"",""TSP25_Lung_Distal_10X_2_1_GCACTAAAGAATTGTG"",""TSP25_Lung_Distal_10X_2_1_GCCGTGACATTAGGCT"",""TSP25_Lung_Distal_10X_2_1_GCTCAAAAGACGGTCA"",""TSP25_Lung_Distal_10X_2_1_GGCGTCATCCCTGTTG"",""TSP25_Lung_Distal_10X_2_1_GGGATCCGTCTCCTGT"",""TSP25_Lung_Distal_10X_2_1_GTAAGTCTCGTGTGAT"",""TSP25_Lung_Distal_10X_2_1_GTACAACAGCGGACAT"",""TSP25_Lung_Distal_10X_2_1_GTAGAGGGTCACCTTC"",""TSP25_Lung_Distal_10X_2_1_GTAGGTTTCAAGATAG"",""TSP25_Lung_Distal_10X_2_1_GTGATGTGTTCCAAAC"",""TSP25_Lung_Distal_10X_2_1_GTGCTGGGTGATACAA"",""TSP25_Lung_Distal_10X_2_1_GTTCTATAGATCGGTG"",""TSP25_Lung_Distal_10X_2_1_TAACGACAGTCATTGC"",""TSP25_Lung_Distal_10X_2_1_TAAGTCGTCTCGCTTG"",""TSP25_Lung_Distal_10X_2_1_TACAACGCAACTGTGT"",""TSP25_Lung_Distal_10X_2_1_TACCTGCCACTATCGA"",""TSP25_Lung_Distal_10X_2_1_TAGGTACCAGTCTCTC"",""TSP25_Lung_Distal_10X_2_1_TCACACCCAGGTTCAT"",""TSP25_Lung_Distal_10X_2_1_TCCGATCAGAGTCTTC"",""TSP25_Lung_Distal_10X_2_1_TCGTAGATCACTACTT"",""TSP25_Lung_Distal_10X_2_1_TGATTCTGTCACTACA"",""TSP25_Lung_Distal_10X_2_1_TGCGATAGTAACAAGT"",""TSP25_Lung_Distal_10X_2_1_TGCGGCATCACCCTGT"",""TSP25_Lung_Distal_10X_2_1_TTACGTTAGCTCGACC"",""TSP25_Lung_Distal_10X_2_1_TTCATGTTCCCGAAAT"",""TSP25_Lung_Distal_10X_2_1_TTCTTGAGTCTACATG"",""TSP25_Lung_Proximal_10X_1_1_AAACGCTAGTTGCCCG"",""TSP25_Lung_Proximal_10X_1_1_AAAGGATTCAATGTCG"",""TSP25_Lung_Proximal_10X_1_1_AAATGGATCGCAATTG"",""TSP25_Lung_Proximal_10X_1_1_ACGTCCTAGCGGATCA"",""TSP25_Lung_Proximal_10X_1_1_AGACACTAGGTCCAGA"",""TSP25_Lung_Proximal_10X_1_1_AGAGAATCACCAAAGG"",""TSP25_Lung_Proximal_10X_1_1_AGAGAATGTGTAACGG"",""TSP25_Lung_Proximal_10X_1_1_AGAGCCCGTGTCACAT"",""TSP25_Lung_Proximal_10X_1_1_AGGATCTTCGGACCAC"",""TSP25_Lung_Proximal_10X_1_1_AGTAACCCATCACCAA"",""TSP25_Lung_Proximal_10X_1_1_CAACGATAGGAACGCT"",""TSP25_Lung_Proximal_10X_1_1_CATGGTAGTACCCACG"",""TSP25_Lung_Proximal_10X_1_1_CATTTCAGTACACTCA"",""TSP25_Lung_Proximal_10X_1_1_CCCAACTTCGAAATCC"",""TSP25_Lung_Proximal_10X_1_1_CCCTCTCAGTAATCCC"",""TSP25_Lung_Proximal_10X_1_1_CGAATTGTCGACGAGA"",""TSP25_Lung_Proximal_10X_1_1_GAACACTCAGATACCT"",""TSP25_Lung_Proximal_10X_1_1_GATGAGGAGGTATTGA"",""TSP25_Lung_Proximal_10X_1_1_GATGAGGCAGCTGTTA"",""TSP25_Lung_Proximal_10X_1_1_GCCAGGTAGTCTTCGA"",""TSP25_Lung_Proximal_10X_1_1_GCCGATGAGTGAATAC"",""TSP25_Lung_Proximal_10X_1_1_GCCGTGATCAACACCA"",""TSP25_Lung_Proximal_10X_1_1_GCTTGGGAGCGCCGTT"",""TSP25_Lung_Proximal_10X_1_1_GGAACCCGTGAACGGT"",""TSP25_Lung_Proximal_10X_1_1_GGGACCTAGGGCAGGA"",""TSP25_Lung_Proximal_10X_1_1_GGGATCCCACACCAGC"",""TSP25_Lung_Proximal_10X_1_1_GTAAGTCTCTTGGAAC"",""TSP25_Lung_Proximal_10X_1_1_TAACCAGAGGTATAGT"",""TSP25_Lung_Proximal_10X_1_1_TAACTTCTCTCTCAAT"",""TSP25_Lung_Proximal_10X_1_1_TAAGCCAGTTGGAGGT"",""TSP25_Lung_Proximal_10X_1_1_TAGGGTTTCCTGCCAT"",""TSP25_Lung_Proximal_10X_1_1_TAGGTTGTCACTCCGT"",""TSP25_Lung_Proximal_10X_1_1_TATACCTCATATGCGT"",""TSP25_Lung_Proximal_10X_1_1_TATTGCTCACATGTTG"",""TSP25_Lung_Proximal_10X_1_1_TCAAGACGTTTCAGAC"",""TSP25_Lung_Proximal_10X_1_1_TCCCACAAGGACACTG"",""TSP25_Lung_Proximal_10X_1_1_TCGGGTGGTCGTTATG"",""TSP25_Lung_Proximal_10X_1_1_TCTCTGGTCGGCATCG"",""TSP25_Lung_Proximal_10X_1_1_TGCAGGCGTGACTGAG"",""TSP25_Lung_Proximal_10X_1_1_TGGGCTGGTGCATTAC"",""TSP25_Lung_Proximal_10X_1_1_TGTCCACTCCAGCCTT"",""TSP25_Lung_Proximal_10X_1_1_TGTGCGGAGTATAGGT"",""TSP25_Lung_Proximal_10X_1_1_TTTACGTTCCAGTGTA"",""TSP25_Lung_Proximal_10X_2_1_AACACACGTCGTTTCC"",""TSP25_Lung_Proximal_10X_2_1_AGACACTCAAGATGTA"",""TSP25_Lung_Proximal_10X_2_1_ATGGATCGTCGGTGTC"",""TSP25_Lung_Proximal_10X_2_1_CAACAACAGGTGCCAA"",""TSP25_Lung_Proximal_10X_2_1_CAGTTAGGTCCAGTTA"",""TSP25_Lung_Proximal_10X_2_1_CCAAGCGCAGAATGTA"",""TSP25_Lung_Proximal_10X_2_1_CGACAGCTCCTTTAGT"",""TSP25_Lung_Proximal_10X_2_1_CGAGTGCTCAAGTCTG"",""TSP25_Lung_Proximal_10X_2_1_CGGAGAATCCATAGGT"",""TSP25_Lung_Proximal_10X_2_1_CTACATTAGTGAGCCA"",""TSP25_Lung_Proximal_10X_2_1_CTCAATTCAGTGCGCT"",""TSP25_Lung_Proximal_10X_2_1_CTCCTTTGTTAATGAG"",""TSP25_Lung_Proximal_10X_2_1_GTGATGTGTTTCAGAC"",""TSP25_Lung_Proximal_10X_2_1_TAGATCGCAAATCCCA"",""TSP25_Lung_Proximal_10X_2_1_TATTGCTAGCGATGGT"",""TSP25_Lung_Proximal_10X_2_1_TCACAAGGTATCTTCT"",""TSP25_Lung_Proximal_10X_2_1_TCACGCTAGGAAACGA"",""TSP25_Lung_Proximal_10X_2_1_TCAGCAACAAGGTCGA"",""TSP25_Lung_Proximal_10X_2_1_TCCGAAATCGCGTAGC"",""TSP25_Lung_Proximal_10X_2_1_TGCACGGTCTGAACGT"",""TSP2_Lung_proxmedialdistal_10X_1_1_AATGGAATCTTCTTCC"",""TSP2_Lung_proxmedialdistal_10X_1_1_ACTGATGCAGGTTCAT"",""TSP2_Lung_proxmedialdistal_10X_1_1_AGACACTTCTTTCAGT"",""TSP2_Lung_proxmedialdistal_10X_1_1_ATCACAGTCCACGGGT"",""TSP2_Lung_proxmedialdistal_10X_1_1_ATGAGTCCACAATGCT"",""TSP2_Lung_proxmedialdistal_10X_1_1_ATTCATCAGATTCGAA"",""TSP2_Lung_proxmedialdistal_10X_1_1_ATTCTACCAACACGAG"",""TSP2_Lung_proxmedialdistal_10X_1_1_CAATTTCCAGACTGCC"",""TSP2_Lung_proxmedialdistal_10X_1_1_CAGCACGCACTGGACC"",""TSP2_Lung_proxmedialdistal_10X_1_1_CATGCAAGTGGTCTCG"",""TSP2_Lung_proxmedialdistal_10X_1_1_CCTACGTCAGGATGAC"",""TSP2_Lung_proxmedialdistal_10X_1_1_CGATCGGCAATCGAAA"",""TSP2_Lung_proxmedialdistal_10X_1_1_CTAAGTGCACGCTTAA"",""TSP2_Lung_proxmedialdistal_10X_1_1_CTCAACCCACCTCTGT"",""TSP2_Lung_proxmedialdistal_10X_1_1_CTCATTACATGTGGCC"",""TSP2_Lung_proxmedialdistal_10X_1_1_CTTCCGAGTAACCCGC"",""TSP2_Lung_proxmedialdistal_10X_1_1_GACTCTCAGGTGCTTT"",""TSP2_Lung_proxmedialdistal_10X_1_1_GCGGAAAGTTTGGGAG"",""TSP2_Lung_proxmedialdistal_10X_1_1_GCTGCAGTCTGTGCTC"",""TSP2_Lung_proxmedialdistal_10X_1_1_GGAACCCTCAACTTTC"",""TSP2_Lung_proxmedialdistal_10X_1_1_GGTGAAGTCATTTGGG"",""TSP2_Lung_proxmedialdistal_10X_1_1_GGTGGCTAGTTGGAAT"",""TSP2_Lung_proxmedialdistal_10X_1_1_GTCCTCATCTCACCCA"",""TSP2_Lung_proxmedialdistal_10X_1_1_TACGGTAAGTCGAGGT"",""TSP2_Lung_proxmedialdistal_10X_1_1_TATTCCATCCATCTAT"",""TSP2_Lung_proxmedialdistal_10X_1_1_TCAGTTTCACCAGCTG"",""TSP2_Lung_proxmedialdistal_10X_1_1_TCGAAGTAGGAGATAG"",""TSP2_Lung_proxmedialdistal_10X_1_1_TGTAACGGTTCCTTGC"",""TSP2_Lung_proxmedialdistal_10X_1_1_TTGTGTTTCCGCACTT"",""TSP2_Lung_proxmedialdistal_10X_1_2_AAAGTGACAGATCATC"",""TSP2_Lung_proxmedialdistal_10X_1_2_ACCACAATCACGAACT"",""TSP2_Lung_proxmedialdistal_10X_1_2_ACCATTTAGCGCCGTT"",""TSP2_Lung_proxmedialdistal_10X_1_2_ACCTGAAGTCGAGCTC"",""TSP2_Lung_proxmedialdistal_10X_1_2_ACGGTCGTCCGATCTC"",""TSP2_Lung_proxmedialdistal_10X_1_2_ATGCCTCAGTGGCGAT"",""TSP2_Lung_proxmedialdistal_10X_1_2_CAGCACGAGACGACTG"",""TSP2_Lung_proxmedialdistal_10X_1_2_CCACACTTCGAGTTGT"",""TSP2_Lung_proxmedialdistal_10X_1_2_CCGATCTAGAATACAC"",""TSP2_Lung_proxmedialdistal_10X_1_2_CGAAGTTAGATGGTAT"",""TSP2_Lung_proxmedialdistal_10X_1_2_CTCAACCAGTTAGTAG"",""TSP2_Lung_proxmedialdistal_10X_1_2_CTTCAATTCCATACTT"",""TSP2_Lung_proxmedialdistal_10X_1_2_CTTCGGTTCCATTCGC"",""TSP2_Lung_proxmedialdistal_10X_1_2_GAACTGTCATCCTTCG"",""TSP2_Lung_proxmedialdistal_10X_1_2_GACATCATCTTACTGT"",""TSP2_Lung_proxmedialdistal_10X_1_2_GCTTGGGCAGCTACTA"",""TSP2_Lung_proxmedialdistal_10X_1_2_GGCTTTCCACACCTGG"",""TSP2_Lung_proxmedialdistal_10X_1_2_GTCTAGACAAATTGGA"",""TSP2_Lung_proxmedialdistal_10X_1_2_GTGAGCCAGTATGGCG"",""TSP2_Lung_proxmedialdistal_10X_1_2_GTTAGACCAATAGTAG"",""TSP2_Lung_proxmedialdistal_10X_1_2_TCAGCAAAGTATTCCG"",""TSP2_Lung_proxmedialdistal_10X_1_2_TCTATCATCTGGTTGA"",""TSP2_Lung_proxmedialdistal_10X_1_2_TCTCACGGTCCAATCA"",""TSP2_Lung_proxmedialdistal_10X_1_2_TTCCGTGAGCTACAAA""]",786544698553a7ca24d9c7e4437507154a7b522fde8ec7c87ddacf4bbab437a4,"[""tabula_lung_endo"",""endothelial cell of lymphatic vessel"",""da9ffbdf489ba7b0"",208,""786544698553a7ca24d9c7e4437507154a7b522fde8ec7c87ddacf4bbab437a4""]",1.0,0.6775244299674267,0.7882736156351792,0.027867095391211148,support accounting only,False,False,unique_budget
tabula_sapiens_stomach,42,0.01,mast cell,batch_heldout,outputs\tabula_sapiens_stomach\batch_heldout_seed42_mast_cell_rare1pct,success,,verified,d796289a5b941ac3,14277,14230,52,5,5,884,32,968,889,"[""TSP27_Stomach_Mucosa_10X3primev31_1_1_CTCCGATTCTATTTCG"",""TSP27_Stomach_Muscle_10X3primev31_1_1_AGTCAACAGTGTGTTC"",""TSP27_Stomach_Muscle_10X3primev31_1_1_CCTTGTGAGATGCTAA"",""TSP27_Stomach_Muscle_10X3primev31_1_1_GATCACACATGTACGT"",""TSP27_Stomach_Muscle_10X3primev31_1_1_TGTGGCGTCCGTATGA""]",5c94000b0a848b99217042b2213877e7e3d11964bac6caf75c01005fef107370,"[""tabula_sapiens_stomach"",""mast cell"",""d796289a5b941ac3"",5,""5c94000b0a848b99217042b2213877e7e3d11964bac6caf75c01005fef107370""]",0.09615384615384616,0.005165289256198347,0.9183884297520661,0.00035021363031449183,support accounting only,True,True,identity_collapse
tabula_sapiens_stomach,42,0.05,mast cell,batch_heldout,outputs\tabula_sapiens_stomach\batch_heldout_seed42_mast_cell_rare5pct,success,,verified,d796289a5b941ac3,14277,14230,52,5,5,884,32,968,889,"[""TSP27_Stomach_Mucosa_10X3primev31_1_1_CTCCGATTCTATTTCG"",""TSP27_Stomach_Muscle_10X3primev31_1_1_AGTCAACAGTGTGTTC"",""TSP27_Stomach_Muscle_10X3primev31_1_1_CCTTGTGAGATGCTAA"",""TSP27_Stomach_Muscle_10X3primev31_1_1_GATCACACATGTACGT"",""TSP27_Stomach_Muscle_10X3primev31_1_1_TGTGGCGTCCGTATGA""]",5c94000b0a848b99217042b2213877e7e3d11964bac6caf75c01005fef107370,"[""tabula_sapiens_stomach"",""mast cell"",""d796289a5b941ac3"",5,""5c94000b0a848b99217042b2213877e7e3d11964bac6caf75c01005fef107370""]",0.09615384615384616,0.005165289256198347,0.9183884297520661,0.00035021363031449183,support accounting only,True,True,identity_collapse
tabula_sapiens_stomach,42,0.10,mast cell,batch_heldout,outputs\tabula_sapiens_stomach\batch_heldout_seed42_mast_cell_rare10pct,success,,verified,d796289a5b941ac3,14277,14230,52,5,5,884,32,968,889,"[""TSP27_Stomach_Mucosa_10X3primev31_1_1_CTCCGATTCTATTTCG"",""TSP27_Stomach_Muscle_10X3primev31_1_1_AGTCAACAGTGTGTTC"",""TSP27_Stomach_Muscle_10X3primev31_1_1_CCTTGTGAGATGCTAA"",""TSP27_Stomach_Muscle_10X3primev31_1_1_GATCACACATGTACGT"",""TSP27_Stomach_Muscle_10X3primev31_1_1_TGTGGCGTCCGTATGA""]",5c94000b0a848b99217042b2213877e7e3d11964bac6caf75c01005fef107370,"[""tabula_sapiens_stomach"",""mast cell"",""d796289a5b941ac3"",5,""5c94000b0a848b99217042b2213877e7e3d11964bac6caf75c01005fef107370""]",0.09615384615384616,0.005165289256198347,0.9183884297520661,0.00035021363031449183,support accounting only,True,True,identity_collapse
tabula_sapiens_stomach,42,all,mast cell,batch_heldout,outputs\tabula_sapiens_stomach\batch_heldout_seed42_mast_cell_rareall,success,,verified,d796289a5b941ac3,14277,14277,52,52,52,884,32,968,936,"[""TSP27_Stomach_Mucosa_10X3primev31_1_1_AACTTCTCACTCCTTG"",""TSP27_Stomach_Mucosa_10X3primev31_1_1_ACACCAAGTCACAATC"",""TSP27_Stomach_Mucosa_10X3primev31_1_1_CACTGAATCTTAGGAC"",""TSP27_Stomach_Mucosa_10X3primev31_1_1_CTCCACACATTGACCA"",""TSP27_Stomach_Mucosa_10X3primev31_1_1_CTCCGATTCTATTTCG"",""TSP27_Stomach_Mucosa_10X3primev31_1_1_CTCTCAGGTCAAACGG"",""TSP27_Stomach_Mucosa_10X3primev31_1_1_GCAGCTGTCCTCTAGC"",""TSP27_Stomach_Mucosa_10X3primev31_1_1_GCATCTCCACAACGCC"",""TSP27_Stomach_Mucosa_10X3primev31_1_1_GCCATTCGTATCTCGA"",""TSP27_Stomach_Mucosa_10X3primev31_1_1_GGGTCTGGTGACACAG"",""TSP27_Stomach_Mucosa_10X3primev31_1_1_TGTAACGTCACCACAA"",""TSP27_Stomach_Mucosa_10X3primev31_1_1_TTAATCCTCAGCCCAG"",""TSP27_Stomach_Muscle_10X3primev31_1_1_AAAGGGCCAAGTATCC"",""TSP27_Stomach_Muscle_10X3primev31_1_1_AACCAACCAGGAAGTC"",""TSP27_Stomach_Muscle_10X3primev31_1_1_AACGAAAGTGTGACCC"",""TSP27_Stomach_Muscle_10X3primev31_1_1_AAGTGAAGTGAACCGA"",""TSP27_Stomach_Muscle_10X3primev31_1_1_AATGGCTTCGACCACG"",""TSP27_Stomach_Muscle_10X3primev31_1_1_ACGTAGTCATGCCATA"",""TSP27_Stomach_Muscle_10X3primev31_1_1_ACTCTCGGTATCGTTG"",""TSP27_Stomach_Muscle_10X3primev31_1_1_AGGGTGAGTCGCACGT"",""TSP27_Stomach_Muscle_10X3primev31_1_1_AGGTTACGTACAGTCT"",""TSP27_Stomach_Muscle_10X3primev31_1_1_AGTACCACACTACGGC"",""TSP27_Stomach_Muscle_10X3primev31_1_1_AGTCAACAGTGTGTTC"",""TSP27_Stomach_Muscle_10X3primev31_1_1_ATACCTTGTTTCGATG"",""TSP27_Stomach_Muscle_10X3primev31_1_1_ATACTTCAGTGGACTG"",""TSP27_Stomach_Muscle_10X3primev31_1_1_ATATCCTTCTGCCCTA"",""TSP27_Stomach_Muscle_10X3primev31_1_1_ATGCGATGTCCTTGTC"",""TSP27_Stomach_Muscle_10X3primev31_1_1_CAGGGCTTCGTCGGGT"",""TSP27_Stomach_Muscle_10X3primev31_1_1_CATGAGTAGTATAACG"",""TSP27_Stomach_Muscle_10X3primev31_1_1_CCACCATCAGACCGCT"",""TSP27_Stomach_Muscle_10X3primev31_1_1_CCCAACTAGATGGCGT"",""TSP27_Stomach_Muscle_10X3primev31_1_1_CCTGCATTCTATTCGT"",""TSP27_Stomach_Muscle_10X3primev31_1_1_CCTTGTGAGATGCTAA"",""TSP27_Stomach_Muscle_10X3primev31_1_1_CGGGTCACACGACAAG"",""TSP27_Stomach_Muscle_10X3primev31_1_1_CTAACTTGTTGCCGCA"",""TSP27_Stomach_Muscle_10X3primev31_1_1_GAGGGATTCAACTGAC"",""TSP27_Stomach_Muscle_10X3primev31_1_1_GAGTTACCAGTCGCAC"",""TSP27_Stomach_Muscle_10X3primev31_1_1_GATCACACATGTACGT"",""TSP27_Stomach_Muscle_10X3primev31_1_1_GATTTCTCACGTCGGT"",""TSP27_Stomach_Muscle_10X3primev31_1_1_GCCCAGAAGCCAGAGT"",""TSP27_Stomach_Muscle_10X3primev31_1_1_GCGTTTCCACTGGCCA"",""TSP27_Stomach_Muscle_10X3primev31_1_1_GCTTCACCAGTCTCTC"",""TSP27_Stomach_Muscle_10X3primev31_1_1_GGAGATGCATCCGTGG"",""TSP27_Stomach_Muscle_10X3primev31_1_1_GGTTAACGTTATCTTC"",""TSP27_Stomach_Muscle_10X3primev31_1_1_GTTGTAGAGCTGTTCA"",""TSP27_Stomach_Muscle_10X3primev31_1_1_GTTTGGATCTTCTGGC"",""TSP27_Stomach_Muscle_10X3primev31_1_1_TACAACGAGCATTTGC"",""TSP27_Stomach_Muscle_10X3primev31_1_1_TACCCACAGTCCCAAT"",""TSP27_Stomach_Muscle_10X3primev31_1_1_TGATGGTGTCTAGTGT"",""TSP27_Stomach_Muscle_10X3primev31_1_1_TGCATCCTCAGTAGGG"",""TSP27_Stomach_Muscle_10X3primev31_1_1_TGGGTTAAGCAGCCCT"",""TSP27_Stomach_Muscle_10X3primev31_1_1_TGTGGCGTCCGTATGA""]",99b7a4321e1beb35d85a09e84f7eb37df196622256d563a021bdf06df9320b69,"[""tabula_sapiens_stomach"",""mast cell"",""d796289a5b941ac3"",52,""99b7a4321e1beb35d85a09e84f7eb37df196622256d563a021bdf06df9320b69""]",1.0,0.05371900826446281,0.9669421487603306,0.003642221755270715,support accounting only,False,False,unique_budget
tabula_sapiens_stomach,43,0.01,mast cell,batch_heldout,outputs\tabula_sapiens_stomach\batch_heldout_seed43_mast_cell_rare1pct,success,,verified,d796289a5b941ac3,14277,14230,52,5,5,884,32,968,889,"[""TSP27_Stomach_Mucosa_10X3primev31_1_1_CACTGAATCTTAGGAC"",""TSP27_Stomach_Muscle_10X3primev31_1_1_AGGTTACGTACAGTCT"",""TSP27_Stomach_Muscle_10X3primev31_1_1_ATACTTCAGTGGACTG"",""TSP27_Stomach_Muscle_10X3primev31_1_1_CCCAACTAGATGGCGT"",""TSP27_Stomach_Muscle_10X3primev31_1_1_CCTGCATTCTATTCGT""]",05a0f7cde60e8c18f735bab9b14f01237bb3ae6aef492d795fc4d7b3c63455a2,"[""tabula_sapiens_stomach"",""mast cell"",""d796289a5b941ac3"",5,""05a0f7cde60e8c18f735bab9b14f01237bb3ae6aef492d795fc4d7b3c63455a2""]",0.09615384615384616,0.005165289256198347,0.9183884297520661,0.00035021363031449183,support accounting only,True,True,identity_collapse
tabula_sapiens_stomach,43,0.05,mast cell,batch_heldout,outputs\tabula_sapiens_stomach\batch_heldout_seed43_mast_cell_rare5pct,success,,verified,d796289a5b941ac3,14277,14230,52,5,5,884,32,968,889,"[""TSP27_Stomach_Mucosa_10X3primev31_1_1_CACTGAATCTTAGGAC"",""TSP27_Stomach_Muscle_10X3primev31_1_1_AGGTTACGTACAGTCT"",""TSP27_Stomach_Muscle_10X3primev31_1_1_ATACTTCAGTGGACTG"",""TSP27_Stomach_Muscle_10X3primev31_1_1_CCCAACTAGATGGCGT"",""TSP27_Stomach_Muscle_10X3primev31_1_1_CCTGCATTCTATTCGT""]",05a0f7cde60e8c18f735bab9b14f01237bb3ae6aef492d795fc4d7b3c63455a2,"[""tabula_sapiens_stomach"",""mast cell"",""d796289a5b941ac3"",5,""05a0f7cde60e8c18f735bab9b14f01237bb3ae6aef492d795fc4d7b3c63455a2""]",0.09615384615384616,0.005165289256198347,0.9183884297520661,0.00035021363031449183,support accounting only,True,True,identity_collapse
tabula_sapiens_stomach,43,0.10,mast cell,batch_heldout,outputs\tabula_sapiens_stomach\batch_heldout_seed43_mast_cell_rare10pct,success,,verified,d796289a5b941ac3,14277,14230,52,5,5,884,32,968,889,"[""TSP27_Stomach_Mucosa_10X3primev31_1_1_CACTGAATCTTAGGAC"",""TSP27_Stomach_Muscle_10X3primev31_1_1_AGGTTACGTACAGTCT"",""TSP27_Stomach_Muscle_10X3primev31_1_1_ATACTTCAGTGGACTG"",""TSP27_Stomach_Muscle_10X3primev31_1_1_CCCAACTAGATGGCGT"",""TSP27_Stomach_Muscle_10X3primev31_1_1_CCTGCATTCTATTCGT""]",05a0f7cde60e8c18f735bab9b14f01237bb3ae6aef492d795fc4d7b3c63455a2,"[""tabula_sapiens_stomach"",""mast cell"",""d796289a5b941ac3"",5,""05a0f7cde60e8c18f735bab9b14f01237bb3ae6aef492d795fc4d7b3c63455a2""]",0.09615384615384616,0.005165289256198347,0.9183884297520661,0.00035021363031449183,support accounting only,True,True,identity_collapse
tabula_sapiens_stomach,43,all,mast cell,batch_heldout,outputs\tabula_sapiens_stomach\batch_heldout_seed43_mast_cell_rareall,success,,verified,d796289a5b941ac3,14277,14277,52,52,52,884,32,968,936,"[""TSP27_Stomach_Mucosa_10X3primev31_1_1_AACTTCTCACTCCTTG"",""TSP27_Stomach_Mucosa_10X3primev31_1_1_ACACCAAGTCACAATC"",""TSP27_Stomach_Mucosa_10X3primev31_1_1_CACTGAATCTTAGGAC"",""TSP27_Stomach_Mucosa_10X3primev31_1_1_CTCCACACATTGACCA"",""TSP27_Stomach_Mucosa_10X3primev31_1_1_CTCCGATTCTATTTCG"",""TSP27_Stomach_Mucosa_10X3primev31_1_1_CTCTCAGGTCAAACGG"",""TSP27_Stomach_Mucosa_10X3primev31_1_1_GCAGCTGTCCTCTAGC"",""TSP27_Stomach_Mucosa_10X3primev31_1_1_GCATCTCCACAACGCC"",""TSP27_Stomach_Mucosa_10X3primev31_1_1_GCCATTCGTATCTCGA"",""TSP27_Stomach_Mucosa_10X3primev31_1_1_GGGTCTGGTGACACAG"",""TSP27_Stomach_Mucosa_10X3primev31_1_1_TGTAACGTCACCACAA"",""TSP27_Stomach_Mucosa_10X3primev31_1_1_TTAATCCTCAGCCCAG"",""TSP27_Stomach_Muscle_10X3primev31_1_1_AAAGGGCCAAGTATCC"",""TSP27_Stomach_Muscle_10X3primev31_1_1_AACCAACCAGGAAGTC"",""TSP27_Stomach_Muscle_10X3primev31_1_1_AACGAAAGTGTGACCC"",""TSP27_Stomach_Muscle_10X3primev31_1_1_AAGTGAAGTGAACCGA"",""TSP27_Stomach_Muscle_10X3primev31_1_1_AATGGCTTCGACCACG"",""TSP27_Stomach_Muscle_10X3primev31_1_1_ACGTAGTCATGCCATA"",""TSP27_Stomach_Muscle_10X3primev31_1_1_ACTCTCGGTATCGTTG"",""TSP27_Stomach_Muscle_10X3primev31_1_1_AGGGTGAGTCGCACGT"",""TSP27_Stomach_Muscle_10X3primev31_1_1_AGGTTACGTACAGTCT"",""TSP27_Stomach_Muscle_10X3primev31_1_1_AGTACCACACTACGGC"",""TSP27_Stomach_Muscle_10X3primev31_1_1_AGTCAACAGTGTGTTC"",""TSP27_Stomach_Muscle_10X3primev31_1_1_ATACCTTGTTTCGATG"",""TSP27_Stomach_Muscle_10X3primev31_1_1_ATACTTCAGTGGACTG"",""TSP27_Stomach_Muscle_10X3primev31_1_1_ATATCCTTCTGCCCTA"",""TSP27_Stomach_Muscle_10X3primev31_1_1_ATGCGATGTCCTTGTC"",""TSP27_Stomach_Muscle_10X3primev31_1_1_CAGGGCTTCGTCGGGT"",""TSP27_Stomach_Muscle_10X3primev31_1_1_CATGAGTAGTATAACG"",""TSP27_Stomach_Muscle_10X3primev31_1_1_CCACCATCAGACCGCT"",""TSP27_Stomach_Muscle_10X3primev31_1_1_CCCAACTAGATGGCGT"",""TSP27_Stomach_Muscle_10X3primev31_1_1_CCTGCATTCTATTCGT"",""TSP27_Stomach_Muscle_10X3primev31_1_1_CCTTGTGAGATGCTAA"",""TSP27_Stomach_Muscle_10X3primev31_1_1_CGGGTCACACGACAAG"",""TSP27_Stomach_Muscle_10X3primev31_1_1_CTAACTTGTTGCCGCA"",""TSP27_Stomach_Muscle_10X3primev31_1_1_GAGGGATTCAACTGAC"",""TSP27_Stomach_Muscle_10X3primev31_1_1_GAGTTACCAGTCGCAC"",""TSP27_Stomach_Muscle_10X3primev31_1_1_GATCACACATGTACGT"",""TSP27_Stomach_Muscle_10X3primev31_1_1_GATTTCTCACGTCGGT"",""TSP27_Stomach_Muscle_10X3primev31_1_1_GCCCAGAAGCCAGAGT"",""TSP27_Stomach_Muscle_10X3primev31_1_1_GCGTTTCCACTGGCCA"",""TSP27_Stomach_Muscle_10X3primev31_1_1_GCTTCACCAGTCTCTC"",""TSP27_Stomach_Muscle_10X3primev31_1_1_GGAGATGCATCCGTGG"",""TSP27_Stomach_Muscle_10X3primev31_1_1_GGTTAACGTTATCTTC"",""TSP27_Stomach_Muscle_10X3primev31_1_1_GTTGTAGAGCTGTTCA"",""TSP27_Stomach_Muscle_10X3primev31_1_1_GTTTGGATCTTCTGGC"",""TSP27_Stomach_Muscle_10X3primev31_1_1_TACAACGAGCATTTGC"",""TSP27_Stomach_Muscle_10X3primev31_1_1_TACCCACAGTCCCAAT"",""TSP27_Stomach_Muscle_10X3primev31_1_1_TGATGGTGTCTAGTGT"",""TSP27_Stomach_Muscle_10X3primev31_1_1_TGCATCCTCAGTAGGG"",""TSP27_Stomach_Muscle_10X3primev31_1_1_TGGGTTAAGCAGCCCT"",""TSP27_Stomach_Muscle_10X3primev31_1_1_TGTGGCGTCCGTATGA""]",99b7a4321e1beb35d85a09e84f7eb37df196622256d563a021bdf06df9320b69,"[""tabula_sapiens_stomach"",""mast cell"",""d796289a5b941ac3"",52,""99b7a4321e1beb35d85a09e84f7eb37df196622256d563a021bdf06df9320b69""]",1.0,0.05371900826446281,0.9669421487603306,0.003642221755270715,support accounting only,False,False,unique_budget
tabula_sapiens_stomach,44,0.01,mast cell,batch_heldout,outputs\tabula_sapiens_stomach\batch_heldout_seed44_mast_cell_rare1pct,success,,verified,d796289a5b941ac3,14277,14230,52,5,5,884,32,968,889,"[""TSP27_Stomach_Mucosa_10X3primev31_1_1_GCAGCTGTCCTCTAGC"",""TSP27_Stomach_Muscle_10X3primev31_1_1_AACCAACCAGGAAGTC"",""TSP27_Stomach_Muscle_10X3primev31_1_1_CCTTGTGAGATGCTAA"",""TSP27_Stomach_Muscle_10X3primev31_1_1_CTAACTTGTTGCCGCA"",""TSP27_Stomach_Muscle_10X3primev31_1_1_GCGTTTCCACTGGCCA""]",fd67f4298f788f7c73becd9d49b00f3bf7acc898a423c4a79ea1a499f69710ff,"[""tabula_sapiens_stomach"",""mast cell"",""d796289a5b941ac3"",5,""fd67f4298f788f7c73becd9d49b00f3bf7acc898a423c4a79ea1a499f69710ff""]",0.09615384615384616,0.005165289256198347,0.9183884297520661,0.00035021363031449183,support accounting only,True,True,identity_collapse
tabula_sapiens_stomach,44,0.05,mast cell,batch_heldout,outputs\tabula_sapiens_stomach\batch_heldout_seed44_mast_cell_rare5pct,success,,verified,d796289a5b941ac3,14277,14230,52,5,5,884,32,968,889,"[""TSP27_Stomach_Mucosa_10X3primev31_1_1_GCAGCTGTCCTCTAGC"",""TSP27_Stomach_Muscle_10X3primev31_1_1_AACCAACCAGGAAGTC"",""TSP27_Stomach_Muscle_10X3primev31_1_1_CCTTGTGAGATGCTAA"",""TSP27_Stomach_Muscle_10X3primev31_1_1_CTAACTTGTTGCCGCA"",""TSP27_Stomach_Muscle_10X3primev31_1_1_GCGTTTCCACTGGCCA""]",fd67f4298f788f7c73becd9d49b00f3bf7acc898a423c4a79ea1a499f69710ff,"[""tabula_sapiens_stomach"",""mast cell"",""d796289a5b941ac3"",5,""fd67f4298f788f7c73becd9d49b00f3bf7acc898a423c4a79ea1a499f69710ff""]",0.09615384615384616,0.005165289256198347,0.9183884297520661,0.00035021363031449183,support accounting only,True,True,identity_collapse
tabula_sapiens_stomach,44,0.10,mast cell,batch_heldout,outputs\tabula_sapiens_stomach\batch_heldout_seed44_mast_cell_rare10pct,success,,verified,d796289a5b941ac3,14277,14230,52,5,5,884,32,968,889,"[""TSP27_Stomach_Mucosa_10X3primev31_1_1_GCAGCTGTCCTCTAGC"",""TSP27_Stomach_Muscle_10X3primev31_1_1_AACCAACCAGGAAGTC"",""TSP27_Stomach_Muscle_10X3primev31_1_1_CCTTGTGAGATGCTAA"",""TSP27_Stomach_Muscle_10X3primev31_1_1_CTAACTTGTTGCCGCA"",""TSP27_Stomach_Muscle_10X3primev31_1_1_GCGTTTCCACTGGCCA""]",fd67f4298f788f7c73becd9d49b00f3bf7acc898a423c4a79ea1a499f69710ff,"[""tabula_sapiens_stomach"",""mast cell"",""d796289a5b941ac3"",5,""fd67f4298f788f7c73becd9d49b00f3bf7acc898a423c4a79ea1a499f69710ff""]",0.09615384615384616,0.005165289256198347,0.9183884297520661,0.00035021363031449183,support accounting only,True,True,identity_collapse
tabula_sapiens_stomach,44,all,mast cell,batch_heldout,outputs\tabula_sapiens_stomach\batch_heldout_seed44_mast_cell_rareall,success,,verified,d796289a5b941ac3,14277,14277,52,52,52,884,32,968,936,"[""TSP27_Stomach_Mucosa_10X3primev31_1_1_AACTTCTCACTCCTTG"",""TSP27_Stomach_Mucosa_10X3primev31_1_1_ACACCAAGTCACAATC"",""TSP27_Stomach_Mucosa_10X3primev31_1_1_CACTGAATCTTAGGAC"",""TSP27_Stomach_Mucosa_10X3primev31_1_1_CTCCACACATTGACCA"",""TSP27_Stomach_Mucosa_10X3primev31_1_1_CTCCGATTCTATTTCG"",""TSP27_Stomach_Mucosa_10X3primev31_1_1_CTCTCAGGTCAAACGG"",""TSP27_Stomach_Mucosa_10X3primev31_1_1_GCAGCTGTCCTCTAGC"",""TSP27_Stomach_Mucosa_10X3primev31_1_1_GCATCTCCACAACGCC"",""TSP27_Stomach_Mucosa_10X3primev31_1_1_GCCATTCGTATCTCGA"",""TSP27_Stomach_Mucosa_10X3primev31_1_1_GGGTCTGGTGACACAG"",""TSP27_Stomach_Mucosa_10X3primev31_1_1_TGTAACGTCACCACAA"",""TSP27_Stomach_Mucosa_10X3primev31_1_1_TTAATCCTCAGCCCAG"",""TSP27_Stomach_Muscle_10X3primev31_1_1_AAAGGGCCAAGTATCC"",""TSP27_Stomach_Muscle_10X3primev31_1_1_AACCAACCAGGAAGTC"",""TSP27_Stomach_Muscle_10X3primev31_1_1_AACGAAAGTGTGACCC"",""TSP27_Stomach_Muscle_10X3primev31_1_1_AAGTGAAGTGAACCGA"",""TSP27_Stomach_Muscle_10X3primev31_1_1_AATGGCTTCGACCACG"",""TSP27_Stomach_Muscle_10X3primev31_1_1_ACGTAGTCATGCCATA"",""TSP27_Stomach_Muscle_10X3primev31_1_1_ACTCTCGGTATCGTTG"",""TSP27_Stomach_Muscle_10X3primev31_1_1_AGGGTGAGTCGCACGT"",""TSP27_Stomach_Muscle_10X3primev31_1_1_AGGTTACGTACAGTCT"",""TSP27_Stomach_Muscle_10X3primev31_1_1_AGTACCACACTACGGC"",""TSP27_Stomach_Muscle_10X3primev31_1_1_AGTCAACAGTGTGTTC"",""TSP27_Stomach_Muscle_10X3primev31_1_1_ATACCTTGTTTCGATG"",""TSP27_Stomach_Muscle_10X3primev31_1_1_ATACTTCAGTGGACTG"",""TSP27_Stomach_Muscle_10X3primev31_1_1_ATATCCTTCTGCCCTA"",""TSP27_Stomach_Muscle_10X3primev31_1_1_ATGCGATGTCCTTGTC"",""TSP27_Stomach_Muscle_10X3primev31_1_1_CAGGGCTTCGTCGGGT"",""TSP27_Stomach_Muscle_10X3primev31_1_1_CATGAGTAGTATAACG"",""TSP27_Stomach_Muscle_10X3primev31_1_1_CCACCATCAGACCGCT"",""TSP27_Stomach_Muscle_10X3primev31_1_1_CCCAACTAGATGGCGT"",""TSP27_Stomach_Muscle_10X3primev31_1_1_CCTGCATTCTATTCGT"",""TSP27_Stomach_Muscle_10X3primev31_1_1_CCTTGTGAGATGCTAA"",""TSP27_Stomach_Muscle_10X3primev31_1_1_CGGGTCACACGACAAG"",""TSP27_Stomach_Muscle_10X3primev31_1_1_CTAACTTGTTGCCGCA"",""TSP27_Stomach_Muscle_10X3primev31_1_1_GAGGGATTCAACTGAC"",""TSP27_Stomach_Muscle_10X3primev31_1_1_GAGTTACCAGTCGCAC"",""TSP27_Stomach_Muscle_10X3primev31_1_1_GATCACACATGTACGT"",""TSP27_Stomach_Muscle_10X3primev31_1_1_GATTTCTCACGTCGGT"",""TSP27_Stomach_Muscle_10X3primev31_1_1_GCCCAGAAGCCAGAGT"",""TSP27_Stomach_Muscle_10X3primev31_1_1_GCGTTTCCACTGGCCA"",""TSP27_Stomach_Muscle_10X3primev31_1_1_GCTTCACCAGTCTCTC"",""TSP27_Stomach_Muscle_10X3primev31_1_1_GGAGATGCATCCGTGG"",""TSP27_Stomach_Muscle_10X3primev31_1_1_GGTTAACGTTATCTTC"",""TSP27_Stomach_Muscle_10X3primev31_1_1_GTTGTAGAGCTGTTCA"",""TSP27_Stomach_Muscle_10X3primev31_1_1_GTTTGGATCTTCTGGC"",""TSP27_Stomach_Muscle_10X3primev31_1_1_TACAACGAGCATTTGC"",""TSP27_Stomach_Muscle_10X3primev31_1_1_TACCCACAGTCCCAAT"",""TSP27_Stomach_Muscle_10X3primev31_1_1_TGATGGTGTCTAGTGT"",""TSP27_Stomach_Muscle_10X3primev31_1_1_TGCATCCTCAGTAGGG"",""TSP27_Stomach_Muscle_10X3primev31_1_1_TGGGTTAAGCAGCCCT"",""TSP27_Stomach_Muscle_10X3primev31_1_1_TGTGGCGTCCGTATGA""]",99b7a4321e1beb35d85a09e84f7eb37df196622256d563a021bdf06df9320b69,"[""tabula_sapiens_stomach"",""mast cell"",""d796289a5b941ac3"",52,""99b7a4321e1beb35d85a09e84f7eb37df196622256d563a021bdf06df9320b69""]",1.0,0.05371900826446281,0.9669421487603306,0.003642221755270715,support accounting only,False,False,unique_budget
tabula_small_intestine,42,0.01,intestinal tuft cell,batch_heldout,outputs\tabula_small_intestine\batch_heldout_seed42_intestinal_tuft_cell_rare1pct,success,,verified,2d3d2e6d369f4cb5,24282,23972,315,5,5,55,65,435,60,"[""TSP14_SI_Distal_10X_1_1_AATCGACAGCTTAGTC"",""TSP14_SI_Distal_10X_1_1_AATCGTGAGCACTCTA"",""TSP14_SI_Distal_10X_1_1_GAACGTTGTTCTAAGC"",""TSP14_SI_Distal_10X_1_1_TAAGCACAGATTCGAA"",""TSP2_SI_DuodenumProximal_10X_1_1_CGGCAGTCACCTGCGA""]",04a107a54de440a767fb6f8f9a51ad9e164877cc8cc9d6970ee4ee6aa7f57d8b,"[""tabula_small_intestine"",""intestinal tuft cell"",""2d3d2e6d369f4cb5"",5,""04a107a54de440a767fb6f8f9a51ad9e164877cc8cc9d6970ee4ee6aa7f57d8b""]",0.015873015873015872,0.011494252873563218,0.13793103448275862,0.0002059138456469813,support accounting only,False,False,unique_budget
tabula_small_intestine,42,0.05,intestinal tuft cell,batch_heldout,outputs\tabula_small_intestine\batch_heldout_seed42_intestinal_tuft_cell_rare5pct,success,,verified,2d3d2e6d369f4cb5,24282,23982,315,15,15,55,65,435,70,"[""TSP14_SI_Distal_10X_1_1_AAGATAGGTAGGTGCA"",""TSP14_SI_Distal_10X_1_1_AAGCCATAGTAGACAT"",""TSP14_SI_Distal_10X_1_1_ATGACCATCCAACCGG"",""TSP14_SI_Distal_10X_1_1_CTGTAGAGTTCCCAAA"",""TSP14_SI_Distal_10X_1_1_GCCCAGAGTGGCGCTT"",""TSP14_SI_Distal_10X_1_1_GGGTATTCAAAGGCTG"",""TSP14_SI_Distal_10X_1_1_GTACAACAGGGTTTCT"",""TSP14_SI_Distal_10X_1_1_GTCATTTAGTACAACA"",""TSP14_SI_Distal_10X_1_1_GTGTGGCAGATGCGAC"",""TSP14_SI_Distal_10X_1_1_TCGTGCTAGACTGTTC"",""TSP27_SI_Duodenum_10X3primev31_1_1_TATACCTCATCAGTGT"",""TSP27_SI_Duodenum_10X3primev31_1_1_TCAGTCCGTAAGATAC"",""TSP2_SI_DuodenumProximal_10X_1_1_CGAGTTACAGAAATCA"",""TSP2_SI_DuodenumProximal_10X_1_1_CGTGTCTGTACTTCCC"",""TSP2_SI_DuodenumProximal_10X_1_1_TCAGCAACATGACACT""]",3687916af7de1cf1bb996386bf75583df6302845f1681160f159814e8cf0fb3d,"[""tabula_small_intestine"",""intestinal tuft cell"",""2d3d2e6d369f4cb5"",15,""3687916af7de1cf1bb996386bf75583df6302845f1681160f159814e8cf0fb3d""]",0.047619047619047616,0.034482758620689655,0.16091954022988506,0.000617741536940944,support accounting only,False,False,unique_budget
tabula_small_intestine,42,0.10,intestinal tuft cell,batch_heldout,outputs\tabula_small_intestine\batch_heldout_seed42_intestinal_tuft_cell_rare10pct,success,,verified,2d3d2e6d369f4cb5,24282,23998,315,31,31,55,65,435,86,"[""TSP14_SI_Distal_10X_1_1_AATCGACAGCTTAGTC"",""TSP14_SI_Distal_10X_1_1_ACCCAAAAGGATTTAG"",""TSP14_SI_Distal_10X_1_1_ACCCTTGTCTTGCAGA"",""TSP14_SI_Distal_10X_1_1_AGCCAATAGGGAGGCA"",""TSP14_SI_Distal_10X_1_1_AGGCTGCTCCGTGACG"",""TSP14_SI_Distal_10X_1_1_AGGTAGGAGTGTTCAC"",""TSP14_SI_Distal_10X_1_1_ATTTCTGGTATTTCTC"",""TSP14_SI_Distal_10X_1_1_CGACAGCAGGTGCTAG"",""TSP14_SI_Distal_10X_1_1_CTTAGGAGTGTTCATG"",""TSP14_SI_Distal_10X_1_1_CTTGATTTCTCACCCA"",""TSP14_SI_Distal_10X_1_1_GCCCAGAGTGGCGCTT"",""TSP14_SI_Distal_10X_1_1_GCTACAAGTTGTTGCA"",""TSP14_SI_Distal_10X_1_1_GGAGCAAGTATCCTCC"",""TSP14_SI_Distal_10X_1_1_GGGTATTCAAAGGCTG"",""TSP14_SI_Distal_10X_1_1_GTCGTTCCACAGAGAC"",""TSP14_SI_Distal_10X_1_1_TAAGCACAGATTCGAA"",""TSP14_SI_Distal_10X_1_1_TAGTGCAGTCCTTAAG"",""TSP14_SI_Distal_10X_1_1_TCCCACAGTTAGCGGA"",""TSP14_SI_Distal_10X_1_1_TCCTAATTCAAAGGAT"",""TSP14_SI_Distal_10X_1_1_TTCCTCTAGCCGCACT"",""TSP14_SI_Proximal_10X_1_1_GCTACCTCACAGCTGC"",""TSP14_SI_Proximal_10X_1_1_TCTCAGCTCTCCGCAT"",""TSP14_SI_Proximal_10X_1_1_TGAACGTCAAATGGTA"",""TSP27_SI_Duodenum_10X3primev31_1_1_AACCTGAGTAGTCACT"",""TSP27_SI_Duodenum_10X3primev31_1_1_AGATGCTGTTCTGACA"",""TSP27_SI_Duodenum_10X3primev31_1_1_TGGATCATCCTCACGT"",""TSP2_SI_DuodenumProximal_10X_1_1_CGAGTGCTCCATTGCC"",""TSP2_SI_DuodenumProximal_10X_1_1_CGGCAGTCACCTGCGA"",""TSP2_SI_DuodenumProximal_10X_1_1_GACTCAAAGGTCACAG"",""TSP2_SI_DuodenumProximal_10X_1_1_TAACACGCAAGGATGC"",""TSP2_SI_DuodenumProximal_10X_1_1_TAGTGCATCTGGACTA""]",95d7b979a6032608be9aba9d69148d0b6b028fafbefb50692d93cc3fc3920275,"[""tabula_small_intestine"",""intestinal tuft cell"",""2d3d2e6d369f4cb5"",31,""95d7b979a6032608be9aba9d69148d0b6b028fafbefb50692d93cc3fc3920275""]",0.09841269841269841,0.07126436781609195,0.19770114942528735,0.001276665843011284,support accounting only,False,False,unique_budget
tabula_small_intestine,42,all,intestinal tuft cell,batch_heldout,outputs\tabula_small_intestine\batch_heldout_seed42_intestinal_tuft_cell_rareall,success,,verified,2d3d2e6d369f4cb5,24282,24282,315,315,315,55,65,435,370,"[""TSP14_SI_Distal_10X_1_1_AAAGTCCGTATCCTTT"",""TSP14_SI_Distal_10X_1_1_AAAGTGATCGCAGTCG"",""TSP14_SI_Distal_10X_1_1_AACGTCAAGAGTACCG"",""TSP14_SI_Distal_10X_1_1_AAGATAGGTAGGTGCA"",""TSP14_SI_Distal_10X_1_1_AAGCCATAGTAGACAT"",""TSP14_SI_Distal_10X_1_1_AAGTTCGTCCGTCCTA"",""TSP14_SI_Distal_10X_1_1_AATCACGGTTGCTCAA"",""TSP14_SI_Distal_10X_1_1_AATCGACAGCTTAGTC"",""TSP14_SI_Distal_10X_1_1_AATCGTGAGCACTCTA"",""TSP14_SI_Distal_10X_1_1_ACATTTCTCGTTCAGA"",""TSP14_SI_Distal_10X_1_1_ACCCAAAAGGATTTAG"",""TSP14_SI_Distal_10X_1_1_ACCCTCACATCATCTT"",""TSP14_SI_Distal_10X_1_1_ACCCTTGTCTTGCAGA"",""TSP14_SI_Distal_10X_1_1_ACGGTCGAGCAGCACA"",""TSP14_SI_Distal_10X_1_1_ACGGTCGCATCTAGAC"",""TSP14_SI_Distal_10X_1_1_ACGTAGTCAATCTAGC"",""TSP14_SI_Distal_10X_1_1_ACTACGAAGGCATGGT"",""TSP14_SI_Distal_10X_1_1_ACTCTCGAGGTCACAG"",""TSP14_SI_Distal_10X_1_1_ACTCTCGTCCTCTTTC"",""TSP14_SI_Distal_10X_1_1_AGACACTTCGCAACAT"",""TSP14_SI_Distal_10X_1_1_AGACTCAAGCCGGATA"",""TSP14_SI_Distal_10X_1_1_AGACTCATCCGGTAGC"",""TSP14_SI_Distal_10X_1_1_AGAGAATTCTGGGCCA"",""TSP14_SI_Distal_10X_1_1_AGCCAATAGGGAGGCA"",""TSP14_SI_Distal_10X_1_1_AGCGCCAAGTCACACT"",""TSP14_SI_Distal_10X_1_1_AGGCTGCTCCGTGACG"",""TSP14_SI_Distal_10X_1_1_AGGTAGGAGTGTTCAC"",""TSP14_SI_Distal_10X_1_1_AGTGACTAGGTATAGT"",""TSP14_SI_Distal_10X_1_1_AGTGACTCACCAGTTA"",""TSP14_SI_Distal_10X_1_1_ATACCGACACGCTATA"",""TSP14_SI_Distal_10X_1_1_ATACCTTTCACTCTTA"",""TSP14_SI_Distal_10X_1_1_ATCCACCCAACCACGC"",""TSP14_SI_Distal_10X_1_1_ATGAAAGTCTCGGGAC"",""TSP14_SI_Distal_10X_1_1_ATGACCACAGCCTATA"",""TSP14_SI_Distal_10X_1_1_ATGACCATCCAACCGG"",""TSP14_SI_Distal_10X_1_1_ATGCGATCAAGTGCAG"",""TSP14_SI_Distal_10X_1_1_ATGGTTGCATATGGCT"",""TSP14_SI_Distal_10X_1_1_ATTACCTCATGGGCAA"",""TSP14_SI_Distal_10X_1_1_ATTATCCGTCCCGCAA"",""TSP14_SI_Distal_10X_1_1_ATTCCCGAGCAGCCCT"",""TSP14_SI_Distal_10X_1_1_ATTCTACGTACAGCGA"",""TSP14_SI_Distal_10X_1_1_ATTTCTGGTATTTCTC"",""TSP14_SI_Distal_10X_1_1_CAAGAGGAGCATTTCG"",""TSP14_SI_Distal_10X_1_1_CAAGGGAGTGGTCAAG"",""TSP14_SI_Distal_10X_1_1_CACAGATTCTCCAATT"",""TSP14_SI_Distal_10X_1_1_CACCGTTAGCGCTTCG"",""TSP14_SI_Distal_10X_1_1_CACCGTTCATCGTGCG"",""TSP14_SI_Distal_10X_1_1_CACTGAAAGGAATTAC"",""TSP14_SI_Distal_10X_1_1_CATCAAGTCACTTGTT"",""TSP14_SI_Distal_10X_1_1_CCAATGAGTCCGGTGT"",""TSP14_SI_Distal_10X_1_1_CCAATGATCCATAGGT"",""TSP14_SI_Distal_10X_1_1_CCAATTTTCTAGGCAT"",""TSP14_SI_Distal_10X_1_1_CCCTTAGCAATAGGGC"",""TSP14_SI_Distal_10X_1_1_CCGGACATCCACCTGT"",""TSP14_SI_Distal_10X_1_1_CCTAAGACACCGTGCA"",""TSP14_SI_Distal_10X_1_1_CCTCACACACGATTCA"",""TSP14_SI_Distal_10X_1_1_CCTCCTCCACCGTCTT"",""TSP14_SI_Distal_10X_1_1_CCTGCATTCCATTGGA"",""TSP14_SI_Distal_10X_1_1_CGACAGCAGGTGCTAG"",""TSP14_SI_Distal_10X_1_1_CGAGTGCAGAGTGTGC"",""TSP14_SI_Distal_10X_1_1_CGCGTGACAGATAAAC"",""TSP14_SI_Distal_10X_1_1_CGGAACCCACATATGC"",""TSP14_SI_Distal_10X_1_1_CGGCAGTGTTCAATCG"",""TSP14_SI_Distal_10X_1_1_CGGCAGTTCGCTAATG"",""TSP14_SI_Distal_10X_1_1_CGTGCTTTCCGATCTC"",""TSP14_SI_Distal_10X_1_1_CGTTGGGTCACTTTGT"",""TSP14_SI_Distal_10X_1_1_CTCTCGACACCTATCC"",""TSP14_SI_Distal_10X_1_1_CTGCAGGAGCTTCGTA"",""TSP14_SI_Distal_10X_1_1_CTGGTCTTCCCTCAAC"",""TSP14_SI_Distal_10X_1_1_CTGTAGAGTTCCCAAA"",""TSP14_SI_Distal_10X_1_1_CTTAGGAGTGTTCATG"",""TSP14_SI_Distal_10X_1_1_CTTCAATGTTTCGTAG"",""TSP14_SI_Distal_10X_1_1_CTTCTCTCAAGCTCTA"",""TSP14_SI_Distal_10X_1_1_CTTGAGAAGAATCGAT"",""TSP14_SI_Distal_10X_1_1_CTTGATTTCTCACCCA"",""TSP14_SI_Distal_10X_1_1_GAACGTTGTTCTAAGC"",""TSP14_SI_Distal_10X_1_1_GACACGCTCACCATAG"",""TSP14_SI_Distal_10X_1_1_GACGCTGAGTTTGAGA"",""TSP14_SI_Distal_10X_1_1_GACTCAAGTGTGTGGA"",""TSP14_SI_Distal_10X_1_1_GAGTCTAAGTGCACCC"",""TSP14_SI_Distal_10X_1_1_GAGTTTGGTACTCGAT"",""TSP14_SI_Distal_10X_1_1_GATGTTGAGGCTCTCG"",""TSP14_SI_Distal_10X_1_1_GCACATATCGTCTACC"",""TSP14_SI_Distal_10X_1_1_GCAGGCTTCATTGCGA"",""TSP14_SI_Distal_10X_1_1_GCATCGGAGCTAGTTC"",""TSP14_SI_Distal_10X_1_1_GCCCAGAGTGGCGCTT"",""TSP14_SI_Distal_10X_1_1_GCCCGAAGTTCGTTCC"",""TSP14_SI_Distal_10X_1_1_GCGTGCAAGAGGGCGA"",""TSP14_SI_Distal_10X_1_1_GCTACAAAGTGGTTGG"",""TSP14_SI_Distal_10X_1_1_GCTACAAGTTGTTGCA"",""TSP14_SI_Distal_10X_1_1_GCTGGGTGTGAAGCGT"",""TSP14_SI_Distal_10X_1_1_GCTTGGGGTCAAGCCC"",""TSP14_SI_Distal_10X_1_1_GGAGCAAGTATCCTCC"",""TSP14_SI_Distal_10X_1_1_GGCTTTCGTCGTGCCA"",""TSP14_SI_Distal_10X_1_1_GGGACCTAGGCTCAAG"",""TSP14_SI_Distal_10X_1_1_GGGCTACCACAAATCC"",""TSP14_SI_Distal_10X_1_1_GGGTATTAGACAAGCC"",""TSP14_SI_Distal_10X_1_1_GGGTATTCAAAGGCTG"",""TSP14_SI_Distal_10X_1_1_GGGTATTGTAAGGCTG"",""TSP14_SI_Distal_10X_1_1_GGGTTTAGTGATCGTT"",""TSP14_SI_Distal_10X_1_1_GGTGTCGCACAAGTGG"",""TSP14_SI_Distal_10X_1_1_GTACAACAGGGTTTCT"",""TSP14_SI_Distal_10X_1_1_GTAGAGGAGGCTCTAT"",""TSP14_SI_Distal_10X_1_1_GTAGGAGAGACTACGG"",""TSP14_SI_Distal_10X_1_1_GTCATTTAGTACAACA"",""TSP14_SI_Distal_10X_1_1_GTCGTAAGTAGGAAAG"",""TSP14_SI_Distal_10X_1_1_GTCGTTCCACAGAGAC"",""TSP14_SI_Distal_10X_1_1_GTCTTTAGTTGGACTT"",""TSP14_SI_Distal_10X_1_1_GTGATGTTCATTACCT"",""TSP14_SI_Distal_10X_1_1_GTGTGGCAGATGCGAC"",""TSP14_SI_Distal_10X_1_1_GTTGCTCTCGTTCATT"",""TSP14_SI_Distal_10X_1_1_TAACACGAGTCCCGGT"",""TSP14_SI_Distal_10X_1_1_TAAGCACAGATTCGAA"",""TSP14_SI_Distal_10X_1_1_TACAACGAGGGTGAAA"",""TSP14_SI_Distal_10X_1_1_TACCGAATCGAATCCA"",""TSP14_SI_Distal_10X_1_1_TACGCTCGTTATGGTC"",""TSP14_SI_Distal_10X_1_1_TACTTACAGTCGAGGT"",""TSP14_SI_Distal_10X_1_1_TAGACCACAAGTGATA"",""TSP14_SI_Distal_10X_1_1_TAGGTACCACGTCGGT"",""TSP14_SI_Distal_10X_1_1_TAGTGCAGTCCTTAAG"",""TSP14_SI_Distal_10X_1_1_TCAATCTCATTAGGCT"",""TSP14_SI_Distal_10X_1_1_TCAATTCCAGCCTTCT"",""TSP14_SI_Distal_10X_1_1_TCACATTCAAAGACGC"",""TSP14_SI_Distal_10X_1_1_TCATTTGAGTGGTGGT"",""TSP14_SI_Distal_10X_1_1_TCATTTGTCGACCATA"",""TSP14_SI_Distal_10X_1_1_TCCCACAGTTAGCGGA"",""TSP14_SI_Distal_10X_1_1_TCCGGGACAACTTGGT"",""TSP14_SI_Distal_10X_1_1_TCCTAATTCAAAGGAT"",""TSP14_SI_Distal_10X_1_1_TCCTTCTAGGCGTTGA"",""TSP14_SI_Distal_10X_1_1_TCGCACTAGCACCTGC"",""TSP14_SI_Distal_10X_1_1_TCGCTTGCACGGCGTT"",""TSP14_SI_Distal_10X_1_1_TCGTAGACATCCGAAT"",""TSP14_SI_Distal_10X_1_1_TCGTAGAGTAACCCGC"",""TSP14_SI_Distal_10X_1_1_TCGTGCTAGACTGTTC"",""TSP14_SI_Distal_10X_1_1_TCGTGCTTCGGCAGTC"",""TSP14_SI_Distal_10X_1_1_TGAGACTGTAGTAAGT"",""TSP14_SI_Distal_10X_1_1_TGAGTCATCAAAGGTA"",""TSP14_SI_Distal_10X_1_1_TGATGCAAGGAATGTT"",""TSP14_SI_Distal_10X_1_1_TGCACGGTCAAGGTGG"",""TSP14_SI_Distal_10X_1_1_TGCAGATAGCCTAACT"",""TSP14_SI_Distal_10X_1_1_TGCGACGAGTATGATG"",""TSP14_SI_Distal_10X_1_1_TGCGGCAGTCACAGTT"",""TSP14_SI_Distal_10X_1_1_TGGATCAAGGAATCGC"",""TSP14_SI_Distal_10X_1_1_TGGATCAAGGATACCG"",""TSP14_SI_Distal_10X_1_1_TGGGATTAGTATTGCC"",""TSP14_SI_Distal_10X_1_1_TGGGCGTCACCCTATC"",""TSP14_SI_Distal_10X_1_1_TGTCCCACATGTGTCA"",""TSP14_SI_Distal_10X_1_1_TGTCCCATCAACTACG"",""TSP14_SI_Distal_10X_1_1_TGTTCATAGGCGACAT"",""TSP14_SI_Distal_10X_1_1_TGTTGGAAGTGCCAGA"",""TSP14_SI_Distal_10X_1_1_TGTTGGAGTCTTGAGT"",""TSP14_SI_Distal_10X_1_1_TTAATCCCAACCCTAA"",""TSP14_SI_Distal_10X_1_1_TTACAGGCACTGCGAC"",""TSP14_SI_Distal_10X_1_1_TTACCATCACAATGAA"",""TSP14_SI_Distal_10X_1_1_TTAGGGTAGACCCGCT"",""TSP14_SI_Distal_10X_1_1_TTCATGTTCCACGGGT"",""TSP14_SI_Distal_10X_1_1_TTCCTCTAGCCGCACT"",""TSP14_SI_Distal_10X_1_1_TTTCGATAGGTGATAT"",""TSP14_SI_Proximal_10X_1_1_AAATGGAGTACGAAAT"",""TSP14_SI_Proximal_10X_1_1_ACAGGGACAGATTTCG"",""TSP14_SI_Proximal_10X_1_1_AGACACTGTTTGGGTT"",""TSP14_SI_Proximal_10X_1_1_AGGGAGTAGCGTTGTT"",""TSP14_SI_Proximal_10X_1_1_AGTAGCTAGTCAGCCC"",""TSP14_SI_Proximal_10X_1_1_CATACTTCACCGTGGT"",""TSP14_SI_Proximal_10X_1_1_CATTCATTCCTCTTTC"",""TSP14_SI_Proximal_10X_1_1_CCAATTTGTACAATAG"",""TSP14_SI_Proximal_10X_1_1_CCAATTTTCTATGTGG"",""TSP14_SI_Proximal_10X_1_1_CCGGGTATCTAAGCGT"",""TSP14_SI_Proximal_10X_1_1_CCTCCAAAGGAACTAT"",""TSP14_SI_Proximal_10X_1_1_CCTTCAGGTCCCACGA"",""TSP14_SI_Proximal_10X_1_1_GACCCTTTCGTGGTAT"",""TSP14_SI_Proximal_10X_1_1_GAGACTTCAGCCATTA"",""TSP14_SI_Proximal_10X_1_1_GCTACCTCACAGCTGC"",""TSP14_SI_Proximal_10X_1_1_GCTGGGTCAGCGGATA"",""TSP14_SI_Proximal_10X_1_1_GGAGCAAGTCTGGTTA"",""TSP14_SI_Proximal_10X_1_1_GGCTTTCGTTCAAGTC"",""TSP14_SI_Proximal_10X_1_1_GGGAGTAGTGAGATCG"",""TSP14_SI_Proximal_10X_1_1_GGGTGAAGTTCTCCAC"",""TSP14_SI_Proximal_10X_1_1_GTCAAGTTCTGGTGCG"",""TSP14_SI_Proximal_10X_1_1_GTGGAAGGTATCTCTT"",""TSP14_SI_Proximal_10X_1_1_TACTTACTCTTTCCGG"",""TSP14_SI_Proximal_10X_1_1_TATTCCATCGGCATAT"",""TSP14_SI_Proximal_10X_1_1_TCAGGTAAGCACGTCC"",""TSP14_SI_Proximal_10X_1_1_TCATCCGCACCCTCTA"",""TSP14_SI_Proximal_10X_1_1_TCTCAGCTCTCCGCAT"",""TSP14_SI_Proximal_10X_1_1_TGAACGTCAAATGGTA"",""TSP14_SI_Proximal_10X_1_1_TGGGATTAGTGGCGAT"",""TSP14_SI_Proximal_10X_1_1_TTCGCTGTCATTGCTT"",""TSP27_SI_Duodenum_10X3primev31_1_1_AAAGAACCAGCTTCCT"",""TSP27_SI_Duodenum_10X3primev31_1_1_AACCTGAGTAGTCACT"",""TSP27_SI_Duodenum_10X3primev31_1_1_AACGAAATCTACGGTA"",""TSP27_SI_Duodenum_10X3primev31_1_1_AGATGCTGTTCTGACA"",""TSP27_SI_Duodenum_10X3primev31_1_1_AGGAAATGTACTGAGG"",""TSP27_SI_Duodenum_10X3primev31_1_1_AGGAAATGTATTCTCT"",""TSP27_SI_Duodenum_10X3primev31_1_1_CAACCTCGTGCTCGTG"",""TSP27_SI_Duodenum_10X3primev31_1_1_CCGGTAGGTCGTGTTA"",""TSP27_SI_Duodenum_10X3primev31_1_1_CTACCCAAGGTGCTGA"",""TSP27_SI_Duodenum_10X3primev31_1_1_CTAGGTATCGACCAAT"",""TSP27_SI_Duodenum_10X3primev31_1_1_CTCAGAACACATGAAA"",""TSP27_SI_Duodenum_10X3primev31_1_1_CTGTGGGCAGAGACTG"",""TSP27_SI_Duodenum_10X3primev31_1_1_CTTCCTTGTTCCTAAG"",""TSP27_SI_Duodenum_10X3primev31_1_1_GGGTTTAAGCAATAAC"",""TSP27_SI_Duodenum_10X3primev31_1_1_GTGCACGGTCATCACA"",""TSP27_SI_Duodenum_10X3primev31_1_1_TACAACGCAGACCATT"",""TSP27_SI_Duodenum_10X3primev31_1_1_TACGGTAAGCTAATGA"",""TSP27_SI_Duodenum_10X3primev31_1_1_TATACCTCATCAGTGT"",""TSP27_SI_Duodenum_10X3primev31_1_1_TATCCTACAAACCGGA"",""TSP27_SI_Duodenum_10X3primev31_1_1_TCAGTCCGTAAGATAC"",""TSP27_SI_Duodenum_10X3primev31_1_1_TCAGTGATCCACCTGT"",""TSP27_SI_Duodenum_10X3primev31_1_1_TCGCAGGTCCTGGGTG"",""TSP27_SI_Duodenum_10X3primev31_1_1_TGCAGATAGACCAGCA"",""TSP27_SI_Duodenum_10X3primev31_1_1_TGGATCATCCTCACGT"",""TSP27_SI_Duodenum_10X3primev31_1_1_TTTGACTGTCATGGCC"",""TSP27_SI_Duodenum_10X3primev31_1_1_TTTGTTGGTAATTAGG"",""TSP27_SI_Ileum_10X3primev31_1_1_AAACGCTCATAGACTC"",""TSP27_SI_Ileum_10X3primev31_1_1_AGAAGTAGTAGCGAGT"",""TSP27_SI_Ileum_10X3primev31_1_1_ATCACGACATTCATCT"",""TSP27_SI_Ileum_10X3primev31_1_1_ATGAGTCTCTCTGGTC"",""TSP27_SI_Ileum_10X3primev31_1_1_CACGTTCCATCATCCC"",""TSP27_SI_Ileum_10X3primev31_1_1_CAGATCAGTCTGTTAG"",""TSP27_SI_Ileum_10X3primev31_1_1_CTGATCCTCATTTCCA"",""TSP27_SI_Ileum_10X3primev31_1_1_GACCAATCACAGCCTG"",""TSP27_SI_Ileum_10X3primev31_1_1_GATGACTCAATACGAA"",""TSP27_SI_Ileum_10X3primev31_1_1_GCCAGGTCACCATTCC"",""TSP27_SI_Ileum_10X3primev31_1_1_GCTTCACGTTTGAACC"",""TSP27_SI_Ileum_10X3primev31_1_1_GGTGATTTCGTAATGC"",""TSP27_SI_Ileum_10X3primev31_1_1_GTAGAGGAGGTTGTTC"",""TSP27_SI_Ileum_10X3primev31_1_1_TACTTGTGTGCTTATG"",""TSP27_SI_Ileum_10X3primev31_1_1_TCCACCACATAGGTAA"",""TSP27_SI_Ileum_10X3primev31_1_1_TGTCAGATCACTTGTT"",""TSP27_SI_Ileum_10X3primev31_1_1_TGTTCCGGTACTTCCC"",""TSP27_SI_Ileum_10X3primev31_1_1_TTCAGGACAGTCTCTC"",""TSP2_SI_DuodenumProximal_10X_1_1_AACAACCGTATTCCTT"",""TSP2_SI_DuodenumProximal_10X_1_1_AACAAGACAGGCCCTA"",""TSP2_SI_DuodenumProximal_10X_1_1_AAGAACATCATGAGTC"",""TSP2_SI_DuodenumProximal_10X_1_1_AAGATAGCAACCGGAA"",""TSP2_SI_DuodenumProximal_10X_1_1_AAGATAGTCAGCCCAG"",""TSP2_SI_DuodenumProximal_10X_1_1_AAGTTCGGTCATGACT"",""TSP2_SI_DuodenumProximal_10X_1_1_ACAGAAACAGGCCCTA"",""TSP2_SI_DuodenumProximal_10X_1_1_ACAGCCGAGCCAAGCA"",""TSP2_SI_DuodenumProximal_10X_1_1_ACTATCTTCATACGGT"",""TSP2_SI_DuodenumProximal_10X_1_1_ACTTTCACATTCTGTT"",""TSP2_SI_DuodenumProximal_10X_1_1_AGAAGCGGTATTGACC"",""TSP2_SI_DuodenumProximal_10X_1_1_AGACCCGCATAGATGA"",""TSP2_SI_DuodenumProximal_10X_1_1_AGCGCCACAACTCCCT"",""TSP2_SI_DuodenumProximal_10X_1_1_AGCTACAAGGGTGAAA"",""TSP2_SI_DuodenumProximal_10X_1_1_AGGGTCCAGGTACAAT"",""TSP2_SI_DuodenumProximal_10X_1_1_AGTCACACATGATAGA"",""TSP2_SI_DuodenumProximal_10X_1_1_ATACTTCCAATACGAA"",""TSP2_SI_DuodenumProximal_10X_1_1_CAAGACTCACTTTATC"",""TSP2_SI_DuodenumProximal_10X_1_1_CATCGCTAGTTCTCTT"",""TSP2_SI_DuodenumProximal_10X_1_1_CATGCTCCAAGCCCAC"",""TSP2_SI_DuodenumProximal_10X_1_1_CATTCCGGTTCCTAAG"",""TSP2_SI_DuodenumProximal_10X_1_1_CCATCACCACGGGCTT"",""TSP2_SI_DuodenumProximal_10X_1_1_CCGTAGGAGCAATTCC"",""TSP2_SI_DuodenumProximal_10X_1_1_CCTACGTGTGAATAAC"",""TSP2_SI_DuodenumProximal_10X_1_1_CCTGTTGTCATGCGGC"",""TSP2_SI_DuodenumProximal_10X_1_1_CGAGTGCTCCATTGCC"",""TSP2_SI_DuodenumProximal_10X_1_1_CGAGTTACAGAAATCA"",""TSP2_SI_DuodenumProximal_10X_1_1_CGGCAGTCACCTGCGA"",""TSP2_SI_DuodenumProximal_10X_1_1_CGTGCTTTCCATAGAC"",""TSP2_SI_DuodenumProximal_10X_1_1_CGTGTCTGTACTTCCC"",""TSP2_SI_DuodenumProximal_10X_1_1_CTCCATGGTTTCACAG"",""TSP2_SI_DuodenumProximal_10X_1_1_CTTCCTTCATGGCGCT"",""TSP2_SI_DuodenumProximal_10X_1_1_CTTCTAACACTGAGTT"",""TSP2_SI_DuodenumProximal_10X_1_1_CTTGAGAAGCACTTTG"",""TSP2_SI_DuodenumProximal_10X_1_1_CTTTCGGTCTCTGACC"",""TSP2_SI_DuodenumProximal_10X_1_1_GAATCGTAGGCTCCCA"",""TSP2_SI_DuodenumProximal_10X_1_1_GACACGCGTCGACTGC"",""TSP2_SI_DuodenumProximal_10X_1_1_GACCCTTCAATGAACA"",""TSP2_SI_DuodenumProximal_10X_1_1_GACTCAAAGGTCACAG"",""TSP2_SI_DuodenumProximal_10X_1_1_GAGCTGCGTATCGTGT"",""TSP2_SI_DuodenumProximal_10X_1_1_GATGATCAGTCTGCGC"",""TSP2_SI_DuodenumProximal_10X_1_1_GCAACATGTAGAGACC"",""TSP2_SI_DuodenumProximal_10X_1_1_GCACGGTCACTACTTT"",""TSP2_SI_DuodenumProximal_10X_1_1_GCATTAGTCGCCTAGG"",""TSP2_SI_DuodenumProximal_10X_1_1_GCCGATGTCGACGACC"",""TSP2_SI_DuodenumProximal_10X_1_1_GCTCAAACAGGTCAGA"",""TSP2_SI_DuodenumProximal_10X_1_1_GGAGAACGTCTTTCAT"",""TSP2_SI_DuodenumProximal_10X_1_1_GGAGATGAGAAGGTAG"",""TSP2_SI_DuodenumProximal_10X_1_1_GGCAGTCGTTGATCGT"",""TSP2_SI_DuodenumProximal_10X_1_1_GGGTATTGTCTTTATC"",""TSP2_SI_DuodenumProximal_10X_1_1_GGGTGAAAGTTCGGTT"",""TSP2_SI_DuodenumProximal_10X_1_1_GGTGATTTCTCGCTCA"",""TSP2_SI_DuodenumProximal_10X_1_1_GTAACACTCTCGACGG"",""TSP2_SI_DuodenumProximal_10X_1_1_GTCACTCAGAAGCCTG"",""TSP2_SI_DuodenumProximal_10X_1_1_GTGCGTGGTGCCGTAC"",""TSP2_SI_DuodenumProximal_10X_1_1_GTTCATTTCAGCTGTA"",""TSP2_SI_DuodenumProximal_10X_1_1_TAACACGCAAGGATGC"",""TSP2_SI_DuodenumProximal_10X_1_1_TACGTCCGTACCTATG"",""TSP2_SI_DuodenumProximal_10X_1_1_TAGACCACATGGCACC"",""TSP2_SI_DuodenumProximal_10X_1_1_TAGTGCATCTGGACTA"",""TSP2_SI_DuodenumProximal_10X_1_1_TATTTCGTCGGTTCAA"",""TSP2_SI_DuodenumProximal_10X_1_1_TCAATCTTCTTCGACC"",""TSP2_SI_DuodenumProximal_10X_1_1_TCAGCAACATGACACT"",""TSP2_SI_DuodenumProximal_10X_1_1_TCAGTGAAGCTAATGA"",""TSP2_SI_DuodenumProximal_10X_1_1_TCATTCATCTAAACGC"",""TSP2_SI_DuodenumProximal_10X_1_1_TCATTTGCAACGGGTA"",""TSP2_SI_DuodenumProximal_10X_1_1_TCCCATGCACGACAGA"",""TSP2_SI_DuodenumProximal_10X_1_1_TCTAACTAGGCTAACG"",""TSP2_SI_DuodenumProximal_10X_1_1_TCTGCCAGTCGTACAT"",""TSP2_SI_DuodenumProximal_10X_1_1_TGACAGTGTTTGGGTT"",""TSP2_SI_DuodenumProximal_10X_1_1_TGCATCCGTATGGTTC"",""TSP2_SI_DuodenumProximal_10X_1_1_TGCTTCGGTAGTACGG"",""TSP2_SI_DuodenumProximal_10X_1_1_TGGAACTAGTGAGCCA"",""TSP2_SI_DuodenumProximal_10X_1_1_TGGCGTGCACAATTCG"",""TSP2_SI_DuodenumProximal_10X_1_1_TGTCCACCAGACAATA"",""TSP2_SI_DuodenumProximal_10X_1_1_TGTTACTCAACGATTC"",""TSP2_SI_DuodenumProximal_10X_1_1_TTACGCCAGGAACGCT"",""TSP2_SI_DuodenumProximal_10X_1_1_TTGAGTGCAACCAGAG"",""TSP2_SI_DuodenumProximal_10X_1_1_TTGGGATAGCCACCGT"",""TSP2_SI_DuodenumProximal_10X_1_1_TTGTGGACATGTTCGA"",""TSP2_SI_DuodenumProximal_10X_1_1_TTGTTCAAGAATACAC"",""TSP2_SI_JejunumDistal_10X_1_1_AAAGTGACACAATGCT"",""TSP2_SI_JejunumDistal_10X_1_1_GTGCACGCAAGTCATC""]",e35086053f34698e5f45edaa5a36ae29b8f05250f490525da0e61709402b932d,"[""tabula_small_intestine"",""intestinal tuft cell"",""2d3d2e6d369f4cb5"",315,""e35086053f34698e5f45edaa5a36ae29b8f05250f490525da0e61709402b932d""]",1.0,0.7241379310344828,0.8505747126436781,0.012972572275759823,support accounting only,False,False,unique_budget
tabula_small_intestine,43,0.01,intestinal tuft cell,batch_heldout,outputs\tabula_small_intestine\batch_heldout_seed43_intestinal_tuft_cell_rare1pct,success,,verified,2d3d2e6d369f4cb5,24282,23972,315,5,5,55,65,435,60,"[""TSP14_SI_Distal_10X_1_1_AGTGACTCACCAGTTA"",""TSP14_SI_Distal_10X_1_1_CCCTTAGCAATAGGGC"",""TSP14_SI_Distal_10X_1_1_CTTGATTTCTCACCCA"",""TSP14_SI_Proximal_10X_1_1_TCTCAGCTCTCCGCAT"",""TSP2_SI_DuodenumProximal_10X_1_1_AGCTACAAGGGTGAAA""]",a2e3ef57a0b5cd0b2eac7fe921a1b79920a8b5e2f131b51bb2d212c84a019259,"[""tabula_small_intestine"",""intestinal tuft cell"",""2d3d2e6d369f4cb5"",5,""a2e3ef57a0b5cd0b2eac7fe921a1b79920a8b5e2f131b51bb2d212c84a019259""]",0.015873015873015872,0.011494252873563218,0.13793103448275862,0.0002059138456469813,support accounting only,False,False,unique_budget
tabula_small_intestine,43,0.05,intestinal tuft cell,batch_heldout,outputs\tabula_small_intestine\batch_heldout_seed43_intestinal_tuft_cell_rare5pct,success,,verified,2d3d2e6d369f4cb5,24282,23982,315,15,15,55,65,435,70,"[""TSP14_SI_Distal_10X_1_1_ACGGTCGCATCTAGAC"",""TSP14_SI_Distal_10X_1_1_AGCCAATAGGGAGGCA"",""TSP14_SI_Distal_10X_1_1_CACTGAAAGGAATTAC"",""TSP14_SI_Distal_10X_1_1_CCGGACATCCACCTGT"",""TSP14_SI_Distal_10X_1_1_CTGCAGGAGCTTCGTA"",""TSP14_SI_Distal_10X_1_1_GTCTTTAGTTGGACTT"",""TSP14_SI_Distal_10X_1_1_TCGCACTAGCACCTGC"",""TSP14_SI_Distal_10X_1_1_TGAGACTGTAGTAAGT"",""TSP14_SI_Proximal_10X_1_1_GTCAAGTTCTGGTGCG"",""TSP14_SI_Proximal_10X_1_1_TACTTACTCTTTCCGG"",""TSP27_SI_Duodenum_10X3primev31_1_1_GGGTTTAAGCAATAAC"",""TSP27_SI_Ileum_10X3primev31_1_1_ATGAGTCTCTCTGGTC"",""TSP2_SI_DuodenumProximal_10X_1_1_ACAGAAACAGGCCCTA"",""TSP2_SI_DuodenumProximal_10X_1_1_AGCTACAAGGGTGAAA"",""TSP2_SI_DuodenumProximal_10X_1_1_TGCATCCGTATGGTTC""]",4803d585e17a8db7581a70be0893f5b619f87d551a1f62f123f35b97a88a7bc0,"[""tabula_small_intestine"",""intestinal tuft cell"",""2d3d2e6d369f4cb5"",15,""4803d585e17a8db7581a70be0893f5b619f87d551a1f62f123f35b97a88a7bc0""]",0.047619047619047616,0.034482758620689655,0.16091954022988506,0.000617741536940944,support accounting only,False,False,unique_budget
tabula_small_intestine,43,0.10,intestinal tuft cell,batch_heldout,outputs\tabula_small_intestine\batch_heldout_seed43_intestinal_tuft_cell_rare10pct,success,,verified,2d3d2e6d369f4cb5,24282,23998,315,31,31,55,65,435,86,"[""TSP14_SI_Distal_10X_1_1_AAGATAGGTAGGTGCA"",""TSP14_SI_Distal_10X_1_1_AATCGACAGCTTAGTC"",""TSP14_SI_Distal_10X_1_1_AATCGTGAGCACTCTA"",""TSP14_SI_Distal_10X_1_1_ACGGTCGCATCTAGAC"",""TSP14_SI_Distal_10X_1_1_ACGTAGTCAATCTAGC"",""TSP14_SI_Distal_10X_1_1_ATTACCTCATGGGCAA"",""TSP14_SI_Distal_10X_1_1_CAAGGGAGTGGTCAAG"",""TSP14_SI_Distal_10X_1_1_CCTGCATTCCATTGGA"",""TSP14_SI_Distal_10X_1_1_CGTGCTTTCCGATCTC"",""TSP14_SI_Distal_10X_1_1_GGGCTACCACAAATCC"",""TSP14_SI_Distal_10X_1_1_TAAGCACAGATTCGAA"",""TSP14_SI_Distal_10X_1_1_TACTTACAGTCGAGGT"",""TSP14_SI_Distal_10X_1_1_TCACATTCAAAGACGC"",""TSP14_SI_Distal_10X_1_1_TGGGCGTCACCCTATC"",""TSP14_SI_Distal_10X_1_1_TTAATCCCAACCCTAA"",""TSP14_SI_Distal_10X_1_1_TTCATGTTCCACGGGT"",""TSP14_SI_Proximal_10X_1_1_GCTACCTCACAGCTGC"",""TSP14_SI_Proximal_10X_1_1_GGAGCAAGTCTGGTTA"",""TSP14_SI_Proximal_10X_1_1_GTCAAGTTCTGGTGCG"",""TSP14_SI_Proximal_10X_1_1_TGAACGTCAAATGGTA"",""TSP27_SI_Duodenum_10X3primev31_1_1_AGGAAATGTATTCTCT"",""TSP27_SI_Duodenum_10X3primev31_1_1_TTTGACTGTCATGGCC"",""TSP27_SI_Ileum_10X3primev31_1_1_AGAAGTAGTAGCGAGT"",""TSP27_SI_Ileum_10X3primev31_1_1_CAGATCAGTCTGTTAG"",""TSP2_SI_DuodenumProximal_10X_1_1_AAGTTCGGTCATGACT"",""TSP2_SI_DuodenumProximal_10X_1_1_AGCGCCACAACTCCCT"",""TSP2_SI_DuodenumProximal_10X_1_1_GCCGATGTCGACGACC"",""TSP2_SI_DuodenumProximal_10X_1_1_TAGACCACATGGCACC"",""TSP2_SI_DuodenumProximal_10X_1_1_TCCCATGCACGACAGA"",""TSP2_SI_DuodenumProximal_10X_1_1_TTGTGGACATGTTCGA"",""TSP2_SI_DuodenumProximal_10X_1_1_TTGTTCAAGAATACAC""]",32b7bce48894b0eaa20d81a7e5ebab9e7b81a2d2fda886da9a57db9b4f3bd41a,"[""tabula_small_intestine"",""intestinal tuft cell"",""2d3d2e6d369f4cb5"",31,""32b7bce48894b0eaa20d81a7e5ebab9e7b81a2d2fda886da9a57db9b4f3bd41a""]",0.09841269841269841,0.07126436781609195,0.19770114942528735,0.001276665843011284,support accounting only,False,False,unique_budget
tabula_small_intestine,43,all,intestinal tuft cell,batch_heldout,outputs\tabula_small_intestine\batch_heldout_seed43_intestinal_tuft_cell_rareall,success,,verified,2d3d2e6d369f4cb5,24282,24282,315,315,315,55,65,435,370,"[""TSP14_SI_Distal_10X_1_1_AAAGTCCGTATCCTTT"",""TSP14_SI_Distal_10X_1_1_AAAGTGATCGCAGTCG"",""TSP14_SI_Distal_10X_1_1_AACGTCAAGAGTACCG"",""TSP14_SI_Distal_10X_1_1_AAGATAGGTAGGTGCA"",""TSP14_SI_Distal_10X_1_1_AAGCCATAGTAGACAT"",""TSP14_SI_Distal_10X_1_1_AAGTTCGTCCGTCCTA"",""TSP14_SI_Distal_10X_1_1_AATCACGGTTGCTCAA"",""TSP14_SI_Distal_10X_1_1_AATCGACAGCTTAGTC"",""TSP14_SI_Distal_10X_1_1_AATCGTGAGCACTCTA"",""TSP14_SI_Distal_10X_1_1_ACATTTCTCGTTCAGA"",""TSP14_SI_Distal_10X_1_1_ACCCAAAAGGATTTAG"",""TSP14_SI_Distal_10X_1_1_ACCCTCACATCATCTT"",""TSP14_SI_Distal_10X_1_1_ACCCTTGTCTTGCAGA"",""TSP14_SI_Distal_10X_1_1_ACGGTCGAGCAGCACA"",""TSP14_SI_Distal_10X_1_1_ACGGTCGCATCTAGAC"",""TSP14_SI_Distal_10X_1_1_ACGTAGTCAATCTAGC"",""TSP14_SI_Distal_10X_1_1_ACTACGAAGGCATGGT"",""TSP14_SI_Distal_10X_1_1_ACTCTCGAGGTCACAG"",""TSP14_SI_Distal_10X_1_1_ACTCTCGTCCTCTTTC"",""TSP14_SI_Distal_10X_1_1_AGACACTTCGCAACAT"",""TSP14_SI_Distal_10X_1_1_AGACTCAAGCCGGATA"",""TSP14_SI_Distal_10X_1_1_AGACTCATCCGGTAGC"",""TSP14_SI_Distal_10X_1_1_AGAGAATTCTGGGCCA"",""TSP14_SI_Distal_10X_1_1_AGCCAATAGGGAGGCA"",""TSP14_SI_Distal_10X_1_1_AGCGCCAAGTCACACT"",""TSP14_SI_Distal_10X_1_1_AGGCTGCTCCGTGACG"",""TSP14_SI_Distal_10X_1_1_AGGTAGGAGTGTTCAC"",""TSP14_SI_Distal_10X_1_1_AGTGACTAGGTATAGT"",""TSP14_SI_Distal_10X_1_1_AGTGACTCACCAGTTA"",""TSP14_SI_Distal_10X_1_1_ATACCGACACGCTATA"",""TSP14_SI_Distal_10X_1_1_ATACCTTTCACTCTTA"",""TSP14_SI_Distal_10X_1_1_ATCCACCCAACCACGC"",""TSP14_SI_Distal_10X_1_1_ATGAAAGTCTCGGGAC"",""TSP14_SI_Distal_10X_1_1_ATGACCACAGCCTATA"",""TSP14_SI_Distal_10X_1_1_ATGACCATCCAACCGG"",""TSP14_SI_Distal_10X_1_1_ATGCGATCAAGTGCAG"",""TSP14_SI_Distal_10X_1_1_ATGGTTGCATATGGCT"",""TSP14_SI_Distal_10X_1_1_ATTACCTCATGGGCAA"",""TSP14_SI_Distal_10X_1_1_ATTATCCGTCCCGCAA"",""TSP14_SI_Distal_10X_1_1_ATTCCCGAGCAGCCCT"",""TSP14_SI_Distal_10X_1_1_ATTCTACGTACAGCGA"",""TSP14_SI_Distal_10X_1_1_ATTTCTGGTATTTCTC"",""TSP14_SI_Distal_10X_1_1_CAAGAGGAGCATTTCG"",""TSP14_SI_Distal_10X_1_1_CAAGGGAGTGGTCAAG"",""TSP14_SI_Distal_10X_1_1_CACAGATTCTCCAATT"",""TSP14_SI_Distal_10X_1_1_CACCGTTAGCGCTTCG"",""TSP14_SI_Distal_10X_1_1_CACCGTTCATCGTGCG"",""TSP14_SI_Distal_10X_1_1_CACTGAAAGGAATTAC"",""TSP14_SI_Distal_10X_1_1_CATCAAGTCACTTGTT"",""TSP14_SI_Distal_10X_1_1_CCAATGAGTCCGGTGT"",""TSP14_SI_Distal_10X_1_1_CCAATGATCCATAGGT"",""TSP14_SI_Distal_10X_1_1_CCAATTTTCTAGGCAT"",""TSP14_SI_Distal_10X_1_1_CCCTTAGCAATAGGGC"",""TSP14_SI_Distal_10X_1_1_CCGGACATCCACCTGT"",""TSP14_SI_Distal_10X_1_1_CCTAAGACACCGTGCA"",""TSP14_SI_Distal_10X_1_1_CCTCACACACGATTCA"",""TSP14_SI_Distal_10X_1_1_CCTCCTCCACCGTCTT"",""TSP14_SI_Distal_10X_1_1_CCTGCATTCCATTGGA"",""TSP14_SI_Distal_10X_1_1_CGACAGCAGGTGCTAG"",""TSP14_SI_Distal_10X_1_1_CGAGTGCAGAGTGTGC"",""TSP14_SI_Distal_10X_1_1_CGCGTGACAGATAAAC"",""TSP14_SI_Distal_10X_1_1_CGGAACCCACATATGC"",""TSP14_SI_Distal_10X_1_1_CGGCAGTGTTCAATCG"",""TSP14_SI_Distal_10X_1_1_CGGCAGTTCGCTAATG"",""TSP14_SI_Distal_10X_1_1_CGTGCTTTCCGATCTC"",""TSP14_SI_Distal_10X_1_1_CGTTGGGTCACTTTGT"",""TSP14_SI_Distal_10X_1_1_CTCTCGACACCTATCC"",""TSP14_SI_Distal_10X_1_1_CTGCAGGAGCTTCGTA"",""TSP14_SI_Distal_10X_1_1_CTGGTCTTCCCTCAAC"",""TSP14_SI_Distal_10X_1_1_CTGTAGAGTTCCCAAA"",""TSP14_SI_Distal_10X_1_1_CTTAGGAGTGTTCATG"",""TSP14_SI_Distal_10X_1_1_CTTCAATGTTTCGTAG"",""TSP14_SI_Distal_10X_1_1_CTTCTCTCAAGCTCTA"",""TSP14_SI_Distal_10X_1_1_CTTGAGAAGAATCGAT"",""TSP14_SI_Distal_10X_1_1_CTTGATTTCTCACCCA"",""TSP14_SI_Distal_10X_1_1_GAACGTTGTTCTAAGC"",""TSP14_SI_Distal_10X_1_1_GACACGCTCACCATAG"",""TSP14_SI_Distal_10X_1_1_GACGCTGAGTTTGAGA"",""TSP14_SI_Distal_10X_1_1_GACTCAAGTGTGTGGA"",""TSP14_SI_Distal_10X_1_1_GAGTCTAAGTGCACCC"",""TSP14_SI_Distal_10X_1_1_GAGTTTGGTACTCGAT"",""TSP14_SI_Distal_10X_1_1_GATGTTGAGGCTCTCG"",""TSP14_SI_Distal_10X_1_1_GCACATATCGTCTACC"",""TSP14_SI_Distal_10X_1_1_GCAGGCTTCATTGCGA"",""TSP14_SI_Distal_10X_1_1_GCATCGGAGCTAGTTC"",""TSP14_SI_Distal_10X_1_1_GCCCAGAGTGGCGCTT"",""TSP14_SI_Distal_10X_1_1_GCCCGAAGTTCGTTCC"",""TSP14_SI_Distal_10X_1_1_GCGTGCAAGAGGGCGA"",""TSP14_SI_Distal_10X_1_1_GCTACAAAGTGGTTGG"",""TSP14_SI_Distal_10X_1_1_GCTACAAGTTGTTGCA"",""TSP14_SI_Distal_10X_1_1_GCTGGGTGTGAAGCGT"",""TSP14_SI_Distal_10X_1_1_GCTTGGGGTCAAGCCC"",""TSP14_SI_Distal_10X_1_1_GGAGCAAGTATCCTCC"",""TSP14_SI_Distal_10X_1_1_GGCTTTCGTCGTGCCA"",""TSP14_SI_Distal_10X_1_1_GGGACCTAGGCTCAAG"",""TSP14_SI_Distal_10X_1_1_GGGCTACCACAAATCC"",""TSP14_SI_Distal_10X_1_1_GGGTATTAGACAAGCC"",""TSP14_SI_Distal_10X_1_1_GGGTATTCAAAGGCTG"",""TSP14_SI_Distal_10X_1_1_GGGTATTGTAAGGCTG"",""TSP14_SI_Distal_10X_1_1_GGGTTTAGTGATCGTT"",""TSP14_SI_Distal_10X_1_1_GGTGTCGCACAAGTGG"",""TSP14_SI_Distal_10X_1_1_GTACAACAGGGTTTCT"",""TSP14_SI_Distal_10X_1_1_GTAGAGGAGGCTCTAT"",""TSP14_SI_Distal_10X_1_1_GTAGGAGAGACTACGG"",""TSP14_SI_Distal_10X_1_1_GTCATTTAGTACAACA"",""TSP14_SI_Distal_10X_1_1_GTCGTAAGTAGGAAAG"",""TSP14_SI_Distal_10X_1_1_GTCGTTCCACAGAGAC"",""TSP14_SI_Distal_10X_1_1_GTCTTTAGTTGGACTT"",""TSP14_SI_Distal_10X_1_1_GTGATGTTCATTACCT"",""TSP14_SI_Distal_10X_1_1_GTGTGGCAGATGCGAC"",""TSP14_SI_Distal_10X_1_1_GTTGCTCTCGTTCATT"",""TSP14_SI_Distal_10X_1_1_TAACACGAGTCCCGGT"",""TSP14_SI_Distal_10X_1_1_TAAGCACAGATTCGAA"",""TSP14_SI_Distal_10X_1_1_TACAACGAGGGTGAAA"",""TSP14_SI_Distal_10X_1_1_TACCGAATCGAATCCA"",""TSP14_SI_Distal_10X_1_1_TACGCTCGTTATGGTC"",""TSP14_SI_Distal_10X_1_1_TACTTACAGTCGAGGT"",""TSP14_SI_Distal_10X_1_1_TAGACCACAAGTGATA"",""TSP14_SI_Distal_10X_1_1_TAGGTACCACGTCGGT"",""TSP14_SI_Distal_10X_1_1_TAGTGCAGTCCTTAAG"",""TSP14_SI_Distal_10X_1_1_TCAATCTCATTAGGCT"",""TSP14_SI_Distal_10X_1_1_TCAATTCCAGCCTTCT"",""TSP14_SI_Distal_10X_1_1_TCACATTCAAAGACGC"",""TSP14_SI_Distal_10X_1_1_TCATTTGAGTGGTGGT"",""TSP14_SI_Distal_10X_1_1_TCATTTGTCGACCATA"",""TSP14_SI_Distal_10X_1_1_TCCCACAGTTAGCGGA"",""TSP14_SI_Distal_10X_1_1_TCCGGGACAACTTGGT"",""TSP14_SI_Distal_10X_1_1_TCCTAATTCAAAGGAT"",""TSP14_SI_Distal_10X_1_1_TCCTTCTAGGCGTTGA"",""TSP14_SI_Distal_10X_1_1_TCGCACTAGCACCTGC"",""TSP14_SI_Distal_10X_1_1_TCGCTTGCACGGCGTT"",""TSP14_SI_Distal_10X_1_1_TCGTAGACATCCGAAT"",""TSP14_SI_Distal_10X_1_1_TCGTAGAGTAACCCGC"",""TSP14_SI_Distal_10X_1_1_TCGTGCTAGACTGTTC"",""TSP14_SI_Distal_10X_1_1_TCGTGCTTCGGCAGTC"",""TSP14_SI_Distal_10X_1_1_TGAGACTGTAGTAAGT"",""TSP14_SI_Distal_10X_1_1_TGAGTCATCAAAGGTA"",""TSP14_SI_Distal_10X_1_1_TGATGCAAGGAATGTT"",""TSP14_SI_Distal_10X_1_1_TGCACGGTCAAGGTGG"",""TSP14_SI_Distal_10X_1_1_TGCAGATAGCCTAACT"",""TSP14_SI_Distal_10X_1_1_TGCGACGAGTATGATG"",""TSP14_SI_Distal_10X_1_1_TGCGGCAGTCACAGTT"",""TSP14_SI_Distal_10X_1_1_TGGATCAAGGAATCGC"",""TSP14_SI_Distal_10X_1_1_TGGATCAAGGATACCG"",""TSP14_SI_Distal_10X_1_1_TGGGATTAGTATTGCC"",""TSP14_SI_Distal_10X_1_1_TGGGCGTCACCCTATC"",""TSP14_SI_Distal_10X_1_1_TGTCCCACATGTGTCA"",""TSP14_SI_Distal_10X_1_1_TGTCCCATCAACTACG"",""TSP14_SI_Distal_10X_1_1_TGTTCATAGGCGACAT"",""TSP14_SI_Distal_10X_1_1_TGTTGGAAGTGCCAGA"",""TSP14_SI_Distal_10X_1_1_TGTTGGAGTCTTGAGT"",""TSP14_SI_Distal_10X_1_1_TTAATCCCAACCCTAA"",""TSP14_SI_Distal_10X_1_1_TTACAGGCACTGCGAC"",""TSP14_SI_Distal_10X_1_1_TTACCATCACAATGAA"",""TSP14_SI_Distal_10X_1_1_TTAGGGTAGACCCGCT"",""TSP14_SI_Distal_10X_1_1_TTCATGTTCCACGGGT"",""TSP14_SI_Distal_10X_1_1_TTCCTCTAGCCGCACT"",""TSP14_SI_Distal_10X_1_1_TTTCGATAGGTGATAT"",""TSP14_SI_Proximal_10X_1_1_AAATGGAGTACGAAAT"",""TSP14_SI_Proximal_10X_1_1_ACAGGGACAGATTTCG"",""TSP14_SI_Proximal_10X_1_1_AGACACTGTTTGGGTT"",""TSP14_SI_Proximal_10X_1_1_AGGGAGTAGCGTTGTT"",""TSP14_SI_Proximal_10X_1_1_AGTAGCTAGTCAGCCC"",""TSP14_SI_Proximal_10X_1_1_CATACTTCACCGTGGT"",""TSP14_SI_Proximal_10X_1_1_CATTCATTCCTCTTTC"",""TSP14_SI_Proximal_10X_1_1_CCAATTTGTACAATAG"",""TSP14_SI_Proximal_10X_1_1_CCAATTTTCTATGTGG"",""TSP14_SI_Proximal_10X_1_1_CCGGGTATCTAAGCGT"",""TSP14_SI_Proximal_10X_1_1_CCTCCAAAGGAACTAT"",""TSP14_SI_Proximal_10X_1_1_CCTTCAGGTCCCACGA"",""TSP14_SI_Proximal_10X_1_1_GACCCTTTCGTGGTAT"",""TSP14_SI_Proximal_10X_1_1_GAGACTTCAGCCATTA"",""TSP14_SI_Proximal_10X_1_1_GCTACCTCACAGCTGC"",""TSP14_SI_Proximal_10X_1_1_GCTGGGTCAGCGGATA"",""TSP14_SI_Proximal_10X_1_1_GGAGCAAGTCTGGTTA"",""TSP14_SI_Proximal_10X_1_1_GGCTTTCGTTCAAGTC"",""TSP14_SI_Proximal_10X_1_1_GGGAGTAGTGAGATCG"",""TSP14_SI_Proximal_10X_1_1_GGGTGAAGTTCTCCAC"",""TSP14_SI_Proximal_10X_1_1_GTCAAGTTCTGGTGCG"",""TSP14_SI_Proximal_10X_1_1_GTGGAAGGTATCTCTT"",""TSP14_SI_Proximal_10X_1_1_TACTTACTCTTTCCGG"",""TSP14_SI_Proximal_10X_1_1_TATTCCATCGGCATAT"",""TSP14_SI_Proximal_10X_1_1_TCAGGTAAGCACGTCC"",""TSP14_SI_Proximal_10X_1_1_TCATCCGCACCCTCTA"",""TSP14_SI_Proximal_10X_1_1_TCTCAGCTCTCCGCAT"",""TSP14_SI_Proximal_10X_1_1_TGAACGTCAAATGGTA"",""TSP14_SI_Proximal_10X_1_1_TGGGATTAGTGGCGAT"",""TSP14_SI_Proximal_10X_1_1_TTCGCTGTCATTGCTT"",""TSP27_SI_Duodenum_10X3primev31_1_1_AAAGAACCAGCTTCCT"",""TSP27_SI_Duodenum_10X3primev31_1_1_AACCTGAGTAGTCACT"",""TSP27_SI_Duodenum_10X3primev31_1_1_AACGAAATCTACGGTA"",""TSP27_SI_Duodenum_10X3primev31_1_1_AGATGCTGTTCTGACA"",""TSP27_SI_Duodenum_10X3primev31_1_1_AGGAAATGTACTGAGG"",""TSP27_SI_Duodenum_10X3primev31_1_1_AGGAAATGTATTCTCT"",""TSP27_SI_Duodenum_10X3primev31_1_1_CAACCTCGTGCTCGTG"",""TSP27_SI_Duodenum_10X3primev31_1_1_CCGGTAGGTCGTGTTA"",""TSP27_SI_Duodenum_10X3primev31_1_1_CTACCCAAGGTGCTGA"",""TSP27_SI_Duodenum_10X3primev31_1_1_CTAGGTATCGACCAAT"",""TSP27_SI_Duodenum_10X3primev31_1_1_CTCAGAACACATGAAA"",""TSP27_SI_Duodenum_10X3primev31_1_1_CTGTGGGCAGAGACTG"",""TSP27_SI_Duodenum_10X3primev31_1_1_CTTCCTTGTTCCTAAG"",""TSP27_SI_Duodenum_10X3primev31_1_1_GGGTTTAAGCAATAAC"",""TSP27_SI_Duodenum_10X3primev31_1_1_GTGCACGGTCATCACA"",""TSP27_SI_Duodenum_10X3primev31_1_1_TACAACGCAGACCATT"",""TSP27_SI_Duodenum_10X3primev31_1_1_TACGGTAAGCTAATGA"",""TSP27_SI_Duodenum_10X3primev31_1_1_TATACCTCATCAGTGT"",""TSP27_SI_Duodenum_10X3primev31_1_1_TATCCTACAAACCGGA"",""TSP27_SI_Duodenum_10X3primev31_1_1_TCAGTCCGTAAGATAC"",""TSP27_SI_Duodenum_10X3primev31_1_1_TCAGTGATCCACCTGT"",""TSP27_SI_Duodenum_10X3primev31_1_1_TCGCAGGTCCTGGGTG"",""TSP27_SI_Duodenum_10X3primev31_1_1_TGCAGATAGACCAGCA"",""TSP27_SI_Duodenum_10X3primev31_1_1_TGGATCATCCTCACGT"",""TSP27_SI_Duodenum_10X3primev31_1_1_TTTGACTGTCATGGCC"",""TSP27_SI_Duodenum_10X3primev31_1_1_TTTGTTGGTAATTAGG"",""TSP27_SI_Ileum_10X3primev31_1_1_AAACGCTCATAGACTC"",""TSP27_SI_Ileum_10X3primev31_1_1_AGAAGTAGTAGCGAGT"",""TSP27_SI_Ileum_10X3primev31_1_1_ATCACGACATTCATCT"",""TSP27_SI_Ileum_10X3primev31_1_1_ATGAGTCTCTCTGGTC"",""TSP27_SI_Ileum_10X3primev31_1_1_CACGTTCCATCATCCC"",""TSP27_SI_Ileum_10X3primev31_1_1_CAGATCAGTCTGTTAG"",""TSP27_SI_Ileum_10X3primev31_1_1_CTGATCCTCATTTCCA"",""TSP27_SI_Ileum_10X3primev31_1_1_GACCAATCACAGCCTG"",""TSP27_SI_Ileum_10X3primev31_1_1_GATGACTCAATACGAA"",""TSP27_SI_Ileum_10X3primev31_1_1_GCCAGGTCACCATTCC"",""TSP27_SI_Ileum_10X3primev31_1_1_GCTTCACGTTTGAACC"",""TSP27_SI_Ileum_10X3primev31_1_1_GGTGATTTCGTAATGC"",""TSP27_SI_Ileum_10X3primev31_1_1_GTAGAGGAGGTTGTTC"",""TSP27_SI_Ileum_10X3primev31_1_1_TACTTGTGTGCTTATG"",""TSP27_SI_Ileum_10X3primev31_1_1_TCCACCACATAGGTAA"",""TSP27_SI_Ileum_10X3primev31_1_1_TGTCAGATCACTTGTT"",""TSP27_SI_Ileum_10X3primev31_1_1_TGTTCCGGTACTTCCC"",""TSP27_SI_Ileum_10X3primev31_1_1_TTCAGGACAGTCTCTC"",""TSP2_SI_DuodenumProximal_10X_1_1_AACAACCGTATTCCTT"",""TSP2_SI_DuodenumProximal_10X_1_1_AACAAGACAGGCCCTA"",""TSP2_SI_DuodenumProximal_10X_1_1_AAGAACATCATGAGTC"",""TSP2_SI_DuodenumProximal_10X_1_1_AAGATAGCAACCGGAA"",""TSP2_SI_DuodenumProximal_10X_1_1_AAGATAGTCAGCCCAG"",""TSP2_SI_DuodenumProximal_10X_1_1_AAGTTCGGTCATGACT"",""TSP2_SI_DuodenumProximal_10X_1_1_ACAGAAACAGGCCCTA"",""TSP2_SI_DuodenumProximal_10X_1_1_ACAGCCGAGCCAAGCA"",""TSP2_SI_DuodenumProximal_10X_1_1_ACTATCTTCATACGGT"",""TSP2_SI_DuodenumProximal_10X_1_1_ACTTTCACATTCTGTT"",""TSP2_SI_DuodenumProximal_10X_1_1_AGAAGCGGTATTGACC"",""TSP2_SI_DuodenumProximal_10X_1_1_AGACCCGCATAGATGA"",""TSP2_SI_DuodenumProximal_10X_1_1_AGCGCCACAACTCCCT"",""TSP2_SI_DuodenumProximal_10X_1_1_AGCTACAAGGGTGAAA"",""TSP2_SI_DuodenumProximal_10X_1_1_AGGGTCCAGGTACAAT"",""TSP2_SI_DuodenumProximal_10X_1_1_AGTCACACATGATAGA"",""TSP2_SI_DuodenumProximal_10X_1_1_ATACTTCCAATACGAA"",""TSP2_SI_DuodenumProximal_10X_1_1_CAAGACTCACTTTATC"",""TSP2_SI_DuodenumProximal_10X_1_1_CATCGCTAGTTCTCTT"",""TSP2_SI_DuodenumProximal_10X_1_1_CATGCTCCAAGCCCAC"",""TSP2_SI_DuodenumProximal_10X_1_1_CATTCCGGTTCCTAAG"",""TSP2_SI_DuodenumProximal_10X_1_1_CCATCACCACGGGCTT"",""TSP2_SI_DuodenumProximal_10X_1_1_CCGTAGGAGCAATTCC"",""TSP2_SI_DuodenumProximal_10X_1_1_CCTACGTGTGAATAAC"",""TSP2_SI_DuodenumProximal_10X_1_1_CCTGTTGTCATGCGGC"",""TSP2_SI_DuodenumProximal_10X_1_1_CGAGTGCTCCATTGCC"",""TSP2_SI_DuodenumProximal_10X_1_1_CGAGTTACAGAAATCA"",""TSP2_SI_DuodenumProximal_10X_1_1_CGGCAGTCACCTGCGA"",""TSP2_SI_DuodenumProximal_10X_1_1_CGTGCTTTCCATAGAC"",""TSP2_SI_DuodenumProximal_10X_1_1_CGTGTCTGTACTTCCC"",""TSP2_SI_DuodenumProximal_10X_1_1_CTCCATGGTTTCACAG"",""TSP2_SI_DuodenumProximal_10X_1_1_CTTCCTTCATGGCGCT"",""TSP2_SI_DuodenumProximal_10X_1_1_CTTCTAACACTGAGTT"",""TSP2_SI_DuodenumProximal_10X_1_1_CTTGAGAAGCACTTTG"",""TSP2_SI_DuodenumProximal_10X_1_1_CTTTCGGTCTCTGACC"",""TSP2_SI_DuodenumProximal_10X_1_1_GAATCGTAGGCTCCCA"",""TSP2_SI_DuodenumProximal_10X_1_1_GACACGCGTCGACTGC"",""TSP2_SI_DuodenumProximal_10X_1_1_GACCCTTCAATGAACA"",""TSP2_SI_DuodenumProximal_10X_1_1_GACTCAAAGGTCACAG"",""TSP2_SI_DuodenumProximal_10X_1_1_GAGCTGCGTATCGTGT"",""TSP2_SI_DuodenumProximal_10X_1_1_GATGATCAGTCTGCGC"",""TSP2_SI_DuodenumProximal_10X_1_1_GCAACATGTAGAGACC"",""TSP2_SI_DuodenumProximal_10X_1_1_GCACGGTCACTACTTT"",""TSP2_SI_DuodenumProximal_10X_1_1_GCATTAGTCGCCTAGG"",""TSP2_SI_DuodenumProximal_10X_1_1_GCCGATGTCGACGACC"",""TSP2_SI_DuodenumProximal_10X_1_1_GCTCAAACAGGTCAGA"",""TSP2_SI_DuodenumProximal_10X_1_1_GGAGAACGTCTTTCAT"",""TSP2_SI_DuodenumProximal_10X_1_1_GGAGATGAGAAGGTAG"",""TSP2_SI_DuodenumProximal_10X_1_1_GGCAGTCGTTGATCGT"",""TSP2_SI_DuodenumProximal_10X_1_1_GGGTATTGTCTTTATC"",""TSP2_SI_DuodenumProximal_10X_1_1_GGGTGAAAGTTCGGTT"",""TSP2_SI_DuodenumProximal_10X_1_1_GGTGATTTCTCGCTCA"",""TSP2_SI_DuodenumProximal_10X_1_1_GTAACACTCTCGACGG"",""TSP2_SI_DuodenumProximal_10X_1_1_GTCACTCAGAAGCCTG"",""TSP2_SI_DuodenumProximal_10X_1_1_GTGCGTGGTGCCGTAC"",""TSP2_SI_DuodenumProximal_10X_1_1_GTTCATTTCAGCTGTA"",""TSP2_SI_DuodenumProximal_10X_1_1_TAACACGCAAGGATGC"",""TSP2_SI_DuodenumProximal_10X_1_1_TACGTCCGTACCTATG"",""TSP2_SI_DuodenumProximal_10X_1_1_TAGACCACATGGCACC"",""TSP2_SI_DuodenumProximal_10X_1_1_TAGTGCATCTGGACTA"",""TSP2_SI_DuodenumProximal_10X_1_1_TATTTCGTCGGTTCAA"",""TSP2_SI_DuodenumProximal_10X_1_1_TCAATCTTCTTCGACC"",""TSP2_SI_DuodenumProximal_10X_1_1_TCAGCAACATGACACT"",""TSP2_SI_DuodenumProximal_10X_1_1_TCAGTGAAGCTAATGA"",""TSP2_SI_DuodenumProximal_10X_1_1_TCATTCATCTAAACGC"",""TSP2_SI_DuodenumProximal_10X_1_1_TCATTTGCAACGGGTA"",""TSP2_SI_DuodenumProximal_10X_1_1_TCCCATGCACGACAGA"",""TSP2_SI_DuodenumProximal_10X_1_1_TCTAACTAGGCTAACG"",""TSP2_SI_DuodenumProximal_10X_1_1_TCTGCCAGTCGTACAT"",""TSP2_SI_DuodenumProximal_10X_1_1_TGACAGTGTTTGGGTT"",""TSP2_SI_DuodenumProximal_10X_1_1_TGCATCCGTATGGTTC"",""TSP2_SI_DuodenumProximal_10X_1_1_TGCTTCGGTAGTACGG"",""TSP2_SI_DuodenumProximal_10X_1_1_TGGAACTAGTGAGCCA"",""TSP2_SI_DuodenumProximal_10X_1_1_TGGCGTGCACAATTCG"",""TSP2_SI_DuodenumProximal_10X_1_1_TGTCCACCAGACAATA"",""TSP2_SI_DuodenumProximal_10X_1_1_TGTTACTCAACGATTC"",""TSP2_SI_DuodenumProximal_10X_1_1_TTACGCCAGGAACGCT"",""TSP2_SI_DuodenumProximal_10X_1_1_TTGAGTGCAACCAGAG"",""TSP2_SI_DuodenumProximal_10X_1_1_TTGGGATAGCCACCGT"",""TSP2_SI_DuodenumProximal_10X_1_1_TTGTGGACATGTTCGA"",""TSP2_SI_DuodenumProximal_10X_1_1_TTGTTCAAGAATACAC"",""TSP2_SI_JejunumDistal_10X_1_1_AAAGTGACACAATGCT"",""TSP2_SI_JejunumDistal_10X_1_1_GTGCACGCAAGTCATC""]",e35086053f34698e5f45edaa5a36ae29b8f05250f490525da0e61709402b932d,"[""tabula_small_intestine"",""intestinal tuft cell"",""2d3d2e6d369f4cb5"",315,""e35086053f34698e5f45edaa5a36ae29b8f05250f490525da0e61709402b932d""]",1.0,0.7241379310344828,0.8505747126436781,0.012972572275759823,support accounting only,False,False,unique_budget
tabula_small_intestine,44,0.01,intestinal tuft cell,batch_heldout,outputs\tabula_small_intestine\batch_heldout_seed44_intestinal_tuft_cell_rare1pct,success,,verified,2d3d2e6d369f4cb5,24282,23972,315,5,5,55,65,435,60,"[""TSP14_SI_Distal_10X_1_1_GACTCAAGTGTGTGGA"",""TSP14_SI_Distal_10X_1_1_GAGTTTGGTACTCGAT"",""TSP14_SI_Distal_10X_1_1_TCCTAATTCAAAGGAT"",""TSP27_SI_Ileum_10X3primev31_1_1_AAACGCTCATAGACTC"",""TSP2_SI_DuodenumProximal_10X_1_1_GACTCAAAGGTCACAG""]",680879a442026807e9fc1c5298f2c31408480f6731d283a5c54607ab3493d138,"[""tabula_small_intestine"",""intestinal tuft cell"",""2d3d2e6d369f4cb5"",5,""680879a442026807e9fc1c5298f2c31408480f6731d283a5c54607ab3493d138""]",0.015873015873015872,0.011494252873563218,0.13793103448275862,0.0002059138456469813,support accounting only,False,False,unique_budget
tabula_small_intestine,44,0.05,intestinal tuft cell,batch_heldout,outputs\tabula_small_intestine\batch_heldout_seed44_intestinal_tuft_cell_rare5pct,success,,verified,2d3d2e6d369f4cb5,24282,23982,315,15,15,55,65,435,70,"[""TSP14_SI_Distal_10X_1_1_ATGGTTGCATATGGCT"",""TSP14_SI_Distal_10X_1_1_CTTCAATGTTTCGTAG"",""TSP14_SI_Distal_10X_1_1_CTTGATTTCTCACCCA"",""TSP14_SI_Distal_10X_1_1_TAGTGCAGTCCTTAAG"",""TSP14_SI_Distal_10X_1_1_TGCACGGTCAAGGTGG"",""TSP14_SI_Proximal_10X_1_1_TCATCCGCACCCTCTA"",""TSP27_SI_Duodenum_10X3primev31_1_1_CTGTGGGCAGAGACTG"",""TSP27_SI_Duodenum_10X3primev31_1_1_TGCAGATAGACCAGCA"",""TSP2_SI_DuodenumProximal_10X_1_1_AAGTTCGGTCATGACT"",""TSP2_SI_DuodenumProximal_10X_1_1_CGGCAGTCACCTGCGA"",""TSP2_SI_DuodenumProximal_10X_1_1_CTTCCTTCATGGCGCT"",""TSP2_SI_DuodenumProximal_10X_1_1_GACCCTTCAATGAACA"",""TSP2_SI_DuodenumProximal_10X_1_1_GGGTGAAAGTTCGGTT"",""TSP2_SI_DuodenumProximal_10X_1_1_GGTGATTTCTCGCTCA"",""TSP2_SI_DuodenumProximal_10X_1_1_TTGGGATAGCCACCGT""]",6ccc61baacd53d698fc905cde17c7fb877cc07fa5f5c3ae223a732b4a16a64bf,"[""tabula_small_intestine"",""intestinal tuft cell"",""2d3d2e6d369f4cb5"",15,""6ccc61baacd53d698fc905cde17c7fb877cc07fa5f5c3ae223a732b4a16a64bf""]",0.047619047619047616,0.034482758620689655,0.16091954022988506,0.000617741536940944,support accounting only,False,False,unique_budget
tabula_small_intestine,44,0.10,intestinal tuft cell,batch_heldout,outputs\tabula_small_intestine\batch_heldout_seed44_intestinal_tuft_cell_rare10pct,success,,verified,2d3d2e6d369f4cb5,24282,23998,315,31,31,55,65,435,86,"[""TSP14_SI_Distal_10X_1_1_AAAGTCCGTATCCTTT"",""TSP14_SI_Distal_10X_1_1_AAGTTCGTCCGTCCTA"",""TSP14_SI_Distal_10X_1_1_AGTGACTAGGTATAGT"",""TSP14_SI_Distal_10X_1_1_CCTAAGACACCGTGCA"",""TSP14_SI_Distal_10X_1_1_CGACAGCAGGTGCTAG"",""TSP14_SI_Distal_10X_1_1_CGGAACCCACATATGC"",""TSP14_SI_Distal_10X_1_1_CGGCAGTTCGCTAATG"",""TSP14_SI_Distal_10X_1_1_GAACGTTGTTCTAAGC"",""TSP14_SI_Distal_10X_1_1_GGCTTTCGTCGTGCCA"",""TSP14_SI_Distal_10X_1_1_GGGCTACCACAAATCC"",""TSP14_SI_Distal_10X_1_1_GTCGTTCCACAGAGAC"",""TSP14_SI_Distal_10X_1_1_TCATTTGTCGACCATA"",""TSP14_SI_Distal_10X_1_1_TTAGGGTAGACCCGCT"",""TSP14_SI_Proximal_10X_1_1_AGACACTGTTTGGGTT"",""TSP14_SI_Proximal_10X_1_1_GCTGGGTCAGCGGATA"",""TSP14_SI_Proximal_10X_1_1_GGGAGTAGTGAGATCG"",""TSP14_SI_Proximal_10X_1_1_TACTTACTCTTTCCGG"",""TSP14_SI_Proximal_10X_1_1_TCATCCGCACCCTCTA"",""TSP14_SI_Proximal_10X_1_1_TGAACGTCAAATGGTA"",""TSP27_SI_Duodenum_10X3primev31_1_1_AACGAAATCTACGGTA"",""TSP27_SI_Duodenum_10X3primev31_1_1_AGGAAATGTACTGAGG"",""TSP27_SI_Duodenum_10X3primev31_1_1_AGGAAATGTATTCTCT"",""TSP27_SI_Duodenum_10X3primev31_1_1_CAACCTCGTGCTCGTG"",""TSP27_SI_Duodenum_10X3primev31_1_1_TCAGTGATCCACCTGT"",""TSP2_SI_DuodenumProximal_10X_1_1_AAGTTCGGTCATGACT"",""TSP2_SI_DuodenumProximal_10X_1_1_CGAGTGCTCCATTGCC"",""TSP2_SI_DuodenumProximal_10X_1_1_CTCCATGGTTTCACAG"",""TSP2_SI_DuodenumProximal_10X_1_1_GAATCGTAGGCTCCCA"",""TSP2_SI_DuodenumProximal_10X_1_1_GGAGATGAGAAGGTAG"",""TSP2_SI_DuodenumProximal_10X_1_1_GGCAGTCGTTGATCGT"",""TSP2_SI_DuodenumProximal_10X_1_1_TGTCCACCAGACAATA""]",5e0d7c91f4b05efc50d7a52930252df3bd60bff6559299488a451776a90c2c92,"[""tabula_small_intestine"",""intestinal tuft cell"",""2d3d2e6d369f4cb5"",31,""5e0d7c91f4b05efc50d7a52930252df3bd60bff6559299488a451776a90c2c92""]",0.09841269841269841,0.07126436781609195,0.19770114942528735,0.001276665843011284,support accounting only,False,False,unique_budget
tabula_small_intestine,44,all,intestinal tuft cell,batch_heldout,outputs\tabula_small_intestine\batch_heldout_seed44_intestinal_tuft_cell_rareall,success,,verified,2d3d2e6d369f4cb5,24282,24282,315,315,315,55,65,435,370,"[""TSP14_SI_Distal_10X_1_1_AAAGTCCGTATCCTTT"",""TSP14_SI_Distal_10X_1_1_AAAGTGATCGCAGTCG"",""TSP14_SI_Distal_10X_1_1_AACGTCAAGAGTACCG"",""TSP14_SI_Distal_10X_1_1_AAGATAGGTAGGTGCA"",""TSP14_SI_Distal_10X_1_1_AAGCCATAGTAGACAT"",""TSP14_SI_Distal_10X_1_1_AAGTTCGTCCGTCCTA"",""TSP14_SI_Distal_10X_1_1_AATCACGGTTGCTCAA"",""TSP14_SI_Distal_10X_1_1_AATCGACAGCTTAGTC"",""TSP14_SI_Distal_10X_1_1_AATCGTGAGCACTCTA"",""TSP14_SI_Distal_10X_1_1_ACATTTCTCGTTCAGA"",""TSP14_SI_Distal_10X_1_1_ACCCAAAAGGATTTAG"",""TSP14_SI_Distal_10X_1_1_ACCCTCACATCATCTT"",""TSP14_SI_Distal_10X_1_1_ACCCTTGTCTTGCAGA"",""TSP14_SI_Distal_10X_1_1_ACGGTCGAGCAGCACA"",""TSP14_SI_Distal_10X_1_1_ACGGTCGCATCTAGAC"",""TSP14_SI_Distal_10X_1_1_ACGTAGTCAATCTAGC"",""TSP14_SI_Distal_10X_1_1_ACTACGAAGGCATGGT"",""TSP14_SI_Distal_10X_1_1_ACTCTCGAGGTCACAG"",""TSP14_SI_Distal_10X_1_1_ACTCTCGTCCTCTTTC"",""TSP14_SI_Distal_10X_1_1_AGACACTTCGCAACAT"",""TSP14_SI_Distal_10X_1_1_AGACTCAAGCCGGATA"",""TSP14_SI_Distal_10X_1_1_AGACTCATCCGGTAGC"",""TSP14_SI_Distal_10X_1_1_AGAGAATTCTGGGCCA"",""TSP14_SI_Distal_10X_1_1_AGCCAATAGGGAGGCA"",""TSP14_SI_Distal_10X_1_1_AGCGCCAAGTCACACT"",""TSP14_SI_Distal_10X_1_1_AGGCTGCTCCGTGACG"",""TSP14_SI_Distal_10X_1_1_AGGTAGGAGTGTTCAC"",""TSP14_SI_Distal_10X_1_1_AGTGACTAGGTATAGT"",""TSP14_SI_Distal_10X_1_1_AGTGACTCACCAGTTA"",""TSP14_SI_Distal_10X_1_1_ATACCGACACGCTATA"",""TSP14_SI_Distal_10X_1_1_ATACCTTTCACTCTTA"",""TSP14_SI_Distal_10X_1_1_ATCCACCCAACCACGC"",""TSP14_SI_Distal_10X_1_1_ATGAAAGTCTCGGGAC"",""TSP14_SI_Distal_10X_1_1_ATGACCACAGCCTATA"",""TSP14_SI_Distal_10X_1_1_ATGACCATCCAACCGG"",""TSP14_SI_Distal_10X_1_1_ATGCGATCAAGTGCAG"",""TSP14_SI_Distal_10X_1_1_ATGGTTGCATATGGCT"",""TSP14_SI_Distal_10X_1_1_ATTACCTCATGGGCAA"",""TSP14_SI_Distal_10X_1_1_ATTATCCGTCCCGCAA"",""TSP14_SI_Distal_10X_1_1_ATTCCCGAGCAGCCCT"",""TSP14_SI_Distal_10X_1_1_ATTCTACGTACAGCGA"",""TSP14_SI_Distal_10X_1_1_ATTTCTGGTATTTCTC"",""TSP14_SI_Distal_10X_1_1_CAAGAGGAGCATTTCG"",""TSP14_SI_Distal_10X_1_1_CAAGGGAGTGGTCAAG"",""TSP14_SI_Distal_10X_1_1_CACAGATTCTCCAATT"",""TSP14_SI_Distal_10X_1_1_CACCGTTAGCGCTTCG"",""TSP14_SI_Distal_10X_1_1_CACCGTTCATCGTGCG"",""TSP14_SI_Distal_10X_1_1_CACTGAAAGGAATTAC"",""TSP14_SI_Distal_10X_1_1_CATCAAGTCACTTGTT"",""TSP14_SI_Distal_10X_1_1_CCAATGAGTCCGGTGT"",""TSP14_SI_Distal_10X_1_1_CCAATGATCCATAGGT"",""TSP14_SI_Distal_10X_1_1_CCAATTTTCTAGGCAT"",""TSP14_SI_Distal_10X_1_1_CCCTTAGCAATAGGGC"",""TSP14_SI_Distal_10X_1_1_CCGGACATCCACCTGT"",""TSP14_SI_Distal_10X_1_1_CCTAAGACACCGTGCA"",""TSP14_SI_Distal_10X_1_1_CCTCACACACGATTCA"",""TSP14_SI_Distal_10X_1_1_CCTCCTCCACCGTCTT"",""TSP14_SI_Distal_10X_1_1_CCTGCATTCCATTGGA"",""TSP14_SI_Distal_10X_1_1_CGACAGCAGGTGCTAG"",""TSP14_SI_Distal_10X_1_1_CGAGTGCAGAGTGTGC"",""TSP14_SI_Distal_10X_1_1_CGCGTGACAGATAAAC"",""TSP14_SI_Distal_10X_1_1_CGGAACCCACATATGC"",""TSP14_SI_Distal_10X_1_1_CGGCAGTGTTCAATCG"",""TSP14_SI_Distal_10X_1_1_CGGCAGTTCGCTAATG"",""TSP14_SI_Distal_10X_1_1_CGTGCTTTCCGATCTC"",""TSP14_SI_Distal_10X_1_1_CGTTGGGTCACTTTGT"",""TSP14_SI_Distal_10X_1_1_CTCTCGACACCTATCC"",""TSP14_SI_Distal_10X_1_1_CTGCAGGAGCTTCGTA"",""TSP14_SI_Distal_10X_1_1_CTGGTCTTCCCTCAAC"",""TSP14_SI_Distal_10X_1_1_CTGTAGAGTTCCCAAA"",""TSP14_SI_Distal_10X_1_1_CTTAGGAGTGTTCATG"",""TSP14_SI_Distal_10X_1_1_CTTCAATGTTTCGTAG"",""TSP14_SI_Distal_10X_1_1_CTTCTCTCAAGCTCTA"",""TSP14_SI_Distal_10X_1_1_CTTGAGAAGAATCGAT"",""TSP14_SI_Distal_10X_1_1_CTTGATTTCTCACCCA"",""TSP14_SI_Distal_10X_1_1_GAACGTTGTTCTAAGC"",""TSP14_SI_Distal_10X_1_1_GACACGCTCACCATAG"",""TSP14_SI_Distal_10X_1_1_GACGCTGAGTTTGAGA"",""TSP14_SI_Distal_10X_1_1_GACTCAAGTGTGTGGA"",""TSP14_SI_Distal_10X_1_1_GAGTCTAAGTGCACCC"",""TSP14_SI_Distal_10X_1_1_GAGTTTGGTACTCGAT"",""TSP14_SI_Distal_10X_1_1_GATGTTGAGGCTCTCG"",""TSP14_SI_Distal_10X_1_1_GCACATATCGTCTACC"",""TSP14_SI_Distal_10X_1_1_GCAGGCTTCATTGCGA"",""TSP14_SI_Distal_10X_1_1_GCATCGGAGCTAGTTC"",""TSP14_SI_Distal_10X_1_1_GCCCAGAGTGGCGCTT"",""TSP14_SI_Distal_10X_1_1_GCCCGAAGTTCGTTCC"",""TSP14_SI_Distal_10X_1_1_GCGTGCAAGAGGGCGA"",""TSP14_SI_Distal_10X_1_1_GCTACAAAGTGGTTGG"",""TSP14_SI_Distal_10X_1_1_GCTACAAGTTGTTGCA"",""TSP14_SI_Distal_10X_1_1_GCTGGGTGTGAAGCGT"",""TSP14_SI_Distal_10X_1_1_GCTTGGGGTCAAGCCC"",""TSP14_SI_Distal_10X_1_1_GGAGCAAGTATCCTCC"",""TSP14_SI_Distal_10X_1_1_GGCTTTCGTCGTGCCA"",""TSP14_SI_Distal_10X_1_1_GGGACCTAGGCTCAAG"",""TSP14_SI_Distal_10X_1_1_GGGCTACCACAAATCC"",""TSP14_SI_Distal_10X_1_1_GGGTATTAGACAAGCC"",""TSP14_SI_Distal_10X_1_1_GGGTATTCAAAGGCTG"",""TSP14_SI_Distal_10X_1_1_GGGTATTGTAAGGCTG"",""TSP14_SI_Distal_10X_1_1_GGGTTTAGTGATCGTT"",""TSP14_SI_Distal_10X_1_1_GGTGTCGCACAAGTGG"",""TSP14_SI_Distal_10X_1_1_GTACAACAGGGTTTCT"",""TSP14_SI_Distal_10X_1_1_GTAGAGGAGGCTCTAT"",""TSP14_SI_Distal_10X_1_1_GTAGGAGAGACTACGG"",""TSP14_SI_Distal_10X_1_1_GTCATTTAGTACAACA"",""TSP14_SI_Distal_10X_1_1_GTCGTAAGTAGGAAAG"",""TSP14_SI_Distal_10X_1_1_GTCGTTCCACAGAGAC"",""TSP14_SI_Distal_10X_1_1_GTCTTTAGTTGGACTT"",""TSP14_SI_Distal_10X_1_1_GTGATGTTCATTACCT"",""TSP14_SI_Distal_10X_1_1_GTGTGGCAGATGCGAC"",""TSP14_SI_Distal_10X_1_1_GTTGCTCTCGTTCATT"",""TSP14_SI_Distal_10X_1_1_TAACACGAGTCCCGGT"",""TSP14_SI_Distal_10X_1_1_TAAGCACAGATTCGAA"",""TSP14_SI_Distal_10X_1_1_TACAACGAGGGTGAAA"",""TSP14_SI_Distal_10X_1_1_TACCGAATCGAATCCA"",""TSP14_SI_Distal_10X_1_1_TACGCTCGTTATGGTC"",""TSP14_SI_Distal_10X_1_1_TACTTACAGTCGAGGT"",""TSP14_SI_Distal_10X_1_1_TAGACCACAAGTGATA"",""TSP14_SI_Distal_10X_1_1_TAGGTACCACGTCGGT"",""TSP14_SI_Distal_10X_1_1_TAGTGCAGTCCTTAAG"",""TSP14_SI_Distal_10X_1_1_TCAATCTCATTAGGCT"",""TSP14_SI_Distal_10X_1_1_TCAATTCCAGCCTTCT"",""TSP14_SI_Distal_10X_1_1_TCACATTCAAAGACGC"",""TSP14_SI_Distal_10X_1_1_TCATTTGAGTGGTGGT"",""TSP14_SI_Distal_10X_1_1_TCATTTGTCGACCATA"",""TSP14_SI_Distal_10X_1_1_TCCCACAGTTAGCGGA"",""TSP14_SI_Distal_10X_1_1_TCCGGGACAACTTGGT"",""TSP14_SI_Distal_10X_1_1_TCCTAATTCAAAGGAT"",""TSP14_SI_Distal_10X_1_1_TCCTTCTAGGCGTTGA"",""TSP14_SI_Distal_10X_1_1_TCGCACTAGCACCTGC"",""TSP14_SI_Distal_10X_1_1_TCGCTTGCACGGCGTT"",""TSP14_SI_Distal_10X_1_1_TCGTAGACATCCGAAT"",""TSP14_SI_Distal_10X_1_1_TCGTAGAGTAACCCGC"",""TSP14_SI_Distal_10X_1_1_TCGTGCTAGACTGTTC"",""TSP14_SI_Distal_10X_1_1_TCGTGCTTCGGCAGTC"",""TSP14_SI_Distal_10X_1_1_TGAGACTGTAGTAAGT"",""TSP14_SI_Distal_10X_1_1_TGAGTCATCAAAGGTA"",""TSP14_SI_Distal_10X_1_1_TGATGCAAGGAATGTT"",""TSP14_SI_Distal_10X_1_1_TGCACGGTCAAGGTGG"",""TSP14_SI_Distal_10X_1_1_TGCAGATAGCCTAACT"",""TSP14_SI_Distal_10X_1_1_TGCGACGAGTATGATG"",""TSP14_SI_Distal_10X_1_1_TGCGGCAGTCACAGTT"",""TSP14_SI_Distal_10X_1_1_TGGATCAAGGAATCGC"",""TSP14_SI_Distal_10X_1_1_TGGATCAAGGATACCG"",""TSP14_SI_Distal_10X_1_1_TGGGATTAGTATTGCC"",""TSP14_SI_Distal_10X_1_1_TGGGCGTCACCCTATC"",""TSP14_SI_Distal_10X_1_1_TGTCCCACATGTGTCA"",""TSP14_SI_Distal_10X_1_1_TGTCCCATCAACTACG"",""TSP14_SI_Distal_10X_1_1_TGTTCATAGGCGACAT"",""TSP14_SI_Distal_10X_1_1_TGTTGGAAGTGCCAGA"",""TSP14_SI_Distal_10X_1_1_TGTTGGAGTCTTGAGT"",""TSP14_SI_Distal_10X_1_1_TTAATCCCAACCCTAA"",""TSP14_SI_Distal_10X_1_1_TTACAGGCACTGCGAC"",""TSP14_SI_Distal_10X_1_1_TTACCATCACAATGAA"",""TSP14_SI_Distal_10X_1_1_TTAGGGTAGACCCGCT"",""TSP14_SI_Distal_10X_1_1_TTCATGTTCCACGGGT"",""TSP14_SI_Distal_10X_1_1_TTCCTCTAGCCGCACT"",""TSP14_SI_Distal_10X_1_1_TTTCGATAGGTGATAT"",""TSP14_SI_Proximal_10X_1_1_AAATGGAGTACGAAAT"",""TSP14_SI_Proximal_10X_1_1_ACAGGGACAGATTTCG"",""TSP14_SI_Proximal_10X_1_1_AGACACTGTTTGGGTT"",""TSP14_SI_Proximal_10X_1_1_AGGGAGTAGCGTTGTT"",""TSP14_SI_Proximal_10X_1_1_AGTAGCTAGTCAGCCC"",""TSP14_SI_Proximal_10X_1_1_CATACTTCACCGTGGT"",""TSP14_SI_Proximal_10X_1_1_CATTCATTCCTCTTTC"",""TSP14_SI_Proximal_10X_1_1_CCAATTTGTACAATAG"",""TSP14_SI_Proximal_10X_1_1_CCAATTTTCTATGTGG"",""TSP14_SI_Proximal_10X_1_1_CCGGGTATCTAAGCGT"",""TSP14_SI_Proximal_10X_1_1_CCTCCAAAGGAACTAT"",""TSP14_SI_Proximal_10X_1_1_CCTTCAGGTCCCACGA"",""TSP14_SI_Proximal_10X_1_1_GACCCTTTCGTGGTAT"",""TSP14_SI_Proximal_10X_1_1_GAGACTTCAGCCATTA"",""TSP14_SI_Proximal_10X_1_1_GCTACCTCACAGCTGC"",""TSP14_SI_Proximal_10X_1_1_GCTGGGTCAGCGGATA"",""TSP14_SI_Proximal_10X_1_1_GGAGCAAGTCTGGTTA"",""TSP14_SI_Proximal_10X_1_1_GGCTTTCGTTCAAGTC"",""TSP14_SI_Proximal_10X_1_1_GGGAGTAGTGAGATCG"",""TSP14_SI_Proximal_10X_1_1_GGGTGAAGTTCTCCAC"",""TSP14_SI_Proximal_10X_1_1_GTCAAGTTCTGGTGCG"",""TSP14_SI_Proximal_10X_1_1_GTGGAAGGTATCTCTT"",""TSP14_SI_Proximal_10X_1_1_TACTTACTCTTTCCGG"",""TSP14_SI_Proximal_10X_1_1_TATTCCATCGGCATAT"",""TSP14_SI_Proximal_10X_1_1_TCAGGTAAGCACGTCC"",""TSP14_SI_Proximal_10X_1_1_TCATCCGCACCCTCTA"",""TSP14_SI_Proximal_10X_1_1_TCTCAGCTCTCCGCAT"",""TSP14_SI_Proximal_10X_1_1_TGAACGTCAAATGGTA"",""TSP14_SI_Proximal_10X_1_1_TGGGATTAGTGGCGAT"",""TSP14_SI_Proximal_10X_1_1_TTCGCTGTCATTGCTT"",""TSP27_SI_Duodenum_10X3primev31_1_1_AAAGAACCAGCTTCCT"",""TSP27_SI_Duodenum_10X3primev31_1_1_AACCTGAGTAGTCACT"",""TSP27_SI_Duodenum_10X3primev31_1_1_AACGAAATCTACGGTA"",""TSP27_SI_Duodenum_10X3primev31_1_1_AGATGCTGTTCTGACA"",""TSP27_SI_Duodenum_10X3primev31_1_1_AGGAAATGTACTGAGG"",""TSP27_SI_Duodenum_10X3primev31_1_1_AGGAAATGTATTCTCT"",""TSP27_SI_Duodenum_10X3primev31_1_1_CAACCTCGTGCTCGTG"",""TSP27_SI_Duodenum_10X3primev31_1_1_CCGGTAGGTCGTGTTA"",""TSP27_SI_Duodenum_10X3primev31_1_1_CTACCCAAGGTGCTGA"",""TSP27_SI_Duodenum_10X3primev31_1_1_CTAGGTATCGACCAAT"",""TSP27_SI_Duodenum_10X3primev31_1_1_CTCAGAACACATGAAA"",""TSP27_SI_Duodenum_10X3primev31_1_1_CTGTGGGCAGAGACTG"",""TSP27_SI_Duodenum_10X3primev31_1_1_CTTCCTTGTTCCTAAG"",""TSP27_SI_Duodenum_10X3primev31_1_1_GGGTTTAAGCAATAAC"",""TSP27_SI_Duodenum_10X3primev31_1_1_GTGCACGGTCATCACA"",""TSP27_SI_Duodenum_10X3primev31_1_1_TACAACGCAGACCATT"",""TSP27_SI_Duodenum_10X3primev31_1_1_TACGGTAAGCTAATGA"",""TSP27_SI_Duodenum_10X3primev31_1_1_TATACCTCATCAGTGT"",""TSP27_SI_Duodenum_10X3primev31_1_1_TATCCTACAAACCGGA"",""TSP27_SI_Duodenum_10X3primev31_1_1_TCAGTCCGTAAGATAC"",""TSP27_SI_Duodenum_10X3primev31_1_1_TCAGTGATCCACCTGT"",""TSP27_SI_Duodenum_10X3primev31_1_1_TCGCAGGTCCTGGGTG"",""TSP27_SI_Duodenum_10X3primev31_1_1_TGCAGATAGACCAGCA"",""TSP27_SI_Duodenum_10X3primev31_1_1_TGGATCATCCTCACGT"",""TSP27_SI_Duodenum_10X3primev31_1_1_TTTGACTGTCATGGCC"",""TSP27_SI_Duodenum_10X3primev31_1_1_TTTGTTGGTAATTAGG"",""TSP27_SI_Ileum_10X3primev31_1_1_AAACGCTCATAGACTC"",""TSP27_SI_Ileum_10X3primev31_1_1_AGAAGTAGTAGCGAGT"",""TSP27_SI_Ileum_10X3primev31_1_1_ATCACGACATTCATCT"",""TSP27_SI_Ileum_10X3primev31_1_1_ATGAGTCTCTCTGGTC"",""TSP27_SI_Ileum_10X3primev31_1_1_CACGTTCCATCATCCC"",""TSP27_SI_Ileum_10X3primev31_1_1_CAGATCAGTCTGTTAG"",""TSP27_SI_Ileum_10X3primev31_1_1_CTGATCCTCATTTCCA"",""TSP27_SI_Ileum_10X3primev31_1_1_GACCAATCACAGCCTG"",""TSP27_SI_Ileum_10X3primev31_1_1_GATGACTCAATACGAA"",""TSP27_SI_Ileum_10X3primev31_1_1_GCCAGGTCACCATTCC"",""TSP27_SI_Ileum_10X3primev31_1_1_GCTTCACGTTTGAACC"",""TSP27_SI_Ileum_10X3primev31_1_1_GGTGATTTCGTAATGC"",""TSP27_SI_Ileum_10X3primev31_1_1_GTAGAGGAGGTTGTTC"",""TSP27_SI_Ileum_10X3primev31_1_1_TACTTGTGTGCTTATG"",""TSP27_SI_Ileum_10X3primev31_1_1_TCCACCACATAGGTAA"",""TSP27_SI_Ileum_10X3primev31_1_1_TGTCAGATCACTTGTT"",""TSP27_SI_Ileum_10X3primev31_1_1_TGTTCCGGTACTTCCC"",""TSP27_SI_Ileum_10X3primev31_1_1_TTCAGGACAGTCTCTC"",""TSP2_SI_DuodenumProximal_10X_1_1_AACAACCGTATTCCTT"",""TSP2_SI_DuodenumProximal_10X_1_1_AACAAGACAGGCCCTA"",""TSP2_SI_DuodenumProximal_10X_1_1_AAGAACATCATGAGTC"",""TSP2_SI_DuodenumProximal_10X_1_1_AAGATAGCAACCGGAA"",""TSP2_SI_DuodenumProximal_10X_1_1_AAGATAGTCAGCCCAG"",""TSP2_SI_DuodenumProximal_10X_1_1_AAGTTCGGTCATGACT"",""TSP2_SI_DuodenumProximal_10X_1_1_ACAGAAACAGGCCCTA"",""TSP2_SI_DuodenumProximal_10X_1_1_ACAGCCGAGCCAAGCA"",""TSP2_SI_DuodenumProximal_10X_1_1_ACTATCTTCATACGGT"",""TSP2_SI_DuodenumProximal_10X_1_1_ACTTTCACATTCTGTT"",""TSP2_SI_DuodenumProximal_10X_1_1_AGAAGCGGTATTGACC"",""TSP2_SI_DuodenumProximal_10X_1_1_AGACCCGCATAGATGA"",""TSP2_SI_DuodenumProximal_10X_1_1_AGCGCCACAACTCCCT"",""TSP2_SI_DuodenumProximal_10X_1_1_AGCTACAAGGGTGAAA"",""TSP2_SI_DuodenumProximal_10X_1_1_AGGGTCCAGGTACAAT"",""TSP2_SI_DuodenumProximal_10X_1_1_AGTCACACATGATAGA"",""TSP2_SI_DuodenumProximal_10X_1_1_ATACTTCCAATACGAA"",""TSP2_SI_DuodenumProximal_10X_1_1_CAAGACTCACTTTATC"",""TSP2_SI_DuodenumProximal_10X_1_1_CATCGCTAGTTCTCTT"",""TSP2_SI_DuodenumProximal_10X_1_1_CATGCTCCAAGCCCAC"",""TSP2_SI_DuodenumProximal_10X_1_1_CATTCCGGTTCCTAAG"",""TSP2_SI_DuodenumProximal_10X_1_1_CCATCACCACGGGCTT"",""TSP2_SI_DuodenumProximal_10X_1_1_CCGTAGGAGCAATTCC"",""TSP2_SI_DuodenumProximal_10X_1_1_CCTACGTGTGAATAAC"",""TSP2_SI_DuodenumProximal_10X_1_1_CCTGTTGTCATGCGGC"",""TSP2_SI_DuodenumProximal_10X_1_1_CGAGTGCTCCATTGCC"",""TSP2_SI_DuodenumProximal_10X_1_1_CGAGTTACAGAAATCA"",""TSP2_SI_DuodenumProximal_10X_1_1_CGGCAGTCACCTGCGA"",""TSP2_SI_DuodenumProximal_10X_1_1_CGTGCTTTCCATAGAC"",""TSP2_SI_DuodenumProximal_10X_1_1_CGTGTCTGTACTTCCC"",""TSP2_SI_DuodenumProximal_10X_1_1_CTCCATGGTTTCACAG"",""TSP2_SI_DuodenumProximal_10X_1_1_CTTCCTTCATGGCGCT"",""TSP2_SI_DuodenumProximal_10X_1_1_CTTCTAACACTGAGTT"",""TSP2_SI_DuodenumProximal_10X_1_1_CTTGAGAAGCACTTTG"",""TSP2_SI_DuodenumProximal_10X_1_1_CTTTCGGTCTCTGACC"",""TSP2_SI_DuodenumProximal_10X_1_1_GAATCGTAGGCTCCCA"",""TSP2_SI_DuodenumProximal_10X_1_1_GACACGCGTCGACTGC"",""TSP2_SI_DuodenumProximal_10X_1_1_GACCCTTCAATGAACA"",""TSP2_SI_DuodenumProximal_10X_1_1_GACTCAAAGGTCACAG"",""TSP2_SI_DuodenumProximal_10X_1_1_GAGCTGCGTATCGTGT"",""TSP2_SI_DuodenumProximal_10X_1_1_GATGATCAGTCTGCGC"",""TSP2_SI_DuodenumProximal_10X_1_1_GCAACATGTAGAGACC"",""TSP2_SI_DuodenumProximal_10X_1_1_GCACGGTCACTACTTT"",""TSP2_SI_DuodenumProximal_10X_1_1_GCATTAGTCGCCTAGG"",""TSP2_SI_DuodenumProximal_10X_1_1_GCCGATGTCGACGACC"",""TSP2_SI_DuodenumProximal_10X_1_1_GCTCAAACAGGTCAGA"",""TSP2_SI_DuodenumProximal_10X_1_1_GGAGAACGTCTTTCAT"",""TSP2_SI_DuodenumProximal_10X_1_1_GGAGATGAGAAGGTAG"",""TSP2_SI_DuodenumProximal_10X_1_1_GGCAGTCGTTGATCGT"",""TSP2_SI_DuodenumProximal_10X_1_1_GGGTATTGTCTTTATC"",""TSP2_SI_DuodenumProximal_10X_1_1_GGGTGAAAGTTCGGTT"",""TSP2_SI_DuodenumProximal_10X_1_1_GGTGATTTCTCGCTCA"",""TSP2_SI_DuodenumProximal_10X_1_1_GTAACACTCTCGACGG"",""TSP2_SI_DuodenumProximal_10X_1_1_GTCACTCAGAAGCCTG"",""TSP2_SI_DuodenumProximal_10X_1_1_GTGCGTGGTGCCGTAC"",""TSP2_SI_DuodenumProximal_10X_1_1_GTTCATTTCAGCTGTA"",""TSP2_SI_DuodenumProximal_10X_1_1_TAACACGCAAGGATGC"",""TSP2_SI_DuodenumProximal_10X_1_1_TACGTCCGTACCTATG"",""TSP2_SI_DuodenumProximal_10X_1_1_TAGACCACATGGCACC"",""TSP2_SI_DuodenumProximal_10X_1_1_TAGTGCATCTGGACTA"",""TSP2_SI_DuodenumProximal_10X_1_1_TATTTCGTCGGTTCAA"",""TSP2_SI_DuodenumProximal_10X_1_1_TCAATCTTCTTCGACC"",""TSP2_SI_DuodenumProximal_10X_1_1_TCAGCAACATGACACT"",""TSP2_SI_DuodenumProximal_10X_1_1_TCAGTGAAGCTAATGA"",""TSP2_SI_DuodenumProximal_10X_1_1_TCATTCATCTAAACGC"",""TSP2_SI_DuodenumProximal_10X_1_1_TCATTTGCAACGGGTA"",""TSP2_SI_DuodenumProximal_10X_1_1_TCCCATGCACGACAGA"",""TSP2_SI_DuodenumProximal_10X_1_1_TCTAACTAGGCTAACG"",""TSP2_SI_DuodenumProximal_10X_1_1_TCTGCCAGTCGTACAT"",""TSP2_SI_DuodenumProximal_10X_1_1_TGACAGTGTTTGGGTT"",""TSP2_SI_DuodenumProximal_10X_1_1_TGCATCCGTATGGTTC"",""TSP2_SI_DuodenumProximal_10X_1_1_TGCTTCGGTAGTACGG"",""TSP2_SI_DuodenumProximal_10X_1_1_TGGAACTAGTGAGCCA"",""TSP2_SI_DuodenumProximal_10X_1_1_TGGCGTGCACAATTCG"",""TSP2_SI_DuodenumProximal_10X_1_1_TGTCCACCAGACAATA"",""TSP2_SI_DuodenumProximal_10X_1_1_TGTTACTCAACGATTC"",""TSP2_SI_DuodenumProximal_10X_1_1_TTACGCCAGGAACGCT"",""TSP2_SI_DuodenumProximal_10X_1_1_TTGAGTGCAACCAGAG"",""TSP2_SI_DuodenumProximal_10X_1_1_TTGGGATAGCCACCGT"",""TSP2_SI_DuodenumProximal_10X_1_1_TTGTGGACATGTTCGA"",""TSP2_SI_DuodenumProximal_10X_1_1_TTGTTCAAGAATACAC"",""TSP2_SI_JejunumDistal_10X_1_1_AAAGTGACACAATGCT"",""TSP2_SI_JejunumDistal_10X_1_1_GTGCACGCAAGTCATC""]",e35086053f34698e5f45edaa5a36ae29b8f05250f490525da0e61709402b932d,"[""tabula_small_intestine"",""intestinal tuft cell"",""2d3d2e6d369f4cb5"",315,""e35086053f34698e5f45edaa5a36ae29b8f05250f490525da0e61709402b932d""]",1.0,0.7241379310344828,0.8505747126436781,0.012972572275759823,support accounting only,False,False,unique_budget
mouse_lung_tms_10x,42,0.01,vein endothelial cell,batch_heldout,outputs\mouse_lung_tms_10x\batch_heldout_seed42_vein_endothelial_cell_rare1pct,success,,verified,c89516c458d2c8f2,21585,21377,213,5,5,56,51,320,61,"[""lung_7730070"",""lung_7752296"",""lung_7853856"",""lung_7879949"",""lung_7883337""]",b3af521e13912c84eeafd8441325bce2fac130b7de11316cc5ff19b9c0b61312,"[""mouse_lung_tms_10x"",""vein endothelial cell"",""c89516c458d2c8f2"",5,""b3af521e13912c84eeafd8441325bce2fac130b7de11316cc5ff19b9c0b61312""]",0.023474178403755867,0.015625,0.190625,0.0002316423442205235,support accounting only,False,False,unique_budget
mouse_lung_tms_10x,42,0.05,vein endothelial cell,batch_heldout,outputs\mouse_lung_tms_10x\batch_heldout_seed42_vein_endothelial_cell_rare5pct,success,,verified,c89516c458d2c8f2,21585,21382,213,10,10,56,51,320,66,"[""lung_7730070"",""lung_7730211"",""lung_7750216"",""lung_7752180"",""lung_7879879"",""lung_7880179"",""lung_7882978"",""lung_7917152"",""lung_7953244"",""lung_7953319""]",5fc7f66fe892c904aac29544dfe4fb7055171c53195ffbf3c1fcf8b191fd8eaf,"[""mouse_lung_tms_10x"",""vein endothelial cell"",""c89516c458d2c8f2"",10,""5fc7f66fe892c904aac29544dfe4fb7055171c53195ffbf3c1fcf8b191fd8eaf""]",0.046948356807511735,0.03125,0.20625,0.000463284688441047,support accounting only,False,False,unique_budget
mouse_lung_tms_10x,42,0.10,vein endothelial cell,batch_heldout,outputs\mouse_lung_tms_10x\batch_heldout_seed42_vein_endothelial_cell_rare10pct,success,,verified,c89516c458d2c8f2,21585,21393,213,21,21,56,51,320,77,"[""lung_7730031"",""lung_7730155"",""lung_7730301"",""lung_7749827"",""lung_7752054"",""lung_7752062"",""lung_7854575"",""lung_7869652"",""lung_7869814"",""lung_7871178"",""lung_7879988"",""lung_7880188"",""lung_7880269"",""lung_7880436"",""lung_7883340"",""lung_7915784"",""lung_7916929"",""lung_7952608"",""lung_7952621"",""lung_7953058"",""lung_7953346""]",c7bb134b104f6e9562d93c5df926dbc69d9fcbf75e7db3fafc9af79d9d7ff1af,"[""mouse_lung_tms_10x"",""vein endothelial cell"",""c89516c458d2c8f2"",21,""c7bb134b104f6e9562d93c5df926dbc69d9fcbf75e7db3fafc9af79d9d7ff1af""]",0.09859154929577464,0.065625,0.240625,0.0009728978457261987,support accounting only,False,False,unique_budget
mouse_lung_tms_10x,42,all,vein endothelial cell,batch_heldout,outputs\mouse_lung_tms_10x\batch_heldout_seed42_vein_endothelial_cell_rareall,success,,verified,c89516c458d2c8f2,21585,21585,213,213,213,56,51,320,269,"[""lung_7729292"",""lung_7729405"",""lung_7729518"",""lung_7729639"",""lung_7729677"",""lung_7729700"",""lung_7729719"",""lung_7729782"",""lung_7729820"",""lung_7729832"",""lung_7729872"",""lung_7729876"",""lung_7729883"",""lung_7729884"",""lung_7729929"",""lung_7729930"",""lung_7729991"",""lung_7730031"",""lung_7730070"",""lung_7730155"",""lung_7730211"",""lung_7730218"",""lung_7730241"",""lung_7730242"",""lung_7730245"",""lung_7730298"",""lung_7730301"",""lung_7730324"",""lung_7730519"",""lung_7730541"",""lung_7730554"",""lung_7730593"",""lung_7730631"",""lung_7749448"",""lung_7749482"",""lung_7749627"",""lung_7749663"",""lung_7749664"",""lung_7749699"",""lung_7749774"",""lung_7749827"",""lung_7749862"",""lung_7750216"",""lung_7750270"",""lung_7750273"",""lung_7750298"",""lung_7750333"",""lung_7750353"",""lung_7750383"",""lung_7750427"",""lung_7750471"",""lung_7750500"",""lung_7750535"",""lung_7750543"",""lung_7750554"",""lung_7750558"",""lung_7750608"",""lung_7750636"",""lung_7750813"",""lung_7750829"",""lung_7750916"",""lung_7750966"",""lung_7751029"",""lung_7751047"",""lung_7751074"",""lung_7751081"",""lung_7751193"",""lung_7751213"",""lung_7751251"",""lung_7751309"",""lung_7751391"",""lung_7751398"",""lung_7751425"",""lung_7751467"",""lung_7751535"",""lung_7751592"",""lung_7751690"",""lung_7751738"",""lung_7751758"",""lung_7751871"",""lung_7751885"",""lung_7751891"",""lung_7751951"",""lung_7751952"",""lung_7751981"",""lung_7752054"",""lung_7752062"",""lung_7752090"",""lung_7752149"",""lung_7752159"",""lung_7752180"",""lung_7752250"",""lung_7752296"",""lung_7853856"",""lung_7854507"",""lung_7854575"",""lung_7855765"",""lung_7856636"",""lung_7857108"",""lung_7857858"",""lung_7858796"",""lung_7859207"",""lung_7859873"",""lung_7860531"",""lung_7869570"",""lung_7869613"",""lung_7869652"",""lung_7869814"",""lung_7869853"",""lung_7869879"",""lung_7869972"",""lung_7870024"",""lung_7870074"",""lung_7870109"",""lung_7870354"",""lung_7870412"",""lung_7870465"",""lung_7870508"",""lung_7870663"",""lung_7870676"",""lung_7870678"",""lung_7870796"",""lung_7870831"",""lung_7870896"",""lung_7871057"",""lung_7871076"",""lung_7871102"",""lung_7871178"",""lung_7879610"",""lung_7879643"",""lung_7879664"",""lung_7879764"",""lung_7879801"",""lung_7879834"",""lung_7879879"",""lung_7879886"",""lung_7879910"",""lung_7879946"",""lung_7879949"",""lung_7879988"",""lung_7879997"",""lung_7880007"",""lung_7880026"",""lung_7880056"",""lung_7880068"",""lung_7880121"",""lung_7880148"",""lung_7880179"",""lung_7880188"",""lung_7880193"",""lung_7880269"",""lung_7880283"",""lung_7880362"",""lung_7880381"",""lung_7880417"",""lung_7880429"",""lung_7880436"",""lung_7880498"",""lung_7882978"",""lung_7883067"",""lung_7883202"",""lung_7883304"",""lung_7883337"",""lung_7883340"",""lung_7883348"",""lung_7883398"",""lung_7915597"",""lung_7915695"",""lung_7915736"",""lung_7915750"",""lung_7915784"",""lung_7915797"",""lung_7915863"",""lung_7915896"",""lung_7915926"",""lung_7916210"",""lung_7916562"",""lung_7916929"",""lung_7917105"",""lung_7917152"",""lung_7917363"",""lung_7917521"",""lung_7917604"",""lung_7917729"",""lung_7917980"",""lung_7952106"",""lung_7952146"",""lung_7952189"",""lung_7952238"",""lung_7952270"",""lung_7952326"",""lung_7952421"",""lung_7952434"",""lung_7952479"",""lung_7952508"",""lung_7952522"",""lung_7952574"",""lung_7952592"",""lung_7952608"",""lung_7952621"",""lung_7952626"",""lung_7952907"",""lung_7952922"",""lung_7952937"",""lung_7953058"",""lung_7953099"",""lung_7953131"",""lung_7953244"",""lung_7953255"",""lung_7953319"",""lung_7953330"",""lung_7953334"",""lung_7953346""]",f3324ef55aa3a35550ee501cef19372bfee12b4509bb7c11aa9f1a5df94c9da4,"[""mouse_lung_tms_10x"",""vein endothelial cell"",""c89516c458d2c8f2"",213,""f3324ef55aa3a35550ee501cef19372bfee12b4509bb7c11aa9f1a5df94c9da4""]",1.0,0.665625,0.840625,0.009867963863794302,support accounting only,False,False,unique_budget
mouse_lung_tms_10x,43,0.01,vein endothelial cell,batch_heldout,outputs\mouse_lung_tms_10x\batch_heldout_seed43_vein_endothelial_cell_rare1pct,success,,verified,c89516c458d2c8f2,21585,21377,213,5,5,56,51,320,61,"[""lung_7729832"",""lung_7751981"",""lung_7869613"",""lung_7870831"",""lung_7879910""]",5ca25d2e9c488b74c18e4979f7005ca0541ed8e4db4ba47582cdd7647177de6b,"[""mouse_lung_tms_10x"",""vein endothelial cell"",""c89516c458d2c8f2"",5,""5ca25d2e9c488b74c18e4979f7005ca0541ed8e4db4ba47582cdd7647177de6b""]",0.023474178403755867,0.015625,0.190625,0.0002316423442205235,support accounting only,False,False,unique_budget
mouse_lung_tms_10x,43,0.05,vein endothelial cell,batch_heldout,outputs\mouse_lung_tms_10x\batch_heldout_seed43_vein_endothelial_cell_rare5pct,success,,verified,c89516c458d2c8f2,21585,21382,213,10,10,56,51,320,66,"[""lung_7729677"",""lung_7729832"",""lung_7750813"",""lung_7751951"",""lung_7857108"",""lung_7860531"",""lung_7870678"",""lung_7871076"",""lung_7879834"",""lung_7916929""]",5a4b43e0f204ccce3c15b7b25d9a442a0681b1c0136da6683f503ae6c5594bd0,"[""mouse_lung_tms_10x"",""vein endothelial cell"",""c89516c458d2c8f2"",10,""5a4b43e0f204ccce3c15b7b25d9a442a0681b1c0136da6683f503ae6c5594bd0""]",0.046948356807511735,0.03125,0.20625,0.000463284688441047,support accounting only,False,False,unique_budget
mouse_lung_tms_10x,43,0.10,vein endothelial cell,batch_heldout,outputs\mouse_lung_tms_10x\batch_heldout_seed43_vein_endothelial_cell_rare10pct,success,,verified,c89516c458d2c8f2,21585,21393,213,21,21,56,51,320,77,"[""lung_7729639"",""lung_7729820"",""lung_7730593"",""lung_7750298"",""lung_7750554"",""lung_7750558"",""lung_7750636"",""lung_7751758"",""lung_7752149"",""lung_7853856"",""lung_7854575"",""lung_7856636"",""lung_7870109"",""lung_7870663"",""lung_7871102"",""lung_7879879"",""lung_7880417"",""lung_7915695"",""lung_7915896"",""lung_7952522"",""lung_7953131""]",212ceb23dcb2209d5fd6e70a4a76819b7ff6893d15e84a26f66a977883a615cb,"[""mouse_lung_tms_10x"",""vein endothelial cell"",""c89516c458d2c8f2"",21,""212ceb23dcb2209d5fd6e70a4a76819b7ff6893d15e84a26f66a977883a615cb""]",0.09859154929577464,0.065625,0.240625,0.0009728978457261987,support accounting only,False,False,unique_budget
mouse_lung_tms_10x,43,all,vein endothelial cell,batch_heldout,outputs\mouse_lung_tms_10x\batch_heldout_seed43_vein_endothelial_cell_rareall,success,,verified,c89516c458d2c8f2,21585,21585,213,213,213,56,51,320,269,"[""lung_7729292"",""lung_7729405"",""lung_7729518"",""lung_7729639"",""lung_7729677"",""lung_7729700"",""lung_7729719"",""lung_7729782"",""lung_7729820"",""lung_7729832"",""lung_7729872"",""lung_7729876"",""lung_7729883"",""lung_7729884"",""lung_7729929"",""lung_7729930"",""lung_7729991"",""lung_7730031"",""lung_7730070"",""lung_7730155"",""lung_7730211"",""lung_7730218"",""lung_7730241"",""lung_7730242"",""lung_7730245"",""lung_7730298"",""lung_7730301"",""lung_7730324"",""lung_7730519"",""lung_7730541"",""lung_7730554"",""lung_7730593"",""lung_7730631"",""lung_7749448"",""lung_7749482"",""lung_7749627"",""lung_7749663"",""lung_7749664"",""lung_7749699"",""lung_7749774"",""lung_7749827"",""lung_7749862"",""lung_7750216"",""lung_7750270"",""lung_7750273"",""lung_7750298"",""lung_7750333"",""lung_7750353"",""lung_7750383"",""lung_7750427"",""lung_7750471"",""lung_7750500"",""lung_7750535"",""lung_7750543"",""lung_7750554"",""lung_7750558"",""lung_7750608"",""lung_7750636"",""lung_7750813"",""lung_7750829"",""lung_7750916"",""lung_7750966"",""lung_7751029"",""lung_7751047"",""lung_7751074"",""lung_7751081"",""lung_7751193"",""lung_7751213"",""lung_7751251"",""lung_7751309"",""lung_7751391"",""lung_7751398"",""lung_7751425"",""lung_7751467"",""lung_7751535"",""lung_7751592"",""lung_7751690"",""lung_7751738"",""lung_7751758"",""lung_7751871"",""lung_7751885"",""lung_7751891"",""lung_7751951"",""lung_7751952"",""lung_7751981"",""lung_7752054"",""lung_7752062"",""lung_7752090"",""lung_7752149"",""lung_7752159"",""lung_7752180"",""lung_7752250"",""lung_7752296"",""lung_7853856"",""lung_7854507"",""lung_7854575"",""lung_7855765"",""lung_7856636"",""lung_7857108"",""lung_7857858"",""lung_7858796"",""lung_7859207"",""lung_7859873"",""lung_7860531"",""lung_7869570"",""lung_7869613"",""lung_7869652"",""lung_7869814"",""lung_7869853"",""lung_7869879"",""lung_7869972"",""lung_7870024"",""lung_7870074"",""lung_7870109"",""lung_7870354"",""lung_7870412"",""lung_7870465"",""lung_7870508"",""lung_7870663"",""lung_7870676"",""lung_7870678"",""lung_7870796"",""lung_7870831"",""lung_7870896"",""lung_7871057"",""lung_7871076"",""lung_7871102"",""lung_7871178"",""lung_7879610"",""lung_7879643"",""lung_7879664"",""lung_7879764"",""lung_7879801"",""lung_7879834"",""lung_7879879"",""lung_7879886"",""lung_7879910"",""lung_7879946"",""lung_7879949"",""lung_7879988"",""lung_7879997"",""lung_7880007"",""lung_7880026"",""lung_7880056"",""lung_7880068"",""lung_7880121"",""lung_7880148"",""lung_7880179"",""lung_7880188"",""lung_7880193"",""lung_7880269"",""lung_7880283"",""lung_7880362"",""lung_7880381"",""lung_7880417"",""lung_7880429"",""lung_7880436"",""lung_7880498"",""lung_7882978"",""lung_7883067"",""lung_7883202"",""lung_7883304"",""lung_7883337"",""lung_7883340"",""lung_7883348"",""lung_7883398"",""lung_7915597"",""lung_7915695"",""lung_7915736"",""lung_7915750"",""lung_7915784"",""lung_7915797"",""lung_7915863"",""lung_7915896"",""lung_7915926"",""lung_7916210"",""lung_7916562"",""lung_7916929"",""lung_7917105"",""lung_7917152"",""lung_7917363"",""lung_7917521"",""lung_7917604"",""lung_7917729"",""lung_7917980"",""lung_7952106"",""lung_7952146"",""lung_7952189"",""lung_7952238"",""lung_7952270"",""lung_7952326"",""lung_7952421"",""lung_7952434"",""lung_7952479"",""lung_7952508"",""lung_7952522"",""lung_7952574"",""lung_7952592"",""lung_7952608"",""lung_7952621"",""lung_7952626"",""lung_7952907"",""lung_7952922"",""lung_7952937"",""lung_7953058"",""lung_7953099"",""lung_7953131"",""lung_7953244"",""lung_7953255"",""lung_7953319"",""lung_7953330"",""lung_7953334"",""lung_7953346""]",f3324ef55aa3a35550ee501cef19372bfee12b4509bb7c11aa9f1a5df94c9da4,"[""mouse_lung_tms_10x"",""vein endothelial cell"",""c89516c458d2c8f2"",213,""f3324ef55aa3a35550ee501cef19372bfee12b4509bb7c11aa9f1a5df94c9da4""]",1.0,0.665625,0.840625,0.009867963863794302,support accounting only,False,False,unique_budget
mouse_lung_tms_10x,44,0.01,vein endothelial cell,batch_heldout,outputs\mouse_lung_tms_10x\batch_heldout_seed44_vein_endothelial_cell_rare1pct,success,,verified,c89516c458d2c8f2,21585,21377,213,5,5,56,51,320,61,"[""lung_7730298"",""lung_7750554"",""lung_7879988"",""lung_7880007"",""lung_7915863""]",463b0d6d1a90ae9602a4ac6c04d253db2a92bd787404fb45831c91aa703655e3,"[""mouse_lung_tms_10x"",""vein endothelial cell"",""c89516c458d2c8f2"",5,""463b0d6d1a90ae9602a4ac6c04d253db2a92bd787404fb45831c91aa703655e3""]",0.023474178403755867,0.015625,0.190625,0.0002316423442205235,support accounting only,False,False,unique_budget
mouse_lung_tms_10x,44,0.05,vein endothelial cell,batch_heldout,outputs\mouse_lung_tms_10x\batch_heldout_seed44_vein_endothelial_cell_rare5pct,success,,verified,c89516c458d2c8f2,21585,21382,213,10,10,56,51,320,66,"[""lung_7730070"",""lung_7730298"",""lung_7749482"",""lung_7750543"",""lung_7751981"",""lung_7870109"",""lung_7879910"",""lung_7879949"",""lung_7915736"",""lung_7953058""]",9fd90210711d434675440f488f402117f5581e81063b8d2d9a0005874b647a02,"[""mouse_lung_tms_10x"",""vein endothelial cell"",""c89516c458d2c8f2"",10,""9fd90210711d434675440f488f402117f5581e81063b8d2d9a0005874b647a02""]",0.046948356807511735,0.03125,0.20625,0.000463284688441047,support accounting only,False,False,unique_budget
mouse_lung_tms_10x,44,0.10,vein endothelial cell,batch_heldout,outputs\mouse_lung_tms_10x\batch_heldout_seed44_vein_endothelial_cell_rare10pct,success,,verified,c89516c458d2c8f2,21585,21393,213,21,21,56,51,320,77,"[""lung_7729639"",""lung_7730031"",""lung_7730211"",""lung_7730242"",""lung_7730631"",""lung_7749448"",""lung_7750471"",""lung_7751391"",""lung_7751885"",""lung_7751981"",""lung_7854507"",""lung_7869814"",""lung_7879610"",""lung_7879664"",""lung_7879764"",""lung_7880026"",""lung_7880417"",""lung_7883067"",""lung_7915926"",""lung_7952479"",""lung_7952907""]",b5de6c4a6b7a796203d81ee2b88a2e0cc4b4f0b9c2062ccf7c945f1d4e6913eb,"[""mouse_lung_tms_10x"",""vein endothelial cell"",""c89516c458d2c8f2"",21,""b5de6c4a6b7a796203d81ee2b88a2e0cc4b4f0b9c2062ccf7c945f1d4e6913eb""]",0.09859154929577464,0.065625,0.240625,0.0009728978457261987,support accounting only,False,False,unique_budget
mouse_lung_tms_10x,44,all,vein endothelial cell,batch_heldout,outputs\mouse_lung_tms_10x\batch_heldout_seed44_vein_endothelial_cell_rareall,success,,verified,c89516c458d2c8f2,21585,21585,213,213,213,56,51,320,269,"[""lung_7729292"",""lung_7729405"",""lung_7729518"",""lung_7729639"",""lung_7729677"",""lung_7729700"",""lung_7729719"",""lung_7729782"",""lung_7729820"",""lung_7729832"",""lung_7729872"",""lung_7729876"",""lung_7729883"",""lung_7729884"",""lung_7729929"",""lung_7729930"",""lung_7729991"",""lung_7730031"",""lung_7730070"",""lung_7730155"",""lung_7730211"",""lung_7730218"",""lung_7730241"",""lung_7730242"",""lung_7730245"",""lung_7730298"",""lung_7730301"",""lung_7730324"",""lung_7730519"",""lung_7730541"",""lung_7730554"",""lung_7730593"",""lung_7730631"",""lung_7749448"",""lung_7749482"",""lung_7749627"",""lung_7749663"",""lung_7749664"",""lung_7749699"",""lung_7749774"",""lung_7749827"",""lung_7749862"",""lung_7750216"",""lung_7750270"",""lung_7750273"",""lung_7750298"",""lung_7750333"",""lung_7750353"",""lung_7750383"",""lung_7750427"",""lung_7750471"",""lung_7750500"",""lung_7750535"",""lung_7750543"",""lung_7750554"",""lung_7750558"",""lung_7750608"",""lung_7750636"",""lung_7750813"",""lung_7750829"",""lung_7750916"",""lung_7750966"",""lung_7751029"",""lung_7751047"",""lung_7751074"",""lung_7751081"",""lung_7751193"",""lung_7751213"",""lung_7751251"",""lung_7751309"",""lung_7751391"",""lung_7751398"",""lung_7751425"",""lung_7751467"",""lung_7751535"",""lung_7751592"",""lung_7751690"",""lung_7751738"",""lung_7751758"",""lung_7751871"",""lung_7751885"",""lung_7751891"",""lung_7751951"",""lung_7751952"",""lung_7751981"",""lung_7752054"",""lung_7752062"",""lung_7752090"",""lung_7752149"",""lung_7752159"",""lung_7752180"",""lung_7752250"",""lung_7752296"",""lung_7853856"",""lung_7854507"",""lung_7854575"",""lung_7855765"",""lung_7856636"",""lung_7857108"",""lung_7857858"",""lung_7858796"",""lung_7859207"",""lung_7859873"",""lung_7860531"",""lung_7869570"",""lung_7869613"",""lung_7869652"",""lung_7869814"",""lung_7869853"",""lung_7869879"",""lung_7869972"",""lung_7870024"",""lung_7870074"",""lung_7870109"",""lung_7870354"",""lung_7870412"",""lung_7870465"",""lung_7870508"",""lung_7870663"",""lung_7870676"",""lung_7870678"",""lung_7870796"",""lung_7870831"",""lung_7870896"",""lung_7871057"",""lung_7871076"",""lung_7871102"",""lung_7871178"",""lung_7879610"",""lung_7879643"",""lung_7879664"",""lung_7879764"",""lung_7879801"",""lung_7879834"",""lung_7879879"",""lung_7879886"",""lung_7879910"",""lung_7879946"",""lung_7879949"",""lung_7879988"",""lung_7879997"",""lung_7880007"",""lung_7880026"",""lung_7880056"",""lung_7880068"",""lung_7880121"",""lung_7880148"",""lung_7880179"",""lung_7880188"",""lung_7880193"",""lung_7880269"",""lung_7880283"",""lung_7880362"",""lung_7880381"",""lung_7880417"",""lung_7880429"",""lung_7880436"",""lung_7880498"",""lung_7882978"",""lung_7883067"",""lung_7883202"",""lung_7883304"",""lung_7883337"",""lung_7883340"",""lung_7883348"",""lung_7883398"",""lung_7915597"",""lung_7915695"",""lung_7915736"",""lung_7915750"",""lung_7915784"",""lung_7915797"",""lung_7915863"",""lung_7915896"",""lung_7915926"",""lung_7916210"",""lung_7916562"",""lung_7916929"",""lung_7917105"",""lung_7917152"",""lung_7917363"",""lung_7917521"",""lung_7917604"",""lung_7917729"",""lung_7917980"",""lung_7952106"",""lung_7952146"",""lung_7952189"",""lung_7952238"",""lung_7952270"",""lung_7952326"",""lung_7952421"",""lung_7952434"",""lung_7952479"",""lung_7952508"",""lung_7952522"",""lung_7952574"",""lung_7952592"",""lung_7952608"",""lung_7952621"",""lung_7952626"",""lung_7952907"",""lung_7952922"",""lung_7952937"",""lung_7953058"",""lung_7953099"",""lung_7953131"",""lung_7953244"",""lung_7953255"",""lung_7953319"",""lung_7953330"",""lung_7953334"",""lung_7953346""]",f3324ef55aa3a35550ee501cef19372bfee12b4509bb7c11aa9f1a5df94c9da4,"[""mouse_lung_tms_10x"",""vein endothelial cell"",""c89516c458d2c8f2"",213,""f3324ef55aa3a35550ee501cef19372bfee12b4509bb7c11aa9f1a5df94c9da4""]",1.0,0.665625,0.840625,0.009867963863794302,support accounting only,False,False,unique_budget
mouse_pancreas_tms_10x,42,0.01,pancreatic D cell,batch_heldout,outputs\mouse_pancreas_tms_10x\batch_heldout_seed42_pancreatic_d_cell_rare1pct,success,,verified,18225570fcb5d9ef,4821,4652,174,5,5,27,71,272,32,"[""pancreas_7757060"",""pancreas_7784589"",""pancreas_7785071"",""pancreas_7785417"",""pancreas_7877914""]",be6aec7ff639ff73bdf5413e4fbd6d1534e5f2c491a3cb3d65976176b5cdb570,"[""mouse_pancreas_tms_10x"",""pancreatic D cell"",""18225570fcb5d9ef"",5,""be6aec7ff639ff73bdf5413e4fbd6d1534e5f2c491a3cb3d65976176b5cdb570""]",0.028735632183908046,0.01838235294117647,0.11764705882352941,0.0010371292263015972,support accounting only,False,False,unique_budget
mouse_pancreas_tms_10x,42,0.05,pancreatic D cell,batch_heldout,outputs\mouse_pancreas_tms_10x\batch_heldout_seed42_pancreatic_d_cell_rare5pct,success,,verified,18225570fcb5d9ef,4821,4655,174,8,8,27,71,272,35,"[""pancreas_7757053"",""pancreas_7784579"",""pancreas_7785054"",""pancreas_7785182"",""pancreas_7785379"",""pancreas_7785634"",""pancreas_7877904"",""pancreas_7877913""]",bbbec7c6d0177f389b045dd715d8433692d421b0b88e233bbc32464e3b784aed,"[""mouse_pancreas_tms_10x"",""pancreatic D cell"",""18225570fcb5d9ef"",8,""bbbec7c6d0177f389b045dd715d8433692d421b0b88e233bbc32464e3b784aed""]",0.04597701149425287,0.029411764705882353,0.12867647058823528,0.0016594067620825555,support accounting only,False,False,unique_budget
mouse_pancreas_tms_10x,42,0.10,pancreatic D cell,batch_heldout,outputs\mouse_pancreas_tms_10x\batch_heldout_seed42_pancreatic_d_cell_rare10pct,success,,verified,18225570fcb5d9ef,4821,4664,174,17,17,27,71,272,44,"[""pancreas_7757053"",""pancreas_7757060"",""pancreas_7757364"",""pancreas_7757960"",""pancreas_7784803"",""pancreas_7784812"",""pancreas_7785016"",""pancreas_7785105"",""pancreas_7785199"",""pancreas_7785261"",""pancreas_7785379"",""pancreas_7785470"",""pancreas_7785529"",""pancreas_7785748"",""pancreas_7785777"",""pancreas_7785778"",""pancreas_7877912""]",e74bc08ab2e53fd5a8cbc909636e0cd6a5ba5fe294e7e3414d08bfdd6b4f077a,"[""mouse_pancreas_tms_10x"",""pancreatic D cell"",""18225570fcb5d9ef"",17,""e74bc08ab2e53fd5a8cbc909636e0cd6a5ba5fe294e7e3414d08bfdd6b4f077a""]",0.09770114942528736,0.0625,0.16176470588235295,0.0035262393694254304,support accounting only,False,False,unique_budget
mouse_pancreas_tms_10x,42,all,pancreatic D cell,batch_heldout,outputs\mouse_pancreas_tms_10x\batch_heldout_seed42_pancreatic_d_cell_rareall,success,,verified,18225570fcb5d9ef,4821,4821,174,174,174,27,71,272,201,"[""pancreas_7756921"",""pancreas_7756922"",""pancreas_7756925"",""pancreas_7756927"",""pancreas_7756949"",""pancreas_7756961"",""pancreas_7756962"",""pancreas_7756968"",""pancreas_7756971"",""pancreas_7756985"",""pancreas_7757001"",""pancreas_7757020"",""pancreas_7757022"",""pancreas_7757050"",""pancreas_7757053"",""pancreas_7757060"",""pancreas_7757068"",""pancreas_7757077"",""pancreas_7757091"",""pancreas_7757142"",""pancreas_7757145"",""pancreas_7757179"",""pancreas_7757208"",""pancreas_7757220"",""pancreas_7757223"",""pancreas_7757248"",""pancreas_7757250"",""pancreas_7757265"",""pancreas_7757279"",""pancreas_7757297"",""pancreas_7757300"",""pancreas_7757352"",""pancreas_7757357"",""pancreas_7757364"",""pancreas_7757372"",""pancreas_7757380"",""pancreas_7757383"",""pancreas_7757386"",""pancreas_7757462"",""pancreas_7757477"",""pancreas_7757480"",""pancreas_7757487"",""pancreas_7757513"",""pancreas_7757516"",""pancreas_7757518"",""pancreas_7757521"",""pancreas_7757527"",""pancreas_7757555"",""pancreas_7757558"",""pancreas_7757564"",""pancreas_7757600"",""pancreas_7757606"",""pancreas_7757649"",""pancreas_7757704"",""pancreas_7757712"",""pancreas_7757745"",""pancreas_7757762"",""pancreas_7757778"",""pancreas_7757803"",""pancreas_7757810"",""pancreas_7757869"",""pancreas_7757877"",""pancreas_7757885"",""pancreas_7757905"",""pancreas_7757922"",""pancreas_7757923"",""pancreas_7757933"",""pancreas_7757935"",""pancreas_7757939"",""pancreas_7757956"",""pancreas_7757960"",""pancreas_7757963"",""pancreas_7784527"",""pancreas_7784546"",""pancreas_7784579"",""pancreas_7784589"",""pancreas_7784634"",""pancreas_7784661"",""pancreas_7784667"",""pancreas_7784680"",""pancreas_7784685"",""pancreas_7784714"",""pancreas_7784732"",""pancreas_7784737"",""pancreas_7784754"",""pancreas_7784760"",""pancreas_7784776"",""pancreas_7784797"",""pancreas_7784803"",""pancreas_7784812"",""pancreas_7784817"",""pancreas_7784819"",""pancreas_7784828"",""pancreas_7784842"",""pancreas_7784849"",""pancreas_7784851"",""pancreas_7784884"",""pancreas_7784911"",""pancreas_7784935"",""pancreas_7784938"",""pancreas_7784959"",""pancreas_7784973"",""pancreas_7784995"",""pancreas_7784998"",""pancreas_7785016"",""pancreas_7785031"",""pancreas_7785032"",""pancreas_7785035"",""pancreas_7785037"",""pancreas_7785039"",""pancreas_7785054"",""pancreas_7785061"",""pancreas_7785071"",""pancreas_7785088"",""pancreas_7785103"",""pancreas_7785105"",""pancreas_7785106"",""pancreas_7785120"",""pancreas_7785127"",""pancreas_7785145"",""pancreas_7785171"",""pancreas_7785182"",""pancreas_7785190"",""pancreas_7785199"",""pancreas_7785217"",""pancreas_7785261"",""pancreas_7785276"",""pancreas_7785287"",""pancreas_7785323"",""pancreas_7785344"",""pancreas_7785379"",""pancreas_7785397"",""pancreas_7785417"",""pancreas_7785420"",""pancreas_7785457"",""pancreas_7785470"",""pancreas_7785475"",""pancreas_7785493"",""pancreas_7785525"",""pancreas_7785529"",""pancreas_7785557"",""pancreas_7785564"",""pancreas_7785574"",""pancreas_7785591"",""pancreas_7785594"",""pancreas_7785603"",""pancreas_7785616"",""pancreas_7785634"",""pancreas_7785637"",""pancreas_7785646"",""pancreas_7785662"",""pancreas_7785677"",""pancreas_7785678"",""pancreas_7785689"",""pancreas_7785692"",""pancreas_7785709"",""pancreas_7785713"",""pancreas_7785721"",""pancreas_7785722"",""pancreas_7785726"",""pancreas_7785735"",""pancreas_7785748"",""pancreas_7785771"",""pancreas_7785777"",""pancreas_7785778"",""pancreas_7785786"",""pancreas_7785806"",""pancreas_7785808"",""pancreas_7860899"",""pancreas_7877879"",""pancreas_7877904"",""pancreas_7877912"",""pancreas_7877913"",""pancreas_7877914""]",8b20b81b901a4d91e9f3d77dff05562c430d05b695b379aedbfd27999959fe0c,"[""mouse_pancreas_tms_10x"",""pancreatic D cell"",""18225570fcb5d9ef"",174,""8b20b81b901a4d91e9f3d77dff05562c430d05b695b379aedbfd27999959fe0c""]",1.0,0.6397058823529411,0.7389705882352942,0.03609209707529558,support accounting only,False,False,unique_budget
mouse_pancreas_tms_10x,43,0.01,pancreatic D cell,batch_heldout,outputs\mouse_pancreas_tms_10x\batch_heldout_seed43_pancreatic_d_cell_rare1pct,success,,verified,18225570fcb5d9ef,4821,4652,174,5,5,27,71,272,32,"[""pancreas_7756968"",""pancreas_7757956"",""pancreas_7784760"",""pancreas_7784959"",""pancreas_7785061""]",5df8f7d057bcbf31d246b2c427e5d339b76c9003097e3275cc6bfe04d46781f1,"[""mouse_pancreas_tms_10x"",""pancreatic D cell"",""18225570fcb5d9ef"",5,""5df8f7d057bcbf31d246b2c427e5d339b76c9003097e3275cc6bfe04d46781f1""]",0.028735632183908046,0.01838235294117647,0.11764705882352941,0.0010371292263015972,support accounting only,False,False,unique_budget
mouse_pancreas_tms_10x,43,0.05,pancreatic D cell,batch_heldout,outputs\mouse_pancreas_tms_10x\batch_heldout_seed43_pancreatic_d_cell_rare5pct,success,,verified,18225570fcb5d9ef,4821,4655,174,8,8,27,71,272,35,"[""pancreas_7756927"",""pancreas_7756968"",""pancreas_7757555"",""pancreas_7757935"",""pancreas_7784754"",""pancreas_7784935"",""pancreas_7785039"",""pancreas_7785616""]",95679432a5bff1e76d60faed7017041b619e279f857d68a205356284d685eebf,"[""mouse_pancreas_tms_10x"",""pancreatic D cell"",""18225570fcb5d9ef"",8,""95679432a5bff1e76d60faed7017041b619e279f857d68a205356284d685eebf""]",0.04597701149425287,0.029411764705882353,0.12867647058823528,0.0016594067620825555,support accounting only,False,False,unique_budget
mouse_pancreas_tms_10x,43,0.10,pancreatic D cell,batch_heldout,outputs\mouse_pancreas_tms_10x\batch_heldout_seed43_pancreatic_d_cell_rare10pct,success,,verified,18225570fcb5d9ef,4821,4664,174,17,17,27,71,272,44,"[""pancreas_7756927"",""pancreas_7756968"",""pancreas_7757386"",""pancreas_7757521"",""pancreas_7757555"",""pancreas_7757922"",""pancreas_7757923"",""pancreas_7784661"",""pancreas_7784680"",""pancreas_7784842"",""pancreas_7784935"",""pancreas_7784998"",""pancreas_7785323"",""pancreas_7785525"",""pancreas_7785591"",""pancreas_7785771"",""pancreas_7877913""]",3a237894e6f21599ddea3fb9a0a11b5f4b5ae12224dd1ff4d572d9d50256a344,"[""mouse_pancreas_tms_10x"",""pancreatic D cell"",""18225570fcb5d9ef"",17,""3a237894e6f21599ddea3fb9a0a11b5f4b5ae12224dd1ff4d572d9d50256a344""]",0.09770114942528736,0.0625,0.16176470588235295,0.0035262393694254304,support accounting only,False,False,unique_budget
mouse_pancreas_tms_10x,43,all,pancreatic D cell,batch_heldout,outputs\mouse_pancreas_tms_10x\batch_heldout_seed43_pancreatic_d_cell_rareall,success,,verified,18225570fcb5d9ef,4821,4821,174,174,174,27,71,272,201,"[""pancreas_7756921"",""pancreas_7756922"",""pancreas_7756925"",""pancreas_7756927"",""pancreas_7756949"",""pancreas_7756961"",""pancreas_7756962"",""pancreas_7756968"",""pancreas_7756971"",""pancreas_7756985"",""pancreas_7757001"",""pancreas_7757020"",""pancreas_7757022"",""pancreas_7757050"",""pancreas_7757053"",""pancreas_7757060"",""pancreas_7757068"",""pancreas_7757077"",""pancreas_7757091"",""pancreas_7757142"",""pancreas_7757145"",""pancreas_7757179"",""pancreas_7757208"",""pancreas_7757220"",""pancreas_7757223"",""pancreas_7757248"",""pancreas_7757250"",""pancreas_7757265"",""pancreas_7757279"",""pancreas_7757297"",""pancreas_7757300"",""pancreas_7757352"",""pancreas_7757357"",""pancreas_7757364"",""pancreas_7757372"",""pancreas_7757380"",""pancreas_7757383"",""pancreas_7757386"",""pancreas_7757462"",""pancreas_7757477"",""pancreas_7757480"",""pancreas_7757487"",""pancreas_7757513"",""pancreas_7757516"",""pancreas_7757518"",""pancreas_7757521"",""pancreas_7757527"",""pancreas_7757555"",""pancreas_7757558"",""pancreas_7757564"",""pancreas_7757600"",""pancreas_7757606"",""pancreas_7757649"",""pancreas_7757704"",""pancreas_7757712"",""pancreas_7757745"",""pancreas_7757762"",""pancreas_7757778"",""pancreas_7757803"",""pancreas_7757810"",""pancreas_7757869"",""pancreas_7757877"",""pancreas_7757885"",""pancreas_7757905"",""pancreas_7757922"",""pancreas_7757923"",""pancreas_7757933"",""pancreas_7757935"",""pancreas_7757939"",""pancreas_7757956"",""pancreas_7757960"",""pancreas_7757963"",""pancreas_7784527"",""pancreas_7784546"",""pancreas_7784579"",""pancreas_7784589"",""pancreas_7784634"",""pancreas_7784661"",""pancreas_7784667"",""pancreas_7784680"",""pancreas_7784685"",""pancreas_7784714"",""pancreas_7784732"",""pancreas_7784737"",""pancreas_7784754"",""pancreas_7784760"",""pancreas_7784776"",""pancreas_7784797"",""pancreas_7784803"",""pancreas_7784812"",""pancreas_7784817"",""pancreas_7784819"",""pancreas_7784828"",""pancreas_7784842"",""pancreas_7784849"",""pancreas_7784851"",""pancreas_7784884"",""pancreas_7784911"",""pancreas_7784935"",""pancreas_7784938"",""pancreas_7784959"",""pancreas_7784973"",""pancreas_7784995"",""pancreas_7784998"",""pancreas_7785016"",""pancreas_7785031"",""pancreas_7785032"",""pancreas_7785035"",""pancreas_7785037"",""pancreas_7785039"",""pancreas_7785054"",""pancreas_7785061"",""pancreas_7785071"",""pancreas_7785088"",""pancreas_7785103"",""pancreas_7785105"",""pancreas_7785106"",""pancreas_7785120"",""pancreas_7785127"",""pancreas_7785145"",""pancreas_7785171"",""pancreas_7785182"",""pancreas_7785190"",""pancreas_7785199"",""pancreas_7785217"",""pancreas_7785261"",""pancreas_7785276"",""pancreas_7785287"",""pancreas_7785323"",""pancreas_7785344"",""pancreas_7785379"",""pancreas_7785397"",""pancreas_7785417"",""pancreas_7785420"",""pancreas_7785457"",""pancreas_7785470"",""pancreas_7785475"",""pancreas_7785493"",""pancreas_7785525"",""pancreas_7785529"",""pancreas_7785557"",""pancreas_7785564"",""pancreas_7785574"",""pancreas_7785591"",""pancreas_7785594"",""pancreas_7785603"",""pancreas_7785616"",""pancreas_7785634"",""pancreas_7785637"",""pancreas_7785646"",""pancreas_7785662"",""pancreas_7785677"",""pancreas_7785678"",""pancreas_7785689"",""pancreas_7785692"",""pancreas_7785709"",""pancreas_7785713"",""pancreas_7785721"",""pancreas_7785722"",""pancreas_7785726"",""pancreas_7785735"",""pancreas_7785748"",""pancreas_7785771"",""pancreas_7785777"",""pancreas_7785778"",""pancreas_7785786"",""pancreas_7785806"",""pancreas_7785808"",""pancreas_7860899"",""pancreas_7877879"",""pancreas_7877904"",""pancreas_7877912"",""pancreas_7877913"",""pancreas_7877914""]",8b20b81b901a4d91e9f3d77dff05562c430d05b695b379aedbfd27999959fe0c,"[""mouse_pancreas_tms_10x"",""pancreatic D cell"",""18225570fcb5d9ef"",174,""8b20b81b901a4d91e9f3d77dff05562c430d05b695b379aedbfd27999959fe0c""]",1.0,0.6397058823529411,0.7389705882352942,0.03609209707529558,support accounting only,False,False,unique_budget
mouse_pancreas_tms_10x,44,0.01,pancreatic D cell,batch_heldout,outputs\mouse_pancreas_tms_10x\batch_heldout_seed44_pancreatic_d_cell_rare1pct,success,,verified,18225570fcb5d9ef,4821,4652,174,5,5,27,71,272,32,"[""pancreas_7757145"",""pancreas_7757518"",""pancreas_7785088"",""pancreas_7785105"",""pancreas_7785557""]",9b15207fbaeeddd62642c3690cea35eb113a5129d818a3409b6ca0af3bfbfbc0,"[""mouse_pancreas_tms_10x"",""pancreatic D cell"",""18225570fcb5d9ef"",5,""9b15207fbaeeddd62642c3690cea35eb113a5129d818a3409b6ca0af3bfbfbc0""]",0.028735632183908046,0.01838235294117647,0.11764705882352941,0.0010371292263015972,support accounting only,False,False,unique_budget
mouse_pancreas_tms_10x,44,0.05,pancreatic D cell,batch_heldout,outputs\mouse_pancreas_tms_10x\batch_heldout_seed44_pancreatic_d_cell_rare5pct,success,,verified,18225570fcb5d9ef,4821,4655,174,8,8,27,71,272,35,"[""pancreas_7757060"",""pancreas_7757145"",""pancreas_7757516"",""pancreas_7757956"",""pancreas_7785061"",""pancreas_7785088"",""pancreas_7785525"",""pancreas_7860899""]",6c3befb76a63a359893ae3cbab29c4a843d77a945fb71256dfc39dd9819b23ea,"[""mouse_pancreas_tms_10x"",""pancreatic D cell"",""18225570fcb5d9ef"",8,""6c3befb76a63a359893ae3cbab29c4a843d77a945fb71256dfc39dd9819b23ea""]",0.04597701149425287,0.029411764705882353,0.12867647058823528,0.0016594067620825555,support accounting only,False,False,unique_budget
mouse_pancreas_tms_10x,44,0.10,pancreatic D cell,batch_heldout,outputs\mouse_pancreas_tms_10x\batch_heldout_seed44_pancreatic_d_cell_rare10pct,success,,verified,18225570fcb5d9ef,4821,4664,174,17,17,27,71,272,44,"[""pancreas_7756927"",""pancreas_7757053"",""pancreas_7757077"",""pancreas_7757142"",""pancreas_7757265"",""pancreas_7757487"",""pancreas_7757803"",""pancreas_7757933"",""pancreas_7757960"",""pancreas_7784803"",""pancreas_7785031"",""pancreas_7785035"",""pancreas_7785397"",""pancreas_7785594"",""pancreas_7785726"",""pancreas_7785806"",""pancreas_7877904""]",20f856aaee7005c8eff84059b675103e6d495cf5dd83fbb9cd434aab50dc0575,"[""mouse_pancreas_tms_10x"",""pancreatic D cell"",""18225570fcb5d9ef"",17,""20f856aaee7005c8eff84059b675103e6d495cf5dd83fbb9cd434aab50dc0575""]",0.09770114942528736,0.0625,0.16176470588235295,0.0035262393694254304,support accounting only,False,False,unique_budget
mouse_pancreas_tms_10x,44,all,pancreatic D cell,batch_heldout,outputs\mouse_pancreas_tms_10x\batch_heldout_seed44_pancreatic_d_cell_rareall,success,,verified,18225570fcb5d9ef,4821,4821,174,174,174,27,71,272,201,"[""pancreas_7756921"",""pancreas_7756922"",""pancreas_7756925"",""pancreas_7756927"",""pancreas_7756949"",""pancreas_7756961"",""pancreas_7756962"",""pancreas_7756968"",""pancreas_7756971"",""pancreas_7756985"",""pancreas_7757001"",""pancreas_7757020"",""pancreas_7757022"",""pancreas_7757050"",""pancreas_7757053"",""pancreas_7757060"",""pancreas_7757068"",""pancreas_7757077"",""pancreas_7757091"",""pancreas_7757142"",""pancreas_7757145"",""pancreas_7757179"",""pancreas_7757208"",""pancreas_7757220"",""pancreas_7757223"",""pancreas_7757248"",""pancreas_7757250"",""pancreas_7757265"",""pancreas_7757279"",""pancreas_7757297"",""pancreas_7757300"",""pancreas_7757352"",""pancreas_7757357"",""pancreas_7757364"",""pancreas_7757372"",""pancreas_7757380"",""pancreas_7757383"",""pancreas_7757386"",""pancreas_7757462"",""pancreas_7757477"",""pancreas_7757480"",""pancreas_7757487"",""pancreas_7757513"",""pancreas_7757516"",""pancreas_7757518"",""pancreas_7757521"",""pancreas_7757527"",""pancreas_7757555"",""pancreas_7757558"",""pancreas_7757564"",""pancreas_7757600"",""pancreas_7757606"",""pancreas_7757649"",""pancreas_7757704"",""pancreas_7757712"",""pancreas_7757745"",""pancreas_7757762"",""pancreas_7757778"",""pancreas_7757803"",""pancreas_7757810"",""pancreas_7757869"",""pancreas_7757877"",""pancreas_7757885"",""pancreas_7757905"",""pancreas_7757922"",""pancreas_7757923"",""pancreas_7757933"",""pancreas_7757935"",""pancreas_7757939"",""pancreas_7757956"",""pancreas_7757960"",""pancreas_7757963"",""pancreas_7784527"",""pancreas_7784546"",""pancreas_7784579"",""pancreas_7784589"",""pancreas_7784634"",""pancreas_7784661"",""pancreas_7784667"",""pancreas_7784680"",""pancreas_7784685"",""pancreas_7784714"",""pancreas_7784732"",""pancreas_7784737"",""pancreas_7784754"",""pancreas_7784760"",""pancreas_7784776"",""pancreas_7784797"",""pancreas_7784803"",""pancreas_7784812"",""pancreas_7784817"",""pancreas_7784819"",""pancreas_7784828"",""pancreas_7784842"",""pancreas_7784849"",""pancreas_7784851"",""pancreas_7784884"",""pancreas_7784911"",""pancreas_7784935"",""pancreas_7784938"",""pancreas_7784959"",""pancreas_7784973"",""pancreas_7784995"",""pancreas_7784998"",""pancreas_7785016"",""pancreas_7785031"",""pancreas_7785032"",""pancreas_7785035"",""pancreas_7785037"",""pancreas_7785039"",""pancreas_7785054"",""pancreas_7785061"",""pancreas_7785071"",""pancreas_7785088"",""pancreas_7785103"",""pancreas_7785105"",""pancreas_7785106"",""pancreas_7785120"",""pancreas_7785127"",""pancreas_7785145"",""pancreas_7785171"",""pancreas_7785182"",""pancreas_7785190"",""pancreas_7785199"",""pancreas_7785217"",""pancreas_7785261"",""pancreas_7785276"",""pancreas_7785287"",""pancreas_7785323"",""pancreas_7785344"",""pancreas_7785379"",""pancreas_7785397"",""pancreas_7785417"",""pancreas_7785420"",""pancreas_7785457"",""pancreas_7785470"",""pancreas_7785475"",""pancreas_7785493"",""pancreas_7785525"",""pancreas_7785529"",""pancreas_7785557"",""pancreas_7785564"",""pancreas_7785574"",""pancreas_7785591"",""pancreas_7785594"",""pancreas_7785603"",""pancreas_7785616"",""pancreas_7785634"",""pancreas_7785637"",""pancreas_7785646"",""pancreas_7785662"",""pancreas_7785677"",""pancreas_7785678"",""pancreas_7785689"",""pancreas_7785692"",""pancreas_7785709"",""pancreas_7785713"",""pancreas_7785721"",""pancreas_7785722"",""pancreas_7785726"",""pancreas_7785735"",""pancreas_7785748"",""pancreas_7785771"",""pancreas_7785777"",""pancreas_7785778"",""pancreas_7785786"",""pancreas_7785806"",""pancreas_7785808"",""pancreas_7860899"",""pancreas_7877879"",""pancreas_7877904"",""pancreas_7877912"",""pancreas_7877913"",""pancreas_7877914""]",8b20b81b901a4d91e9f3d77dff05562c430d05b695b379aedbfd27999959fe0c,"[""mouse_pancreas_tms_10x"",""pancreatic D cell"",""18225570fcb5d9ef"",174,""8b20b81b901a4d91e9f3d77dff05562c430d05b695b379aedbfd27999959fe0c""]",1.0,0.6397058823529411,0.7389705882352942,0.03609209707529558,support accounting only,False,False,unique_budget
